ISO-10303-21;
HEADER;
FILE_DESCRIPTION(('Open CASCADE Model'),'2;1');
FILE_NAME('Open CASCADE Shape Model','2026-07-02T16:19:46',('Author'),(
    'Open CASCADE'),'Open CASCADE STEP processor 7.9','Open CASCADE 7.9'
  ,'Unknown');
FILE_SCHEMA(('AUTOMOTIVE_DESIGN { 1 0 10303 214 1 1 1 1 }'));
ENDSEC;
DATA;
#1 = APPLICATION_PROTOCOL_DEFINITION('international standard',
  'automotive_design',2000,#2);
#2 = APPLICATION_CONTEXT(
  'core data for automotive mechanical design processes');
#3 = SHAPE_DEFINITION_REPRESENTATION(#4,#10);
#4 = PRODUCT_DEFINITION_SHAPE('','',#5);
#5 = PRODUCT_DEFINITION('design','',#6,#9);
#6 = PRODUCT_DEFINITION_FORMATION('','',#7);
#7 = PRODUCT('Open CASCADE STEP translator 7.9 2',
  'Open CASCADE STEP translator 7.9 2','',(#8));
#8 = PRODUCT_CONTEXT('',#2,'mechanical');
#9 = PRODUCT_DEFINITION_CONTEXT('part definition',#2,'design');
#10 = SHAPE_REPRESENTATION('',(#11,#15,#19,#23,#27,#31,#35,#39,#43,#47,
    #51,#55,#59,#63,#67,#71,#75,#79,#83,#87,#91,#95,#99,#103,#107,#111,
    #115,#119,#123,#127,#131,#135,#139,#143,#147,#151,#155,#159,#163,
    #167,#171,#175,#179,#183,#187,#191,#195,#199,#203,#207,#211,#215,
    #219,#223,#227,#231,#235,#239,#243,#247,#251,#255,#259,#263,#267,
    #271,#275,#279,#283,#287,#291,#295,#299,#303,#307,#311,#315,#319,
    #323,#327,#331,#335,#339,#343,#347,#351,#355,#359,#363,#367,#371,
    #375,#379,#383,#387,#391,#395,#399,#403,#407,#411,#415,#419,#423,
    #427,#431,#435,#439,#443,#447,#451,#455,#459,#463,#467,#471,#475,
    #479,#483,#487,#491,#495,#499,#503,#507,#511,#515,#519,#523,#527,
    #531,#535,#539,#543,#547,#551,#555,#559,#563,#567,#571,#575,#579,
    #583,#587,#591,#595,#599,#603,#607,#611,#615,#619,#623,#627,#631,
    #635,#639,#643,#647,#651,#655,#659,#663,#667,#671,#675,#679,#683,
    #687,#691,#695,#699,#703,#707,#711,#715,#719,#723,#727,#731,#735,
    #739,#743,#747,#751,#755,#759,#763,#767,#771,#775,#779,#783,#787,
    #791,#795,#799,#803,#807,#811,#815,#819,#823,#827,#831,#835,#839,
    #843,#847,#851,#855,#859,#863,#867,#871,#875,#879,#883),#887);
#11 = AXIS2_PLACEMENT_3D('',#12,#13,#14);
#12 = CARTESIAN_POINT('',(0.,0.,0.));
#13 = DIRECTION('',(0.,0.,1.));
#14 = DIRECTION('',(1.,0.,-0.));
#15 = AXIS2_PLACEMENT_3D('',#16,#17,#18);
#16 = CARTESIAN_POINT('',(0.,0.,0.));
#17 = DIRECTION('',(0.,0.,1.));
#18 = DIRECTION('',(1.,0.,-0.));
#19 = AXIS2_PLACEMENT_3D('',#20,#21,#22);
#20 = CARTESIAN_POINT('',(0.,0.,0.));
#21 = DIRECTION('',(0.,0.,1.));
#22 = DIRECTION('',(1.,0.,-0.));
#23 = AXIS2_PLACEMENT_3D('',#24,#25,#26);
#24 = CARTESIAN_POINT('',(0.,0.,0.));
#25 = DIRECTION('',(0.,0.,1.));
#26 = DIRECTION('',(1.,0.,-0.));
#27 = AXIS2_PLACEMENT_3D('',#28,#29,#30);
#28 = CARTESIAN_POINT('',(0.,0.,0.));
#29 = DIRECTION('',(0.,0.,1.));
#30 = DIRECTION('',(1.,0.,-0.));
#31 = AXIS2_PLACEMENT_3D('',#32,#33,#34);
#32 = CARTESIAN_POINT('',(0.,0.,0.));
#33 = DIRECTION('',(0.,0.,1.));
#34 = DIRECTION('',(1.,0.,-0.));
#35 = AXIS2_PLACEMENT_3D('',#36,#37,#38);
#36 = CARTESIAN_POINT('',(0.,0.,0.));
#37 = DIRECTION('',(0.,0.,1.));
#38 = DIRECTION('',(1.,0.,-0.));
#39 = AXIS2_PLACEMENT_3D('',#40,#41,#42);
#40 = CARTESIAN_POINT('',(0.,0.,0.));
#41 = DIRECTION('',(0.,0.,1.));
#42 = DIRECTION('',(1.,0.,-0.));
#43 = AXIS2_PLACEMENT_3D('',#44,#45,#46);
#44 = CARTESIAN_POINT('',(0.,0.,0.));
#45 = DIRECTION('',(0.,0.,1.));
#46 = DIRECTION('',(1.,0.,-0.));
#47 = AXIS2_PLACEMENT_3D('',#48,#49,#50);
#48 = CARTESIAN_POINT('',(0.,0.,0.));
#49 = DIRECTION('',(0.,0.,1.));
#50 = DIRECTION('',(1.,0.,-0.));
#51 = AXIS2_PLACEMENT_3D('',#52,#53,#54);
#52 = CARTESIAN_POINT('',(0.,0.,0.));
#53 = DIRECTION('',(0.,0.,1.));
#54 = DIRECTION('',(1.,0.,-0.));
#55 = AXIS2_PLACEMENT_3D('',#56,#57,#58);
#56 = CARTESIAN_POINT('',(0.,0.,0.));
#57 = DIRECTION('',(0.,0.,1.));
#58 = DIRECTION('',(1.,0.,-0.));
#59 = AXIS2_PLACEMENT_3D('',#60,#61,#62);
#60 = CARTESIAN_POINT('',(0.,0.,0.));
#61 = DIRECTION('',(0.,0.,1.));
#62 = DIRECTION('',(1.,0.,-0.));
#63 = AXIS2_PLACEMENT_3D('',#64,#65,#66);
#64 = CARTESIAN_POINT('',(0.,0.,0.));
#65 = DIRECTION('',(0.,0.,1.));
#66 = DIRECTION('',(1.,0.,-0.));
#67 = AXIS2_PLACEMENT_3D('',#68,#69,#70);
#68 = CARTESIAN_POINT('',(0.,0.,0.));
#69 = DIRECTION('',(0.,0.,1.));
#70 = DIRECTION('',(1.,0.,-0.));
#71 = AXIS2_PLACEMENT_3D('',#72,#73,#74);
#72 = CARTESIAN_POINT('',(0.,0.,0.));
#73 = DIRECTION('',(0.,0.,1.));
#74 = DIRECTION('',(1.,0.,-0.));
#75 = AXIS2_PLACEMENT_3D('',#76,#77,#78);
#76 = CARTESIAN_POINT('',(0.,0.,0.));
#77 = DIRECTION('',(0.,0.,1.));
#78 = DIRECTION('',(1.,0.,-0.));
#79 = AXIS2_PLACEMENT_3D('',#80,#81,#82);
#80 = CARTESIAN_POINT('',(0.,0.,0.));
#81 = DIRECTION('',(0.,0.,1.));
#82 = DIRECTION('',(1.,0.,-0.));
#83 = AXIS2_PLACEMENT_3D('',#84,#85,#86);
#84 = CARTESIAN_POINT('',(0.,0.,0.));
#85 = DIRECTION('',(0.,0.,1.));
#86 = DIRECTION('',(1.,0.,-0.));
#87 = AXIS2_PLACEMENT_3D('',#88,#89,#90);
#88 = CARTESIAN_POINT('',(0.,0.,0.));
#89 = DIRECTION('',(0.,0.,1.));
#90 = DIRECTION('',(1.,0.,-0.));
#91 = AXIS2_PLACEMENT_3D('',#92,#93,#94);
#92 = CARTESIAN_POINT('',(0.,0.,0.));
#93 = DIRECTION('',(0.,0.,1.));
#94 = DIRECTION('',(1.,0.,-0.));
#95 = AXIS2_PLACEMENT_3D('',#96,#97,#98);
#96 = CARTESIAN_POINT('',(0.,0.,0.));
#97 = DIRECTION('',(0.,0.,1.));
#98 = DIRECTION('',(1.,0.,-0.));
#99 = AXIS2_PLACEMENT_3D('',#100,#101,#102);
#100 = CARTESIAN_POINT('',(0.,0.,0.));
#101 = DIRECTION('',(0.,0.,1.));
#102 = DIRECTION('',(1.,0.,-0.));
#103 = AXIS2_PLACEMENT_3D('',#104,#105,#106);
#104 = CARTESIAN_POINT('',(0.,0.,0.));
#105 = DIRECTION('',(0.,0.,1.));
#106 = DIRECTION('',(1.,0.,-0.));
#107 = AXIS2_PLACEMENT_3D('',#108,#109,#110);
#108 = CARTESIAN_POINT('',(0.,0.,0.));
#109 = DIRECTION('',(0.,0.,1.));
#110 = DIRECTION('',(1.,0.,-0.));
#111 = AXIS2_PLACEMENT_3D('',#112,#113,#114);
#112 = CARTESIAN_POINT('',(0.,0.,0.));
#113 = DIRECTION('',(0.,0.,1.));
#114 = DIRECTION('',(1.,0.,-0.));
#115 = AXIS2_PLACEMENT_3D('',#116,#117,#118);
#116 = CARTESIAN_POINT('',(0.,0.,0.));
#117 = DIRECTION('',(0.,0.,1.));
#118 = DIRECTION('',(1.,0.,-0.));
#119 = AXIS2_PLACEMENT_3D('',#120,#121,#122);
#120 = CARTESIAN_POINT('',(0.,0.,0.));
#121 = DIRECTION('',(0.,0.,1.));
#122 = DIRECTION('',(1.,0.,-0.));
#123 = AXIS2_PLACEMENT_3D('',#124,#125,#126);
#124 = CARTESIAN_POINT('',(0.,0.,0.));
#125 = DIRECTION('',(0.,0.,1.));
#126 = DIRECTION('',(1.,0.,-0.));
#127 = AXIS2_PLACEMENT_3D('',#128,#129,#130);
#128 = CARTESIAN_POINT('',(0.,0.,0.));
#129 = DIRECTION('',(0.,0.,1.));
#130 = DIRECTION('',(1.,0.,-0.));
#131 = AXIS2_PLACEMENT_3D('',#132,#133,#134);
#132 = CARTESIAN_POINT('',(0.,0.,0.));
#133 = DIRECTION('',(0.,0.,1.));
#134 = DIRECTION('',(1.,0.,-0.));
#135 = AXIS2_PLACEMENT_3D('',#136,#137,#138);
#136 = CARTESIAN_POINT('',(0.,0.,0.));
#137 = DIRECTION('',(0.,0.,1.));
#138 = DIRECTION('',(1.,0.,-0.));
#139 = AXIS2_PLACEMENT_3D('',#140,#141,#142);
#140 = CARTESIAN_POINT('',(0.,0.,0.));
#141 = DIRECTION('',(0.,0.,1.));
#142 = DIRECTION('',(1.,0.,-0.));
#143 = AXIS2_PLACEMENT_3D('',#144,#145,#146);
#144 = CARTESIAN_POINT('',(0.,0.,0.));
#145 = DIRECTION('',(0.,0.,1.));
#146 = DIRECTION('',(1.,0.,-0.));
#147 = AXIS2_PLACEMENT_3D('',#148,#149,#150);
#148 = CARTESIAN_POINT('',(0.,0.,0.));
#149 = DIRECTION('',(0.,0.,1.));
#150 = DIRECTION('',(1.,0.,-0.));
#151 = AXIS2_PLACEMENT_3D('',#152,#153,#154);
#152 = CARTESIAN_POINT('',(0.,0.,0.));
#153 = DIRECTION('',(0.,0.,1.));
#154 = DIRECTION('',(1.,0.,-0.));
#155 = AXIS2_PLACEMENT_3D('',#156,#157,#158);
#156 = CARTESIAN_POINT('',(0.,0.,0.));
#157 = DIRECTION('',(0.,0.,1.));
#158 = DIRECTION('',(1.,0.,-0.));
#159 = AXIS2_PLACEMENT_3D('',#160,#161,#162);
#160 = CARTESIAN_POINT('',(0.,0.,0.));
#161 = DIRECTION('',(0.,0.,1.));
#162 = DIRECTION('',(1.,0.,-0.));
#163 = AXIS2_PLACEMENT_3D('',#164,#165,#166);
#164 = CARTESIAN_POINT('',(0.,0.,0.));
#165 = DIRECTION('',(0.,0.,1.));
#166 = DIRECTION('',(1.,0.,-0.));
#167 = AXIS2_PLACEMENT_3D('',#168,#169,#170);
#168 = CARTESIAN_POINT('',(0.,0.,0.));
#169 = DIRECTION('',(0.,0.,1.));
#170 = DIRECTION('',(1.,0.,-0.));
#171 = AXIS2_PLACEMENT_3D('',#172,#173,#174);
#172 = CARTESIAN_POINT('',(0.,0.,0.));
#173 = DIRECTION('',(0.,0.,1.));
#174 = DIRECTION('',(1.,0.,-0.));
#175 = AXIS2_PLACEMENT_3D('',#176,#177,#178);
#176 = CARTESIAN_POINT('',(0.,0.,0.));
#177 = DIRECTION('',(0.,0.,1.));
#178 = DIRECTION('',(1.,0.,-0.));
#179 = AXIS2_PLACEMENT_3D('',#180,#181,#182);
#180 = CARTESIAN_POINT('',(0.,0.,0.));
#181 = DIRECTION('',(0.,0.,1.));
#182 = DIRECTION('',(1.,0.,-0.));
#183 = AXIS2_PLACEMENT_3D('',#184,#185,#186);
#184 = CARTESIAN_POINT('',(0.,0.,0.));
#185 = DIRECTION('',(0.,0.,1.));
#186 = DIRECTION('',(1.,0.,-0.));
#187 = AXIS2_PLACEMENT_3D('',#188,#189,#190);
#188 = CARTESIAN_POINT('',(0.,0.,0.));
#189 = DIRECTION('',(0.,0.,1.));
#190 = DIRECTION('',(1.,0.,-0.));
#191 = AXIS2_PLACEMENT_3D('',#192,#193,#194);
#192 = CARTESIAN_POINT('',(0.,0.,0.));
#193 = DIRECTION('',(0.,0.,1.));
#194 = DIRECTION('',(1.,0.,-0.));
#195 = AXIS2_PLACEMENT_3D('',#196,#197,#198);
#196 = CARTESIAN_POINT('',(0.,0.,0.));
#197 = DIRECTION('',(0.,0.,1.));
#198 = DIRECTION('',(1.,0.,-0.));
#199 = AXIS2_PLACEMENT_3D('',#200,#201,#202);
#200 = CARTESIAN_POINT('',(0.,0.,0.));
#201 = DIRECTION('',(0.,0.,1.));
#202 = DIRECTION('',(1.,0.,-0.));
#203 = AXIS2_PLACEMENT_3D('',#204,#205,#206);
#204 = CARTESIAN_POINT('',(0.,0.,0.));
#205 = DIRECTION('',(0.,0.,1.));
#206 = DIRECTION('',(1.,0.,-0.));
#207 = AXIS2_PLACEMENT_3D('',#208,#209,#210);
#208 = CARTESIAN_POINT('',(0.,0.,0.));
#209 = DIRECTION('',(0.,0.,1.));
#210 = DIRECTION('',(1.,0.,-0.));
#211 = AXIS2_PLACEMENT_3D('',#212,#213,#214);
#212 = CARTESIAN_POINT('',(0.,0.,0.));
#213 = DIRECTION('',(0.,0.,1.));
#214 = DIRECTION('',(1.,0.,-0.));
#215 = AXIS2_PLACEMENT_3D('',#216,#217,#218);
#216 = CARTESIAN_POINT('',(0.,0.,0.));
#217 = DIRECTION('',(0.,0.,1.));
#218 = DIRECTION('',(1.,0.,-0.));
#219 = AXIS2_PLACEMENT_3D('',#220,#221,#222);
#220 = CARTESIAN_POINT('',(0.,0.,0.));
#221 = DIRECTION('',(0.,0.,1.));
#222 = DIRECTION('',(1.,0.,-0.));
#223 = AXIS2_PLACEMENT_3D('',#224,#225,#226);
#224 = CARTESIAN_POINT('',(0.,0.,0.));
#225 = DIRECTION('',(0.,0.,1.));
#226 = DIRECTION('',(1.,0.,-0.));
#227 = AXIS2_PLACEMENT_3D('',#228,#229,#230);
#228 = CARTESIAN_POINT('',(0.,0.,0.));
#229 = DIRECTION('',(0.,0.,1.));
#230 = DIRECTION('',(1.,0.,-0.));
#231 = AXIS2_PLACEMENT_3D('',#232,#233,#234);
#232 = CARTESIAN_POINT('',(0.,0.,0.));
#233 = DIRECTION('',(0.,0.,1.));
#234 = DIRECTION('',(1.,0.,-0.));
#235 = AXIS2_PLACEMENT_3D('',#236,#237,#238);
#236 = CARTESIAN_POINT('',(0.,0.,0.));
#237 = DIRECTION('',(0.,0.,1.));
#238 = DIRECTION('',(1.,0.,-0.));
#239 = AXIS2_PLACEMENT_3D('',#240,#241,#242);
#240 = CARTESIAN_POINT('',(0.,0.,0.));
#241 = DIRECTION('',(0.,0.,1.));
#242 = DIRECTION('',(1.,0.,-0.));
#243 = AXIS2_PLACEMENT_3D('',#244,#245,#246);
#244 = CARTESIAN_POINT('',(0.,0.,0.));
#245 = DIRECTION('',(0.,0.,1.));
#246 = DIRECTION('',(1.,0.,-0.));
#247 = AXIS2_PLACEMENT_3D('',#248,#249,#250);
#248 = CARTESIAN_POINT('',(0.,0.,0.));
#249 = DIRECTION('',(0.,0.,1.));
#250 = DIRECTION('',(1.,0.,-0.));
#251 = AXIS2_PLACEMENT_3D('',#252,#253,#254);
#252 = CARTESIAN_POINT('',(0.,0.,0.));
#253 = DIRECTION('',(0.,0.,1.));
#254 = DIRECTION('',(1.,0.,-0.));
#255 = AXIS2_PLACEMENT_3D('',#256,#257,#258);
#256 = CARTESIAN_POINT('',(0.,0.,0.));
#257 = DIRECTION('',(0.,0.,1.));
#258 = DIRECTION('',(1.,0.,-0.));
#259 = AXIS2_PLACEMENT_3D('',#260,#261,#262);
#260 = CARTESIAN_POINT('',(0.,0.,0.));
#261 = DIRECTION('',(0.,0.,1.));
#262 = DIRECTION('',(1.,0.,-0.));
#263 = AXIS2_PLACEMENT_3D('',#264,#265,#266);
#264 = CARTESIAN_POINT('',(0.,0.,0.));
#265 = DIRECTION('',(0.,0.,1.));
#266 = DIRECTION('',(1.,0.,-0.));
#267 = AXIS2_PLACEMENT_3D('',#268,#269,#270);
#268 = CARTESIAN_POINT('',(0.,0.,0.));
#269 = DIRECTION('',(0.,0.,1.));
#270 = DIRECTION('',(1.,0.,-0.));
#271 = AXIS2_PLACEMENT_3D('',#272,#273,#274);
#272 = CARTESIAN_POINT('',(0.,0.,0.));
#273 = DIRECTION('',(0.,0.,1.));
#274 = DIRECTION('',(1.,0.,-0.));
#275 = AXIS2_PLACEMENT_3D('',#276,#277,#278);
#276 = CARTESIAN_POINT('',(0.,0.,0.));
#277 = DIRECTION('',(0.,0.,1.));
#278 = DIRECTION('',(1.,0.,-0.));
#279 = AXIS2_PLACEMENT_3D('',#280,#281,#282);
#280 = CARTESIAN_POINT('',(0.,0.,0.));
#281 = DIRECTION('',(0.,0.,1.));
#282 = DIRECTION('',(1.,0.,-0.));
#283 = AXIS2_PLACEMENT_3D('',#284,#285,#286);
#284 = CARTESIAN_POINT('',(0.,0.,0.));
#285 = DIRECTION('',(0.,0.,1.));
#286 = DIRECTION('',(1.,0.,-0.));
#287 = AXIS2_PLACEMENT_3D('',#288,#289,#290);
#288 = CARTESIAN_POINT('',(0.,0.,0.));
#289 = DIRECTION('',(0.,0.,1.));
#290 = DIRECTION('',(1.,0.,-0.));
#291 = AXIS2_PLACEMENT_3D('',#292,#293,#294);
#292 = CARTESIAN_POINT('',(0.,0.,0.));
#293 = DIRECTION('',(0.,0.,1.));
#294 = DIRECTION('',(1.,0.,-0.));
#295 = AXIS2_PLACEMENT_3D('',#296,#297,#298);
#296 = CARTESIAN_POINT('',(0.,0.,0.));
#297 = DIRECTION('',(0.,0.,1.));
#298 = DIRECTION('',(1.,0.,-0.));
#299 = AXIS2_PLACEMENT_3D('',#300,#301,#302);
#300 = CARTESIAN_POINT('',(0.,0.,0.));
#301 = DIRECTION('',(0.,0.,1.));
#302 = DIRECTION('',(1.,0.,-0.));
#303 = AXIS2_PLACEMENT_3D('',#304,#305,#306);
#304 = CARTESIAN_POINT('',(0.,0.,0.));
#305 = DIRECTION('',(0.,0.,1.));
#306 = DIRECTION('',(1.,0.,-0.));
#307 = AXIS2_PLACEMENT_3D('',#308,#309,#310);
#308 = CARTESIAN_POINT('',(0.,0.,0.));
#309 = DIRECTION('',(0.,0.,1.));
#310 = DIRECTION('',(1.,0.,-0.));
#311 = AXIS2_PLACEMENT_3D('',#312,#313,#314);
#312 = CARTESIAN_POINT('',(0.,0.,0.));
#313 = DIRECTION('',(0.,0.,1.));
#314 = DIRECTION('',(1.,0.,-0.));
#315 = AXIS2_PLACEMENT_3D('',#316,#317,#318);
#316 = CARTESIAN_POINT('',(0.,0.,0.));
#317 = DIRECTION('',(0.,0.,1.));
#318 = DIRECTION('',(1.,0.,-0.));
#319 = AXIS2_PLACEMENT_3D('',#320,#321,#322);
#320 = CARTESIAN_POINT('',(0.,0.,0.));
#321 = DIRECTION('',(0.,0.,1.));
#322 = DIRECTION('',(1.,0.,-0.));
#323 = AXIS2_PLACEMENT_3D('',#324,#325,#326);
#324 = CARTESIAN_POINT('',(0.,0.,0.));
#325 = DIRECTION('',(0.,0.,1.));
#326 = DIRECTION('',(1.,0.,-0.));
#327 = AXIS2_PLACEMENT_3D('',#328,#329,#330);
#328 = CARTESIAN_POINT('',(0.,0.,0.));
#329 = DIRECTION('',(0.,0.,1.));
#330 = DIRECTION('',(1.,0.,-0.));
#331 = AXIS2_PLACEMENT_3D('',#332,#333,#334);
#332 = CARTESIAN_POINT('',(0.,0.,0.));
#333 = DIRECTION('',(0.,0.,1.));
#334 = DIRECTION('',(1.,0.,-0.));
#335 = AXIS2_PLACEMENT_3D('',#336,#337,#338);
#336 = CARTESIAN_POINT('',(0.,0.,0.));
#337 = DIRECTION('',(0.,0.,1.));
#338 = DIRECTION('',(1.,0.,-0.));
#339 = AXIS2_PLACEMENT_3D('',#340,#341,#342);
#340 = CARTESIAN_POINT('',(0.,0.,0.));
#341 = DIRECTION('',(0.,0.,1.));
#342 = DIRECTION('',(1.,0.,-0.));
#343 = AXIS2_PLACEMENT_3D('',#344,#345,#346);
#344 = CARTESIAN_POINT('',(0.,0.,0.));
#345 = DIRECTION('',(0.,0.,1.));
#346 = DIRECTION('',(1.,0.,-0.));
#347 = AXIS2_PLACEMENT_3D('',#348,#349,#350);
#348 = CARTESIAN_POINT('',(0.,0.,0.));
#349 = DIRECTION('',(0.,0.,1.));
#350 = DIRECTION('',(1.,0.,-0.));
#351 = AXIS2_PLACEMENT_3D('',#352,#353,#354);
#352 = CARTESIAN_POINT('',(0.,0.,0.));
#353 = DIRECTION('',(0.,0.,1.));
#354 = DIRECTION('',(1.,0.,-0.));
#355 = AXIS2_PLACEMENT_3D('',#356,#357,#358);
#356 = CARTESIAN_POINT('',(0.,0.,0.));
#357 = DIRECTION('',(0.,0.,1.));
#358 = DIRECTION('',(1.,0.,-0.));
#359 = AXIS2_PLACEMENT_3D('',#360,#361,#362);
#360 = CARTESIAN_POINT('',(0.,0.,0.));
#361 = DIRECTION('',(0.,0.,1.));
#362 = DIRECTION('',(1.,0.,-0.));
#363 = AXIS2_PLACEMENT_3D('',#364,#365,#366);
#364 = CARTESIAN_POINT('',(0.,0.,0.));
#365 = DIRECTION('',(0.,0.,1.));
#366 = DIRECTION('',(1.,0.,-0.));
#367 = AXIS2_PLACEMENT_3D('',#368,#369,#370);
#368 = CARTESIAN_POINT('',(0.,0.,0.));
#369 = DIRECTION('',(0.,0.,1.));
#370 = DIRECTION('',(1.,0.,-0.));
#371 = AXIS2_PLACEMENT_3D('',#372,#373,#374);
#372 = CARTESIAN_POINT('',(0.,0.,0.));
#373 = DIRECTION('',(0.,0.,1.));
#374 = DIRECTION('',(1.,0.,-0.));
#375 = AXIS2_PLACEMENT_3D('',#376,#377,#378);
#376 = CARTESIAN_POINT('',(0.,0.,0.));
#377 = DIRECTION('',(0.,0.,1.));
#378 = DIRECTION('',(1.,0.,-0.));
#379 = AXIS2_PLACEMENT_3D('',#380,#381,#382);
#380 = CARTESIAN_POINT('',(0.,0.,0.));
#381 = DIRECTION('',(0.,0.,1.));
#382 = DIRECTION('',(1.,0.,-0.));
#383 = AXIS2_PLACEMENT_3D('',#384,#385,#386);
#384 = CARTESIAN_POINT('',(0.,0.,0.));
#385 = DIRECTION('',(0.,0.,1.));
#386 = DIRECTION('',(1.,0.,-0.));
#387 = AXIS2_PLACEMENT_3D('',#388,#389,#390);
#388 = CARTESIAN_POINT('',(0.,0.,0.));
#389 = DIRECTION('',(0.,0.,1.));
#390 = DIRECTION('',(1.,0.,-0.));
#391 = AXIS2_PLACEMENT_3D('',#392,#393,#394);
#392 = CARTESIAN_POINT('',(0.,0.,0.));
#393 = DIRECTION('',(0.,0.,1.));
#394 = DIRECTION('',(1.,0.,-0.));
#395 = AXIS2_PLACEMENT_3D('',#396,#397,#398);
#396 = CARTESIAN_POINT('',(0.,0.,0.));
#397 = DIRECTION('',(0.,0.,1.));
#398 = DIRECTION('',(1.,0.,-0.));
#399 = AXIS2_PLACEMENT_3D('',#400,#401,#402);
#400 = CARTESIAN_POINT('',(0.,0.,0.));
#401 = DIRECTION('',(0.,0.,1.));
#402 = DIRECTION('',(1.,0.,-0.));
#403 = AXIS2_PLACEMENT_3D('',#404,#405,#406);
#404 = CARTESIAN_POINT('',(0.,0.,0.));
#405 = DIRECTION('',(0.,0.,1.));
#406 = DIRECTION('',(1.,0.,-0.));
#407 = AXIS2_PLACEMENT_3D('',#408,#409,#410);
#408 = CARTESIAN_POINT('',(0.,0.,0.));
#409 = DIRECTION('',(0.,0.,1.));
#410 = DIRECTION('',(1.,0.,-0.));
#411 = AXIS2_PLACEMENT_3D('',#412,#413,#414);
#412 = CARTESIAN_POINT('',(0.,0.,0.));
#413 = DIRECTION('',(0.,0.,1.));
#414 = DIRECTION('',(1.,0.,-0.));
#415 = AXIS2_PLACEMENT_3D('',#416,#417,#418);
#416 = CARTESIAN_POINT('',(0.,0.,0.));
#417 = DIRECTION('',(0.,0.,1.));
#418 = DIRECTION('',(1.,0.,-0.));
#419 = AXIS2_PLACEMENT_3D('',#420,#421,#422);
#420 = CARTESIAN_POINT('',(0.,0.,0.));
#421 = DIRECTION('',(0.,0.,1.));
#422 = DIRECTION('',(1.,0.,-0.));
#423 = AXIS2_PLACEMENT_3D('',#424,#425,#426);
#424 = CARTESIAN_POINT('',(0.,0.,0.));
#425 = DIRECTION('',(0.,0.,1.));
#426 = DIRECTION('',(1.,0.,-0.));
#427 = AXIS2_PLACEMENT_3D('',#428,#429,#430);
#428 = CARTESIAN_POINT('',(0.,0.,0.));
#429 = DIRECTION('',(0.,0.,1.));
#430 = DIRECTION('',(1.,0.,-0.));
#431 = AXIS2_PLACEMENT_3D('',#432,#433,#434);
#432 = CARTESIAN_POINT('',(0.,0.,0.));
#433 = DIRECTION('',(0.,0.,1.));
#434 = DIRECTION('',(1.,0.,-0.));
#435 = AXIS2_PLACEMENT_3D('',#436,#437,#438);
#436 = CARTESIAN_POINT('',(0.,0.,0.));
#437 = DIRECTION('',(0.,0.,1.));
#438 = DIRECTION('',(1.,0.,-0.));
#439 = AXIS2_PLACEMENT_3D('',#440,#441,#442);
#440 = CARTESIAN_POINT('',(0.,0.,0.));
#441 = DIRECTION('',(0.,0.,1.));
#442 = DIRECTION('',(1.,0.,-0.));
#443 = AXIS2_PLACEMENT_3D('',#444,#445,#446);
#444 = CARTESIAN_POINT('',(0.,0.,0.));
#445 = DIRECTION('',(0.,0.,1.));
#446 = DIRECTION('',(1.,0.,-0.));
#447 = AXIS2_PLACEMENT_3D('',#448,#449,#450);
#448 = CARTESIAN_POINT('',(0.,0.,0.));
#449 = DIRECTION('',(0.,0.,1.));
#450 = DIRECTION('',(1.,0.,-0.));
#451 = AXIS2_PLACEMENT_3D('',#452,#453,#454);
#452 = CARTESIAN_POINT('',(0.,0.,0.));
#453 = DIRECTION('',(0.,0.,1.));
#454 = DIRECTION('',(1.,0.,-0.));
#455 = AXIS2_PLACEMENT_3D('',#456,#457,#458);
#456 = CARTESIAN_POINT('',(0.,0.,0.));
#457 = DIRECTION('',(0.,0.,1.));
#458 = DIRECTION('',(1.,0.,-0.));
#459 = AXIS2_PLACEMENT_3D('',#460,#461,#462);
#460 = CARTESIAN_POINT('',(0.,0.,0.));
#461 = DIRECTION('',(0.,0.,1.));
#462 = DIRECTION('',(1.,0.,-0.));
#463 = AXIS2_PLACEMENT_3D('',#464,#465,#466);
#464 = CARTESIAN_POINT('',(0.,0.,0.));
#465 = DIRECTION('',(0.,0.,1.));
#466 = DIRECTION('',(1.,0.,-0.));
#467 = AXIS2_PLACEMENT_3D('',#468,#469,#470);
#468 = CARTESIAN_POINT('',(0.,0.,0.));
#469 = DIRECTION('',(0.,0.,1.));
#470 = DIRECTION('',(1.,0.,-0.));
#471 = AXIS2_PLACEMENT_3D('',#472,#473,#474);
#472 = CARTESIAN_POINT('',(0.,0.,0.));
#473 = DIRECTION('',(0.,0.,1.));
#474 = DIRECTION('',(1.,0.,-0.));
#475 = AXIS2_PLACEMENT_3D('',#476,#477,#478);
#476 = CARTESIAN_POINT('',(0.,0.,0.));
#477 = DIRECTION('',(0.,0.,1.));
#478 = DIRECTION('',(1.,0.,-0.));
#479 = AXIS2_PLACEMENT_3D('',#480,#481,#482);
#480 = CARTESIAN_POINT('',(0.,0.,0.));
#481 = DIRECTION('',(0.,0.,1.));
#482 = DIRECTION('',(1.,0.,-0.));
#483 = AXIS2_PLACEMENT_3D('',#484,#485,#486);
#484 = CARTESIAN_POINT('',(0.,0.,0.));
#485 = DIRECTION('',(0.,0.,1.));
#486 = DIRECTION('',(1.,0.,-0.));
#487 = AXIS2_PLACEMENT_3D('',#488,#489,#490);
#488 = CARTESIAN_POINT('',(0.,0.,0.));
#489 = DIRECTION('',(0.,0.,1.));
#490 = DIRECTION('',(1.,0.,-0.));
#491 = AXIS2_PLACEMENT_3D('',#492,#493,#494);
#492 = CARTESIAN_POINT('',(0.,0.,0.));
#493 = DIRECTION('',(0.,0.,1.));
#494 = DIRECTION('',(1.,0.,-0.));
#495 = AXIS2_PLACEMENT_3D('',#496,#497,#498);
#496 = CARTESIAN_POINT('',(0.,0.,0.));
#497 = DIRECTION('',(0.,0.,1.));
#498 = DIRECTION('',(1.,0.,-0.));
#499 = AXIS2_PLACEMENT_3D('',#500,#501,#502);
#500 = CARTESIAN_POINT('',(0.,0.,0.));
#501 = DIRECTION('',(0.,0.,1.));
#502 = DIRECTION('',(1.,0.,-0.));
#503 = AXIS2_PLACEMENT_3D('',#504,#505,#506);
#504 = CARTESIAN_POINT('',(0.,0.,0.));
#505 = DIRECTION('',(0.,0.,1.));
#506 = DIRECTION('',(1.,0.,-0.));
#507 = AXIS2_PLACEMENT_3D('',#508,#509,#510);
#508 = CARTESIAN_POINT('',(0.,0.,0.));
#509 = DIRECTION('',(0.,0.,1.));
#510 = DIRECTION('',(1.,0.,-0.));
#511 = AXIS2_PLACEMENT_3D('',#512,#513,#514);
#512 = CARTESIAN_POINT('',(0.,0.,0.));
#513 = DIRECTION('',(0.,0.,1.));
#514 = DIRECTION('',(1.,0.,-0.));
#515 = AXIS2_PLACEMENT_3D('',#516,#517,#518);
#516 = CARTESIAN_POINT('',(0.,0.,0.));
#517 = DIRECTION('',(0.,0.,1.));
#518 = DIRECTION('',(1.,0.,-0.));
#519 = AXIS2_PLACEMENT_3D('',#520,#521,#522);
#520 = CARTESIAN_POINT('',(0.,0.,0.));
#521 = DIRECTION('',(0.,0.,1.));
#522 = DIRECTION('',(1.,0.,-0.));
#523 = AXIS2_PLACEMENT_3D('',#524,#525,#526);
#524 = CARTESIAN_POINT('',(0.,0.,0.));
#525 = DIRECTION('',(0.,0.,1.));
#526 = DIRECTION('',(1.,0.,-0.));
#527 = AXIS2_PLACEMENT_3D('',#528,#529,#530);
#528 = CARTESIAN_POINT('',(0.,0.,0.));
#529 = DIRECTION('',(0.,0.,1.));
#530 = DIRECTION('',(1.,0.,-0.));
#531 = AXIS2_PLACEMENT_3D('',#532,#533,#534);
#532 = CARTESIAN_POINT('',(0.,0.,0.));
#533 = DIRECTION('',(0.,0.,1.));
#534 = DIRECTION('',(1.,0.,-0.));
#535 = AXIS2_PLACEMENT_3D('',#536,#537,#538);
#536 = CARTESIAN_POINT('',(0.,0.,0.));
#537 = DIRECTION('',(0.,0.,1.));
#538 = DIRECTION('',(1.,0.,-0.));
#539 = AXIS2_PLACEMENT_3D('',#540,#541,#542);
#540 = CARTESIAN_POINT('',(0.,0.,0.));
#541 = DIRECTION('',(0.,0.,1.));
#542 = DIRECTION('',(1.,0.,-0.));
#543 = AXIS2_PLACEMENT_3D('',#544,#545,#546);
#544 = CARTESIAN_POINT('',(0.,0.,0.));
#545 = DIRECTION('',(0.,0.,1.));
#546 = DIRECTION('',(1.,0.,-0.));
#547 = AXIS2_PLACEMENT_3D('',#548,#549,#550);
#548 = CARTESIAN_POINT('',(0.,0.,0.));
#549 = DIRECTION('',(0.,0.,1.));
#550 = DIRECTION('',(1.,0.,-0.));
#551 = AXIS2_PLACEMENT_3D('',#552,#553,#554);
#552 = CARTESIAN_POINT('',(0.,0.,0.));
#553 = DIRECTION('',(0.,0.,1.));
#554 = DIRECTION('',(1.,0.,-0.));
#555 = AXIS2_PLACEMENT_3D('',#556,#557,#558);
#556 = CARTESIAN_POINT('',(0.,0.,0.));
#557 = DIRECTION('',(0.,0.,1.));
#558 = DIRECTION('',(1.,0.,-0.));
#559 = AXIS2_PLACEMENT_3D('',#560,#561,#562);
#560 = CARTESIAN_POINT('',(0.,0.,0.));
#561 = DIRECTION('',(0.,0.,1.));
#562 = DIRECTION('',(1.,0.,-0.));
#563 = AXIS2_PLACEMENT_3D('',#564,#565,#566);
#564 = CARTESIAN_POINT('',(0.,0.,0.));
#565 = DIRECTION('',(0.,0.,1.));
#566 = DIRECTION('',(1.,0.,-0.));
#567 = AXIS2_PLACEMENT_3D('',#568,#569,#570);
#568 = CARTESIAN_POINT('',(0.,0.,0.));
#569 = DIRECTION('',(0.,0.,1.));
#570 = DIRECTION('',(1.,0.,-0.));
#571 = AXIS2_PLACEMENT_3D('',#572,#573,#574);
#572 = CARTESIAN_POINT('',(0.,0.,0.));
#573 = DIRECTION('',(0.,0.,1.));
#574 = DIRECTION('',(1.,0.,-0.));
#575 = AXIS2_PLACEMENT_3D('',#576,#577,#578);
#576 = CARTESIAN_POINT('',(0.,0.,0.));
#577 = DIRECTION('',(0.,0.,1.));
#578 = DIRECTION('',(1.,0.,-0.));
#579 = AXIS2_PLACEMENT_3D('',#580,#581,#582);
#580 = CARTESIAN_POINT('',(0.,0.,0.));
#581 = DIRECTION('',(0.,0.,1.));
#582 = DIRECTION('',(1.,0.,-0.));
#583 = AXIS2_PLACEMENT_3D('',#584,#585,#586);
#584 = CARTESIAN_POINT('',(0.,0.,0.));
#585 = DIRECTION('',(0.,0.,1.));
#586 = DIRECTION('',(1.,0.,-0.));
#587 = AXIS2_PLACEMENT_3D('',#588,#589,#590);
#588 = CARTESIAN_POINT('',(0.,0.,0.));
#589 = DIRECTION('',(0.,0.,1.));
#590 = DIRECTION('',(1.,0.,-0.));
#591 = AXIS2_PLACEMENT_3D('',#592,#593,#594);
#592 = CARTESIAN_POINT('',(0.,0.,0.));
#593 = DIRECTION('',(0.,0.,1.));
#594 = DIRECTION('',(1.,0.,-0.));
#595 = AXIS2_PLACEMENT_3D('',#596,#597,#598);
#596 = CARTESIAN_POINT('',(0.,0.,0.));
#597 = DIRECTION('',(0.,0.,1.));
#598 = DIRECTION('',(1.,0.,-0.));
#599 = AXIS2_PLACEMENT_3D('',#600,#601,#602);
#600 = CARTESIAN_POINT('',(0.,0.,0.));
#601 = DIRECTION('',(0.,0.,1.));
#602 = DIRECTION('',(1.,0.,-0.));
#603 = AXIS2_PLACEMENT_3D('',#604,#605,#606);
#604 = CARTESIAN_POINT('',(0.,0.,0.));
#605 = DIRECTION('',(0.,0.,1.));
#606 = DIRECTION('',(1.,0.,-0.));
#607 = AXIS2_PLACEMENT_3D('',#608,#609,#610);
#608 = CARTESIAN_POINT('',(0.,0.,0.));
#609 = DIRECTION('',(0.,0.,1.));
#610 = DIRECTION('',(1.,0.,-0.));
#611 = AXIS2_PLACEMENT_3D('',#612,#613,#614);
#612 = CARTESIAN_POINT('',(0.,0.,0.));
#613 = DIRECTION('',(0.,0.,1.));
#614 = DIRECTION('',(1.,0.,-0.));
#615 = AXIS2_PLACEMENT_3D('',#616,#617,#618);
#616 = CARTESIAN_POINT('',(0.,0.,0.));
#617 = DIRECTION('',(0.,0.,1.));
#618 = DIRECTION('',(1.,0.,-0.));
#619 = AXIS2_PLACEMENT_3D('',#620,#621,#622);
#620 = CARTESIAN_POINT('',(0.,0.,0.));
#621 = DIRECTION('',(0.,0.,1.));
#622 = DIRECTION('',(1.,0.,-0.));
#623 = AXIS2_PLACEMENT_3D('',#624,#625,#626);
#624 = CARTESIAN_POINT('',(0.,0.,0.));
#625 = DIRECTION('',(0.,0.,1.));
#626 = DIRECTION('',(1.,0.,-0.));
#627 = AXIS2_PLACEMENT_3D('',#628,#629,#630);
#628 = CARTESIAN_POINT('',(0.,0.,0.));
#629 = DIRECTION('',(0.,0.,1.));
#630 = DIRECTION('',(1.,0.,-0.));
#631 = AXIS2_PLACEMENT_3D('',#632,#633,#634);
#632 = CARTESIAN_POINT('',(0.,0.,0.));
#633 = DIRECTION('',(0.,0.,1.));
#634 = DIRECTION('',(1.,0.,-0.));
#635 = AXIS2_PLACEMENT_3D('',#636,#637,#638);
#636 = CARTESIAN_POINT('',(0.,0.,0.));
#637 = DIRECTION('',(0.,0.,1.));
#638 = DIRECTION('',(1.,0.,-0.));
#639 = AXIS2_PLACEMENT_3D('',#640,#641,#642);
#640 = CARTESIAN_POINT('',(0.,0.,0.));
#641 = DIRECTION('',(0.,0.,1.));
#642 = DIRECTION('',(1.,0.,-0.));
#643 = AXIS2_PLACEMENT_3D('',#644,#645,#646);
#644 = CARTESIAN_POINT('',(0.,0.,0.));
#645 = DIRECTION('',(0.,0.,1.));
#646 = DIRECTION('',(1.,0.,-0.));
#647 = AXIS2_PLACEMENT_3D('',#648,#649,#650);
#648 = CARTESIAN_POINT('',(0.,0.,0.));
#649 = DIRECTION('',(0.,0.,1.));
#650 = DIRECTION('',(1.,0.,-0.));
#651 = AXIS2_PLACEMENT_3D('',#652,#653,#654);
#652 = CARTESIAN_POINT('',(0.,0.,0.));
#653 = DIRECTION('',(0.,0.,1.));
#654 = DIRECTION('',(1.,0.,-0.));
#655 = AXIS2_PLACEMENT_3D('',#656,#657,#658);
#656 = CARTESIAN_POINT('',(0.,0.,0.));
#657 = DIRECTION('',(0.,0.,1.));
#658 = DIRECTION('',(1.,0.,-0.));
#659 = AXIS2_PLACEMENT_3D('',#660,#661,#662);
#660 = CARTESIAN_POINT('',(0.,0.,0.));
#661 = DIRECTION('',(0.,0.,1.));
#662 = DIRECTION('',(1.,0.,-0.));
#663 = AXIS2_PLACEMENT_3D('',#664,#665,#666);
#664 = CARTESIAN_POINT('',(0.,0.,0.));
#665 = DIRECTION('',(0.,0.,1.));
#666 = DIRECTION('',(1.,0.,-0.));
#667 = AXIS2_PLACEMENT_3D('',#668,#669,#670);
#668 = CARTESIAN_POINT('',(0.,0.,0.));
#669 = DIRECTION('',(0.,0.,1.));
#670 = DIRECTION('',(1.,0.,-0.));
#671 = AXIS2_PLACEMENT_3D('',#672,#673,#674);
#672 = CARTESIAN_POINT('',(0.,0.,0.));
#673 = DIRECTION('',(0.,0.,1.));
#674 = DIRECTION('',(1.,0.,-0.));
#675 = AXIS2_PLACEMENT_3D('',#676,#677,#678);
#676 = CARTESIAN_POINT('',(0.,0.,0.));
#677 = DIRECTION('',(0.,0.,1.));
#678 = DIRECTION('',(1.,0.,-0.));
#679 = AXIS2_PLACEMENT_3D('',#680,#681,#682);
#680 = CARTESIAN_POINT('',(0.,0.,0.));
#681 = DIRECTION('',(0.,0.,1.));
#682 = DIRECTION('',(1.,0.,-0.));
#683 = AXIS2_PLACEMENT_3D('',#684,#685,#686);
#684 = CARTESIAN_POINT('',(0.,0.,0.));
#685 = DIRECTION('',(0.,0.,1.));
#686 = DIRECTION('',(1.,0.,-0.));
#687 = AXIS2_PLACEMENT_3D('',#688,#689,#690);
#688 = CARTESIAN_POINT('',(0.,0.,0.));
#689 = DIRECTION('',(0.,0.,1.));
#690 = DIRECTION('',(1.,0.,-0.));
#691 = AXIS2_PLACEMENT_3D('',#692,#693,#694);
#692 = CARTESIAN_POINT('',(0.,0.,0.));
#693 = DIRECTION('',(0.,0.,1.));
#694 = DIRECTION('',(1.,0.,-0.));
#695 = AXIS2_PLACEMENT_3D('',#696,#697,#698);
#696 = CARTESIAN_POINT('',(0.,0.,0.));
#697 = DIRECTION('',(0.,0.,1.));
#698 = DIRECTION('',(1.,0.,-0.));
#699 = AXIS2_PLACEMENT_3D('',#700,#701,#702);
#700 = CARTESIAN_POINT('',(0.,0.,0.));
#701 = DIRECTION('',(0.,0.,1.));
#702 = DIRECTION('',(1.,0.,-0.));
#703 = AXIS2_PLACEMENT_3D('',#704,#705,#706);
#704 = CARTESIAN_POINT('',(0.,0.,0.));
#705 = DIRECTION('',(0.,0.,1.));
#706 = DIRECTION('',(1.,0.,-0.));
#707 = AXIS2_PLACEMENT_3D('',#708,#709,#710);
#708 = CARTESIAN_POINT('',(0.,0.,0.));
#709 = DIRECTION('',(0.,0.,1.));
#710 = DIRECTION('',(1.,0.,-0.));
#711 = AXIS2_PLACEMENT_3D('',#712,#713,#714);
#712 = CARTESIAN_POINT('',(0.,0.,0.));
#713 = DIRECTION('',(0.,0.,1.));
#714 = DIRECTION('',(1.,0.,-0.));
#715 = AXIS2_PLACEMENT_3D('',#716,#717,#718);
#716 = CARTESIAN_POINT('',(0.,0.,0.));
#717 = DIRECTION('',(0.,0.,1.));
#718 = DIRECTION('',(1.,0.,-0.));
#719 = AXIS2_PLACEMENT_3D('',#720,#721,#722);
#720 = CARTESIAN_POINT('',(0.,0.,0.));
#721 = DIRECTION('',(0.,0.,1.));
#722 = DIRECTION('',(1.,0.,-0.));
#723 = AXIS2_PLACEMENT_3D('',#724,#725,#726);
#724 = CARTESIAN_POINT('',(0.,0.,0.));
#725 = DIRECTION('',(0.,0.,1.));
#726 = DIRECTION('',(1.,0.,-0.));
#727 = AXIS2_PLACEMENT_3D('',#728,#729,#730);
#728 = CARTESIAN_POINT('',(0.,0.,0.));
#729 = DIRECTION('',(0.,0.,1.));
#730 = DIRECTION('',(1.,0.,-0.));
#731 = AXIS2_PLACEMENT_3D('',#732,#733,#734);
#732 = CARTESIAN_POINT('',(0.,0.,0.));
#733 = DIRECTION('',(0.,0.,1.));
#734 = DIRECTION('',(1.,0.,-0.));
#735 = AXIS2_PLACEMENT_3D('',#736,#737,#738);
#736 = CARTESIAN_POINT('',(0.,0.,0.));
#737 = DIRECTION('',(0.,0.,1.));
#738 = DIRECTION('',(1.,0.,-0.));
#739 = AXIS2_PLACEMENT_3D('',#740,#741,#742);
#740 = CARTESIAN_POINT('',(0.,0.,0.));
#741 = DIRECTION('',(0.,0.,1.));
#742 = DIRECTION('',(1.,0.,-0.));
#743 = AXIS2_PLACEMENT_3D('',#744,#745,#746);
#744 = CARTESIAN_POINT('',(0.,0.,0.));
#745 = DIRECTION('',(0.,0.,1.));
#746 = DIRECTION('',(1.,0.,-0.));
#747 = AXIS2_PLACEMENT_3D('',#748,#749,#750);
#748 = CARTESIAN_POINT('',(0.,0.,0.));
#749 = DIRECTION('',(0.,0.,1.));
#750 = DIRECTION('',(1.,0.,-0.));
#751 = AXIS2_PLACEMENT_3D('',#752,#753,#754);
#752 = CARTESIAN_POINT('',(0.,0.,0.));
#753 = DIRECTION('',(0.,0.,1.));
#754 = DIRECTION('',(1.,0.,-0.));
#755 = AXIS2_PLACEMENT_3D('',#756,#757,#758);
#756 = CARTESIAN_POINT('',(0.,0.,0.));
#757 = DIRECTION('',(0.,0.,1.));
#758 = DIRECTION('',(1.,0.,-0.));
#759 = AXIS2_PLACEMENT_3D('',#760,#761,#762);
#760 = CARTESIAN_POINT('',(0.,0.,0.));
#761 = DIRECTION('',(0.,0.,1.));
#762 = DIRECTION('',(1.,0.,-0.));
#763 = AXIS2_PLACEMENT_3D('',#764,#765,#766);
#764 = CARTESIAN_POINT('',(0.,0.,0.));
#765 = DIRECTION('',(0.,0.,1.));
#766 = DIRECTION('',(1.,0.,-0.));
#767 = AXIS2_PLACEMENT_3D('',#768,#769,#770);
#768 = CARTESIAN_POINT('',(0.,0.,0.));
#769 = DIRECTION('',(0.,0.,1.));
#770 = DIRECTION('',(1.,0.,-0.));
#771 = AXIS2_PLACEMENT_3D('',#772,#773,#774);
#772 = CARTESIAN_POINT('',(0.,0.,0.));
#773 = DIRECTION('',(0.,0.,1.));
#774 = DIRECTION('',(1.,0.,-0.));
#775 = AXIS2_PLACEMENT_3D('',#776,#777,#778);
#776 = CARTESIAN_POINT('',(0.,0.,0.));
#777 = DIRECTION('',(0.,0.,1.));
#778 = DIRECTION('',(1.,0.,-0.));
#779 = AXIS2_PLACEMENT_3D('',#780,#781,#782);
#780 = CARTESIAN_POINT('',(0.,0.,0.));
#781 = DIRECTION('',(0.,0.,1.));
#782 = DIRECTION('',(1.,0.,-0.));
#783 = AXIS2_PLACEMENT_3D('',#784,#785,#786);
#784 = CARTESIAN_POINT('',(0.,0.,0.));
#785 = DIRECTION('',(0.,0.,1.));
#786 = DIRECTION('',(1.,0.,-0.));
#787 = AXIS2_PLACEMENT_3D('',#788,#789,#790);
#788 = CARTESIAN_POINT('',(0.,0.,0.));
#789 = DIRECTION('',(0.,0.,1.));
#790 = DIRECTION('',(1.,0.,-0.));
#791 = AXIS2_PLACEMENT_3D('',#792,#793,#794);
#792 = CARTESIAN_POINT('',(0.,0.,0.));
#793 = DIRECTION('',(0.,0.,1.));
#794 = DIRECTION('',(1.,0.,-0.));
#795 = AXIS2_PLACEMENT_3D('',#796,#797,#798);
#796 = CARTESIAN_POINT('',(0.,0.,0.));
#797 = DIRECTION('',(0.,0.,1.));
#798 = DIRECTION('',(1.,0.,-0.));
#799 = AXIS2_PLACEMENT_3D('',#800,#801,#802);
#800 = CARTESIAN_POINT('',(0.,0.,0.));
#801 = DIRECTION('',(0.,0.,1.));
#802 = DIRECTION('',(1.,0.,-0.));
#803 = AXIS2_PLACEMENT_3D('',#804,#805,#806);
#804 = CARTESIAN_POINT('',(0.,0.,0.));
#805 = DIRECTION('',(0.,0.,1.));
#806 = DIRECTION('',(1.,0.,-0.));
#807 = AXIS2_PLACEMENT_3D('',#808,#809,#810);
#808 = CARTESIAN_POINT('',(0.,0.,0.));
#809 = DIRECTION('',(0.,0.,1.));
#810 = DIRECTION('',(1.,0.,-0.));
#811 = AXIS2_PLACEMENT_3D('',#812,#813,#814);
#812 = CARTESIAN_POINT('',(0.,0.,0.));
#813 = DIRECTION('',(0.,0.,1.));
#814 = DIRECTION('',(1.,0.,-0.));
#815 = AXIS2_PLACEMENT_3D('',#816,#817,#818);
#816 = CARTESIAN_POINT('',(0.,0.,0.));
#817 = DIRECTION('',(0.,0.,1.));
#818 = DIRECTION('',(1.,0.,-0.));
#819 = AXIS2_PLACEMENT_3D('',#820,#821,#822);
#820 = CARTESIAN_POINT('',(0.,0.,0.));
#821 = DIRECTION('',(0.,0.,1.));
#822 = DIRECTION('',(1.,0.,-0.));
#823 = AXIS2_PLACEMENT_3D('',#824,#825,#826);
#824 = CARTESIAN_POINT('',(0.,0.,0.));
#825 = DIRECTION('',(0.,0.,1.));
#826 = DIRECTION('',(1.,0.,-0.));
#827 = AXIS2_PLACEMENT_3D('',#828,#829,#830);
#828 = CARTESIAN_POINT('',(0.,0.,0.));
#829 = DIRECTION('',(0.,0.,1.));
#830 = DIRECTION('',(1.,0.,-0.));
#831 = AXIS2_PLACEMENT_3D('',#832,#833,#834);
#832 = CARTESIAN_POINT('',(0.,0.,0.));
#833 = DIRECTION('',(0.,0.,1.));
#834 = DIRECTION('',(1.,0.,-0.));
#835 = AXIS2_PLACEMENT_3D('',#836,#837,#838);
#836 = CARTESIAN_POINT('',(0.,0.,0.));
#837 = DIRECTION('',(0.,0.,1.));
#838 = DIRECTION('',(1.,0.,-0.));
#839 = AXIS2_PLACEMENT_3D('',#840,#841,#842);
#840 = CARTESIAN_POINT('',(0.,0.,0.));
#841 = DIRECTION('',(0.,0.,1.));
#842 = DIRECTION('',(1.,0.,-0.));
#843 = AXIS2_PLACEMENT_3D('',#844,#845,#846);
#844 = CARTESIAN_POINT('',(0.,0.,0.));
#845 = DIRECTION('',(0.,0.,1.));
#846 = DIRECTION('',(1.,0.,-0.));
#847 = AXIS2_PLACEMENT_3D('',#848,#849,#850);
#848 = CARTESIAN_POINT('',(0.,0.,0.));
#849 = DIRECTION('',(0.,0.,1.));
#850 = DIRECTION('',(1.,0.,-0.));
#851 = AXIS2_PLACEMENT_3D('',#852,#853,#854);
#852 = CARTESIAN_POINT('',(0.,0.,0.));
#853 = DIRECTION('',(0.,0.,1.));
#854 = DIRECTION('',(1.,0.,-0.));
#855 = AXIS2_PLACEMENT_3D('',#856,#857,#858);
#856 = CARTESIAN_POINT('',(0.,0.,0.));
#857 = DIRECTION('',(0.,0.,1.));
#858 = DIRECTION('',(1.,0.,-0.));
#859 = AXIS2_PLACEMENT_3D('',#860,#861,#862);
#860 = CARTESIAN_POINT('',(0.,0.,0.));
#861 = DIRECTION('',(0.,0.,1.));
#862 = DIRECTION('',(1.,0.,-0.));
#863 = AXIS2_PLACEMENT_3D('',#864,#865,#866);
#864 = CARTESIAN_POINT('',(0.,0.,0.));
#865 = DIRECTION('',(0.,0.,1.));
#866 = DIRECTION('',(1.,0.,-0.));
#867 = AXIS2_PLACEMENT_3D('',#868,#869,#870);
#868 = CARTESIAN_POINT('',(0.,0.,0.));
#869 = DIRECTION('',(0.,0.,1.));
#870 = DIRECTION('',(1.,0.,-0.));
#871 = AXIS2_PLACEMENT_3D('',#872,#873,#874);
#872 = CARTESIAN_POINT('',(0.,0.,0.));
#873 = DIRECTION('',(0.,0.,1.));
#874 = DIRECTION('',(1.,0.,-0.));
#875 = AXIS2_PLACEMENT_3D('',#876,#877,#878);
#876 = CARTESIAN_POINT('',(0.,0.,0.));
#877 = DIRECTION('',(0.,0.,1.));
#878 = DIRECTION('',(1.,0.,-0.));
#879 = AXIS2_PLACEMENT_3D('',#880,#881,#882);
#880 = CARTESIAN_POINT('',(0.,0.,0.));
#881 = DIRECTION('',(0.,0.,1.));
#882 = DIRECTION('',(1.,0.,-0.));
#883 = AXIS2_PLACEMENT_3D('',#884,#885,#886);
#884 = CARTESIAN_POINT('',(0.,0.,0.));
#885 = DIRECTION('',(0.,0.,1.));
#886 = DIRECTION('',(1.,0.,-0.));
#887 = ( GEOMETRIC_REPRESENTATION_CONTEXT(3) 
GLOBAL_UNCERTAINTY_ASSIGNED_CONTEXT((#891)) GLOBAL_UNIT_ASSIGNED_CONTEXT
((#888,#889,#890)) REPRESENTATION_CONTEXT('Context #1',
  '3D Context with UNIT and UNCERTAINTY') );
#888 = ( LENGTH_UNIT() NAMED_UNIT(*) SI_UNIT(.MILLI.,.METRE.) );
#889 = ( NAMED_UNIT(*) PLANE_ANGLE_UNIT() SI_UNIT($,.RADIAN.) );
#890 = ( NAMED_UNIT(*) SI_UNIT($,.STERADIAN.) SOLID_ANGLE_UNIT() );
#891 = UNCERTAINTY_MEASURE_WITH_UNIT(LENGTH_MEASURE(1.E-07),#888,
  'distance_accuracy_value','confusion accuracy');
#892 = PRODUCT_RELATED_PRODUCT_CATEGORY('part',$,(#7));
#893 = SHAPE_DEFINITION_REPRESENTATION(#894,#900);
#894 = PRODUCT_DEFINITION_SHAPE('','',#895);
#895 = PRODUCT_DEFINITION('design','',#896,#899);
#896 = PRODUCT_DEFINITION_FORMATION('','',#897);
#897 = PRODUCT('Open CASCADE STEP translator 7.9 2.1',
  'Open CASCADE STEP translator 7.9 2.1','',(#898));
#898 = PRODUCT_CONTEXT('',#2,'mechanical');
#899 = PRODUCT_DEFINITION_CONTEXT('part definition',#2,'design');
#900 = MANIFOLD_SURFACE_SHAPE_REPRESENTATION('',(#11,#901),#959);
#901 = SHELL_BASED_SURFACE_MODEL('',(#902));
#902 = OPEN_SHELL('',(#903));
#903 = ADVANCED_FACE('',(#904),#918,.T.);
#904 = FACE_BOUND('',#905,.T.);
#905 = EDGE_LOOP('',(#906,#929,#945));
#906 = ORIENTED_EDGE('',*,*,#907,.T.);
#907 = EDGE_CURVE('',#908,#910,#912,.T.);
#908 = VERTEX_POINT('',#909);
#909 = CARTESIAN_POINT('',(7.48075,-2.72277,7.));
#910 = VERTEX_POINT('',#911);
#911 = CARTESIAN_POINT('',(9.58486,-3.4886,12.));
#912 = SURFACE_CURVE('',#913,(#917),.PCURVE_S1.);
#913 = LINE('',#914,#915);
#914 = CARTESIAN_POINT('',(7.48075,-2.72277,7.));
#915 = VECTOR('',#916,1.);
#916 = DIRECTION('',(0.384068007985,-0.139788700474,0.912661429262));
#917 = PCURVE('',#918,#923);
#918 = PLANE('',#919);
#919 = AXIS2_PLACEMENT_3D('',#920,#921,#922);
#920 = CARTESIAN_POINT('',(7.48075,-2.72277,7.));
#921 = DIRECTION('',(-0.342018798718,-0.939693110182,-3.0411689073E-17)
  );
#922 = DIRECTION('',(-0.939693110182,0.342018798718,0.));
#923 = DEFINITIONAL_REPRESENTATION('',(#924),#928);
#924 = LINE('',#925,#926);
#925 = CARTESIAN_POINT('',(0.,0.));
#926 = VECTOR('',#927,1.);
#927 = DIRECTION('',(-0.408716424355,-0.912661429262));
#928 = ( GEOMETRIC_REPRESENTATION_CONTEXT(2) 
PARAMETRIC_REPRESENTATION_CONTEXT() REPRESENTATION_CONTEXT('2D SPACE',''
  ) );
#929 = ORIENTED_EDGE('',*,*,#930,.T.);
#930 = EDGE_CURVE('',#910,#931,#933,.T.);
#931 = VERTEX_POINT('',#932);
#932 = CARTESIAN_POINT('',(7.48075,-2.72277,12.));
#933 = SURFACE_CURVE('',#934,(#938),.PCURVE_S1.);
#934 = LINE('',#935,#936);
#935 = CARTESIAN_POINT('',(9.58486,-3.4886,12.));
#936 = VECTOR('',#937,1.);
#937 = DIRECTION('',(-0.939693110182,0.342018798718,0.));
#938 = PCURVE('',#918,#939);
#939 = DEFINITIONAL_REPRESENTATION('',(#940),#944);
#940 = LINE('',#941,#942);
#941 = CARTESIAN_POINT('',(-2.239145926687,-5.));
#942 = VECTOR('',#943,1.);
#943 = DIRECTION('',(1.,0.));
#944 = ( GEOMETRIC_REPRESENTATION_CONTEXT(2) 
PARAMETRIC_REPRESENTATION_CONTEXT() REPRESENTATION_CONTEXT('2D SPACE',''
  ) );
#945 = ORIENTED_EDGE('',*,*,#946,.T.);
#946 = EDGE_CURVE('',#931,#908,#947,.T.);
#947 = SURFACE_CURVE('',#948,(#952),.PCURVE_S1.);
#948 = LINE('',#949,#950);
#949 = CARTESIAN_POINT('',(7.48075,-2.72277,12.));
#950 = VECTOR('',#951,1.);
#951 = DIRECTION('',(0.,0.,-1.));
#952 = PCURVE('',#918,#953);
#953 = DEFINITIONAL_REPRESENTATION('',(#954),#958);
#954 = LINE('',#955,#956);
#955 = CARTESIAN_POINT('',(0.,-5.));
#956 = VECTOR('',#957,1.);
#957 = DIRECTION('',(0.,1.));
#958 = ( GEOMETRIC_REPRESENTATION_CONTEXT(2) 
PARAMETRIC_REPRESENTATION_CONTEXT() REPRESENTATION_CONTEXT('2D SPACE',''
  ) );
#959 = ( GEOMETRIC_REPRESENTATION_CONTEXT(3) 
GLOBAL_UNCERTAINTY_ASSIGNED_CONTEXT((#963)) GLOBAL_UNIT_ASSIGNED_CONTEXT
((#960,#961,#962)) REPRESENTATION_CONTEXT('Context #1',
  '3D Context with UNIT and UNCERTAINTY') );
#960 = ( LENGTH_UNIT() NAMED_UNIT(*) SI_UNIT(.MILLI.,.METRE.) );
#961 = ( NAMED_UNIT(*) PLANE_ANGLE_UNIT() SI_UNIT($,.RADIAN.) );
#962 = ( NAMED_UNIT(*) SI_UNIT($,.STERADIAN.) SOLID_ANGLE_UNIT() );
#963 = UNCERTAINTY_MEASURE_WITH_UNIT(LENGTH_MEASURE(1.E-07),#960,
  'distance_accuracy_value','confusion accuracy');
#964 = CONTEXT_DEPENDENT_SHAPE_REPRESENTATION(#965,#967);
#965 = ( REPRESENTATION_RELATIONSHIP('','',#900,#10) 
REPRESENTATION_RELATIONSHIP_WITH_TRANSFORMATION(#966) 
SHAPE_REPRESENTATION_RELATIONSHIP() );
#966 = ITEM_DEFINED_TRANSFORMATION('','',#11,#15);
#967 = PRODUCT_DEFINITION_SHAPE('Placement','Placement of an item',#968
  );
#968 = NEXT_ASSEMBLY_USAGE_OCCURRENCE('1765','','',#5,#895,$);
#969 = PRODUCT_RELATED_PRODUCT_CATEGORY('part',$,(#897));
#970 = SHAPE_DEFINITION_REPRESENTATION(#971,#977);
#971 = PRODUCT_DEFINITION_SHAPE('','',#972);
#972 = PRODUCT_DEFINITION('design','',#973,#976);
#973 = PRODUCT_DEFINITION_FORMATION('','',#974);
#974 = PRODUCT('Open CASCADE STEP translator 7.9 2.2',
  'Open CASCADE STEP translator 7.9 2.2','',(#975));
#975 = PRODUCT_CONTEXT('',#2,'mechanical');
#976 = PRODUCT_DEFINITION_CONTEXT('part definition',#2,'design');
#977 = MANIFOLD_SURFACE_SHAPE_REPRESENTATION('',(#11,#978),#1036);
#978 = SHELL_BASED_SURFACE_MODEL('',(#979));
#979 = OPEN_SHELL('',(#980));
#980 = ADVANCED_FACE('',(#981),#995,.T.);
#981 = FACE_BOUND('',#982,.T.);
#982 = EDGE_LOOP('',(#983,#1006,#1022));
#983 = ORIENTED_EDGE('',*,*,#984,.F.);
#984 = EDGE_CURVE('',#985,#987,#989,.T.);
#985 = VERTEX_POINT('',#986);
#986 = CARTESIAN_POINT('',(7.48075,-2.72277,7.));
#987 = VERTEX_POINT('',#988);
#988 = CARTESIAN_POINT('',(9.58486,-3.4886,12.));
#989 = SURFACE_CURVE('',#990,(#994),.PCURVE_S1.);
#990 = LINE('',#991,#992);
#991 = CARTESIAN_POINT('',(7.48075,-2.72277,7.));
#992 = VECTOR('',#993,1.);
#993 = DIRECTION('',(0.384068007985,-0.139788700474,0.912661429262));
#994 = PCURVE('',#995,#1000);
#995 = PLANE('',#996);
#996 = AXIS2_PLACEMENT_3D('',#997,#998,#999);
#997 = CARTESIAN_POINT('',(9.58486,-3.4886,12.));
#998 = DIRECTION('',(-0.342018798718,-0.939693110182,-3.0411689073E-17)
  );
#999 = DIRECTION('',(-0.939693110182,0.342018798718,0.));
#1000 = DEFINITIONAL_REPRESENTATION('',(#1001),#1005);
#1001 = LINE('',#1002,#1003);
#1002 = CARTESIAN_POINT('',(2.239145926687,5.));
#1003 = VECTOR('',#1004,1.);
#1004 = DIRECTION('',(-0.408716424355,-0.912661429262));
#1005 = ( GEOMETRIC_REPRESENTATION_CONTEXT(2) 
PARAMETRIC_REPRESENTATION_CONTEXT() REPRESENTATION_CONTEXT('2D SPACE',''
  ) );
#1006 = ORIENTED_EDGE('',*,*,#1007,.T.);
#1007 = EDGE_CURVE('',#985,#1008,#1010,.T.);
#1008 = VERTEX_POINT('',#1009);
#1009 = CARTESIAN_POINT('',(9.58486,-3.4886,7.));
#1010 = SURFACE_CURVE('',#1011,(#1015),.PCURVE_S1.);
#1011 = LINE('',#1012,#1013);
#1012 = CARTESIAN_POINT('',(7.48075,-2.72277,7.));
#1013 = VECTOR('',#1014,1.);
#1014 = DIRECTION('',(0.939693110182,-0.342018798718,0.));
#1015 = PCURVE('',#995,#1016);
#1016 = DEFINITIONAL_REPRESENTATION('',(#1017),#1021);
#1017 = LINE('',#1018,#1019);
#1018 = CARTESIAN_POINT('',(2.239145926687,5.));
#1019 = VECTOR('',#1020,1.);
#1020 = DIRECTION('',(-1.,0.));
#1021 = ( GEOMETRIC_REPRESENTATION_CONTEXT(2) 
PARAMETRIC_REPRESENTATION_CONTEXT() REPRESENTATION_CONTEXT('2D SPACE',''
  ) );
#1022 = ORIENTED_EDGE('',*,*,#1023,.T.);
#1023 = EDGE_CURVE('',#1008,#987,#1024,.T.);
#1024 = SURFACE_CURVE('',#1025,(#1029),.PCURVE_S1.);
#1025 = LINE('',#1026,#1027);
#1026 = CARTESIAN_POINT('',(9.58486,-3.4886,7.));
#1027 = VECTOR('',#1028,1.);
#1028 = DIRECTION('',(0.,0.,1.));
#1029 = PCURVE('',#995,#1030);
#1030 = DEFINITIONAL_REPRESENTATION('',(#1031),#1035);
#1031 = LINE('',#1032,#1033);
#1032 = CARTESIAN_POINT('',(0.,5.));
#1033 = VECTOR('',#1034,1.);
#1034 = DIRECTION('',(0.,-1.));
#1035 = ( GEOMETRIC_REPRESENTATION_CONTEXT(2) 
PARAMETRIC_REPRESENTATION_CONTEXT() REPRESENTATION_CONTEXT('2D SPACE',''
  ) );
#1036 = ( GEOMETRIC_REPRESENTATION_CONTEXT(3) 
GLOBAL_UNCERTAINTY_ASSIGNED_CONTEXT((#1040)) 
GLOBAL_UNIT_ASSIGNED_CONTEXT((#1037,#1038,#1039)) REPRESENTATION_CONTEXT
('Context #1','3D Context with UNIT and UNCERTAINTY') );
#1037 = ( LENGTH_UNIT() NAMED_UNIT(*) SI_UNIT(.MILLI.,.METRE.) );
#1038 = ( NAMED_UNIT(*) PLANE_ANGLE_UNIT() SI_UNIT($,.RADIAN.) );
#1039 = ( NAMED_UNIT(*) SI_UNIT($,.STERADIAN.) SOLID_ANGLE_UNIT() );
#1040 = UNCERTAINTY_MEASURE_WITH_UNIT(LENGTH_MEASURE(1.E-07),#1037,
  'distance_accuracy_value','confusion accuracy');
#1041 = CONTEXT_DEPENDENT_SHAPE_REPRESENTATION(#1042,#1044);
#1042 = ( REPRESENTATION_RELATIONSHIP('','',#977,#10) 
REPRESENTATION_RELATIONSHIP_WITH_TRANSFORMATION(#1043) 
SHAPE_REPRESENTATION_RELATIONSHIP() );
#1043 = ITEM_DEFINED_TRANSFORMATION('','',#11,#19);
#1044 = PRODUCT_DEFINITION_SHAPE('Placement','Placement of an item',
  #1045);
#1045 = NEXT_ASSEMBLY_USAGE_OCCURRENCE('1766','','',#5,#972,$);
#1046 = PRODUCT_RELATED_PRODUCT_CATEGORY('part',$,(#974));
#1047 = SHAPE_DEFINITION_REPRESENTATION(#1048,#1054);
#1048 = PRODUCT_DEFINITION_SHAPE('','',#1049);
#1049 = PRODUCT_DEFINITION('design','',#1050,#1053);
#1050 = PRODUCT_DEFINITION_FORMATION('','',#1051);
#1051 = PRODUCT('Open CASCADE STEP translator 7.9 2.3',
  'Open CASCADE STEP translator 7.9 2.3','',(#1052));
#1052 = PRODUCT_CONTEXT('',#2,'mechanical');
#1053 = PRODUCT_DEFINITION_CONTEXT('part definition',#2,'design');
#1054 = MANIFOLD_SURFACE_SHAPE_REPRESENTATION('',(#11,#1055),#1113);
#1055 = SHELL_BASED_SURFACE_MODEL('',(#1056));
#1056 = OPEN_SHELL('',(#1057));
#1057 = ADVANCED_FACE('',(#1058),#1072,.T.);
#1058 = FACE_BOUND('',#1059,.T.);
#1059 = EDGE_LOOP('',(#1060,#1083,#1099));
#1060 = ORIENTED_EDGE('',*,*,#1061,.T.);
#1061 = EDGE_CURVE('',#1062,#1064,#1066,.T.);
#1062 = VERTEX_POINT('',#1063);
#1063 = CARTESIAN_POINT('',(9.58486,3.4886,7.));
#1064 = VERTEX_POINT('',#1065);
#1065 = CARTESIAN_POINT('',(7.48075,2.72277,12.));
#1066 = SURFACE_CURVE('',#1067,(#1071),.PCURVE_S1.);
#1067 = LINE('',#1068,#1069);
#1068 = CARTESIAN_POINT('',(9.58486,3.4886,7.));
#1069 = VECTOR('',#1070,1.);
#1070 = DIRECTION('',(-0.384068007985,-0.139788700474,0.912661429262));
#1071 = PCURVE('',#1072,#1077);
#1072 = PLANE('',#1073);
#1073 = AXIS2_PLACEMENT_3D('',#1074,#1075,#1076);
#1074 = CARTESIAN_POINT('',(9.58486,3.4886,7.));
#1075 = DIRECTION('',(-0.342018798718,0.939693110182,3.0411689073E-17));
#1076 = DIRECTION('',(0.939693110182,0.342018798718,0.));
#1077 = DEFINITIONAL_REPRESENTATION('',(#1078),#1082);
#1078 = LINE('',#1079,#1080);
#1079 = CARTESIAN_POINT('',(0.,0.));
#1080 = VECTOR('',#1081,1.);
#1081 = DIRECTION('',(-0.408716424355,-0.912661429262));
#1082 = ( GEOMETRIC_REPRESENTATION_CONTEXT(2) 
PARAMETRIC_REPRESENTATION_CONTEXT() REPRESENTATION_CONTEXT('2D SPACE',''
  ) );
#1083 = ORIENTED_EDGE('',*,*,#1084,.T.);
#1084 = EDGE_CURVE('',#1064,#1085,#1087,.T.);
#1085 = VERTEX_POINT('',#1086);
#1086 = CARTESIAN_POINT('',(9.58486,3.4886,12.));
#1087 = SURFACE_CURVE('',#1088,(#1092),.PCURVE_S1.);
#1088 = LINE('',#1089,#1090);
#1089 = CARTESIAN_POINT('',(7.48075,2.72277,12.));
#1090 = VECTOR('',#1091,1.);
#1091 = DIRECTION('',(0.939693110182,0.342018798718,0.));
#1092 = PCURVE('',#1072,#1093);
#1093 = DEFINITIONAL_REPRESENTATION('',(#1094),#1098);
#1094 = LINE('',#1095,#1096);
#1095 = CARTESIAN_POINT('',(-2.239145926687,-5.));
#1096 = VECTOR('',#1097,1.);
#1097 = DIRECTION('',(1.,0.));
#1098 = ( GEOMETRIC_REPRESENTATION_CONTEXT(2) 
PARAMETRIC_REPRESENTATION_CONTEXT() REPRESENTATION_CONTEXT('2D SPACE',''
  ) );
#1099 = ORIENTED_EDGE('',*,*,#1100,.T.);
#1100 = EDGE_CURVE('',#1085,#1062,#1101,.T.);
#1101 = SURFACE_CURVE('',#1102,(#1106),.PCURVE_S1.);
#1102 = LINE('',#1103,#1104);
#1103 = CARTESIAN_POINT('',(9.58486,3.4886,12.));
#1104 = VECTOR('',#1105,1.);
#1105 = DIRECTION('',(0.,0.,-1.));
#1106 = PCURVE('',#1072,#1107);
#1107 = DEFINITIONAL_REPRESENTATION('',(#1108),#1112);
#1108 = LINE('',#1109,#1110);
#1109 = CARTESIAN_POINT('',(0.,-5.));
#1110 = VECTOR('',#1111,1.);
#1111 = DIRECTION('',(0.,1.));
#1112 = ( GEOMETRIC_REPRESENTATION_CONTEXT(2) 
PARAMETRIC_REPRESENTATION_CONTEXT() REPRESENTATION_CONTEXT('2D SPACE',''
  ) );
#1113 = ( GEOMETRIC_REPRESENTATION_CONTEXT(3) 
GLOBAL_UNCERTAINTY_ASSIGNED_CONTEXT((#1117)) 
GLOBAL_UNIT_ASSIGNED_CONTEXT((#1114,#1115,#1116)) REPRESENTATION_CONTEXT
('Context #1','3D Context with UNIT and UNCERTAINTY') );
#1114 = ( LENGTH_UNIT() NAMED_UNIT(*) SI_UNIT(.MILLI.,.METRE.) );
#1115 = ( NAMED_UNIT(*) PLANE_ANGLE_UNIT() SI_UNIT($,.RADIAN.) );
#1116 = ( NAMED_UNIT(*) SI_UNIT($,.STERADIAN.) SOLID_ANGLE_UNIT() );
#1117 = UNCERTAINTY_MEASURE_WITH_UNIT(LENGTH_MEASURE(1.E-07),#1114,
  'distance_accuracy_value','confusion accuracy');
#1118 = CONTEXT_DEPENDENT_SHAPE_REPRESENTATION(#1119,#1121);
#1119 = ( REPRESENTATION_RELATIONSHIP('','',#1054,#10) 
REPRESENTATION_RELATIONSHIP_WITH_TRANSFORMATION(#1120) 
SHAPE_REPRESENTATION_RELATIONSHIP() );
#1120 = ITEM_DEFINED_TRANSFORMATION('','',#11,#23);
#1121 = PRODUCT_DEFINITION_SHAPE('Placement','Placement of an item',
  #1122);
#1122 = NEXT_ASSEMBLY_USAGE_OCCURRENCE('1767','','',#5,#1049,$);
#1123 = PRODUCT_RELATED_PRODUCT_CATEGORY('part',$,(#1051));
#1124 = SHAPE_DEFINITION_REPRESENTATION(#1125,#1131);
#1125 = PRODUCT_DEFINITION_SHAPE('','',#1126);
#1126 = PRODUCT_DEFINITION('design','',#1127,#1130);
#1127 = PRODUCT_DEFINITION_FORMATION('','',#1128);
#1128 = PRODUCT('Open CASCADE STEP translator 7.9 2.4',
  'Open CASCADE STEP translator 7.9 2.4','',(#1129));
#1129 = PRODUCT_CONTEXT('',#2,'mechanical');
#1130 = PRODUCT_DEFINITION_CONTEXT('part definition',#2,'design');
#1131 = MANIFOLD_SURFACE_SHAPE_REPRESENTATION('',(#11,#1132),#1190);
#1132 = SHELL_BASED_SURFACE_MODEL('',(#1133));
#1133 = OPEN_SHELL('',(#1134));
#1134 = ADVANCED_FACE('',(#1135),#1149,.T.);
#1135 = FACE_BOUND('',#1136,.T.);
#1136 = EDGE_LOOP('',(#1137,#1160,#1176));
#1137 = ORIENTED_EDGE('',*,*,#1138,.F.);
#1138 = EDGE_CURVE('',#1139,#1141,#1143,.T.);
#1139 = VERTEX_POINT('',#1140);
#1140 = CARTESIAN_POINT('',(9.58486,3.4886,7.));
#1141 = VERTEX_POINT('',#1142);
#1142 = CARTESIAN_POINT('',(7.48075,2.72277,12.));
#1143 = SURFACE_CURVE('',#1144,(#1148),.PCURVE_S1.);
#1144 = LINE('',#1145,#1146);
#1145 = CARTESIAN_POINT('',(9.58486,3.4886,7.));
#1146 = VECTOR('',#1147,1.);
#1147 = DIRECTION('',(-0.384068007985,-0.139788700474,0.912661429262));
#1148 = PCURVE('',#1149,#1154);
#1149 = PLANE('',#1150);
#1150 = AXIS2_PLACEMENT_3D('',#1151,#1152,#1153);
#1151 = CARTESIAN_POINT('',(7.48075,2.72277,12.));
#1152 = DIRECTION('',(-0.342018798718,0.939693110182,3.0411689073E-17));
#1153 = DIRECTION('',(0.939693110182,0.342018798718,0.));
#1154 = DEFINITIONAL_REPRESENTATION('',(#1155),#1159);
#1155 = LINE('',#1156,#1157);
#1156 = CARTESIAN_POINT('',(2.239145926687,5.));
#1157 = VECTOR('',#1158,1.);
#1158 = DIRECTION('',(-0.408716424355,-0.912661429262));
#1159 = ( GEOMETRIC_REPRESENTATION_CONTEXT(2) 
PARAMETRIC_REPRESENTATION_CONTEXT() REPRESENTATION_CONTEXT('2D SPACE',''
  ) );
#1160 = ORIENTED_EDGE('',*,*,#1161,.T.);
#1161 = EDGE_CURVE('',#1139,#1162,#1164,.T.);
#1162 = VERTEX_POINT('',#1163);
#1163 = CARTESIAN_POINT('',(7.48075,2.72277,7.));
#1164 = SURFACE_CURVE('',#1165,(#1169),.PCURVE_S1.);
#1165 = LINE('',#1166,#1167);
#1166 = CARTESIAN_POINT('',(9.58486,3.4886,7.));
#1167 = VECTOR('',#1168,1.);
#1168 = DIRECTION('',(-0.939693110182,-0.342018798718,0.));
#1169 = PCURVE('',#1149,#1170);
#1170 = DEFINITIONAL_REPRESENTATION('',(#1171),#1175);
#1171 = LINE('',#1172,#1173);
#1172 = CARTESIAN_POINT('',(2.239145926687,5.));
#1173 = VECTOR('',#1174,1.);
#1174 = DIRECTION('',(-1.,0.));
#1175 = ( GEOMETRIC_REPRESENTATION_CONTEXT(2) 
PARAMETRIC_REPRESENTATION_CONTEXT() REPRESENTATION_CONTEXT('2D SPACE',''
  ) );
#1176 = ORIENTED_EDGE('',*,*,#1177,.T.);
#1177 = EDGE_CURVE('',#1162,#1141,#1178,.T.);
#1178 = SURFACE_CURVE('',#1179,(#1183),.PCURVE_S1.);
#1179 = LINE('',#1180,#1181);
#1180 = CARTESIAN_POINT('',(7.48075,2.72277,7.));
#1181 = VECTOR('',#1182,1.);
#1182 = DIRECTION('',(0.,0.,1.));
#1183 = PCURVE('',#1149,#1184);
#1184 = DEFINITIONAL_REPRESENTATION('',(#1185),#1189);
#1185 = LINE('',#1186,#1187);
#1186 = CARTESIAN_POINT('',(0.,5.));
#1187 = VECTOR('',#1188,1.);
#1188 = DIRECTION('',(0.,-1.));
#1189 = ( GEOMETRIC_REPRESENTATION_CONTEXT(2) 
PARAMETRIC_REPRESENTATION_CONTEXT() REPRESENTATION_CONTEXT('2D SPACE',''
  ) );
#1190 = ( GEOMETRIC_REPRESENTATION_CONTEXT(3) 
GLOBAL_UNCERTAINTY_ASSIGNED_CONTEXT((#1194)) 
GLOBAL_UNIT_ASSIGNED_CONTEXT((#1191,#1192,#1193)) REPRESENTATION_CONTEXT
('Context #1','3D Context with UNIT and UNCERTAINTY') );
#1191 = ( LENGTH_UNIT() NAMED_UNIT(*) SI_UNIT(.MILLI.,.METRE.) );
#1192 = ( NAMED_UNIT(*) PLANE_ANGLE_UNIT() SI_UNIT($,.RADIAN.) );
#1193 = ( NAMED_UNIT(*) SI_UNIT($,.STERADIAN.) SOLID_ANGLE_UNIT() );
#1194 = UNCERTAINTY_MEASURE_WITH_UNIT(LENGTH_MEASURE(1.E-07),#1191,
  'distance_accuracy_value','confusion accuracy');
#1195 = CONTEXT_DEPENDENT_SHAPE_REPRESENTATION(#1196,#1198);
#1196 = ( REPRESENTATION_RELATIONSHIP('','',#1131,#10) 
REPRESENTATION_RELATIONSHIP_WITH_TRANSFORMATION(#1197) 
SHAPE_REPRESENTATION_RELATIONSHIP() );
#1197 = ITEM_DEFINED_TRANSFORMATION('','',#11,#27);
#1198 = PRODUCT_DEFINITION_SHAPE('Placement','Placement of an item',
  #1199);
#1199 = NEXT_ASSEMBLY_USAGE_OCCURRENCE('1768','','',#5,#1126,$);
#1200 = PRODUCT_RELATED_PRODUCT_CATEGORY('part',$,(#1128));
#1201 = SHAPE_DEFINITION_REPRESENTATION(#1202,#1208);
#1202 = PRODUCT_DEFINITION_SHAPE('','',#1203);
#1203 = PRODUCT_DEFINITION('design','',#1204,#1207);
#1204 = PRODUCT_DEFINITION_FORMATION('','',#1205);
#1205 = PRODUCT('Open CASCADE STEP translator 7.9 2.5',
  'Open CASCADE STEP translator 7.9 2.5','',(#1206));
#1206 = PRODUCT_CONTEXT('',#2,'mechanical');
#1207 = PRODUCT_DEFINITION_CONTEXT('part definition',#2,'design');
#1208 = MANIFOLD_SURFACE_SHAPE_REPRESENTATION('',(#11,#1209),#1267);
#1209 = SHELL_BASED_SURFACE_MODEL('',(#1210));
#1210 = OPEN_SHELL('',(#1211));
#1211 = ADVANCED_FACE('',(#1212),#1226,.T.);
#1212 = FACE_BOUND('',#1213,.T.);
#1213 = EDGE_LOOP('',(#1214,#1237,#1253));
#1214 = ORIENTED_EDGE('',*,*,#1215,.T.);
#1215 = EDGE_CURVE('',#1216,#1218,#1220,.T.);
#1216 = VERTEX_POINT('',#1217);
#1217 = CARTESIAN_POINT('',(7.60845,2.47214,12.));
#1218 = VERTEX_POINT('',#1219);
#1219 = CARTESIAN_POINT('',(10.2,0.,12.));
#1220 = SURFACE_CURVE('',#1221,(#1225),.PCURVE_S1.);
#1221 = LINE('',#1222,#1223);
#1222 = CARTESIAN_POINT('',(7.60845,2.47214,12.));
#1223 = VECTOR('',#1224,1.);
#1224 = DIRECTION('',(0.723580341829,-0.690240167564,0.));
#1225 = PCURVE('',#1226,#1231);
#1226 = PLANE('',#1227);
#1227 = AXIS2_PLACEMENT_3D('',#1228,#1229,#1230);
#1228 = CARTESIAN_POINT('',(7.60845,2.47214,12.));
#1229 = DIRECTION('',(-0.,-0.,1.));
#1230 = DIRECTION('',(1.,0.,0.));
#1231 = DEFINITIONAL_REPRESENTATION('',(#1232),#1236);
#1232 = LINE('',#1233,#1234);
#1233 = CARTESIAN_POINT('',(0.,0.));
#1234 = VECTOR('',#1235,1.);
#1235 = DIRECTION('',(0.723580341829,-0.690240167564));
#1236 = ( GEOMETRIC_REPRESENTATION_CONTEXT(2) 
PARAMETRIC_REPRESENTATION_CONTEXT() REPRESENTATION_CONTEXT('2D SPACE',''
  ) );
#1237 = ORIENTED_EDGE('',*,*,#1238,.T.);
#1238 = EDGE_CURVE('',#1218,#1239,#1241,.T.);
#1239 = VERTEX_POINT('',#1240);
#1240 = CARTESIAN_POINT('',(9.58486,3.4886,12.));
#1241 = SURFACE_CURVE('',#1242,(#1246),.PCURVE_S1.);
#1242 = LINE('',#1243,#1244);
#1243 = CARTESIAN_POINT('',(10.2,0.,12.));
#1244 = VECTOR('',#1245,1.);
#1245 = DIRECTION('',(-0.173649736876,0.98480747808,0.));
#1246 = PCURVE('',#1226,#1247);
#1247 = DEFINITIONAL_REPRESENTATION('',(#1248),#1252);
#1248 = LINE('',#1249,#1250);
#1249 = CARTESIAN_POINT('',(2.59155,-2.47214));
#1250 = VECTOR('',#1251,1.);
#1251 = DIRECTION('',(-0.173649736876,0.98480747808));
#1252 = ( GEOMETRIC_REPRESENTATION_CONTEXT(2) 
PARAMETRIC_REPRESENTATION_CONTEXT() REPRESENTATION_CONTEXT('2D SPACE',''
  ) );
#1253 = ORIENTED_EDGE('',*,*,#1254,.T.);
#1254 = EDGE_CURVE('',#1239,#1216,#1255,.T.);
#1255 = SURFACE_CURVE('',#1256,(#1260),.PCURVE_S1.);
#1256 = LINE('',#1257,#1258);
#1257 = CARTESIAN_POINT('',(9.58486,3.4886,12.));
#1258 = VECTOR('',#1259,1.);
#1259 = DIRECTION('',(-0.889284037704,-0.45735533263,0.));
#1260 = PCURVE('',#1226,#1261);
#1261 = DEFINITIONAL_REPRESENTATION('',(#1262),#1266);
#1262 = LINE('',#1263,#1264);
#1263 = CARTESIAN_POINT('',(1.97641,1.01646));
#1264 = VECTOR('',#1265,1.);
#1265 = DIRECTION('',(-0.889284037704,-0.45735533263));
#1266 = ( GEOMETRIC_REPRESENTATION_CONTEXT(2) 
PARAMETRIC_REPRESENTATION_CONTEXT() REPRESENTATION_CONTEXT('2D SPACE',''
  ) );
#1267 = ( GEOMETRIC_REPRESENTATION_CONTEXT(3) 
GLOBAL_UNCERTAINTY_ASSIGNED_CONTEXT((#1271)) 
GLOBAL_UNIT_ASSIGNED_CONTEXT((#1268,#1269,#1270)) REPRESENTATION_CONTEXT
('Context #1','3D Context with UNIT and UNCERTAINTY') );
#1268 = ( LENGTH_UNIT() NAMED_UNIT(*) SI_UNIT(.MILLI.,.METRE.) );
#1269 = ( NAMED_UNIT(*) PLANE_ANGLE_UNIT() SI_UNIT($,.RADIAN.) );
#1270 = ( NAMED_UNIT(*) SI_UNIT($,.STERADIAN.) SOLID_ANGLE_UNIT() );
#1271 = UNCERTAINTY_MEASURE_WITH_UNIT(LENGTH_MEASURE(1.E-07),#1268,
  'distance_accuracy_value','confusion accuracy');
#1272 = CONTEXT_DEPENDENT_SHAPE_REPRESENTATION(#1273,#1275);
#1273 = ( REPRESENTATION_RELATIONSHIP('','',#1208,#10) 
REPRESENTATION_RELATIONSHIP_WITH_TRANSFORMATION(#1274) 
SHAPE_REPRESENTATION_RELATIONSHIP() );
#1274 = ITEM_DEFINED_TRANSFORMATION('','',#11,#31);
#1275 = PRODUCT_DEFINITION_SHAPE('Placement','Placement of an item',
  #1276);
#1276 = NEXT_ASSEMBLY_USAGE_OCCURRENCE('1769','','',#5,#1203,$);
#1277 = PRODUCT_RELATED_PRODUCT_CATEGORY('part',$,(#1205));
#1278 = SHAPE_DEFINITION_REPRESENTATION(#1279,#1285);
#1279 = PRODUCT_DEFINITION_SHAPE('','',#1280);
#1280 = PRODUCT_DEFINITION('design','',#1281,#1284);
#1281 = PRODUCT_DEFINITION_FORMATION('','',#1282);
#1282 = PRODUCT('Open CASCADE STEP translator 7.9 2.6',
  'Open CASCADE STEP translator 7.9 2.6','',(#1283));
#1283 = PRODUCT_CONTEXT('',#2,'mechanical');
#1284 = PRODUCT_DEFINITION_CONTEXT('part definition',#2,'design');
#1285 = MANIFOLD_SURFACE_SHAPE_REPRESENTATION('',(#11,#1286),#1344);
#1286 = SHELL_BASED_SURFACE_MODEL('',(#1287));
#1287 = OPEN_SHELL('',(#1288));
#1288 = ADVANCED_FACE('',(#1289),#1303,.T.);
#1289 = FACE_BOUND('',#1290,.T.);
#1290 = EDGE_LOOP('',(#1291,#1314,#1330));
#1291 = ORIENTED_EDGE('',*,*,#1292,.T.);
#1292 = EDGE_CURVE('',#1293,#1295,#1297,.T.);
#1293 = VERTEX_POINT('',#1294);
#1294 = CARTESIAN_POINT('',(7.60845,-2.47214,12.));
#1295 = VERTEX_POINT('',#1296);
#1296 = CARTESIAN_POINT('',(10.2,0.,12.));
#1297 = SURFACE_CURVE('',#1298,(#1302),.PCURVE_S1.);
#1298 = LINE('',#1299,#1300);
#1299 = CARTESIAN_POINT('',(7.60845,-2.47214,12.));
#1300 = VECTOR('',#1301,1.);
#1301 = DIRECTION('',(0.723580341829,0.690240167564,0.));
#1302 = PCURVE('',#1303,#1308);
#1303 = PLANE('',#1304);
#1304 = AXIS2_PLACEMENT_3D('',#1305,#1306,#1307);
#1305 = CARTESIAN_POINT('',(7.60845,-2.47214,12.));
#1306 = DIRECTION('',(0.,-0.,1.));
#1307 = DIRECTION('',(1.,0.,0.));
#1308 = DEFINITIONAL_REPRESENTATION('',(#1309),#1313);
#1309 = LINE('',#1310,#1311);
#1310 = CARTESIAN_POINT('',(0.,0.));
#1311 = VECTOR('',#1312,1.);
#1312 = DIRECTION('',(0.723580341829,0.690240167564));
#1313 = ( GEOMETRIC_REPRESENTATION_CONTEXT(2) 
PARAMETRIC_REPRESENTATION_CONTEXT() REPRESENTATION_CONTEXT('2D SPACE',''
  ) );
#1314 = ORIENTED_EDGE('',*,*,#1315,.T.);
#1315 = EDGE_CURVE('',#1295,#1316,#1318,.T.);
#1316 = VERTEX_POINT('',#1317);
#1317 = CARTESIAN_POINT('',(8.,0.,12.));
#1318 = SURFACE_CURVE('',#1319,(#1323),.PCURVE_S1.);
#1319 = LINE('',#1320,#1321);
#1320 = CARTESIAN_POINT('',(10.2,0.,12.));
#1321 = VECTOR('',#1322,1.);
#1322 = DIRECTION('',(-1.,0.,0.));
#1323 = PCURVE('',#1303,#1324);
#1324 = DEFINITIONAL_REPRESENTATION('',(#1325),#1329);
#1325 = LINE('',#1326,#1327);
#1326 = CARTESIAN_POINT('',(2.59155,2.47214));
#1327 = VECTOR('',#1328,1.);
#1328 = DIRECTION('',(-1.,0.));
#1329 = ( GEOMETRIC_REPRESENTATION_CONTEXT(2) 
PARAMETRIC_REPRESENTATION_CONTEXT() REPRESENTATION_CONTEXT('2D SPACE',''
  ) );
#1330 = ORIENTED_EDGE('',*,*,#1331,.T.);
#1331 = EDGE_CURVE('',#1316,#1293,#1332,.T.);
#1332 = SURFACE_CURVE('',#1333,(#1337),.PCURVE_S1.);
#1333 = LINE('',#1334,#1335);
#1334 = CARTESIAN_POINT('',(8.,0.,12.));
#1335 = VECTOR('',#1336,1.);
#1336 = DIRECTION('',(-0.15643504565,-0.987688248635,0.));
#1337 = PCURVE('',#1303,#1338);
#1338 = DEFINITIONAL_REPRESENTATION('',(#1339),#1343);
#1339 = LINE('',#1340,#1341);
#1340 = CARTESIAN_POINT('',(0.39155,2.47214));
#1341 = VECTOR('',#1342,1.);
#1342 = DIRECTION('',(-0.15643504565,-0.987688248635));
#1343 = ( GEOMETRIC_REPRESENTATION_CONTEXT(2) 
PARAMETRIC_REPRESENTATION_CONTEXT() REPRESENTATION_CONTEXT('2D SPACE',''
  ) );
#1344 = ( GEOMETRIC_REPRESENTATION_CONTEXT(3) 
GLOBAL_UNCERTAINTY_ASSIGNED_CONTEXT((#1348)) 
GLOBAL_UNIT_ASSIGNED_CONTEXT((#1345,#1346,#1347)) REPRESENTATION_CONTEXT
('Context #1','3D Context with UNIT and UNCERTAINTY') );
#1345 = ( LENGTH_UNIT() NAMED_UNIT(*) SI_UNIT(.MILLI.,.METRE.) );
#1346 = ( NAMED_UNIT(*) PLANE_ANGLE_UNIT() SI_UNIT($,.RADIAN.) );
#1347 = ( NAMED_UNIT(*) SI_UNIT($,.STERADIAN.) SOLID_ANGLE_UNIT() );
#1348 = UNCERTAINTY_MEASURE_WITH_UNIT(LENGTH_MEASURE(1.E-07),#1345,
  'distance_accuracy_value','confusion accuracy');
#1349 = CONTEXT_DEPENDENT_SHAPE_REPRESENTATION(#1350,#1352);
#1350 = ( REPRESENTATION_RELATIONSHIP('','',#1285,#10) 
REPRESENTATION_RELATIONSHIP_WITH_TRANSFORMATION(#1351) 
SHAPE_REPRESENTATION_RELATIONSHIP() );
#1351 = ITEM_DEFINED_TRANSFORMATION('','',#11,#35);
#1352 = PRODUCT_DEFINITION_SHAPE('Placement','Placement of an item',
  #1353);
#1353 = NEXT_ASSEMBLY_USAGE_OCCURRENCE('1770','','',#5,#1280,$);
#1354 = PRODUCT_RELATED_PRODUCT_CATEGORY('part',$,(#1282));
#1355 = SHAPE_DEFINITION_REPRESENTATION(#1356,#1362);
#1356 = PRODUCT_DEFINITION_SHAPE('','',#1357);
#1357 = PRODUCT_DEFINITION('design','',#1358,#1361);
#1358 = PRODUCT_DEFINITION_FORMATION('','',#1359);
#1359 = PRODUCT('Open CASCADE STEP translator 7.9 2.7',
  'Open CASCADE STEP translator 7.9 2.7','',(#1360));
#1360 = PRODUCT_CONTEXT('',#2,'mechanical');
#1361 = PRODUCT_DEFINITION_CONTEXT('part definition',#2,'design');
#1362 = MANIFOLD_SURFACE_SHAPE_REPRESENTATION('',(#11,#1363),#1421);
#1363 = SHELL_BASED_SURFACE_MODEL('',(#1364));
#1364 = OPEN_SHELL('',(#1365));
#1365 = ADVANCED_FACE('',(#1366),#1380,.T.);
#1366 = FACE_BOUND('',#1367,.T.);
#1367 = EDGE_LOOP('',(#1368,#1391,#1407));
#1368 = ORIENTED_EDGE('',*,*,#1369,.F.);
#1369 = EDGE_CURVE('',#1370,#1372,#1374,.T.);
#1370 = VERTEX_POINT('',#1371);
#1371 = CARTESIAN_POINT('',(7.60845,2.47214,12.));
#1372 = VERTEX_POINT('',#1373);
#1373 = CARTESIAN_POINT('',(10.2,0.,12.));
#1374 = SURFACE_CURVE('',#1375,(#1379),.PCURVE_S1.);
#1375 = LINE('',#1376,#1377);
#1376 = CARTESIAN_POINT('',(7.60845,2.47214,12.));
#1377 = VECTOR('',#1378,1.);
#1378 = DIRECTION('',(0.723580341829,-0.690240167564,0.));
#1379 = PCURVE('',#1380,#1385);
#1380 = PLANE('',#1381);
#1381 = AXIS2_PLACEMENT_3D('',#1382,#1383,#1384);
#1382 = CARTESIAN_POINT('',(10.2,0.,12.));
#1383 = DIRECTION('',(-0.,-0.,1.));
#1384 = DIRECTION('',(1.,0.,0.));
#1385 = DEFINITIONAL_REPRESENTATION('',(#1386),#1390);
#1386 = LINE('',#1387,#1388);
#1387 = CARTESIAN_POINT('',(-2.59155,2.47214));
#1388 = VECTOR('',#1389,1.);
#1389 = DIRECTION('',(0.723580341829,-0.690240167564));
#1390 = ( GEOMETRIC_REPRESENTATION_CONTEXT(2) 
PARAMETRIC_REPRESENTATION_CONTEXT() REPRESENTATION_CONTEXT('2D SPACE',''
  ) );
#1391 = ORIENTED_EDGE('',*,*,#1392,.T.);
#1392 = EDGE_CURVE('',#1370,#1393,#1395,.T.);
#1393 = VERTEX_POINT('',#1394);
#1394 = CARTESIAN_POINT('',(8.,0.,12.));
#1395 = SURFACE_CURVE('',#1396,(#1400),.PCURVE_S1.);
#1396 = LINE('',#1397,#1398);
#1397 = CARTESIAN_POINT('',(7.60845,2.47214,12.));
#1398 = VECTOR('',#1399,1.);
#1399 = DIRECTION('',(0.15643504565,-0.987688248635,0.));
#1400 = PCURVE('',#1380,#1401);
#1401 = DEFINITIONAL_REPRESENTATION('',(#1402),#1406);
#1402 = LINE('',#1403,#1404);
#1403 = CARTESIAN_POINT('',(-2.59155,2.47214));
#1404 = VECTOR('',#1405,1.);
#1405 = DIRECTION('',(0.15643504565,-0.987688248635));
#1406 = ( GEOMETRIC_REPRESENTATION_CONTEXT(2) 
PARAMETRIC_REPRESENTATION_CONTEXT() REPRESENTATION_CONTEXT('2D SPACE',''
  ) );
#1407 = ORIENTED_EDGE('',*,*,#1408,.F.);
#1408 = EDGE_CURVE('',#1372,#1393,#1409,.T.);
#1409 = SURFACE_CURVE('',#1410,(#1414),.PCURVE_S1.);
#1410 = LINE('',#1411,#1412);
#1411 = CARTESIAN_POINT('',(10.2,0.,12.));
#1412 = VECTOR('',#1413,1.);
#1413 = DIRECTION('',(-1.,0.,0.));
#1414 = PCURVE('',#1380,#1415);
#1415 = DEFINITIONAL_REPRESENTATION('',(#1416),#1420);
#1416 = LINE('',#1417,#1418);
#1417 = CARTESIAN_POINT('',(0.,0.));
#1418 = VECTOR('',#1419,1.);
#1419 = DIRECTION('',(-1.,0.));
#1420 = ( GEOMETRIC_REPRESENTATION_CONTEXT(2) 
PARAMETRIC_REPRESENTATION_CONTEXT() REPRESENTATION_CONTEXT('2D SPACE',''
  ) );
#1421 = ( GEOMETRIC_REPRESENTATION_CONTEXT(3) 
GLOBAL_UNCERTAINTY_ASSIGNED_CONTEXT((#1425)) 
GLOBAL_UNIT_ASSIGNED_CONTEXT((#1422,#1423,#1424)) REPRESENTATION_CONTEXT
('Context #1','3D Context with UNIT and UNCERTAINTY') );
#1422 = ( LENGTH_UNIT() NAMED_UNIT(*) SI_UNIT(.MILLI.,.METRE.) );
#1423 = ( NAMED_UNIT(*) PLANE_ANGLE_UNIT() SI_UNIT($,.RADIAN.) );
#1424 = ( NAMED_UNIT(*) SI_UNIT($,.STERADIAN.) SOLID_ANGLE_UNIT() );
#1425 = UNCERTAINTY_MEASURE_WITH_UNIT(LENGTH_MEASURE(1.E-07),#1422,
  'distance_accuracy_value','confusion accuracy');
#1426 = CONTEXT_DEPENDENT_SHAPE_REPRESENTATION(#1427,#1429);
#1427 = ( REPRESENTATION_RELATIONSHIP('','',#1362,#10) 
REPRESENTATION_RELATIONSHIP_WITH_TRANSFORMATION(#1428) 
SHAPE_REPRESENTATION_RELATIONSHIP() );
#1428 = ITEM_DEFINED_TRANSFORMATION('','',#11,#39);
#1429 = PRODUCT_DEFINITION_SHAPE('Placement','Placement of an item',
  #1430);
#1430 = NEXT_ASSEMBLY_USAGE_OCCURRENCE('1771','','',#5,#1357,$);
#1431 = PRODUCT_RELATED_PRODUCT_CATEGORY('part',$,(#1359));
#1432 = SHAPE_DEFINITION_REPRESENTATION(#1433,#1439);
#1433 = PRODUCT_DEFINITION_SHAPE('','',#1434);
#1434 = PRODUCT_DEFINITION('design','',#1435,#1438);
#1435 = PRODUCT_DEFINITION_FORMATION('','',#1436);
#1436 = PRODUCT('Open CASCADE STEP translator 7.9 2.8',
  'Open CASCADE STEP translator 7.9 2.8','',(#1437));
#1437 = PRODUCT_CONTEXT('',#2,'mechanical');
#1438 = PRODUCT_DEFINITION_CONTEXT('part definition',#2,'design');
#1439 = MANIFOLD_SURFACE_SHAPE_REPRESENTATION('',(#11,#1440),#1498);
#1440 = SHELL_BASED_SURFACE_MODEL('',(#1441));
#1441 = OPEN_SHELL('',(#1442));
#1442 = ADVANCED_FACE('',(#1443),#1457,.T.);
#1443 = FACE_BOUND('',#1444,.T.);
#1444 = EDGE_LOOP('',(#1445,#1468,#1484));
#1445 = ORIENTED_EDGE('',*,*,#1446,.F.);
#1446 = EDGE_CURVE('',#1447,#1449,#1451,.T.);
#1447 = VERTEX_POINT('',#1448);
#1448 = CARTESIAN_POINT('',(9.58486,3.4886,12.));
#1449 = VERTEX_POINT('',#1450);
#1450 = CARTESIAN_POINT('',(7.60845,2.47214,12.));
#1451 = SURFACE_CURVE('',#1452,(#1456),.PCURVE_S1.);
#1452 = LINE('',#1453,#1454);
#1453 = CARTESIAN_POINT('',(9.58486,3.4886,12.));
#1454 = VECTOR('',#1455,1.);
#1455 = DIRECTION('',(-0.889284037704,-0.45735533263,0.));
#1456 = PCURVE('',#1457,#1462);
#1457 = PLANE('',#1458);
#1458 = AXIS2_PLACEMENT_3D('',#1459,#1460,#1461);
#1459 = CARTESIAN_POINT('',(7.60845,2.47214,12.));
#1460 = DIRECTION('',(-0.,0.,1.));
#1461 = DIRECTION('',(1.,0.,0.));
#1462 = DEFINITIONAL_REPRESENTATION('',(#1463),#1467);
#1463 = LINE('',#1464,#1465);
#1464 = CARTESIAN_POINT('',(1.97641,1.01646));
#1465 = VECTOR('',#1466,1.);
#1466 = DIRECTION('',(-0.889284037704,-0.45735533263));
#1467 = ( GEOMETRIC_REPRESENTATION_CONTEXT(2) 
PARAMETRIC_REPRESENTATION_CONTEXT() REPRESENTATION_CONTEXT('2D SPACE',''
  ) );
#1468 = ORIENTED_EDGE('',*,*,#1469,.F.);
#1469 = EDGE_CURVE('',#1470,#1447,#1472,.T.);
#1470 = VERTEX_POINT('',#1471);
#1471 = CARTESIAN_POINT('',(7.48075,2.72277,12.));
#1472 = SURFACE_CURVE('',#1473,(#1477),.PCURVE_S1.);
#1473 = LINE('',#1474,#1475);
#1474 = CARTESIAN_POINT('',(7.48075,2.72277,12.));
#1475 = VECTOR('',#1476,1.);
#1476 = DIRECTION('',(0.939693110182,0.342018798718,0.));
#1477 = PCURVE('',#1457,#1478);
#1478 = DEFINITIONAL_REPRESENTATION('',(#1479),#1483);
#1479 = LINE('',#1480,#1481);
#1480 = CARTESIAN_POINT('',(-0.1277,0.25063));
#1481 = VECTOR('',#1482,1.);
#1482 = DIRECTION('',(0.939693110182,0.342018798718));
#1483 = ( GEOMETRIC_REPRESENTATION_CONTEXT(2) 
PARAMETRIC_REPRESENTATION_CONTEXT() REPRESENTATION_CONTEXT('2D SPACE',''
  ) );
#1484 = ORIENTED_EDGE('',*,*,#1485,.T.);
#1485 = EDGE_CURVE('',#1470,#1449,#1486,.T.);
#1486 = SURFACE_CURVE('',#1487,(#1491),.PCURVE_S1.);
#1487 = LINE('',#1488,#1489);
#1488 = CARTESIAN_POINT('',(7.48075,2.72277,12.));
#1489 = VECTOR('',#1490,1.);
#1490 = DIRECTION('',(0.45398382936,-0.891009922885,0.));
#1491 = PCURVE('',#1457,#1492);
#1492 = DEFINITIONAL_REPRESENTATION('',(#1493),#1497);
#1493 = LINE('',#1494,#1495);
#1494 = CARTESIAN_POINT('',(-0.1277,0.25063));
#1495 = VECTOR('',#1496,1.);
#1496 = DIRECTION('',(0.45398382936,-0.891009922885));
#1497 = ( GEOMETRIC_REPRESENTATION_CONTEXT(2) 
PARAMETRIC_REPRESENTATION_CONTEXT() REPRESENTATION_CONTEXT('2D SPACE',''
  ) );
#1498 = ( GEOMETRIC_REPRESENTATION_CONTEXT(3) 
GLOBAL_UNCERTAINTY_ASSIGNED_CONTEXT((#1502)) 
GLOBAL_UNIT_ASSIGNED_CONTEXT((#1499,#1500,#1501)) REPRESENTATION_CONTEXT
('Context #1','3D Context with UNIT and UNCERTAINTY') );
#1499 = ( LENGTH_UNIT() NAMED_UNIT(*) SI_UNIT(.MILLI.,.METRE.) );
#1500 = ( NAMED_UNIT(*) PLANE_ANGLE_UNIT() SI_UNIT($,.RADIAN.) );
#1501 = ( NAMED_UNIT(*) SI_UNIT($,.STERADIAN.) SOLID_ANGLE_UNIT() );
#1502 = UNCERTAINTY_MEASURE_WITH_UNIT(LENGTH_MEASURE(1.E-07),#1499,
  'distance_accuracy_value','confusion accuracy');
#1503 = CONTEXT_DEPENDENT_SHAPE_REPRESENTATION(#1504,#1506);
#1504 = ( REPRESENTATION_RELATIONSHIP('','',#1439,#10) 
REPRESENTATION_RELATIONSHIP_WITH_TRANSFORMATION(#1505) 
SHAPE_REPRESENTATION_RELATIONSHIP() );
#1505 = ITEM_DEFINED_TRANSFORMATION('','',#11,#43);
#1506 = PRODUCT_DEFINITION_SHAPE('Placement','Placement of an item',
  #1507);
#1507 = NEXT_ASSEMBLY_USAGE_OCCURRENCE('1772','','',#5,#1434,$);
#1508 = PRODUCT_RELATED_PRODUCT_CATEGORY('part',$,(#1436));
#1509 = SHAPE_DEFINITION_REPRESENTATION(#1510,#1516);
#1510 = PRODUCT_DEFINITION_SHAPE('','',#1511);
#1511 = PRODUCT_DEFINITION('design','',#1512,#1515);
#1512 = PRODUCT_DEFINITION_FORMATION('','',#1513);
#1513 = PRODUCT('Open CASCADE STEP translator 7.9 2.9',
  'Open CASCADE STEP translator 7.9 2.9','',(#1514));
#1514 = PRODUCT_CONTEXT('',#2,'mechanical');
#1515 = PRODUCT_DEFINITION_CONTEXT('part definition',#2,'design');
#1516 = MANIFOLD_SURFACE_SHAPE_REPRESENTATION('',(#11,#1517),#1575);
#1517 = SHELL_BASED_SURFACE_MODEL('',(#1518));
#1518 = OPEN_SHELL('',(#1519));
#1519 = ADVANCED_FACE('',(#1520),#1534,.T.);
#1520 = FACE_BOUND('',#1521,.T.);
#1521 = EDGE_LOOP('',(#1522,#1545,#1561));
#1522 = ORIENTED_EDGE('',*,*,#1523,.F.);
#1523 = EDGE_CURVE('',#1524,#1526,#1528,.T.);
#1524 = VERTEX_POINT('',#1525);
#1525 = CARTESIAN_POINT('',(7.60845,-2.47214,12.));
#1526 = VERTEX_POINT('',#1527);
#1527 = CARTESIAN_POINT('',(10.2,0.,12.));
#1528 = SURFACE_CURVE('',#1529,(#1533),.PCURVE_S1.);
#1529 = LINE('',#1530,#1531);
#1530 = CARTESIAN_POINT('',(7.60845,-2.47214,12.));
#1531 = VECTOR('',#1532,1.);
#1532 = DIRECTION('',(0.723580341829,0.690240167564,0.));
#1533 = PCURVE('',#1534,#1539);
#1534 = PLANE('',#1535);
#1535 = AXIS2_PLACEMENT_3D('',#1536,#1537,#1538);
#1536 = CARTESIAN_POINT('',(10.2,0.,12.));
#1537 = DIRECTION('',(-0.,-0.,1.));
#1538 = DIRECTION('',(1.,0.,0.));
#1539 = DEFINITIONAL_REPRESENTATION('',(#1540),#1544);
#1540 = LINE('',#1541,#1542);
#1541 = CARTESIAN_POINT('',(-2.59155,-2.47214));
#1542 = VECTOR('',#1543,1.);
#1543 = DIRECTION('',(0.723580341829,0.690240167564));
#1544 = ( GEOMETRIC_REPRESENTATION_CONTEXT(2) 
PARAMETRIC_REPRESENTATION_CONTEXT() REPRESENTATION_CONTEXT('2D SPACE',''
  ) );
#1545 = ORIENTED_EDGE('',*,*,#1546,.T.);
#1546 = EDGE_CURVE('',#1524,#1547,#1549,.T.);
#1547 = VERTEX_POINT('',#1548);
#1548 = CARTESIAN_POINT('',(9.58486,-3.4886,12.));
#1549 = SURFACE_CURVE('',#1550,(#1554),.PCURVE_S1.);
#1550 = LINE('',#1551,#1552);
#1551 = CARTESIAN_POINT('',(7.60845,-2.47214,12.));
#1552 = VECTOR('',#1553,1.);
#1553 = DIRECTION('',(0.889284037704,-0.45735533263,0.));
#1554 = PCURVE('',#1534,#1555);
#1555 = DEFINITIONAL_REPRESENTATION('',(#1556),#1560);
#1556 = LINE('',#1557,#1558);
#1557 = CARTESIAN_POINT('',(-2.59155,-2.47214));
#1558 = VECTOR('',#1559,1.);
#1559 = DIRECTION('',(0.889284037704,-0.45735533263));
#1560 = ( GEOMETRIC_REPRESENTATION_CONTEXT(2) 
PARAMETRIC_REPRESENTATION_CONTEXT() REPRESENTATION_CONTEXT('2D SPACE',''
  ) );
#1561 = ORIENTED_EDGE('',*,*,#1562,.T.);
#1562 = EDGE_CURVE('',#1547,#1526,#1563,.T.);
#1563 = SURFACE_CURVE('',#1564,(#1568),.PCURVE_S1.);
#1564 = LINE('',#1565,#1566);
#1565 = CARTESIAN_POINT('',(9.58486,-3.4886,12.));
#1566 = VECTOR('',#1567,1.);
#1567 = DIRECTION('',(0.173649736876,0.98480747808,0.));
#1568 = PCURVE('',#1534,#1569);
#1569 = DEFINITIONAL_REPRESENTATION('',(#1570),#1574);
#1570 = LINE('',#1571,#1572);
#1571 = CARTESIAN_POINT('',(-0.61514,-3.4886));
#1572 = VECTOR('',#1573,1.);
#1573 = DIRECTION('',(0.173649736876,0.98480747808));
#1574 = ( GEOMETRIC_REPRESENTATION_CONTEXT(2) 
PARAMETRIC_REPRESENTATION_CONTEXT() REPRESENTATION_CONTEXT('2D SPACE',''
  ) );
#1575 = ( GEOMETRIC_REPRESENTATION_CONTEXT(3) 
GLOBAL_UNCERTAINTY_ASSIGNED_CONTEXT((#1579)) 
GLOBAL_UNIT_ASSIGNED_CONTEXT((#1576,#1577,#1578)) REPRESENTATION_CONTEXT
('Context #1','3D Context with UNIT and UNCERTAINTY') );
#1576 = ( LENGTH_UNIT() NAMED_UNIT(*) SI_UNIT(.MILLI.,.METRE.) );
#1577 = ( NAMED_UNIT(*) PLANE_ANGLE_UNIT() SI_UNIT($,.RADIAN.) );
#1578 = ( NAMED_UNIT(*) SI_UNIT($,.STERADIAN.) SOLID_ANGLE_UNIT() );
#1579 = UNCERTAINTY_MEASURE_WITH_UNIT(LENGTH_MEASURE(1.E-07),#1576,
  'distance_accuracy_value','confusion accuracy');
#1580 = CONTEXT_DEPENDENT_SHAPE_REPRESENTATION(#1581,#1583);
#1581 = ( REPRESENTATION_RELATIONSHIP('','',#1516,#10) 
REPRESENTATION_RELATIONSHIP_WITH_TRANSFORMATION(#1582) 
SHAPE_REPRESENTATION_RELATIONSHIP() );
#1582 = ITEM_DEFINED_TRANSFORMATION('','',#11,#47);
#1583 = PRODUCT_DEFINITION_SHAPE('Placement','Placement of an item',
  #1584);
#1584 = NEXT_ASSEMBLY_USAGE_OCCURRENCE('1773','','',#5,#1511,$);
#1585 = PRODUCT_RELATED_PRODUCT_CATEGORY('part',$,(#1513));
#1586 = SHAPE_DEFINITION_REPRESENTATION(#1587,#1593);
#1587 = PRODUCT_DEFINITION_SHAPE('','',#1588);
#1588 = PRODUCT_DEFINITION('design','',#1589,#1592);
#1589 = PRODUCT_DEFINITION_FORMATION('','',#1590);
#1590 = PRODUCT('Open CASCADE STEP translator 7.9 2.10',
  'Open CASCADE STEP translator 7.9 2.10','',(#1591));
#1591 = PRODUCT_CONTEXT('',#2,'mechanical');
#1592 = PRODUCT_DEFINITION_CONTEXT('part definition',#2,'design');
#1593 = MANIFOLD_SURFACE_SHAPE_REPRESENTATION('',(#11,#1594),#1652);
#1594 = SHELL_BASED_SURFACE_MODEL('',(#1595));
#1595 = OPEN_SHELL('',(#1596));
#1596 = ADVANCED_FACE('',(#1597),#1611,.T.);
#1597 = FACE_BOUND('',#1598,.T.);
#1598 = EDGE_LOOP('',(#1599,#1622,#1638));
#1599 = ORIENTED_EDGE('',*,*,#1600,.F.);
#1600 = EDGE_CURVE('',#1601,#1603,#1605,.T.);
#1601 = VERTEX_POINT('',#1602);
#1602 = CARTESIAN_POINT('',(7.60845,-2.47214,12.));
#1603 = VERTEX_POINT('',#1604);
#1604 = CARTESIAN_POINT('',(9.58486,-3.4886,12.));
#1605 = SURFACE_CURVE('',#1606,(#1610),.PCURVE_S1.);
#1606 = LINE('',#1607,#1608);
#1607 = CARTESIAN_POINT('',(7.60845,-2.47214,12.));
#1608 = VECTOR('',#1609,1.);
#1609 = DIRECTION('',(0.889284037704,-0.45735533263,0.));
#1610 = PCURVE('',#1611,#1616);
#1611 = PLANE('',#1612);
#1612 = AXIS2_PLACEMENT_3D('',#1613,#1614,#1615);
#1613 = CARTESIAN_POINT('',(9.58486,-3.4886,12.));
#1614 = DIRECTION('',(-0.,0.,1.));
#1615 = DIRECTION('',(1.,0.,0.));
#1616 = DEFINITIONAL_REPRESENTATION('',(#1617),#1621);
#1617 = LINE('',#1618,#1619);
#1618 = CARTESIAN_POINT('',(-1.97641,1.01646));
#1619 = VECTOR('',#1620,1.);
#1620 = DIRECTION('',(0.889284037704,-0.45735533263));
#1621 = ( GEOMETRIC_REPRESENTATION_CONTEXT(2) 
PARAMETRIC_REPRESENTATION_CONTEXT() REPRESENTATION_CONTEXT('2D SPACE',''
  ) );
#1622 = ORIENTED_EDGE('',*,*,#1623,.T.);
#1623 = EDGE_CURVE('',#1601,#1624,#1626,.T.);
#1624 = VERTEX_POINT('',#1625);
#1625 = CARTESIAN_POINT('',(7.48075,-2.72277,12.));
#1626 = SURFACE_CURVE('',#1627,(#1631),.PCURVE_S1.);
#1627 = LINE('',#1628,#1629);
#1628 = CARTESIAN_POINT('',(7.60845,-2.47214,12.));
#1629 = VECTOR('',#1630,1.);
#1630 = DIRECTION('',(-0.45398382936,-0.891009922885,0.));
#1631 = PCURVE('',#1611,#1632);
#1632 = DEFINITIONAL_REPRESENTATION('',(#1633),#1637);
#1633 = LINE('',#1634,#1635);
#1634 = CARTESIAN_POINT('',(-1.97641,1.01646));
#1635 = VECTOR('',#1636,1.);
#1636 = DIRECTION('',(-0.45398382936,-0.891009922885));
#1637 = ( GEOMETRIC_REPRESENTATION_CONTEXT(2) 
PARAMETRIC_REPRESENTATION_CONTEXT() REPRESENTATION_CONTEXT('2D SPACE',''
  ) );
#1638 = ORIENTED_EDGE('',*,*,#1639,.F.);
#1639 = EDGE_CURVE('',#1603,#1624,#1640,.T.);
#1640 = SURFACE_CURVE('',#1641,(#1645),.PCURVE_S1.);
#1641 = LINE('',#1642,#1643);
#1642 = CARTESIAN_POINT('',(9.58486,-3.4886,12.));
#1643 = VECTOR('',#1644,1.);
#1644 = DIRECTION('',(-0.939693110182,0.342018798718,0.));
#1645 = PCURVE('',#1611,#1646);
#1646 = DEFINITIONAL_REPRESENTATION('',(#1647),#1651);
#1647 = LINE('',#1648,#1649);
#1648 = CARTESIAN_POINT('',(0.,0.));
#1649 = VECTOR('',#1650,1.);
#1650 = DIRECTION('',(-0.939693110182,0.342018798718));
#1651 = ( GEOMETRIC_REPRESENTATION_CONTEXT(2) 
PARAMETRIC_REPRESENTATION_CONTEXT() REPRESENTATION_CONTEXT('2D SPACE',''
  ) );
#1652 = ( GEOMETRIC_REPRESENTATION_CONTEXT(3) 
GLOBAL_UNCERTAINTY_ASSIGNED_CONTEXT((#1656)) 
GLOBAL_UNIT_ASSIGNED_CONTEXT((#1653,#1654,#1655)) REPRESENTATION_CONTEXT
('Context #1','3D Context with UNIT and UNCERTAINTY') );
#1653 = ( LENGTH_UNIT() NAMED_UNIT(*) SI_UNIT(.MILLI.,.METRE.) );
#1654 = ( NAMED_UNIT(*) PLANE_ANGLE_UNIT() SI_UNIT($,.RADIAN.) );
#1655 = ( NAMED_UNIT(*) SI_UNIT($,.STERADIAN.) SOLID_ANGLE_UNIT() );
#1656 = UNCERTAINTY_MEASURE_WITH_UNIT(LENGTH_MEASURE(1.E-07),#1653,
  'distance_accuracy_value','confusion accuracy');
#1657 = CONTEXT_DEPENDENT_SHAPE_REPRESENTATION(#1658,#1660);
#1658 = ( REPRESENTATION_RELATIONSHIP('','',#1593,#10) 
REPRESENTATION_RELATIONSHIP_WITH_TRANSFORMATION(#1659) 
SHAPE_REPRESENTATION_RELATIONSHIP() );
#1659 = ITEM_DEFINED_TRANSFORMATION('','',#11,#51);
#1660 = PRODUCT_DEFINITION_SHAPE('Placement','Placement of an item',
  #1661);
#1661 = NEXT_ASSEMBLY_USAGE_OCCURRENCE('1774','','',#5,#1588,$);
#1662 = PRODUCT_RELATED_PRODUCT_CATEGORY('part',$,(#1590));
#1663 = SHAPE_DEFINITION_REPRESENTATION(#1664,#1670);
#1664 = PRODUCT_DEFINITION_SHAPE('','',#1665);
#1665 = PRODUCT_DEFINITION('design','',#1666,#1669);
#1666 = PRODUCT_DEFINITION_FORMATION('','',#1667);
#1667 = PRODUCT('Open CASCADE STEP translator 7.9 2.11',
  'Open CASCADE STEP translator 7.9 2.11','',(#1668));
#1668 = PRODUCT_CONTEXT('',#2,'mechanical');
#1669 = PRODUCT_DEFINITION_CONTEXT('part definition',#2,'design');
#1670 = MANIFOLD_SURFACE_SHAPE_REPRESENTATION('',(#11,#1671),#1729);
#1671 = SHELL_BASED_SURFACE_MODEL('',(#1672));
#1672 = OPEN_SHELL('',(#1673));
#1673 = ADVANCED_FACE('',(#1674),#1688,.T.);
#1674 = FACE_BOUND('',#1675,.T.);
#1675 = EDGE_LOOP('',(#1676,#1699,#1715));
#1676 = ORIENTED_EDGE('',*,*,#1677,.T.);
#1677 = EDGE_CURVE('',#1678,#1680,#1682,.T.);
#1678 = VERTEX_POINT('',#1679);
#1679 = CARTESIAN_POINT('',(9.58486,-3.4886,12.));
#1680 = VERTEX_POINT('',#1681);
#1681 = CARTESIAN_POINT('',(10.2,0.,7.));
#1682 = SURFACE_CURVE('',#1683,(#1687),.PCURVE_S1.);
#1683 = LINE('',#1684,#1685);
#1684 = CARTESIAN_POINT('',(9.58486,-3.4886,12.));
#1685 = VECTOR('',#1686,1.);
#1686 = DIRECTION('',(0.100386741694,0.569316232198,-0.815966622998));
#1687 = PCURVE('',#1688,#1693);
#1688 = PLANE('',#1689);
#1689 = AXIS2_PLACEMENT_3D('',#1690,#1691,#1692);
#1690 = CARTESIAN_POINT('',(9.58486,-3.4886,12.));
#1691 = DIRECTION('',(0.98480747808,-0.173649736876,0.));
#1692 = DIRECTION('',(0.173649736876,0.98480747808,0.));
#1693 = DEFINITIONAL_REPRESENTATION('',(#1694),#1698);
#1694 = LINE('',#1695,#1696);
#1695 = CARTESIAN_POINT('',(0.,0.));
#1696 = VECTOR('',#1697,1.);
#1697 = DIRECTION('',(0.578099014143,-0.815966622998));
#1698 = ( GEOMETRIC_REPRESENTATION_CONTEXT(2) 
PARAMETRIC_REPRESENTATION_CONTEXT() REPRESENTATION_CONTEXT('2D SPACE',''
  ) );
#1699 = ORIENTED_EDGE('',*,*,#1700,.T.);
#1700 = EDGE_CURVE('',#1680,#1701,#1703,.T.);
#1701 = VERTEX_POINT('',#1702);
#1702 = CARTESIAN_POINT('',(10.2,0.,12.));
#1703 = SURFACE_CURVE('',#1704,(#1708),.PCURVE_S1.);
#1704 = LINE('',#1705,#1706);
#1705 = CARTESIAN_POINT('',(10.2,0.,7.));
#1706 = VECTOR('',#1707,1.);
#1707 = DIRECTION('',(0.,0.,1.));
#1708 = PCURVE('',#1688,#1709);
#1709 = DEFINITIONAL_REPRESENTATION('',(#1710),#1714);
#1710 = LINE('',#1711,#1712);
#1711 = CARTESIAN_POINT('',(3.542418267173,-5.));
#1712 = VECTOR('',#1713,1.);
#1713 = DIRECTION('',(0.,1.));
#1714 = ( GEOMETRIC_REPRESENTATION_CONTEXT(2) 
PARAMETRIC_REPRESENTATION_CONTEXT() REPRESENTATION_CONTEXT('2D SPACE',''
  ) );
#1715 = ORIENTED_EDGE('',*,*,#1716,.F.);
#1716 = EDGE_CURVE('',#1678,#1701,#1717,.T.);
#1717 = SURFACE_CURVE('',#1718,(#1722),.PCURVE_S1.);
#1718 = LINE('',#1719,#1720);
#1719 = CARTESIAN_POINT('',(9.58486,-3.4886,12.));
#1720 = VECTOR('',#1721,1.);
#1721 = DIRECTION('',(0.173649736876,0.98480747808,0.));
#1722 = PCURVE('',#1688,#1723);
#1723 = DEFINITIONAL_REPRESENTATION('',(#1724),#1728);
#1724 = LINE('',#1725,#1726);
#1725 = CARTESIAN_POINT('',(0.,0.));
#1726 = VECTOR('',#1727,1.);
#1727 = DIRECTION('',(1.,0.));
#1728 = ( GEOMETRIC_REPRESENTATION_CONTEXT(2) 
PARAMETRIC_REPRESENTATION_CONTEXT() REPRESENTATION_CONTEXT('2D SPACE',''
  ) );
#1729 = ( GEOMETRIC_REPRESENTATION_CONTEXT(3) 
GLOBAL_UNCERTAINTY_ASSIGNED_CONTEXT((#1733)) 
GLOBAL_UNIT_ASSIGNED_CONTEXT((#1730,#1731,#1732)) REPRESENTATION_CONTEXT
('Context #1','3D Context with UNIT and UNCERTAINTY') );
#1730 = ( LENGTH_UNIT() NAMED_UNIT(*) SI_UNIT(.MILLI.,.METRE.) );
#1731 = ( NAMED_UNIT(*) PLANE_ANGLE_UNIT() SI_UNIT($,.RADIAN.) );
#1732 = ( NAMED_UNIT(*) SI_UNIT($,.STERADIAN.) SOLID_ANGLE_UNIT() );
#1733 = UNCERTAINTY_MEASURE_WITH_UNIT(LENGTH_MEASURE(1.E-07),#1730,
  'distance_accuracy_value','confusion accuracy');
#1734 = CONTEXT_DEPENDENT_SHAPE_REPRESENTATION(#1735,#1737);
#1735 = ( REPRESENTATION_RELATIONSHIP('','',#1670,#10) 
REPRESENTATION_RELATIONSHIP_WITH_TRANSFORMATION(#1736) 
SHAPE_REPRESENTATION_RELATIONSHIP() );
#1736 = ITEM_DEFINED_TRANSFORMATION('','',#11,#55);
#1737 = PRODUCT_DEFINITION_SHAPE('Placement','Placement of an item',
  #1738);
#1738 = NEXT_ASSEMBLY_USAGE_OCCURRENCE('1775','','',#5,#1665,$);
#1739 = PRODUCT_RELATED_PRODUCT_CATEGORY('part',$,(#1667));
#1740 = SHAPE_DEFINITION_REPRESENTATION(#1741,#1747);
#1741 = PRODUCT_DEFINITION_SHAPE('','',#1742);
#1742 = PRODUCT_DEFINITION('design','',#1743,#1746);
#1743 = PRODUCT_DEFINITION_FORMATION('','',#1744);
#1744 = PRODUCT('Open CASCADE STEP translator 7.9 2.12',
  'Open CASCADE STEP translator 7.9 2.12','',(#1745));
#1745 = PRODUCT_CONTEXT('',#2,'mechanical');
#1746 = PRODUCT_DEFINITION_CONTEXT('part definition',#2,'design');
#1747 = MANIFOLD_SURFACE_SHAPE_REPRESENTATION('',(#11,#1748),#1806);
#1748 = SHELL_BASED_SURFACE_MODEL('',(#1749));
#1749 = OPEN_SHELL('',(#1750));
#1750 = ADVANCED_FACE('',(#1751),#1765,.T.);
#1751 = FACE_BOUND('',#1752,.T.);
#1752 = EDGE_LOOP('',(#1753,#1776,#1792));
#1753 = ORIENTED_EDGE('',*,*,#1754,.F.);
#1754 = EDGE_CURVE('',#1755,#1757,#1759,.T.);
#1755 = VERTEX_POINT('',#1756);
#1756 = CARTESIAN_POINT('',(9.58486,-3.4886,12.));
#1757 = VERTEX_POINT('',#1758);
#1758 = CARTESIAN_POINT('',(10.2,0.,7.));
#1759 = SURFACE_CURVE('',#1760,(#1764),.PCURVE_S1.);
#1760 = LINE('',#1761,#1762);
#1761 = CARTESIAN_POINT('',(9.58486,-3.4886,12.));
#1762 = VECTOR('',#1763,1.);
#1763 = DIRECTION('',(0.100386741694,0.569316232198,-0.815966622998));
#1764 = PCURVE('',#1765,#1770);
#1765 = PLANE('',#1766);
#1766 = AXIS2_PLACEMENT_3D('',#1767,#1768,#1769);
#1767 = CARTESIAN_POINT('',(10.2,0.,7.));
#1768 = DIRECTION('',(0.98480747808,-0.173649736876,0.));
#1769 = DIRECTION('',(0.173649736876,0.98480747808,0.));
#1770 = DEFINITIONAL_REPRESENTATION('',(#1771),#1775);
#1771 = LINE('',#1772,#1773);
#1772 = CARTESIAN_POINT('',(-3.542418267173,5.));
#1773 = VECTOR('',#1774,1.);
#1774 = DIRECTION('',(0.578099014143,-0.815966622998));
#1775 = ( GEOMETRIC_REPRESENTATION_CONTEXT(2) 
PARAMETRIC_REPRESENTATION_CONTEXT() REPRESENTATION_CONTEXT('2D SPACE',''
  ) );
#1776 = ORIENTED_EDGE('',*,*,#1777,.F.);
#1777 = EDGE_CURVE('',#1778,#1755,#1780,.T.);
#1778 = VERTEX_POINT('',#1779);
#1779 = CARTESIAN_POINT('',(9.58486,-3.4886,7.));
#1780 = SURFACE_CURVE('',#1781,(#1785),.PCURVE_S1.);
#1781 = LINE('',#1782,#1783);
#1782 = CARTESIAN_POINT('',(9.58486,-3.4886,7.));
#1783 = VECTOR('',#1784,1.);
#1784 = DIRECTION('',(0.,0.,1.));
#1785 = PCURVE('',#1765,#1786);
#1786 = DEFINITIONAL_REPRESENTATION('',(#1787),#1791);
#1787 = LINE('',#1788,#1789);
#1788 = CARTESIAN_POINT('',(-3.542418267173,0.));
#1789 = VECTOR('',#1790,1.);
#1790 = DIRECTION('',(0.,1.));
#1791 = ( GEOMETRIC_REPRESENTATION_CONTEXT(2) 
PARAMETRIC_REPRESENTATION_CONTEXT() REPRESENTATION_CONTEXT('2D SPACE',''
  ) );
#1792 = ORIENTED_EDGE('',*,*,#1793,.T.);
#1793 = EDGE_CURVE('',#1778,#1757,#1794,.T.);
#1794 = SURFACE_CURVE('',#1795,(#1799),.PCURVE_S1.);
#1795 = LINE('',#1796,#1797);
#1796 = CARTESIAN_POINT('',(9.58486,-3.4886,7.));
#1797 = VECTOR('',#1798,1.);
#1798 = DIRECTION('',(0.173649736876,0.98480747808,0.));
#1799 = PCURVE('',#1765,#1800);
#1800 = DEFINITIONAL_REPRESENTATION('',(#1801),#1805);
#1801 = LINE('',#1802,#1803);
#1802 = CARTESIAN_POINT('',(-3.542418267173,0.));
#1803 = VECTOR('',#1804,1.);
#1804 = DIRECTION('',(1.,0.));
#1805 = ( GEOMETRIC_REPRESENTATION_CONTEXT(2) 
PARAMETRIC_REPRESENTATION_CONTEXT() REPRESENTATION_CONTEXT('2D SPACE',''
  ) );
#1806 = ( GEOMETRIC_REPRESENTATION_CONTEXT(3) 
GLOBAL_UNCERTAINTY_ASSIGNED_CONTEXT((#1810)) 
GLOBAL_UNIT_ASSIGNED_CONTEXT((#1807,#1808,#1809)) REPRESENTATION_CONTEXT
('Context #1','3D Context with UNIT and UNCERTAINTY') );
#1807 = ( LENGTH_UNIT() NAMED_UNIT(*) SI_UNIT(.MILLI.,.METRE.) );
#1808 = ( NAMED_UNIT(*) PLANE_ANGLE_UNIT() SI_UNIT($,.RADIAN.) );
#1809 = ( NAMED_UNIT(*) SI_UNIT($,.STERADIAN.) SOLID_ANGLE_UNIT() );
#1810 = UNCERTAINTY_MEASURE_WITH_UNIT(LENGTH_MEASURE(1.E-07),#1807,
  'distance_accuracy_value','confusion accuracy');
#1811 = CONTEXT_DEPENDENT_SHAPE_REPRESENTATION(#1812,#1814);
#1812 = ( REPRESENTATION_RELATIONSHIP('','',#1747,#10) 
REPRESENTATION_RELATIONSHIP_WITH_TRANSFORMATION(#1813) 
SHAPE_REPRESENTATION_RELATIONSHIP() );
#1813 = ITEM_DEFINED_TRANSFORMATION('','',#11,#59);
#1814 = PRODUCT_DEFINITION_SHAPE('Placement','Placement of an item',
  #1815);
#1815 = NEXT_ASSEMBLY_USAGE_OCCURRENCE('1776','','',#5,#1742,$);
#1816 = PRODUCT_RELATED_PRODUCT_CATEGORY('part',$,(#1744));
#1817 = SHAPE_DEFINITION_REPRESENTATION(#1818,#1824);
#1818 = PRODUCT_DEFINITION_SHAPE('','',#1819);
#1819 = PRODUCT_DEFINITION('design','',#1820,#1823);
#1820 = PRODUCT_DEFINITION_FORMATION('','',#1821);
#1821 = PRODUCT('Open CASCADE STEP translator 7.9 2.13',
  'Open CASCADE STEP translator 7.9 2.13','',(#1822));
#1822 = PRODUCT_CONTEXT('',#2,'mechanical');
#1823 = PRODUCT_DEFINITION_CONTEXT('part definition',#2,'design');
#1824 = MANIFOLD_SURFACE_SHAPE_REPRESENTATION('',(#11,#1825),#1883);
#1825 = SHELL_BASED_SURFACE_MODEL('',(#1826));
#1826 = OPEN_SHELL('',(#1827));
#1827 = ADVANCED_FACE('',(#1828),#1842,.T.);
#1828 = FACE_BOUND('',#1829,.T.);
#1829 = EDGE_LOOP('',(#1830,#1853,#1869));
#1830 = ORIENTED_EDGE('',*,*,#1831,.T.);
#1831 = EDGE_CURVE('',#1832,#1834,#1836,.T.);
#1832 = VERTEX_POINT('',#1833);
#1833 = CARTESIAN_POINT('',(7.60845,-2.47214,7.));
#1834 = VERTEX_POINT('',#1835);
#1835 = CARTESIAN_POINT('',(10.2,0.,7.));
#1836 = SURFACE_CURVE('',#1837,(#1841),.PCURVE_S1.);
#1837 = LINE('',#1838,#1839);
#1838 = CARTESIAN_POINT('',(7.60845,-2.47214,7.));
#1839 = VECTOR('',#1840,1.);
#1840 = DIRECTION('',(0.723580341829,0.690240167564,0.));
#1841 = PCURVE('',#1842,#1847);
#1842 = PLANE('',#1843);
#1843 = AXIS2_PLACEMENT_3D('',#1844,#1845,#1846);
#1844 = CARTESIAN_POINT('',(7.60845,-2.47214,7.));
#1845 = DIRECTION('',(-0.,-0.,-1.));
#1846 = DIRECTION('',(-1.,0.,0.));
#1847 = DEFINITIONAL_REPRESENTATION('',(#1848),#1852);
#1848 = LINE('',#1849,#1850);
#1849 = CARTESIAN_POINT('',(0.,0.));
#1850 = VECTOR('',#1851,1.);
#1851 = DIRECTION('',(-0.723580341829,0.690240167564));
#1852 = ( GEOMETRIC_REPRESENTATION_CONTEXT(2) 
PARAMETRIC_REPRESENTATION_CONTEXT() REPRESENTATION_CONTEXT('2D SPACE',''
  ) );
#1853 = ORIENTED_EDGE('',*,*,#1854,.F.);
#1854 = EDGE_CURVE('',#1855,#1834,#1857,.T.);
#1855 = VERTEX_POINT('',#1856);
#1856 = CARTESIAN_POINT('',(9.58486,-3.4886,7.));
#1857 = SURFACE_CURVE('',#1858,(#1862),.PCURVE_S1.);
#1858 = LINE('',#1859,#1860);
#1859 = CARTESIAN_POINT('',(9.58486,-3.4886,7.));
#1860 = VECTOR('',#1861,1.);
#1861 = DIRECTION('',(0.173649736876,0.98480747808,0.));
#1862 = PCURVE('',#1842,#1863);
#1863 = DEFINITIONAL_REPRESENTATION('',(#1864),#1868);
#1864 = LINE('',#1865,#1866);
#1865 = CARTESIAN_POINT('',(-1.97641,-1.01646));
#1866 = VECTOR('',#1867,1.);
#1867 = DIRECTION('',(-0.173649736876,0.98480747808));
#1868 = ( GEOMETRIC_REPRESENTATION_CONTEXT(2) 
PARAMETRIC_REPRESENTATION_CONTEXT() REPRESENTATION_CONTEXT('2D SPACE',''
  ) );
#1869 = ORIENTED_EDGE('',*,*,#1870,.T.);
#1870 = EDGE_CURVE('',#1855,#1832,#1871,.T.);
#1871 = SURFACE_CURVE('',#1872,(#1876),.PCURVE_S1.);
#1872 = LINE('',#1873,#1874);
#1873 = CARTESIAN_POINT('',(9.58486,-3.4886,7.));
#1874 = VECTOR('',#1875,1.);
#1875 = DIRECTION('',(-0.889284037704,0.45735533263,0.));
#1876 = PCURVE('',#1842,#1877);
#1877 = DEFINITIONAL_REPRESENTATION('',(#1878),#1882);
#1878 = LINE('',#1879,#1880);
#1879 = CARTESIAN_POINT('',(-1.97641,-1.01646));
#1880 = VECTOR('',#1881,1.);
#1881 = DIRECTION('',(0.889284037704,0.45735533263));
#1882 = ( GEOMETRIC_REPRESENTATION_CONTEXT(2) 
PARAMETRIC_REPRESENTATION_CONTEXT() REPRESENTATION_CONTEXT('2D SPACE',''
  ) );
#1883 = ( GEOMETRIC_REPRESENTATION_CONTEXT(3) 
GLOBAL_UNCERTAINTY_ASSIGNED_CONTEXT((#1887)) 
GLOBAL_UNIT_ASSIGNED_CONTEXT((#1884,#1885,#1886)) REPRESENTATION_CONTEXT
('Context #1','3D Context with UNIT and UNCERTAINTY') );
#1884 = ( LENGTH_UNIT() NAMED_UNIT(*) SI_UNIT(.MILLI.,.METRE.) );
#1885 = ( NAMED_UNIT(*) PLANE_ANGLE_UNIT() SI_UNIT($,.RADIAN.) );
#1886 = ( NAMED_UNIT(*) SI_UNIT($,.STERADIAN.) SOLID_ANGLE_UNIT() );
#1887 = UNCERTAINTY_MEASURE_WITH_UNIT(LENGTH_MEASURE(1.E-07),#1884,
  'distance_accuracy_value','confusion accuracy');
#1888 = CONTEXT_DEPENDENT_SHAPE_REPRESENTATION(#1889,#1891);
#1889 = ( REPRESENTATION_RELATIONSHIP('','',#1824,#10) 
REPRESENTATION_RELATIONSHIP_WITH_TRANSFORMATION(#1890) 
SHAPE_REPRESENTATION_RELATIONSHIP() );
#1890 = ITEM_DEFINED_TRANSFORMATION('','',#11,#63);
#1891 = PRODUCT_DEFINITION_SHAPE('Placement','Placement of an item',
  #1892);
#1892 = NEXT_ASSEMBLY_USAGE_OCCURRENCE('1777','','',#5,#1819,$);
#1893 = PRODUCT_RELATED_PRODUCT_CATEGORY('part',$,(#1821));
#1894 = SHAPE_DEFINITION_REPRESENTATION(#1895,#1901);
#1895 = PRODUCT_DEFINITION_SHAPE('','',#1896);
#1896 = PRODUCT_DEFINITION('design','',#1897,#1900);
#1897 = PRODUCT_DEFINITION_FORMATION('','',#1898);
#1898 = PRODUCT('Open CASCADE STEP translator 7.9 2.14',
  'Open CASCADE STEP translator 7.9 2.14','',(#1899));
#1899 = PRODUCT_CONTEXT('',#2,'mechanical');
#1900 = PRODUCT_DEFINITION_CONTEXT('part definition',#2,'design');
#1901 = MANIFOLD_SURFACE_SHAPE_REPRESENTATION('',(#11,#1902),#1960);
#1902 = SHELL_BASED_SURFACE_MODEL('',(#1903));
#1903 = OPEN_SHELL('',(#1904));
#1904 = ADVANCED_FACE('',(#1905),#1919,.T.);
#1905 = FACE_BOUND('',#1906,.T.);
#1906 = EDGE_LOOP('',(#1907,#1930,#1946));
#1907 = ORIENTED_EDGE('',*,*,#1908,.T.);
#1908 = EDGE_CURVE('',#1909,#1911,#1913,.T.);
#1909 = VERTEX_POINT('',#1910);
#1910 = CARTESIAN_POINT('',(7.60845,2.47214,7.));
#1911 = VERTEX_POINT('',#1912);
#1912 = CARTESIAN_POINT('',(10.2,0.,7.));
#1913 = SURFACE_CURVE('',#1914,(#1918),.PCURVE_S1.);
#1914 = LINE('',#1915,#1916);
#1915 = CARTESIAN_POINT('',(7.60845,2.47214,7.));
#1916 = VECTOR('',#1917,1.);
#1917 = DIRECTION('',(0.723580341829,-0.690240167564,0.));
#1918 = PCURVE('',#1919,#1924);
#1919 = PLANE('',#1920);
#1920 = AXIS2_PLACEMENT_3D('',#1921,#1922,#1923);
#1921 = CARTESIAN_POINT('',(7.60845,2.47214,7.));
#1922 = DIRECTION('',(-0.,-0.,-1.));
#1923 = DIRECTION('',(-1.,0.,0.));
#1924 = DEFINITIONAL_REPRESENTATION('',(#1925),#1929);
#1925 = LINE('',#1926,#1927);
#1926 = CARTESIAN_POINT('',(0.,0.));
#1927 = VECTOR('',#1928,1.);
#1928 = DIRECTION('',(-0.723580341829,-0.690240167564));
#1929 = ( GEOMETRIC_REPRESENTATION_CONTEXT(2) 
PARAMETRIC_REPRESENTATION_CONTEXT() REPRESENTATION_CONTEXT('2D SPACE',''
  ) );
#1930 = ORIENTED_EDGE('',*,*,#1931,.T.);
#1931 = EDGE_CURVE('',#1911,#1932,#1934,.T.);
#1932 = VERTEX_POINT('',#1933);
#1933 = CARTESIAN_POINT('',(8.,0.,7.));
#1934 = SURFACE_CURVE('',#1935,(#1939),.PCURVE_S1.);
#1935 = LINE('',#1936,#1937);
#1936 = CARTESIAN_POINT('',(10.2,0.,7.));
#1937 = VECTOR('',#1938,1.);
#1938 = DIRECTION('',(-1.,0.,0.));
#1939 = PCURVE('',#1919,#1940);
#1940 = DEFINITIONAL_REPRESENTATION('',(#1941),#1945);
#1941 = LINE('',#1942,#1943);
#1942 = CARTESIAN_POINT('',(-2.59155,-2.47214));
#1943 = VECTOR('',#1944,1.);
#1944 = DIRECTION('',(1.,0.));
#1945 = ( GEOMETRIC_REPRESENTATION_CONTEXT(2) 
PARAMETRIC_REPRESENTATION_CONTEXT() REPRESENTATION_CONTEXT('2D SPACE',''
  ) );
#1946 = ORIENTED_EDGE('',*,*,#1947,.T.);
#1947 = EDGE_CURVE('',#1932,#1909,#1948,.T.);
#1948 = SURFACE_CURVE('',#1949,(#1953),.PCURVE_S1.);
#1949 = LINE('',#1950,#1951);
#1950 = CARTESIAN_POINT('',(8.,0.,7.));
#1951 = VECTOR('',#1952,1.);
#1952 = DIRECTION('',(-0.15643504565,0.987688248635,0.));
#1953 = PCURVE('',#1919,#1954);
#1954 = DEFINITIONAL_REPRESENTATION('',(#1955),#1959);
#1955 = LINE('',#1956,#1957);
#1956 = CARTESIAN_POINT('',(-0.39155,-2.47214));
#1957 = VECTOR('',#1958,1.);
#1958 = DIRECTION('',(0.15643504565,0.987688248635));
#1959 = ( GEOMETRIC_REPRESENTATION_CONTEXT(2) 
PARAMETRIC_REPRESENTATION_CONTEXT() REPRESENTATION_CONTEXT('2D SPACE',''
  ) );
#1960 = ( GEOMETRIC_REPRESENTATION_CONTEXT(3) 
GLOBAL_UNCERTAINTY_ASSIGNED_CONTEXT((#1964)) 
GLOBAL_UNIT_ASSIGNED_CONTEXT((#1961,#1962,#1963)) REPRESENTATION_CONTEXT
('Context #1','3D Context with UNIT and UNCERTAINTY') );
#1961 = ( LENGTH_UNIT() NAMED_UNIT(*) SI_UNIT(.MILLI.,.METRE.) );
#1962 = ( NAMED_UNIT(*) PLANE_ANGLE_UNIT() SI_UNIT($,.RADIAN.) );
#1963 = ( NAMED_UNIT(*) SI_UNIT($,.STERADIAN.) SOLID_ANGLE_UNIT() );
#1964 = UNCERTAINTY_MEASURE_WITH_UNIT(LENGTH_MEASURE(1.E-07),#1961,
  'distance_accuracy_value','confusion accuracy');
#1965 = CONTEXT_DEPENDENT_SHAPE_REPRESENTATION(#1966,#1968);
#1966 = ( REPRESENTATION_RELATIONSHIP('','',#1901,#10) 
REPRESENTATION_RELATIONSHIP_WITH_TRANSFORMATION(#1967) 
SHAPE_REPRESENTATION_RELATIONSHIP() );
#1967 = ITEM_DEFINED_TRANSFORMATION('','',#11,#67);
#1968 = PRODUCT_DEFINITION_SHAPE('Placement','Placement of an item',
  #1969);
#1969 = NEXT_ASSEMBLY_USAGE_OCCURRENCE('1778','','',#5,#1896,$);
#1970 = PRODUCT_RELATED_PRODUCT_CATEGORY('part',$,(#1898));
#1971 = SHAPE_DEFINITION_REPRESENTATION(#1972,#1978);
#1972 = PRODUCT_DEFINITION_SHAPE('','',#1973);
#1973 = PRODUCT_DEFINITION('design','',#1974,#1977);
#1974 = PRODUCT_DEFINITION_FORMATION('','',#1975);
#1975 = PRODUCT('Open CASCADE STEP translator 7.9 2.15',
  'Open CASCADE STEP translator 7.9 2.15','',(#1976));
#1976 = PRODUCT_CONTEXT('',#2,'mechanical');
#1977 = PRODUCT_DEFINITION_CONTEXT('part definition',#2,'design');
#1978 = MANIFOLD_SURFACE_SHAPE_REPRESENTATION('',(#11,#1979),#2037);
#1979 = SHELL_BASED_SURFACE_MODEL('',(#1980));
#1980 = OPEN_SHELL('',(#1981));
#1981 = ADVANCED_FACE('',(#1982),#1996,.T.);
#1982 = FACE_BOUND('',#1983,.T.);
#1983 = EDGE_LOOP('',(#1984,#2007,#2023));
#1984 = ORIENTED_EDGE('',*,*,#1985,.F.);
#1985 = EDGE_CURVE('',#1986,#1988,#1990,.T.);
#1986 = VERTEX_POINT('',#1987);
#1987 = CARTESIAN_POINT('',(7.60845,-2.47214,7.));
#1988 = VERTEX_POINT('',#1989);
#1989 = CARTESIAN_POINT('',(10.2,0.,7.));
#1990 = SURFACE_CURVE('',#1991,(#1995),.PCURVE_S1.);
#1991 = LINE('',#1992,#1993);
#1992 = CARTESIAN_POINT('',(7.60845,-2.47214,7.));
#1993 = VECTOR('',#1994,1.);
#1994 = DIRECTION('',(0.723580341829,0.690240167564,0.));
#1995 = PCURVE('',#1996,#2001);
#1996 = PLANE('',#1997);
#1997 = AXIS2_PLACEMENT_3D('',#1998,#1999,#2000);
#1998 = CARTESIAN_POINT('',(10.2,0.,7.));
#1999 = DIRECTION('',(-0.,-0.,-1.));
#2000 = DIRECTION('',(-1.,0.,0.));
#2001 = DEFINITIONAL_REPRESENTATION('',(#2002),#2006);
#2002 = LINE('',#2003,#2004);
#2003 = CARTESIAN_POINT('',(2.59155,-2.47214));
#2004 = VECTOR('',#2005,1.);
#2005 = DIRECTION('',(-0.723580341829,0.690240167564));
#2006 = ( GEOMETRIC_REPRESENTATION_CONTEXT(2) 
PARAMETRIC_REPRESENTATION_CONTEXT() REPRESENTATION_CONTEXT('2D SPACE',''
  ) );
#2007 = ORIENTED_EDGE('',*,*,#2008,.T.);
#2008 = EDGE_CURVE('',#1986,#2009,#2011,.T.);
#2009 = VERTEX_POINT('',#2010);
#2010 = CARTESIAN_POINT('',(8.,0.,7.));
#2011 = SURFACE_CURVE('',#2012,(#2016),.PCURVE_S1.);
#2012 = LINE('',#2013,#2014);
#2013 = CARTESIAN_POINT('',(7.60845,-2.47214,7.));
#2014 = VECTOR('',#2015,1.);
#2015 = DIRECTION('',(0.15643504565,0.987688248635,0.));
#2016 = PCURVE('',#1996,#2017);
#2017 = DEFINITIONAL_REPRESENTATION('',(#2018),#2022);
#2018 = LINE('',#2019,#2020);
#2019 = CARTESIAN_POINT('',(2.59155,-2.47214));
#2020 = VECTOR('',#2021,1.);
#2021 = DIRECTION('',(-0.15643504565,0.987688248635));
#2022 = ( GEOMETRIC_REPRESENTATION_CONTEXT(2) 
PARAMETRIC_REPRESENTATION_CONTEXT() REPRESENTATION_CONTEXT('2D SPACE',''
  ) );
#2023 = ORIENTED_EDGE('',*,*,#2024,.F.);
#2024 = EDGE_CURVE('',#1988,#2009,#2025,.T.);
#2025 = SURFACE_CURVE('',#2026,(#2030),.PCURVE_S1.);
#2026 = LINE('',#2027,#2028);
#2027 = CARTESIAN_POINT('',(10.2,0.,7.));
#2028 = VECTOR('',#2029,1.);
#2029 = DIRECTION('',(-1.,0.,0.));
#2030 = PCURVE('',#1996,#2031);
#2031 = DEFINITIONAL_REPRESENTATION('',(#2032),#2036);
#2032 = LINE('',#2033,#2034);
#2033 = CARTESIAN_POINT('',(0.,0.));
#2034 = VECTOR('',#2035,1.);
#2035 = DIRECTION('',(1.,0.));
#2036 = ( GEOMETRIC_REPRESENTATION_CONTEXT(2) 
PARAMETRIC_REPRESENTATION_CONTEXT() REPRESENTATION_CONTEXT('2D SPACE',''
  ) );
#2037 = ( GEOMETRIC_REPRESENTATION_CONTEXT(3) 
GLOBAL_UNCERTAINTY_ASSIGNED_CONTEXT((#2041)) 
GLOBAL_UNIT_ASSIGNED_CONTEXT((#2038,#2039,#2040)) REPRESENTATION_CONTEXT
('Context #1','3D Context with UNIT and UNCERTAINTY') );
#2038 = ( LENGTH_UNIT() NAMED_UNIT(*) SI_UNIT(.MILLI.,.METRE.) );
#2039 = ( NAMED_UNIT(*) PLANE_ANGLE_UNIT() SI_UNIT($,.RADIAN.) );
#2040 = ( NAMED_UNIT(*) SI_UNIT($,.STERADIAN.) SOLID_ANGLE_UNIT() );
#2041 = UNCERTAINTY_MEASURE_WITH_UNIT(LENGTH_MEASURE(1.E-07),#2038,
  'distance_accuracy_value','confusion accuracy');
#2042 = CONTEXT_DEPENDENT_SHAPE_REPRESENTATION(#2043,#2045);
#2043 = ( REPRESENTATION_RELATIONSHIP('','',#1978,#10) 
REPRESENTATION_RELATIONSHIP_WITH_TRANSFORMATION(#2044) 
SHAPE_REPRESENTATION_RELATIONSHIP() );
#2044 = ITEM_DEFINED_TRANSFORMATION('','',#11,#71);
#2045 = PRODUCT_DEFINITION_SHAPE('Placement','Placement of an item',
  #2046);
#2046 = NEXT_ASSEMBLY_USAGE_OCCURRENCE('1779','','',#5,#1973,$);
#2047 = PRODUCT_RELATED_PRODUCT_CATEGORY('part',$,(#1975));
#2048 = SHAPE_DEFINITION_REPRESENTATION(#2049,#2055);
#2049 = PRODUCT_DEFINITION_SHAPE('','',#2050);
#2050 = PRODUCT_DEFINITION('design','',#2051,#2054);
#2051 = PRODUCT_DEFINITION_FORMATION('','',#2052);
#2052 = PRODUCT('Open CASCADE STEP translator 7.9 2.16',
  'Open CASCADE STEP translator 7.9 2.16','',(#2053));
#2053 = PRODUCT_CONTEXT('',#2,'mechanical');
#2054 = PRODUCT_DEFINITION_CONTEXT('part definition',#2,'design');
#2055 = MANIFOLD_SURFACE_SHAPE_REPRESENTATION('',(#11,#2056),#2114);
#2056 = SHELL_BASED_SURFACE_MODEL('',(#2057));
#2057 = OPEN_SHELL('',(#2058));
#2058 = ADVANCED_FACE('',(#2059),#2073,.T.);
#2059 = FACE_BOUND('',#2060,.T.);
#2060 = EDGE_LOOP('',(#2061,#2084,#2100));
#2061 = ORIENTED_EDGE('',*,*,#2062,.F.);
#2062 = EDGE_CURVE('',#2063,#2065,#2067,.T.);
#2063 = VERTEX_POINT('',#2064);
#2064 = CARTESIAN_POINT('',(9.58486,-3.4886,7.));
#2065 = VERTEX_POINT('',#2066);
#2066 = CARTESIAN_POINT('',(7.60845,-2.47214,7.));
#2067 = SURFACE_CURVE('',#2068,(#2072),.PCURVE_S1.);
#2068 = LINE('',#2069,#2070);
#2069 = CARTESIAN_POINT('',(9.58486,-3.4886,7.));
#2070 = VECTOR('',#2071,1.);
#2071 = DIRECTION('',(-0.889284037704,0.45735533263,0.));
#2072 = PCURVE('',#2073,#2078);
#2073 = PLANE('',#2074);
#2074 = AXIS2_PLACEMENT_3D('',#2075,#2076,#2077);
#2075 = CARTESIAN_POINT('',(7.60845,-2.47214,7.));
#2076 = DIRECTION('',(0.,0.,-1.));
#2077 = DIRECTION('',(-1.,0.,-0.));
#2078 = DEFINITIONAL_REPRESENTATION('',(#2079),#2083);
#2079 = LINE('',#2080,#2081);
#2080 = CARTESIAN_POINT('',(-1.97641,-1.01646));
#2081 = VECTOR('',#2082,1.);
#2082 = DIRECTION('',(0.889284037704,0.45735533263));
#2083 = ( GEOMETRIC_REPRESENTATION_CONTEXT(2) 
PARAMETRIC_REPRESENTATION_CONTEXT() REPRESENTATION_CONTEXT('2D SPACE',''
  ) );
#2084 = ORIENTED_EDGE('',*,*,#2085,.F.);
#2085 = EDGE_CURVE('',#2086,#2063,#2088,.T.);
#2086 = VERTEX_POINT('',#2087);
#2087 = CARTESIAN_POINT('',(7.48075,-2.72277,7.));
#2088 = SURFACE_CURVE('',#2089,(#2093),.PCURVE_S1.);
#2089 = LINE('',#2090,#2091);
#2090 = CARTESIAN_POINT('',(7.48075,-2.72277,7.));
#2091 = VECTOR('',#2092,1.);
#2092 = DIRECTION('',(0.939693110182,-0.342018798718,0.));
#2093 = PCURVE('',#2073,#2094);
#2094 = DEFINITIONAL_REPRESENTATION('',(#2095),#2099);
#2095 = LINE('',#2096,#2097);
#2096 = CARTESIAN_POINT('',(0.1277,-0.25063));
#2097 = VECTOR('',#2098,1.);
#2098 = DIRECTION('',(-0.939693110182,-0.342018798718));
#2099 = ( GEOMETRIC_REPRESENTATION_CONTEXT(2) 
PARAMETRIC_REPRESENTATION_CONTEXT() REPRESENTATION_CONTEXT('2D SPACE',''
  ) );
#2100 = ORIENTED_EDGE('',*,*,#2101,.T.);
#2101 = EDGE_CURVE('',#2086,#2065,#2102,.T.);
#2102 = SURFACE_CURVE('',#2103,(#2107),.PCURVE_S1.);
#2103 = LINE('',#2104,#2105);
#2104 = CARTESIAN_POINT('',(7.48075,-2.72277,7.));
#2105 = VECTOR('',#2106,1.);
#2106 = DIRECTION('',(0.45398382936,0.891009922885,0.));
#2107 = PCURVE('',#2073,#2108);
#2108 = DEFINITIONAL_REPRESENTATION('',(#2109),#2113);
#2109 = LINE('',#2110,#2111);
#2110 = CARTESIAN_POINT('',(0.1277,-0.25063));
#2111 = VECTOR('',#2112,1.);
#2112 = DIRECTION('',(-0.45398382936,0.891009922885));
#2113 = ( GEOMETRIC_REPRESENTATION_CONTEXT(2) 
PARAMETRIC_REPRESENTATION_CONTEXT() REPRESENTATION_CONTEXT('2D SPACE',''
  ) );
#2114 = ( GEOMETRIC_REPRESENTATION_CONTEXT(3) 
GLOBAL_UNCERTAINTY_ASSIGNED_CONTEXT((#2118)) 
GLOBAL_UNIT_ASSIGNED_CONTEXT((#2115,#2116,#2117)) REPRESENTATION_CONTEXT
('Context #1','3D Context with UNIT and UNCERTAINTY') );
#2115 = ( LENGTH_UNIT() NAMED_UNIT(*) SI_UNIT(.MILLI.,.METRE.) );
#2116 = ( NAMED_UNIT(*) PLANE_ANGLE_UNIT() SI_UNIT($,.RADIAN.) );
#2117 = ( NAMED_UNIT(*) SI_UNIT($,.STERADIAN.) SOLID_ANGLE_UNIT() );
#2118 = UNCERTAINTY_MEASURE_WITH_UNIT(LENGTH_MEASURE(1.E-07),#2115,
  'distance_accuracy_value','confusion accuracy');
#2119 = CONTEXT_DEPENDENT_SHAPE_REPRESENTATION(#2120,#2122);
#2120 = ( REPRESENTATION_RELATIONSHIP('','',#2055,#10) 
REPRESENTATION_RELATIONSHIP_WITH_TRANSFORMATION(#2121) 
SHAPE_REPRESENTATION_RELATIONSHIP() );
#2121 = ITEM_DEFINED_TRANSFORMATION('','',#11,#75);
#2122 = PRODUCT_DEFINITION_SHAPE('Placement','Placement of an item',
  #2123);
#2123 = NEXT_ASSEMBLY_USAGE_OCCURRENCE('1780','','',#5,#2050,$);
#2124 = PRODUCT_RELATED_PRODUCT_CATEGORY('part',$,(#2052));
#2125 = SHAPE_DEFINITION_REPRESENTATION(#2126,#2132);
#2126 = PRODUCT_DEFINITION_SHAPE('','',#2127);
#2127 = PRODUCT_DEFINITION('design','',#2128,#2131);
#2128 = PRODUCT_DEFINITION_FORMATION('','',#2129);
#2129 = PRODUCT('Open CASCADE STEP translator 7.9 2.17',
  'Open CASCADE STEP translator 7.9 2.17','',(#2130));
#2130 = PRODUCT_CONTEXT('',#2,'mechanical');
#2131 = PRODUCT_DEFINITION_CONTEXT('part definition',#2,'design');
#2132 = MANIFOLD_SURFACE_SHAPE_REPRESENTATION('',(#11,#2133),#2191);
#2133 = SHELL_BASED_SURFACE_MODEL('',(#2134));
#2134 = OPEN_SHELL('',(#2135));
#2135 = ADVANCED_FACE('',(#2136),#2150,.T.);
#2136 = FACE_BOUND('',#2137,.T.);
#2137 = EDGE_LOOP('',(#2138,#2161,#2177));
#2138 = ORIENTED_EDGE('',*,*,#2139,.F.);
#2139 = EDGE_CURVE('',#2140,#2142,#2144,.T.);
#2140 = VERTEX_POINT('',#2141);
#2141 = CARTESIAN_POINT('',(7.60845,2.47214,7.));
#2142 = VERTEX_POINT('',#2143);
#2143 = CARTESIAN_POINT('',(10.2,0.,7.));
#2144 = SURFACE_CURVE('',#2145,(#2149),.PCURVE_S1.);
#2145 = LINE('',#2146,#2147);
#2146 = CARTESIAN_POINT('',(7.60845,2.47214,7.));
#2147 = VECTOR('',#2148,1.);
#2148 = DIRECTION('',(0.723580341829,-0.690240167564,0.));
#2149 = PCURVE('',#2150,#2155);
#2150 = PLANE('',#2151);
#2151 = AXIS2_PLACEMENT_3D('',#2152,#2153,#2154);
#2152 = CARTESIAN_POINT('',(10.2,0.,7.));
#2153 = DIRECTION('',(0.,-0.,-1.));
#2154 = DIRECTION('',(-1.,0.,-0.));
#2155 = DEFINITIONAL_REPRESENTATION('',(#2156),#2160);
#2156 = LINE('',#2157,#2158);
#2157 = CARTESIAN_POINT('',(2.59155,2.47214));
#2158 = VECTOR('',#2159,1.);
#2159 = DIRECTION('',(-0.723580341829,-0.690240167564));
#2160 = ( GEOMETRIC_REPRESENTATION_CONTEXT(2) 
PARAMETRIC_REPRESENTATION_CONTEXT() REPRESENTATION_CONTEXT('2D SPACE',''
  ) );
#2161 = ORIENTED_EDGE('',*,*,#2162,.T.);
#2162 = EDGE_CURVE('',#2140,#2163,#2165,.T.);
#2163 = VERTEX_POINT('',#2164);
#2164 = CARTESIAN_POINT('',(9.58486,3.4886,7.));
#2165 = SURFACE_CURVE('',#2166,(#2170),.PCURVE_S1.);
#2166 = LINE('',#2167,#2168);
#2167 = CARTESIAN_POINT('',(7.60845,2.47214,7.));
#2168 = VECTOR('',#2169,1.);
#2169 = DIRECTION('',(0.889284037704,0.45735533263,0.));
#2170 = PCURVE('',#2150,#2171);
#2171 = DEFINITIONAL_REPRESENTATION('',(#2172),#2176);
#2172 = LINE('',#2173,#2174);
#2173 = CARTESIAN_POINT('',(2.59155,2.47214));
#2174 = VECTOR('',#2175,1.);
#2175 = DIRECTION('',(-0.889284037704,0.45735533263));
#2176 = ( GEOMETRIC_REPRESENTATION_CONTEXT(2) 
PARAMETRIC_REPRESENTATION_CONTEXT() REPRESENTATION_CONTEXT('2D SPACE',''
  ) );
#2177 = ORIENTED_EDGE('',*,*,#2178,.T.);
#2178 = EDGE_CURVE('',#2163,#2142,#2179,.T.);
#2179 = SURFACE_CURVE('',#2180,(#2184),.PCURVE_S1.);
#2180 = LINE('',#2181,#2182);
#2181 = CARTESIAN_POINT('',(9.58486,3.4886,7.));
#2182 = VECTOR('',#2183,1.);
#2183 = DIRECTION('',(0.173649736876,-0.98480747808,0.));
#2184 = PCURVE('',#2150,#2185);
#2185 = DEFINITIONAL_REPRESENTATION('',(#2186),#2190);
#2186 = LINE('',#2187,#2188);
#2187 = CARTESIAN_POINT('',(0.61514,3.4886));
#2188 = VECTOR('',#2189,1.);
#2189 = DIRECTION('',(-0.173649736876,-0.98480747808));
#2190 = ( GEOMETRIC_REPRESENTATION_CONTEXT(2) 
PARAMETRIC_REPRESENTATION_CONTEXT() REPRESENTATION_CONTEXT('2D SPACE',''
  ) );
#2191 = ( GEOMETRIC_REPRESENTATION_CONTEXT(3) 
GLOBAL_UNCERTAINTY_ASSIGNED_CONTEXT((#2195)) 
GLOBAL_UNIT_ASSIGNED_CONTEXT((#2192,#2193,#2194)) REPRESENTATION_CONTEXT
('Context #1','3D Context with UNIT and UNCERTAINTY') );
#2192 = ( LENGTH_UNIT() NAMED_UNIT(*) SI_UNIT(.MILLI.,.METRE.) );
#2193 = ( NAMED_UNIT(*) PLANE_ANGLE_UNIT() SI_UNIT($,.RADIAN.) );
#2194 = ( NAMED_UNIT(*) SI_UNIT($,.STERADIAN.) SOLID_ANGLE_UNIT() );
#2195 = UNCERTAINTY_MEASURE_WITH_UNIT(LENGTH_MEASURE(1.E-07),#2192,
  'distance_accuracy_value','confusion accuracy');
#2196 = CONTEXT_DEPENDENT_SHAPE_REPRESENTATION(#2197,#2199);
#2197 = ( REPRESENTATION_RELATIONSHIP('','',#2132,#10) 
REPRESENTATION_RELATIONSHIP_WITH_TRANSFORMATION(#2198) 
SHAPE_REPRESENTATION_RELATIONSHIP() );
#2198 = ITEM_DEFINED_TRANSFORMATION('','',#11,#79);
#2199 = PRODUCT_DEFINITION_SHAPE('Placement','Placement of an item',
  #2200);
#2200 = NEXT_ASSEMBLY_USAGE_OCCURRENCE('1781','','',#5,#2127,$);
#2201 = PRODUCT_RELATED_PRODUCT_CATEGORY('part',$,(#2129));
#2202 = SHAPE_DEFINITION_REPRESENTATION(#2203,#2209);
#2203 = PRODUCT_DEFINITION_SHAPE('','',#2204);
#2204 = PRODUCT_DEFINITION('design','',#2205,#2208);
#2205 = PRODUCT_DEFINITION_FORMATION('','',#2206);
#2206 = PRODUCT('Open CASCADE STEP translator 7.9 2.18',
  'Open CASCADE STEP translator 7.9 2.18','',(#2207));
#2207 = PRODUCT_CONTEXT('',#2,'mechanical');
#2208 = PRODUCT_DEFINITION_CONTEXT('part definition',#2,'design');
#2209 = MANIFOLD_SURFACE_SHAPE_REPRESENTATION('',(#11,#2210),#2268);
#2210 = SHELL_BASED_SURFACE_MODEL('',(#2211));
#2211 = OPEN_SHELL('',(#2212));
#2212 = ADVANCED_FACE('',(#2213),#2227,.T.);
#2213 = FACE_BOUND('',#2214,.T.);
#2214 = EDGE_LOOP('',(#2215,#2238,#2254));
#2215 = ORIENTED_EDGE('',*,*,#2216,.F.);
#2216 = EDGE_CURVE('',#2217,#2219,#2221,.T.);
#2217 = VERTEX_POINT('',#2218);
#2218 = CARTESIAN_POINT('',(7.60845,2.47214,7.));
#2219 = VERTEX_POINT('',#2220);
#2220 = CARTESIAN_POINT('',(9.58486,3.4886,7.));
#2221 = SURFACE_CURVE('',#2222,(#2226),.PCURVE_S1.);
#2222 = LINE('',#2223,#2224);
#2223 = CARTESIAN_POINT('',(7.60845,2.47214,7.));
#2224 = VECTOR('',#2225,1.);
#2225 = DIRECTION('',(0.889284037704,0.45735533263,0.));
#2226 = PCURVE('',#2227,#2232);
#2227 = PLANE('',#2228);
#2228 = AXIS2_PLACEMENT_3D('',#2229,#2230,#2231);
#2229 = CARTESIAN_POINT('',(9.58486,3.4886,7.));
#2230 = DIRECTION('',(-0.,0.,-1.));
#2231 = DIRECTION('',(-1.,0.,0.));
#2232 = DEFINITIONAL_REPRESENTATION('',(#2233),#2237);
#2233 = LINE('',#2234,#2235);
#2234 = CARTESIAN_POINT('',(1.97641,-1.01646));
#2235 = VECTOR('',#2236,1.);
#2236 = DIRECTION('',(-0.889284037704,0.45735533263));
#2237 = ( GEOMETRIC_REPRESENTATION_CONTEXT(2) 
PARAMETRIC_REPRESENTATION_CONTEXT() REPRESENTATION_CONTEXT('2D SPACE',''
  ) );
#2238 = ORIENTED_EDGE('',*,*,#2239,.T.);
#2239 = EDGE_CURVE('',#2217,#2240,#2242,.T.);
#2240 = VERTEX_POINT('',#2241);
#2241 = CARTESIAN_POINT('',(7.48075,2.72277,7.));
#2242 = SURFACE_CURVE('',#2243,(#2247),.PCURVE_S1.);
#2243 = LINE('',#2244,#2245);
#2244 = CARTESIAN_POINT('',(7.60845,2.47214,7.));
#2245 = VECTOR('',#2246,1.);
#2246 = DIRECTION('',(-0.45398382936,0.891009922885,0.));
#2247 = PCURVE('',#2227,#2248);
#2248 = DEFINITIONAL_REPRESENTATION('',(#2249),#2253);
#2249 = LINE('',#2250,#2251);
#2250 = CARTESIAN_POINT('',(1.97641,-1.01646));
#2251 = VECTOR('',#2252,1.);
#2252 = DIRECTION('',(0.45398382936,0.891009922885));
#2253 = ( GEOMETRIC_REPRESENTATION_CONTEXT(2) 
PARAMETRIC_REPRESENTATION_CONTEXT() REPRESENTATION_CONTEXT('2D SPACE',''
  ) );
#2254 = ORIENTED_EDGE('',*,*,#2255,.F.);
#2255 = EDGE_CURVE('',#2219,#2240,#2256,.T.);
#2256 = SURFACE_CURVE('',#2257,(#2261),.PCURVE_S1.);
#2257 = LINE('',#2258,#2259);
#2258 = CARTESIAN_POINT('',(9.58486,3.4886,7.));
#2259 = VECTOR('',#2260,1.);
#2260 = DIRECTION('',(-0.939693110182,-0.342018798718,0.));
#2261 = PCURVE('',#2227,#2262);
#2262 = DEFINITIONAL_REPRESENTATION('',(#2263),#2267);
#2263 = LINE('',#2264,#2265);
#2264 = CARTESIAN_POINT('',(0.,0.));
#2265 = VECTOR('',#2266,1.);
#2266 = DIRECTION('',(0.939693110182,-0.342018798718));
#2267 = ( GEOMETRIC_REPRESENTATION_CONTEXT(2) 
PARAMETRIC_REPRESENTATION_CONTEXT() REPRESENTATION_CONTEXT('2D SPACE',''
  ) );
#2268 = ( GEOMETRIC_REPRESENTATION_CONTEXT(3) 
GLOBAL_UNCERTAINTY_ASSIGNED_CONTEXT((#2272)) 
GLOBAL_UNIT_ASSIGNED_CONTEXT((#2269,#2270,#2271)) REPRESENTATION_CONTEXT
('Context #1','3D Context with UNIT and UNCERTAINTY') );
#2269 = ( LENGTH_UNIT() NAMED_UNIT(*) SI_UNIT(.MILLI.,.METRE.) );
#2270 = ( NAMED_UNIT(*) PLANE_ANGLE_UNIT() SI_UNIT($,.RADIAN.) );
#2271 = ( NAMED_UNIT(*) SI_UNIT($,.STERADIAN.) SOLID_ANGLE_UNIT() );
#2272 = UNCERTAINTY_MEASURE_WITH_UNIT(LENGTH_MEASURE(1.E-07),#2269,
  'distance_accuracy_value','confusion accuracy');
#2273 = CONTEXT_DEPENDENT_SHAPE_REPRESENTATION(#2274,#2276);
#2274 = ( REPRESENTATION_RELATIONSHIP('','',#2209,#10) 
REPRESENTATION_RELATIONSHIP_WITH_TRANSFORMATION(#2275) 
SHAPE_REPRESENTATION_RELATIONSHIP() );
#2275 = ITEM_DEFINED_TRANSFORMATION('','',#11,#83);
#2276 = PRODUCT_DEFINITION_SHAPE('Placement','Placement of an item',
  #2277);
#2277 = NEXT_ASSEMBLY_USAGE_OCCURRENCE('1782','','',#5,#2204,$);
#2278 = PRODUCT_RELATED_PRODUCT_CATEGORY('part',$,(#2206));
#2279 = SHAPE_DEFINITION_REPRESENTATION(#2280,#2286);
#2280 = PRODUCT_DEFINITION_SHAPE('','',#2281);
#2281 = PRODUCT_DEFINITION('design','',#2282,#2285);
#2282 = PRODUCT_DEFINITION_FORMATION('','',#2283);
#2283 = PRODUCT('Open CASCADE STEP translator 7.9 2.19',
  'Open CASCADE STEP translator 7.9 2.19','',(#2284));
#2284 = PRODUCT_CONTEXT('',#2,'mechanical');
#2285 = PRODUCT_DEFINITION_CONTEXT('part definition',#2,'design');
#2286 = MANIFOLD_SURFACE_SHAPE_REPRESENTATION('',(#11,#2287),#2345);
#2287 = SHELL_BASED_SURFACE_MODEL('',(#2288));
#2288 = OPEN_SHELL('',(#2289));
#2289 = ADVANCED_FACE('',(#2290),#2304,.T.);
#2290 = FACE_BOUND('',#2291,.T.);
#2291 = EDGE_LOOP('',(#2292,#2315,#2331));
#2292 = ORIENTED_EDGE('',*,*,#2293,.T.);
#2293 = EDGE_CURVE('',#2294,#2296,#2298,.T.);
#2294 = VERTEX_POINT('',#2295);
#2295 = CARTESIAN_POINT('',(10.2,0.,12.));
#2296 = VERTEX_POINT('',#2297);
#2297 = CARTESIAN_POINT('',(9.58486,3.4886,7.));
#2298 = SURFACE_CURVE('',#2299,(#2303),.PCURVE_S1.);
#2299 = LINE('',#2300,#2301);
#2300 = CARTESIAN_POINT('',(10.2,0.,12.));
#2301 = VECTOR('',#2302,1.);
#2302 = DIRECTION('',(-0.100386741694,0.569316232198,-0.815966622998));
#2303 = PCURVE('',#2304,#2309);
#2304 = PLANE('',#2305);
#2305 = AXIS2_PLACEMENT_3D('',#2306,#2307,#2308);
#2306 = CARTESIAN_POINT('',(10.2,0.,12.));
#2307 = DIRECTION('',(0.98480747808,0.173649736876,0.));
#2308 = DIRECTION('',(-0.173649736876,0.98480747808,0.));
#2309 = DEFINITIONAL_REPRESENTATION('',(#2310),#2314);
#2310 = LINE('',#2311,#2312);
#2311 = CARTESIAN_POINT('',(0.,0.));
#2312 = VECTOR('',#2313,1.);
#2313 = DIRECTION('',(0.578099014143,-0.815966622998));
#2314 = ( GEOMETRIC_REPRESENTATION_CONTEXT(2) 
PARAMETRIC_REPRESENTATION_CONTEXT() REPRESENTATION_CONTEXT('2D SPACE',''
  ) );
#2315 = ORIENTED_EDGE('',*,*,#2316,.F.);
#2316 = EDGE_CURVE('',#2317,#2296,#2319,.T.);
#2317 = VERTEX_POINT('',#2318);
#2318 = CARTESIAN_POINT('',(9.58486,3.4886,12.));
#2319 = SURFACE_CURVE('',#2320,(#2324),.PCURVE_S1.);
#2320 = LINE('',#2321,#2322);
#2321 = CARTESIAN_POINT('',(9.58486,3.4886,12.));
#2322 = VECTOR('',#2323,1.);
#2323 = DIRECTION('',(0.,0.,-1.));
#2324 = PCURVE('',#2304,#2325);
#2325 = DEFINITIONAL_REPRESENTATION('',(#2326),#2330);
#2326 = LINE('',#2327,#2328);
#2327 = CARTESIAN_POINT('',(3.542418267173,0.));
#2328 = VECTOR('',#2329,1.);
#2329 = DIRECTION('',(0.,-1.));
#2330 = ( GEOMETRIC_REPRESENTATION_CONTEXT(2) 
PARAMETRIC_REPRESENTATION_CONTEXT() REPRESENTATION_CONTEXT('2D SPACE',''
  ) );
#2331 = ORIENTED_EDGE('',*,*,#2332,.F.);
#2332 = EDGE_CURVE('',#2294,#2317,#2333,.T.);
#2333 = SURFACE_CURVE('',#2334,(#2338),.PCURVE_S1.);
#2334 = LINE('',#2335,#2336);
#2335 = CARTESIAN_POINT('',(10.2,0.,12.));
#2336 = VECTOR('',#2337,1.);
#2337 = DIRECTION('',(-0.173649736876,0.98480747808,0.));
#2338 = PCURVE('',#2304,#2339);
#2339 = DEFINITIONAL_REPRESENTATION('',(#2340),#2344);
#2340 = LINE('',#2341,#2342);
#2341 = CARTESIAN_POINT('',(0.,0.));
#2342 = VECTOR('',#2343,1.);
#2343 = DIRECTION('',(1.,0.));
#2344 = ( GEOMETRIC_REPRESENTATION_CONTEXT(2) 
PARAMETRIC_REPRESENTATION_CONTEXT() REPRESENTATION_CONTEXT('2D SPACE',''
  ) );
#2345 = ( GEOMETRIC_REPRESENTATION_CONTEXT(3) 
GLOBAL_UNCERTAINTY_ASSIGNED_CONTEXT((#2349)) 
GLOBAL_UNIT_ASSIGNED_CONTEXT((#2346,#2347,#2348)) REPRESENTATION_CONTEXT
('Context #1','3D Context with UNIT and UNCERTAINTY') );
#2346 = ( LENGTH_UNIT() NAMED_UNIT(*) SI_UNIT(.MILLI.,.METRE.) );
#2347 = ( NAMED_UNIT(*) PLANE_ANGLE_UNIT() SI_UNIT($,.RADIAN.) );
#2348 = ( NAMED_UNIT(*) SI_UNIT($,.STERADIAN.) SOLID_ANGLE_UNIT() );
#2349 = UNCERTAINTY_MEASURE_WITH_UNIT(LENGTH_MEASURE(1.E-07),#2346,
  'distance_accuracy_value','confusion accuracy');
#2350 = CONTEXT_DEPENDENT_SHAPE_REPRESENTATION(#2351,#2353);
#2351 = ( REPRESENTATION_RELATIONSHIP('','',#2286,#10) 
REPRESENTATION_RELATIONSHIP_WITH_TRANSFORMATION(#2352) 
SHAPE_REPRESENTATION_RELATIONSHIP() );
#2352 = ITEM_DEFINED_TRANSFORMATION('','',#11,#87);
#2353 = PRODUCT_DEFINITION_SHAPE('Placement','Placement of an item',
  #2354);
#2354 = NEXT_ASSEMBLY_USAGE_OCCURRENCE('1783','','',#5,#2281,$);
#2355 = PRODUCT_RELATED_PRODUCT_CATEGORY('part',$,(#2283));
#2356 = SHAPE_DEFINITION_REPRESENTATION(#2357,#2363);
#2357 = PRODUCT_DEFINITION_SHAPE('','',#2358);
#2358 = PRODUCT_DEFINITION('design','',#2359,#2362);
#2359 = PRODUCT_DEFINITION_FORMATION('','',#2360);
#2360 = PRODUCT('Open CASCADE STEP translator 7.9 2.20',
  'Open CASCADE STEP translator 7.9 2.20','',(#2361));
#2361 = PRODUCT_CONTEXT('',#2,'mechanical');
#2362 = PRODUCT_DEFINITION_CONTEXT('part definition',#2,'design');
#2363 = MANIFOLD_SURFACE_SHAPE_REPRESENTATION('',(#11,#2364),#2422);
#2364 = SHELL_BASED_SURFACE_MODEL('',(#2365));
#2365 = OPEN_SHELL('',(#2366));
#2366 = ADVANCED_FACE('',(#2367),#2381,.T.);
#2367 = FACE_BOUND('',#2368,.T.);
#2368 = EDGE_LOOP('',(#2369,#2392,#2408));
#2369 = ORIENTED_EDGE('',*,*,#2370,.F.);
#2370 = EDGE_CURVE('',#2371,#2373,#2375,.T.);
#2371 = VERTEX_POINT('',#2372);
#2372 = CARTESIAN_POINT('',(10.2,0.,12.));
#2373 = VERTEX_POINT('',#2374);
#2374 = CARTESIAN_POINT('',(9.58486,3.4886,7.));
#2375 = SURFACE_CURVE('',#2376,(#2380),.PCURVE_S1.);
#2376 = LINE('',#2377,#2378);
#2377 = CARTESIAN_POINT('',(10.2,0.,12.));
#2378 = VECTOR('',#2379,1.);
#2379 = DIRECTION('',(-0.100386741694,0.569316232198,-0.815966622998));
#2380 = PCURVE('',#2381,#2386);
#2381 = PLANE('',#2382);
#2382 = AXIS2_PLACEMENT_3D('',#2383,#2384,#2385);
#2383 = CARTESIAN_POINT('',(9.58486,3.4886,7.));
#2384 = DIRECTION('',(0.98480747808,0.173649736876,-0.));
#2385 = DIRECTION('',(-0.173649736876,0.98480747808,0.));
#2386 = DEFINITIONAL_REPRESENTATION('',(#2387),#2391);
#2387 = LINE('',#2388,#2389);
#2388 = CARTESIAN_POINT('',(-3.542418267173,5.));
#2389 = VECTOR('',#2390,1.);
#2390 = DIRECTION('',(0.578099014143,-0.815966622998));
#2391 = ( GEOMETRIC_REPRESENTATION_CONTEXT(2) 
PARAMETRIC_REPRESENTATION_CONTEXT() REPRESENTATION_CONTEXT('2D SPACE',''
  ) );
#2392 = ORIENTED_EDGE('',*,*,#2393,.F.);
#2393 = EDGE_CURVE('',#2394,#2371,#2396,.T.);
#2394 = VERTEX_POINT('',#2395);
#2395 = CARTESIAN_POINT('',(10.2,0.,7.));
#2396 = SURFACE_CURVE('',#2397,(#2401),.PCURVE_S1.);
#2397 = LINE('',#2398,#2399);
#2398 = CARTESIAN_POINT('',(10.2,0.,7.));
#2399 = VECTOR('',#2400,1.);
#2400 = DIRECTION('',(0.,0.,1.));
#2401 = PCURVE('',#2381,#2402);
#2402 = DEFINITIONAL_REPRESENTATION('',(#2403),#2407);
#2403 = LINE('',#2404,#2405);
#2404 = CARTESIAN_POINT('',(-3.542418267173,0.));
#2405 = VECTOR('',#2406,1.);
#2406 = DIRECTION('',(0.,1.));
#2407 = ( GEOMETRIC_REPRESENTATION_CONTEXT(2) 
PARAMETRIC_REPRESENTATION_CONTEXT() REPRESENTATION_CONTEXT('2D SPACE',''
  ) );
#2408 = ORIENTED_EDGE('',*,*,#2409,.F.);
#2409 = EDGE_CURVE('',#2373,#2394,#2410,.T.);
#2410 = SURFACE_CURVE('',#2411,(#2415),.PCURVE_S1.);
#2411 = LINE('',#2412,#2413);
#2412 = CARTESIAN_POINT('',(9.58486,3.4886,7.));
#2413 = VECTOR('',#2414,1.);
#2414 = DIRECTION('',(0.173649736876,-0.98480747808,0.));
#2415 = PCURVE('',#2381,#2416);
#2416 = DEFINITIONAL_REPRESENTATION('',(#2417),#2421);
#2417 = LINE('',#2418,#2419);
#2418 = CARTESIAN_POINT('',(0.,0.));
#2419 = VECTOR('',#2420,1.);
#2420 = DIRECTION('',(-1.,0.));
#2421 = ( GEOMETRIC_REPRESENTATION_CONTEXT(2) 
PARAMETRIC_REPRESENTATION_CONTEXT() REPRESENTATION_CONTEXT('2D SPACE',''
  ) );
#2422 = ( GEOMETRIC_REPRESENTATION_CONTEXT(3) 
GLOBAL_UNCERTAINTY_ASSIGNED_CONTEXT((#2426)) 
GLOBAL_UNIT_ASSIGNED_CONTEXT((#2423,#2424,#2425)) REPRESENTATION_CONTEXT
('Context #1','3D Context with UNIT and UNCERTAINTY') );
#2423 = ( LENGTH_UNIT() NAMED_UNIT(*) SI_UNIT(.MILLI.,.METRE.) );
#2424 = ( NAMED_UNIT(*) PLANE_ANGLE_UNIT() SI_UNIT($,.RADIAN.) );
#2425 = ( NAMED_UNIT(*) SI_UNIT($,.STERADIAN.) SOLID_ANGLE_UNIT() );
#2426 = UNCERTAINTY_MEASURE_WITH_UNIT(LENGTH_MEASURE(1.E-07),#2423,
  'distance_accuracy_value','confusion accuracy');
#2427 = CONTEXT_DEPENDENT_SHAPE_REPRESENTATION(#2428,#2430);
#2428 = ( REPRESENTATION_RELATIONSHIP('','',#2363,#10) 
REPRESENTATION_RELATIONSHIP_WITH_TRANSFORMATION(#2429) 
SHAPE_REPRESENTATION_RELATIONSHIP() );
#2429 = ITEM_DEFINED_TRANSFORMATION('','',#11,#91);
#2430 = PRODUCT_DEFINITION_SHAPE('Placement','Placement of an item',
  #2431);
#2431 = NEXT_ASSEMBLY_USAGE_OCCURRENCE('1784','','',#5,#2358,$);
#2432 = PRODUCT_RELATED_PRODUCT_CATEGORY('part',$,(#2360));
#2433 = SHAPE_DEFINITION_REPRESENTATION(#2434,#2440);
#2434 = PRODUCT_DEFINITION_SHAPE('','',#2435);
#2435 = PRODUCT_DEFINITION('design','',#2436,#2439);
#2436 = PRODUCT_DEFINITION_FORMATION('','',#2437);
#2437 = PRODUCT('Open CASCADE STEP translator 7.9 2.21',
  'Open CASCADE STEP translator 7.9 2.21','',(#2438));
#2438 = PRODUCT_CONTEXT('',#2,'mechanical');
#2439 = PRODUCT_DEFINITION_CONTEXT('part definition',#2,'design');
#2440 = MANIFOLD_SURFACE_SHAPE_REPRESENTATION('',(#11,#2441),#2499);
#2441 = SHELL_BASED_SURFACE_MODEL('',(#2442));
#2442 = OPEN_SHELL('',(#2443));
#2443 = ADVANCED_FACE('',(#2444),#2458,.T.);
#2444 = FACE_BOUND('',#2445,.T.);
#2445 = EDGE_LOOP('',(#2446,#2469,#2485));
#2446 = ORIENTED_EDGE('',*,*,#2447,.T.);
#2447 = EDGE_CURVE('',#2448,#2450,#2452,.T.);
#2448 = VERTEX_POINT('',#2449);
#2449 = CARTESIAN_POINT('',(-7.48075,2.72277,7.));
#2450 = VERTEX_POINT('',#2451);
#2451 = CARTESIAN_POINT('',(-9.58486,3.4886,12.));
#2452 = SURFACE_CURVE('',#2453,(#2457),.PCURVE_S1.);
#2453 = LINE('',#2454,#2455);
#2454 = CARTESIAN_POINT('',(-7.48075,2.72277,7.));
#2455 = VECTOR('',#2456,1.);
#2456 = DIRECTION('',(-0.384068007985,0.139788700474,0.912661429262));
#2457 = PCURVE('',#2458,#2463);
#2458 = PLANE('',#2459);
#2459 = AXIS2_PLACEMENT_3D('',#2460,#2461,#2462);
#2460 = CARTESIAN_POINT('',(-7.48075,2.72277,7.));
#2461 = DIRECTION('',(0.342018798718,0.939693110182,-3.0411689073E-17));
#2462 = DIRECTION('',(0.939693110182,-0.342018798718,0.));
#2463 = DEFINITIONAL_REPRESENTATION('',(#2464),#2468);
#2464 = LINE('',#2465,#2466);
#2465 = CARTESIAN_POINT('',(0.,-0.));
#2466 = VECTOR('',#2467,1.);
#2467 = DIRECTION('',(-0.408716424355,-0.912661429262));
#2468 = ( GEOMETRIC_REPRESENTATION_CONTEXT(2) 
PARAMETRIC_REPRESENTATION_CONTEXT() REPRESENTATION_CONTEXT('2D SPACE',''
  ) );
#2469 = ORIENTED_EDGE('',*,*,#2470,.T.);
#2470 = EDGE_CURVE('',#2450,#2471,#2473,.T.);
#2471 = VERTEX_POINT('',#2472);
#2472 = CARTESIAN_POINT('',(-7.48075,2.72277,12.));
#2473 = SURFACE_CURVE('',#2474,(#2478),.PCURVE_S1.);
#2474 = LINE('',#2475,#2476);
#2475 = CARTESIAN_POINT('',(-9.58486,3.4886,12.));
#2476 = VECTOR('',#2477,1.);
#2477 = DIRECTION('',(0.939693110182,-0.342018798718,0.));
#2478 = PCURVE('',#2458,#2479);
#2479 = DEFINITIONAL_REPRESENTATION('',(#2480),#2484);
#2480 = LINE('',#2481,#2482);
#2481 = CARTESIAN_POINT('',(-2.239145926687,-5.));
#2482 = VECTOR('',#2483,1.);
#2483 = DIRECTION('',(1.,0.));
#2484 = ( GEOMETRIC_REPRESENTATION_CONTEXT(2) 
PARAMETRIC_REPRESENTATION_CONTEXT() REPRESENTATION_CONTEXT('2D SPACE',''
  ) );
#2485 = ORIENTED_EDGE('',*,*,#2486,.T.);
#2486 = EDGE_CURVE('',#2471,#2448,#2487,.T.);
#2487 = SURFACE_CURVE('',#2488,(#2492),.PCURVE_S1.);
#2488 = LINE('',#2489,#2490);
#2489 = CARTESIAN_POINT('',(-7.48075,2.72277,12.));
#2490 = VECTOR('',#2491,1.);
#2491 = DIRECTION('',(0.,0.,-1.));
#2492 = PCURVE('',#2458,#2493);
#2493 = DEFINITIONAL_REPRESENTATION('',(#2494),#2498);
#2494 = LINE('',#2495,#2496);
#2495 = CARTESIAN_POINT('',(0.,-5.));
#2496 = VECTOR('',#2497,1.);
#2497 = DIRECTION('',(0.,1.));
#2498 = ( GEOMETRIC_REPRESENTATION_CONTEXT(2) 
PARAMETRIC_REPRESENTATION_CONTEXT() REPRESENTATION_CONTEXT('2D SPACE',''
  ) );
#2499 = ( GEOMETRIC_REPRESENTATION_CONTEXT(3) 
GLOBAL_UNCERTAINTY_ASSIGNED_CONTEXT((#2503)) 
GLOBAL_UNIT_ASSIGNED_CONTEXT((#2500,#2501,#2502)) REPRESENTATION_CONTEXT
('Context #1','3D Context with UNIT and UNCERTAINTY') );
#2500 = ( LENGTH_UNIT() NAMED_UNIT(*) SI_UNIT(.MILLI.,.METRE.) );
#2501 = ( NAMED_UNIT(*) PLANE_ANGLE_UNIT() SI_UNIT($,.RADIAN.) );
#2502 = ( NAMED_UNIT(*) SI_UNIT($,.STERADIAN.) SOLID_ANGLE_UNIT() );
#2503 = UNCERTAINTY_MEASURE_WITH_UNIT(LENGTH_MEASURE(1.E-07),#2500,
  'distance_accuracy_value','confusion accuracy');
#2504 = CONTEXT_DEPENDENT_SHAPE_REPRESENTATION(#2505,#2507);
#2505 = ( REPRESENTATION_RELATIONSHIP('','',#2440,#10) 
REPRESENTATION_RELATIONSHIP_WITH_TRANSFORMATION(#2506) 
SHAPE_REPRESENTATION_RELATIONSHIP() );
#2506 = ITEM_DEFINED_TRANSFORMATION('','',#11,#95);
#2507 = PRODUCT_DEFINITION_SHAPE('Placement','Placement of an item',
  #2508);
#2508 = NEXT_ASSEMBLY_USAGE_OCCURRENCE('1785','','',#5,#2435,$);
#2509 = PRODUCT_RELATED_PRODUCT_CATEGORY('part',$,(#2437));
#2510 = SHAPE_DEFINITION_REPRESENTATION(#2511,#2517);
#2511 = PRODUCT_DEFINITION_SHAPE('','',#2512);
#2512 = PRODUCT_DEFINITION('design','',#2513,#2516);
#2513 = PRODUCT_DEFINITION_FORMATION('','',#2514);
#2514 = PRODUCT('Open CASCADE STEP translator 7.9 2.22',
  'Open CASCADE STEP translator 7.9 2.22','',(#2515));
#2515 = PRODUCT_CONTEXT('',#2,'mechanical');
#2516 = PRODUCT_DEFINITION_CONTEXT('part definition',#2,'design');
#2517 = MANIFOLD_SURFACE_SHAPE_REPRESENTATION('',(#11,#2518),#2576);
#2518 = SHELL_BASED_SURFACE_MODEL('',(#2519));
#2519 = OPEN_SHELL('',(#2520));
#2520 = ADVANCED_FACE('',(#2521),#2535,.T.);
#2521 = FACE_BOUND('',#2522,.T.);
#2522 = EDGE_LOOP('',(#2523,#2546,#2562));
#2523 = ORIENTED_EDGE('',*,*,#2524,.F.);
#2524 = EDGE_CURVE('',#2525,#2527,#2529,.T.);
#2525 = VERTEX_POINT('',#2526);
#2526 = CARTESIAN_POINT('',(-7.48075,2.72277,7.));
#2527 = VERTEX_POINT('',#2528);
#2528 = CARTESIAN_POINT('',(-9.58486,3.4886,12.));
#2529 = SURFACE_CURVE('',#2530,(#2534),.PCURVE_S1.);
#2530 = LINE('',#2531,#2532);
#2531 = CARTESIAN_POINT('',(-7.48075,2.72277,7.));
#2532 = VECTOR('',#2533,1.);
#2533 = DIRECTION('',(-0.384068007985,0.139788700474,0.912661429262));
#2534 = PCURVE('',#2535,#2540);
#2535 = PLANE('',#2536);
#2536 = AXIS2_PLACEMENT_3D('',#2537,#2538,#2539);
#2537 = CARTESIAN_POINT('',(-9.58486,3.4886,12.));
#2538 = DIRECTION('',(0.342018798718,0.939693110182,-3.0411689073E-17));
#2539 = DIRECTION('',(0.939693110182,-0.342018798718,0.));
#2540 = DEFINITIONAL_REPRESENTATION('',(#2541),#2545);
#2541 = LINE('',#2542,#2543);
#2542 = CARTESIAN_POINT('',(2.239145926687,5.));
#2543 = VECTOR('',#2544,1.);
#2544 = DIRECTION('',(-0.408716424355,-0.912661429262));
#2545 = ( GEOMETRIC_REPRESENTATION_CONTEXT(2) 
PARAMETRIC_REPRESENTATION_CONTEXT() REPRESENTATION_CONTEXT('2D SPACE',''
  ) );
#2546 = ORIENTED_EDGE('',*,*,#2547,.T.);
#2547 = EDGE_CURVE('',#2525,#2548,#2550,.T.);
#2548 = VERTEX_POINT('',#2549);
#2549 = CARTESIAN_POINT('',(-9.58486,3.4886,7.));
#2550 = SURFACE_CURVE('',#2551,(#2555),.PCURVE_S1.);
#2551 = LINE('',#2552,#2553);
#2552 = CARTESIAN_POINT('',(-7.48075,2.72277,7.));
#2553 = VECTOR('',#2554,1.);
#2554 = DIRECTION('',(-0.939693110182,0.342018798718,0.));
#2555 = PCURVE('',#2535,#2556);
#2556 = DEFINITIONAL_REPRESENTATION('',(#2557),#2561);
#2557 = LINE('',#2558,#2559);
#2558 = CARTESIAN_POINT('',(2.239145926687,5.));
#2559 = VECTOR('',#2560,1.);
#2560 = DIRECTION('',(-1.,0.));
#2561 = ( GEOMETRIC_REPRESENTATION_CONTEXT(2) 
PARAMETRIC_REPRESENTATION_CONTEXT() REPRESENTATION_CONTEXT('2D SPACE',''
  ) );
#2562 = ORIENTED_EDGE('',*,*,#2563,.T.);
#2563 = EDGE_CURVE('',#2548,#2527,#2564,.T.);
#2564 = SURFACE_CURVE('',#2565,(#2569),.PCURVE_S1.);
#2565 = LINE('',#2566,#2567);
#2566 = CARTESIAN_POINT('',(-9.58486,3.4886,7.));
#2567 = VECTOR('',#2568,1.);
#2568 = DIRECTION('',(0.,0.,1.));
#2569 = PCURVE('',#2535,#2570);
#2570 = DEFINITIONAL_REPRESENTATION('',(#2571),#2575);
#2571 = LINE('',#2572,#2573);
#2572 = CARTESIAN_POINT('',(0.,5.));
#2573 = VECTOR('',#2574,1.);
#2574 = DIRECTION('',(0.,-1.));
#2575 = ( GEOMETRIC_REPRESENTATION_CONTEXT(2) 
PARAMETRIC_REPRESENTATION_CONTEXT() REPRESENTATION_CONTEXT('2D SPACE',''
  ) );
#2576 = ( GEOMETRIC_REPRESENTATION_CONTEXT(3) 
GLOBAL_UNCERTAINTY_ASSIGNED_CONTEXT((#2580)) 
GLOBAL_UNIT_ASSIGNED_CONTEXT((#2577,#2578,#2579)) REPRESENTATION_CONTEXT
('Context #1','3D Context with UNIT and UNCERTAINTY') );
#2577 = ( LENGTH_UNIT() NAMED_UNIT(*) SI_UNIT(.MILLI.,.METRE.) );
#2578 = ( NAMED_UNIT(*) PLANE_ANGLE_UNIT() SI_UNIT($,.RADIAN.) );
#2579 = ( NAMED_UNIT(*) SI_UNIT($,.STERADIAN.) SOLID_ANGLE_UNIT() );
#2580 = UNCERTAINTY_MEASURE_WITH_UNIT(LENGTH_MEASURE(1.E-07),#2577,
  'distance_accuracy_value','confusion accuracy');
#2581 = CONTEXT_DEPENDENT_SHAPE_REPRESENTATION(#2582,#2584);
#2582 = ( REPRESENTATION_RELATIONSHIP('','',#2517,#10) 
REPRESENTATION_RELATIONSHIP_WITH_TRANSFORMATION(#2583) 
SHAPE_REPRESENTATION_RELATIONSHIP() );
#2583 = ITEM_DEFINED_TRANSFORMATION('','',#11,#99);
#2584 = PRODUCT_DEFINITION_SHAPE('Placement','Placement of an item',
  #2585);
#2585 = NEXT_ASSEMBLY_USAGE_OCCURRENCE('1786','','',#5,#2512,$);
#2586 = PRODUCT_RELATED_PRODUCT_CATEGORY('part',$,(#2514));
#2587 = SHAPE_DEFINITION_REPRESENTATION(#2588,#2594);
#2588 = PRODUCT_DEFINITION_SHAPE('','',#2589);
#2589 = PRODUCT_DEFINITION('design','',#2590,#2593);
#2590 = PRODUCT_DEFINITION_FORMATION('','',#2591);
#2591 = PRODUCT('Open CASCADE STEP translator 7.9 2.23',
  'Open CASCADE STEP translator 7.9 2.23','',(#2592));
#2592 = PRODUCT_CONTEXT('',#2,'mechanical');
#2593 = PRODUCT_DEFINITION_CONTEXT('part definition',#2,'design');
#2594 = MANIFOLD_SURFACE_SHAPE_REPRESENTATION('',(#11,#2595),#2653);
#2595 = SHELL_BASED_SURFACE_MODEL('',(#2596));
#2596 = OPEN_SHELL('',(#2597));
#2597 = ADVANCED_FACE('',(#2598),#2612,.T.);
#2598 = FACE_BOUND('',#2599,.T.);
#2599 = EDGE_LOOP('',(#2600,#2623,#2639));
#2600 = ORIENTED_EDGE('',*,*,#2601,.T.);
#2601 = EDGE_CURVE('',#2602,#2604,#2606,.T.);
#2602 = VERTEX_POINT('',#2603);
#2603 = CARTESIAN_POINT('',(-9.58486,-3.4886,7.));
#2604 = VERTEX_POINT('',#2605);
#2605 = CARTESIAN_POINT('',(-7.48075,-2.72277,12.));
#2606 = SURFACE_CURVE('',#2607,(#2611),.PCURVE_S1.);
#2607 = LINE('',#2608,#2609);
#2608 = CARTESIAN_POINT('',(-9.58486,-3.4886,7.));
#2609 = VECTOR('',#2610,1.);
#2610 = DIRECTION('',(0.384068007985,0.139788700474,0.912661429262));
#2611 = PCURVE('',#2612,#2617);
#2612 = PLANE('',#2613);
#2613 = AXIS2_PLACEMENT_3D('',#2614,#2615,#2616);
#2614 = CARTESIAN_POINT('',(-9.58486,-3.4886,7.));
#2615 = DIRECTION('',(0.342018798718,-0.939693110182,3.0411689073E-17));
#2616 = DIRECTION('',(-0.939693110182,-0.342018798718,0.));
#2617 = DEFINITIONAL_REPRESENTATION('',(#2618),#2622);
#2618 = LINE('',#2619,#2620);
#2619 = CARTESIAN_POINT('',(0.,0.));
#2620 = VECTOR('',#2621,1.);
#2621 = DIRECTION('',(-0.408716424355,-0.912661429262));
#2622 = ( GEOMETRIC_REPRESENTATION_CONTEXT(2) 
PARAMETRIC_REPRESENTATION_CONTEXT() REPRESENTATION_CONTEXT('2D SPACE',''
  ) );
#2623 = ORIENTED_EDGE('',*,*,#2624,.T.);
#2624 = EDGE_CURVE('',#2604,#2625,#2627,.T.);
#2625 = VERTEX_POINT('',#2626);
#2626 = CARTESIAN_POINT('',(-9.58486,-3.4886,12.));
#2627 = SURFACE_CURVE('',#2628,(#2632),.PCURVE_S1.);
#2628 = LINE('',#2629,#2630);
#2629 = CARTESIAN_POINT('',(-7.48075,-2.72277,12.));
#2630 = VECTOR('',#2631,1.);
#2631 = DIRECTION('',(-0.939693110182,-0.342018798718,0.));
#2632 = PCURVE('',#2612,#2633);
#2633 = DEFINITIONAL_REPRESENTATION('',(#2634),#2638);
#2634 = LINE('',#2635,#2636);
#2635 = CARTESIAN_POINT('',(-2.239145926687,-5.));
#2636 = VECTOR('',#2637,1.);
#2637 = DIRECTION('',(1.,0.));
#2638 = ( GEOMETRIC_REPRESENTATION_CONTEXT(2) 
PARAMETRIC_REPRESENTATION_CONTEXT() REPRESENTATION_CONTEXT('2D SPACE',''
  ) );
#2639 = ORIENTED_EDGE('',*,*,#2640,.T.);
#2640 = EDGE_CURVE('',#2625,#2602,#2641,.T.);
#2641 = SURFACE_CURVE('',#2642,(#2646),.PCURVE_S1.);
#2642 = LINE('',#2643,#2644);
#2643 = CARTESIAN_POINT('',(-9.58486,-3.4886,12.));
#2644 = VECTOR('',#2645,1.);
#2645 = DIRECTION('',(0.,0.,-1.));
#2646 = PCURVE('',#2612,#2647);
#2647 = DEFINITIONAL_REPRESENTATION('',(#2648),#2652);
#2648 = LINE('',#2649,#2650);
#2649 = CARTESIAN_POINT('',(0.,-5.));
#2650 = VECTOR('',#2651,1.);
#2651 = DIRECTION('',(0.,1.));
#2652 = ( GEOMETRIC_REPRESENTATION_CONTEXT(2) 
PARAMETRIC_REPRESENTATION_CONTEXT() REPRESENTATION_CONTEXT('2D SPACE',''
  ) );
#2653 = ( GEOMETRIC_REPRESENTATION_CONTEXT(3) 
GLOBAL_UNCERTAINTY_ASSIGNED_CONTEXT((#2657)) 
GLOBAL_UNIT_ASSIGNED_CONTEXT((#2654,#2655,#2656)) REPRESENTATION_CONTEXT
('Context #1','3D Context with UNIT and UNCERTAINTY') );
#2654 = ( LENGTH_UNIT() NAMED_UNIT(*) SI_UNIT(.MILLI.,.METRE.) );
#2655 = ( NAMED_UNIT(*) PLANE_ANGLE_UNIT() SI_UNIT($,.RADIAN.) );
#2656 = ( NAMED_UNIT(*) SI_UNIT($,.STERADIAN.) SOLID_ANGLE_UNIT() );
#2657 = UNCERTAINTY_MEASURE_WITH_UNIT(LENGTH_MEASURE(1.E-07),#2654,
  'distance_accuracy_value','confusion accuracy');
#2658 = CONTEXT_DEPENDENT_SHAPE_REPRESENTATION(#2659,#2661);
#2659 = ( REPRESENTATION_RELATIONSHIP('','',#2594,#10) 
REPRESENTATION_RELATIONSHIP_WITH_TRANSFORMATION(#2660) 
SHAPE_REPRESENTATION_RELATIONSHIP() );
#2660 = ITEM_DEFINED_TRANSFORMATION('','',#11,#103);
#2661 = PRODUCT_DEFINITION_SHAPE('Placement','Placement of an item',
  #2662);
#2662 = NEXT_ASSEMBLY_USAGE_OCCURRENCE('1787','','',#5,#2589,$);
#2663 = PRODUCT_RELATED_PRODUCT_CATEGORY('part',$,(#2591));
#2664 = SHAPE_DEFINITION_REPRESENTATION(#2665,#2671);
#2665 = PRODUCT_DEFINITION_SHAPE('','',#2666);
#2666 = PRODUCT_DEFINITION('design','',#2667,#2670);
#2667 = PRODUCT_DEFINITION_FORMATION('','',#2668);
#2668 = PRODUCT('Open CASCADE STEP translator 7.9 2.24',
  'Open CASCADE STEP translator 7.9 2.24','',(#2669));
#2669 = PRODUCT_CONTEXT('',#2,'mechanical');
#2670 = PRODUCT_DEFINITION_CONTEXT('part definition',#2,'design');
#2671 = MANIFOLD_SURFACE_SHAPE_REPRESENTATION('',(#11,#2672),#2730);
#2672 = SHELL_BASED_SURFACE_MODEL('',(#2673));
#2673 = OPEN_SHELL('',(#2674));
#2674 = ADVANCED_FACE('',(#2675),#2689,.T.);
#2675 = FACE_BOUND('',#2676,.T.);
#2676 = EDGE_LOOP('',(#2677,#2700,#2716));
#2677 = ORIENTED_EDGE('',*,*,#2678,.F.);
#2678 = EDGE_CURVE('',#2679,#2681,#2683,.T.);
#2679 = VERTEX_POINT('',#2680);
#2680 = CARTESIAN_POINT('',(-9.58486,-3.4886,7.));
#2681 = VERTEX_POINT('',#2682);
#2682 = CARTESIAN_POINT('',(-7.48075,-2.72277,12.));
#2683 = SURFACE_CURVE('',#2684,(#2688),.PCURVE_S1.);
#2684 = LINE('',#2685,#2686);
#2685 = CARTESIAN_POINT('',(-9.58486,-3.4886,7.));
#2686 = VECTOR('',#2687,1.);
#2687 = DIRECTION('',(0.384068007985,0.139788700474,0.912661429262));
#2688 = PCURVE('',#2689,#2694);
#2689 = PLANE('',#2690);
#2690 = AXIS2_PLACEMENT_3D('',#2691,#2692,#2693);
#2691 = CARTESIAN_POINT('',(-7.48075,-2.72277,12.));
#2692 = DIRECTION('',(0.342018798718,-0.939693110182,3.0411689073E-17));
#2693 = DIRECTION('',(-0.939693110182,-0.342018798718,0.));
#2694 = DEFINITIONAL_REPRESENTATION('',(#2695),#2699);
#2695 = LINE('',#2696,#2697);
#2696 = CARTESIAN_POINT('',(2.239145926687,5.));
#2697 = VECTOR('',#2698,1.);
#2698 = DIRECTION('',(-0.408716424355,-0.912661429262));
#2699 = ( GEOMETRIC_REPRESENTATION_CONTEXT(2) 
PARAMETRIC_REPRESENTATION_CONTEXT() REPRESENTATION_CONTEXT('2D SPACE',''
  ) );
#2700 = ORIENTED_EDGE('',*,*,#2701,.T.);
#2701 = EDGE_CURVE('',#2679,#2702,#2704,.T.);
#2702 = VERTEX_POINT('',#2703);
#2703 = CARTESIAN_POINT('',(-7.48075,-2.72277,7.));
#2704 = SURFACE_CURVE('',#2705,(#2709),.PCURVE_S1.);
#2705 = LINE('',#2706,#2707);
#2706 = CARTESIAN_POINT('',(-9.58486,-3.4886,7.));
#2707 = VECTOR('',#2708,1.);
#2708 = DIRECTION('',(0.939693110182,0.342018798718,0.));
#2709 = PCURVE('',#2689,#2710);
#2710 = DEFINITIONAL_REPRESENTATION('',(#2711),#2715);
#2711 = LINE('',#2712,#2713);
#2712 = CARTESIAN_POINT('',(2.239145926687,5.));
#2713 = VECTOR('',#2714,1.);
#2714 = DIRECTION('',(-1.,0.));
#2715 = ( GEOMETRIC_REPRESENTATION_CONTEXT(2) 
PARAMETRIC_REPRESENTATION_CONTEXT() REPRESENTATION_CONTEXT('2D SPACE',''
  ) );
#2716 = ORIENTED_EDGE('',*,*,#2717,.T.);
#2717 = EDGE_CURVE('',#2702,#2681,#2718,.T.);
#2718 = SURFACE_CURVE('',#2719,(#2723),.PCURVE_S1.);
#2719 = LINE('',#2720,#2721);
#2720 = CARTESIAN_POINT('',(-7.48075,-2.72277,7.));
#2721 = VECTOR('',#2722,1.);
#2722 = DIRECTION('',(0.,0.,1.));
#2723 = PCURVE('',#2689,#2724);
#2724 = DEFINITIONAL_REPRESENTATION('',(#2725),#2729);
#2725 = LINE('',#2726,#2727);
#2726 = CARTESIAN_POINT('',(-0.,5.));
#2727 = VECTOR('',#2728,1.);
#2728 = DIRECTION('',(0.,-1.));
#2729 = ( GEOMETRIC_REPRESENTATION_CONTEXT(2) 
PARAMETRIC_REPRESENTATION_CONTEXT() REPRESENTATION_CONTEXT('2D SPACE',''
  ) );
#2730 = ( GEOMETRIC_REPRESENTATION_CONTEXT(3) 
GLOBAL_UNCERTAINTY_ASSIGNED_CONTEXT((#2734)) 
GLOBAL_UNIT_ASSIGNED_CONTEXT((#2731,#2732,#2733)) REPRESENTATION_CONTEXT
('Context #1','3D Context with UNIT and UNCERTAINTY') );
#2731 = ( LENGTH_UNIT() NAMED_UNIT(*) SI_UNIT(.MILLI.,.METRE.) );
#2732 = ( NAMED_UNIT(*) PLANE_ANGLE_UNIT() SI_UNIT($,.RADIAN.) );
#2733 = ( NAMED_UNIT(*) SI_UNIT($,.STERADIAN.) SOLID_ANGLE_UNIT() );
#2734 = UNCERTAINTY_MEASURE_WITH_UNIT(LENGTH_MEASURE(1.E-07),#2731,
  'distance_accuracy_value','confusion accuracy');
#2735 = CONTEXT_DEPENDENT_SHAPE_REPRESENTATION(#2736,#2738);
#2736 = ( REPRESENTATION_RELATIONSHIP('','',#2671,#10) 
REPRESENTATION_RELATIONSHIP_WITH_TRANSFORMATION(#2737) 
SHAPE_REPRESENTATION_RELATIONSHIP() );
#2737 = ITEM_DEFINED_TRANSFORMATION('','',#11,#107);
#2738 = PRODUCT_DEFINITION_SHAPE('Placement','Placement of an item',
  #2739);
#2739 = NEXT_ASSEMBLY_USAGE_OCCURRENCE('1788','','',#5,#2666,$);
#2740 = PRODUCT_RELATED_PRODUCT_CATEGORY('part',$,(#2668));
#2741 = SHAPE_DEFINITION_REPRESENTATION(#2742,#2748);
#2742 = PRODUCT_DEFINITION_SHAPE('','',#2743);
#2743 = PRODUCT_DEFINITION('design','',#2744,#2747);
#2744 = PRODUCT_DEFINITION_FORMATION('','',#2745);
#2745 = PRODUCT('Open CASCADE STEP translator 7.9 2.25',
  'Open CASCADE STEP translator 7.9 2.25','',(#2746));
#2746 = PRODUCT_CONTEXT('',#2,'mechanical');
#2747 = PRODUCT_DEFINITION_CONTEXT('part definition',#2,'design');
#2748 = MANIFOLD_SURFACE_SHAPE_REPRESENTATION('',(#11,#2749),#2807);
#2749 = SHELL_BASED_SURFACE_MODEL('',(#2750));
#2750 = OPEN_SHELL('',(#2751));
#2751 = ADVANCED_FACE('',(#2752),#2766,.T.);
#2752 = FACE_BOUND('',#2753,.T.);
#2753 = EDGE_LOOP('',(#2754,#2777,#2793));
#2754 = ORIENTED_EDGE('',*,*,#2755,.T.);
#2755 = EDGE_CURVE('',#2756,#2758,#2760,.T.);
#2756 = VERTEX_POINT('',#2757);
#2757 = CARTESIAN_POINT('',(-10.2,0.,7.));
#2758 = VERTEX_POINT('',#2759);
#2759 = CARTESIAN_POINT('',(-9.58486,3.4886,12.));
#2760 = SURFACE_CURVE('',#2761,(#2765),.PCURVE_S1.);
#2761 = LINE('',#2762,#2763);
#2762 = CARTESIAN_POINT('',(-10.2,0.,7.));
#2763 = VECTOR('',#2764,1.);
#2764 = DIRECTION('',(0.100386741694,0.569316232198,0.815966622998));
#2765 = PCURVE('',#2766,#2771);
#2766 = PLANE('',#2767);
#2767 = AXIS2_PLACEMENT_3D('',#2768,#2769,#2770);
#2768 = CARTESIAN_POINT('',(-10.2,0.,7.));
#2769 = DIRECTION('',(-0.98480747808,0.173649736876,-0.));
#2770 = DIRECTION('',(-0.173649736876,-0.98480747808,0.));
#2771 = DEFINITIONAL_REPRESENTATION('',(#2772),#2776);
#2772 = LINE('',#2773,#2774);
#2773 = CARTESIAN_POINT('',(0.,0.));
#2774 = VECTOR('',#2775,1.);
#2775 = DIRECTION('',(-0.578099014143,0.815966622998));
#2776 = ( GEOMETRIC_REPRESENTATION_CONTEXT(2) 
PARAMETRIC_REPRESENTATION_CONTEXT() REPRESENTATION_CONTEXT('2D SPACE',''
  ) );
#2777 = ORIENTED_EDGE('',*,*,#2778,.F.);
#2778 = EDGE_CURVE('',#2779,#2758,#2781,.T.);
#2779 = VERTEX_POINT('',#2780);
#2780 = CARTESIAN_POINT('',(-9.58486,3.4886,7.));
#2781 = SURFACE_CURVE('',#2782,(#2786),.PCURVE_S1.);
#2782 = LINE('',#2783,#2784);
#2783 = CARTESIAN_POINT('',(-9.58486,3.4886,7.));
#2784 = VECTOR('',#2785,1.);
#2785 = DIRECTION('',(0.,0.,1.));
#2786 = PCURVE('',#2766,#2787);
#2787 = DEFINITIONAL_REPRESENTATION('',(#2788),#2792);
#2788 = LINE('',#2789,#2790);
#2789 = CARTESIAN_POINT('',(-3.542418267173,0.));
#2790 = VECTOR('',#2791,1.);
#2791 = DIRECTION('',(0.,1.));
#2792 = ( GEOMETRIC_REPRESENTATION_CONTEXT(2) 
PARAMETRIC_REPRESENTATION_CONTEXT() REPRESENTATION_CONTEXT('2D SPACE',''
  ) );
#2793 = ORIENTED_EDGE('',*,*,#2794,.T.);
#2794 = EDGE_CURVE('',#2779,#2756,#2795,.T.);
#2795 = SURFACE_CURVE('',#2796,(#2800),.PCURVE_S1.);
#2796 = LINE('',#2797,#2798);
#2797 = CARTESIAN_POINT('',(-9.58486,3.4886,7.));
#2798 = VECTOR('',#2799,1.);
#2799 = DIRECTION('',(-0.173649736876,-0.98480747808,0.));
#2800 = PCURVE('',#2766,#2801);
#2801 = DEFINITIONAL_REPRESENTATION('',(#2802),#2806);
#2802 = LINE('',#2803,#2804);
#2803 = CARTESIAN_POINT('',(-3.542418267173,0.));
#2804 = VECTOR('',#2805,1.);
#2805 = DIRECTION('',(1.,0.));
#2806 = ( GEOMETRIC_REPRESENTATION_CONTEXT(2) 
PARAMETRIC_REPRESENTATION_CONTEXT() REPRESENTATION_CONTEXT('2D SPACE',''
  ) );
#2807 = ( GEOMETRIC_REPRESENTATION_CONTEXT(3) 
GLOBAL_UNCERTAINTY_ASSIGNED_CONTEXT((#2811)) 
GLOBAL_UNIT_ASSIGNED_CONTEXT((#2808,#2809,#2810)) REPRESENTATION_CONTEXT
('Context #1','3D Context with UNIT and UNCERTAINTY') );
#2808 = ( LENGTH_UNIT() NAMED_UNIT(*) SI_UNIT(.MILLI.,.METRE.) );
#2809 = ( NAMED_UNIT(*) PLANE_ANGLE_UNIT() SI_UNIT($,.RADIAN.) );
#2810 = ( NAMED_UNIT(*) SI_UNIT($,.STERADIAN.) SOLID_ANGLE_UNIT() );
#2811 = UNCERTAINTY_MEASURE_WITH_UNIT(LENGTH_MEASURE(1.E-07),#2808,
  'distance_accuracy_value','confusion accuracy');
#2812 = CONTEXT_DEPENDENT_SHAPE_REPRESENTATION(#2813,#2815);
#2813 = ( REPRESENTATION_RELATIONSHIP('','',#2748,#10) 
REPRESENTATION_RELATIONSHIP_WITH_TRANSFORMATION(#2814) 
SHAPE_REPRESENTATION_RELATIONSHIP() );
#2814 = ITEM_DEFINED_TRANSFORMATION('','',#11,#111);
#2815 = PRODUCT_DEFINITION_SHAPE('Placement','Placement of an item',
  #2816);
#2816 = NEXT_ASSEMBLY_USAGE_OCCURRENCE('1789','','',#5,#2743,$);
#2817 = PRODUCT_RELATED_PRODUCT_CATEGORY('part',$,(#2745));
#2818 = SHAPE_DEFINITION_REPRESENTATION(#2819,#2825);
#2819 = PRODUCT_DEFINITION_SHAPE('','',#2820);
#2820 = PRODUCT_DEFINITION('design','',#2821,#2824);
#2821 = PRODUCT_DEFINITION_FORMATION('','',#2822);
#2822 = PRODUCT('Open CASCADE STEP translator 7.9 2.26',
  'Open CASCADE STEP translator 7.9 2.26','',(#2823));
#2823 = PRODUCT_CONTEXT('',#2,'mechanical');
#2824 = PRODUCT_DEFINITION_CONTEXT('part definition',#2,'design');
#2825 = MANIFOLD_SURFACE_SHAPE_REPRESENTATION('',(#11,#2826),#2884);
#2826 = SHELL_BASED_SURFACE_MODEL('',(#2827));
#2827 = OPEN_SHELL('',(#2828));
#2828 = ADVANCED_FACE('',(#2829),#2843,.T.);
#2829 = FACE_BOUND('',#2830,.T.);
#2830 = EDGE_LOOP('',(#2831,#2854,#2870));
#2831 = ORIENTED_EDGE('',*,*,#2832,.F.);
#2832 = EDGE_CURVE('',#2833,#2835,#2837,.T.);
#2833 = VERTEX_POINT('',#2834);
#2834 = CARTESIAN_POINT('',(-10.2,0.,7.));
#2835 = VERTEX_POINT('',#2836);
#2836 = CARTESIAN_POINT('',(-9.58486,3.4886,12.));
#2837 = SURFACE_CURVE('',#2838,(#2842),.PCURVE_S1.);
#2838 = LINE('',#2839,#2840);
#2839 = CARTESIAN_POINT('',(-10.2,0.,7.));
#2840 = VECTOR('',#2841,1.);
#2841 = DIRECTION('',(0.100386741694,0.569316232198,0.815966622998));
#2842 = PCURVE('',#2843,#2848);
#2843 = PLANE('',#2844);
#2844 = AXIS2_PLACEMENT_3D('',#2845,#2846,#2847);
#2845 = CARTESIAN_POINT('',(-9.58486,3.4886,12.));
#2846 = DIRECTION('',(-0.98480747808,0.173649736876,-0.));
#2847 = DIRECTION('',(-0.173649736876,-0.98480747808,0.));
#2848 = DEFINITIONAL_REPRESENTATION('',(#2849),#2853);
#2849 = LINE('',#2850,#2851);
#2850 = CARTESIAN_POINT('',(3.542418267173,-5.));
#2851 = VECTOR('',#2852,1.);
#2852 = DIRECTION('',(-0.578099014143,0.815966622998));
#2853 = ( GEOMETRIC_REPRESENTATION_CONTEXT(2) 
PARAMETRIC_REPRESENTATION_CONTEXT() REPRESENTATION_CONTEXT('2D SPACE',''
  ) );
#2854 = ORIENTED_EDGE('',*,*,#2855,.T.);
#2855 = EDGE_CURVE('',#2833,#2856,#2858,.T.);
#2856 = VERTEX_POINT('',#2857);
#2857 = CARTESIAN_POINT('',(-10.2,0.,12.));
#2858 = SURFACE_CURVE('',#2859,(#2863),.PCURVE_S1.);
#2859 = LINE('',#2860,#2861);
#2860 = CARTESIAN_POINT('',(-10.2,0.,7.));
#2861 = VECTOR('',#2862,1.);
#2862 = DIRECTION('',(0.,0.,1.));
#2863 = PCURVE('',#2843,#2864);
#2864 = DEFINITIONAL_REPRESENTATION('',(#2865),#2869);
#2865 = LINE('',#2866,#2867);
#2866 = CARTESIAN_POINT('',(3.542418267173,-5.));
#2867 = VECTOR('',#2868,1.);
#2868 = DIRECTION('',(0.,1.));
#2869 = ( GEOMETRIC_REPRESENTATION_CONTEXT(2) 
PARAMETRIC_REPRESENTATION_CONTEXT() REPRESENTATION_CONTEXT('2D SPACE',''
  ) );
#2870 = ORIENTED_EDGE('',*,*,#2871,.T.);
#2871 = EDGE_CURVE('',#2856,#2835,#2872,.T.);
#2872 = SURFACE_CURVE('',#2873,(#2877),.PCURVE_S1.);
#2873 = LINE('',#2874,#2875);
#2874 = CARTESIAN_POINT('',(-10.2,0.,12.));
#2875 = VECTOR('',#2876,1.);
#2876 = DIRECTION('',(0.173649736876,0.98480747808,0.));
#2877 = PCURVE('',#2843,#2878);
#2878 = DEFINITIONAL_REPRESENTATION('',(#2879),#2883);
#2879 = LINE('',#2880,#2881);
#2880 = CARTESIAN_POINT('',(3.542418267173,0.));
#2881 = VECTOR('',#2882,1.);
#2882 = DIRECTION('',(-1.,0.));
#2883 = ( GEOMETRIC_REPRESENTATION_CONTEXT(2) 
PARAMETRIC_REPRESENTATION_CONTEXT() REPRESENTATION_CONTEXT('2D SPACE',''
  ) );
#2884 = ( GEOMETRIC_REPRESENTATION_CONTEXT(3) 
GLOBAL_UNCERTAINTY_ASSIGNED_CONTEXT((#2888)) 
GLOBAL_UNIT_ASSIGNED_CONTEXT((#2885,#2886,#2887)) REPRESENTATION_CONTEXT
('Context #1','3D Context with UNIT and UNCERTAINTY') );
#2885 = ( LENGTH_UNIT() NAMED_UNIT(*) SI_UNIT(.MILLI.,.METRE.) );
#2886 = ( NAMED_UNIT(*) PLANE_ANGLE_UNIT() SI_UNIT($,.RADIAN.) );
#2887 = ( NAMED_UNIT(*) SI_UNIT($,.STERADIAN.) SOLID_ANGLE_UNIT() );
#2888 = UNCERTAINTY_MEASURE_WITH_UNIT(LENGTH_MEASURE(1.E-07),#2885,
  'distance_accuracy_value','confusion accuracy');
#2889 = CONTEXT_DEPENDENT_SHAPE_REPRESENTATION(#2890,#2892);
#2890 = ( REPRESENTATION_RELATIONSHIP('','',#2825,#10) 
REPRESENTATION_RELATIONSHIP_WITH_TRANSFORMATION(#2891) 
SHAPE_REPRESENTATION_RELATIONSHIP() );
#2891 = ITEM_DEFINED_TRANSFORMATION('','',#11,#115);
#2892 = PRODUCT_DEFINITION_SHAPE('Placement','Placement of an item',
  #2893);
#2893 = NEXT_ASSEMBLY_USAGE_OCCURRENCE('1790','','',#5,#2820,$);
#2894 = PRODUCT_RELATED_PRODUCT_CATEGORY('part',$,(#2822));
#2895 = SHAPE_DEFINITION_REPRESENTATION(#2896,#2902);
#2896 = PRODUCT_DEFINITION_SHAPE('','',#2897);
#2897 = PRODUCT_DEFINITION('design','',#2898,#2901);
#2898 = PRODUCT_DEFINITION_FORMATION('','',#2899);
#2899 = PRODUCT('Open CASCADE STEP translator 7.9 2.27',
  'Open CASCADE STEP translator 7.9 2.27','',(#2900));
#2900 = PRODUCT_CONTEXT('',#2,'mechanical');
#2901 = PRODUCT_DEFINITION_CONTEXT('part definition',#2,'design');
#2902 = MANIFOLD_SURFACE_SHAPE_REPRESENTATION('',(#11,#2903),#2961);
#2903 = SHELL_BASED_SURFACE_MODEL('',(#2904));
#2904 = OPEN_SHELL('',(#2905));
#2905 = ADVANCED_FACE('',(#2906),#2920,.T.);
#2906 = FACE_BOUND('',#2907,.T.);
#2907 = EDGE_LOOP('',(#2908,#2931,#2947));
#2908 = ORIENTED_EDGE('',*,*,#2909,.T.);
#2909 = EDGE_CURVE('',#2910,#2912,#2914,.T.);
#2910 = VERTEX_POINT('',#2911);
#2911 = CARTESIAN_POINT('',(-10.2,0.,7.));
#2912 = VERTEX_POINT('',#2913);
#2913 = CARTESIAN_POINT('',(-7.60845,-2.47214,7.));
#2914 = SURFACE_CURVE('',#2915,(#2919),.PCURVE_S1.);
#2915 = LINE('',#2916,#2917);
#2916 = CARTESIAN_POINT('',(-10.2,0.,7.));
#2917 = VECTOR('',#2918,1.);
#2918 = DIRECTION('',(0.723580341829,-0.690240167564,0.));
#2919 = PCURVE('',#2920,#2925);
#2920 = PLANE('',#2921);
#2921 = AXIS2_PLACEMENT_3D('',#2922,#2923,#2924);
#2922 = CARTESIAN_POINT('',(-10.2,0.,7.));
#2923 = DIRECTION('',(0.,-0.,-1.));
#2924 = DIRECTION('',(-1.,0.,-0.));
#2925 = DEFINITIONAL_REPRESENTATION('',(#2926),#2930);
#2926 = LINE('',#2927,#2928);
#2927 = CARTESIAN_POINT('',(0.,0.));
#2928 = VECTOR('',#2929,1.);
#2929 = DIRECTION('',(-0.723580341829,-0.690240167564));
#2930 = ( GEOMETRIC_REPRESENTATION_CONTEXT(2) 
PARAMETRIC_REPRESENTATION_CONTEXT() REPRESENTATION_CONTEXT('2D SPACE',''
  ) );
#2931 = ORIENTED_EDGE('',*,*,#2932,.T.);
#2932 = EDGE_CURVE('',#2912,#2933,#2935,.T.);
#2933 = VERTEX_POINT('',#2934);
#2934 = CARTESIAN_POINT('',(-9.58486,-3.4886,7.));
#2935 = SURFACE_CURVE('',#2936,(#2940),.PCURVE_S1.);
#2936 = LINE('',#2937,#2938);
#2937 = CARTESIAN_POINT('',(-7.60845,-2.47214,7.));
#2938 = VECTOR('',#2939,1.);
#2939 = DIRECTION('',(-0.889284037704,-0.45735533263,0.));
#2940 = PCURVE('',#2920,#2941);
#2941 = DEFINITIONAL_REPRESENTATION('',(#2942),#2946);
#2942 = LINE('',#2943,#2944);
#2943 = CARTESIAN_POINT('',(-2.59155,-2.47214));
#2944 = VECTOR('',#2945,1.);
#2945 = DIRECTION('',(0.889284037704,-0.45735533263));
#2946 = ( GEOMETRIC_REPRESENTATION_CONTEXT(2) 
PARAMETRIC_REPRESENTATION_CONTEXT() REPRESENTATION_CONTEXT('2D SPACE',''
  ) );
#2947 = ORIENTED_EDGE('',*,*,#2948,.T.);
#2948 = EDGE_CURVE('',#2933,#2910,#2949,.T.);
#2949 = SURFACE_CURVE('',#2950,(#2954),.PCURVE_S1.);
#2950 = LINE('',#2951,#2952);
#2951 = CARTESIAN_POINT('',(-9.58486,-3.4886,7.));
#2952 = VECTOR('',#2953,1.);
#2953 = DIRECTION('',(-0.173649736876,0.98480747808,0.));
#2954 = PCURVE('',#2920,#2955);
#2955 = DEFINITIONAL_REPRESENTATION('',(#2956),#2960);
#2956 = LINE('',#2957,#2958);
#2957 = CARTESIAN_POINT('',(-0.61514,-3.4886));
#2958 = VECTOR('',#2959,1.);
#2959 = DIRECTION('',(0.173649736876,0.98480747808));
#2960 = ( GEOMETRIC_REPRESENTATION_CONTEXT(2) 
PARAMETRIC_REPRESENTATION_CONTEXT() REPRESENTATION_CONTEXT('2D SPACE',''
  ) );
#2961 = ( GEOMETRIC_REPRESENTATION_CONTEXT(3) 
GLOBAL_UNCERTAINTY_ASSIGNED_CONTEXT((#2965)) 
GLOBAL_UNIT_ASSIGNED_CONTEXT((#2962,#2963,#2964)) REPRESENTATION_CONTEXT
('Context #1','3D Context with UNIT and UNCERTAINTY') );
#2962 = ( LENGTH_UNIT() NAMED_UNIT(*) SI_UNIT(.MILLI.,.METRE.) );
#2963 = ( NAMED_UNIT(*) PLANE_ANGLE_UNIT() SI_UNIT($,.RADIAN.) );
#2964 = ( NAMED_UNIT(*) SI_UNIT($,.STERADIAN.) SOLID_ANGLE_UNIT() );
#2965 = UNCERTAINTY_MEASURE_WITH_UNIT(LENGTH_MEASURE(1.E-07),#2962,
  'distance_accuracy_value','confusion accuracy');
#2966 = CONTEXT_DEPENDENT_SHAPE_REPRESENTATION(#2967,#2969);
#2967 = ( REPRESENTATION_RELATIONSHIP('','',#2902,#10) 
REPRESENTATION_RELATIONSHIP_WITH_TRANSFORMATION(#2968) 
SHAPE_REPRESENTATION_RELATIONSHIP() );
#2968 = ITEM_DEFINED_TRANSFORMATION('','',#11,#119);
#2969 = PRODUCT_DEFINITION_SHAPE('Placement','Placement of an item',
  #2970);
#2970 = NEXT_ASSEMBLY_USAGE_OCCURRENCE('1791','','',#5,#2897,$);
#2971 = PRODUCT_RELATED_PRODUCT_CATEGORY('part',$,(#2899));
#2972 = SHAPE_DEFINITION_REPRESENTATION(#2973,#2979);
#2973 = PRODUCT_DEFINITION_SHAPE('','',#2974);
#2974 = PRODUCT_DEFINITION('design','',#2975,#2978);
#2975 = PRODUCT_DEFINITION_FORMATION('','',#2976);
#2976 = PRODUCT('Open CASCADE STEP translator 7.9 2.28',
  'Open CASCADE STEP translator 7.9 2.28','',(#2977));
#2977 = PRODUCT_CONTEXT('',#2,'mechanical');
#2978 = PRODUCT_DEFINITION_CONTEXT('part definition',#2,'design');
#2979 = MANIFOLD_SURFACE_SHAPE_REPRESENTATION('',(#11,#2980),#3038);
#2980 = SHELL_BASED_SURFACE_MODEL('',(#2981));
#2981 = OPEN_SHELL('',(#2982));
#2982 = ADVANCED_FACE('',(#2983),#2997,.T.);
#2983 = FACE_BOUND('',#2984,.T.);
#2984 = EDGE_LOOP('',(#2985,#3008,#3024));
#2985 = ORIENTED_EDGE('',*,*,#2986,.F.);
#2986 = EDGE_CURVE('',#2987,#2989,#2991,.T.);
#2987 = VERTEX_POINT('',#2988);
#2988 = CARTESIAN_POINT('',(-7.60845,-2.47214,7.));
#2989 = VERTEX_POINT('',#2990);
#2990 = CARTESIAN_POINT('',(-9.58486,-3.4886,7.));
#2991 = SURFACE_CURVE('',#2992,(#2996),.PCURVE_S1.);
#2992 = LINE('',#2993,#2994);
#2993 = CARTESIAN_POINT('',(-7.60845,-2.47214,7.));
#2994 = VECTOR('',#2995,1.);
#2995 = DIRECTION('',(-0.889284037704,-0.45735533263,0.));
#2996 = PCURVE('',#2997,#3002);
#2997 = PLANE('',#2998);
#2998 = AXIS2_PLACEMENT_3D('',#2999,#3000,#3001);
#2999 = CARTESIAN_POINT('',(-9.58486,-3.4886,7.));
#3000 = DIRECTION('',(-0.,-0.,-1.));
#3001 = DIRECTION('',(-1.,0.,0.));
#3002 = DEFINITIONAL_REPRESENTATION('',(#3003),#3007);
#3003 = LINE('',#3004,#3005);
#3004 = CARTESIAN_POINT('',(-1.97641,1.01646));
#3005 = VECTOR('',#3006,1.);
#3006 = DIRECTION('',(0.889284037704,-0.45735533263));
#3007 = ( GEOMETRIC_REPRESENTATION_CONTEXT(2) 
PARAMETRIC_REPRESENTATION_CONTEXT() REPRESENTATION_CONTEXT('2D SPACE',''
  ) );
#3008 = ORIENTED_EDGE('',*,*,#3009,.T.);
#3009 = EDGE_CURVE('',#2987,#3010,#3012,.T.);
#3010 = VERTEX_POINT('',#3011);
#3011 = CARTESIAN_POINT('',(-7.48075,-2.72277,7.));
#3012 = SURFACE_CURVE('',#3013,(#3017),.PCURVE_S1.);
#3013 = LINE('',#3014,#3015);
#3014 = CARTESIAN_POINT('',(-7.60845,-2.47214,7.));
#3015 = VECTOR('',#3016,1.);
#3016 = DIRECTION('',(0.45398382936,-0.891009922885,0.));
#3017 = PCURVE('',#2997,#3018);
#3018 = DEFINITIONAL_REPRESENTATION('',(#3019),#3023);
#3019 = LINE('',#3020,#3021);
#3020 = CARTESIAN_POINT('',(-1.97641,1.01646));
#3021 = VECTOR('',#3022,1.);
#3022 = DIRECTION('',(-0.45398382936,-0.891009922885));
#3023 = ( GEOMETRIC_REPRESENTATION_CONTEXT(2) 
PARAMETRIC_REPRESENTATION_CONTEXT() REPRESENTATION_CONTEXT('2D SPACE',''
  ) );
#3024 = ORIENTED_EDGE('',*,*,#3025,.F.);
#3025 = EDGE_CURVE('',#2989,#3010,#3026,.T.);
#3026 = SURFACE_CURVE('',#3027,(#3031),.PCURVE_S1.);
#3027 = LINE('',#3028,#3029);
#3028 = CARTESIAN_POINT('',(-9.58486,-3.4886,7.));
#3029 = VECTOR('',#3030,1.);
#3030 = DIRECTION('',(0.939693110182,0.342018798718,0.));
#3031 = PCURVE('',#2997,#3032);
#3032 = DEFINITIONAL_REPRESENTATION('',(#3033),#3037);
#3033 = LINE('',#3034,#3035);
#3034 = CARTESIAN_POINT('',(0.,0.));
#3035 = VECTOR('',#3036,1.);
#3036 = DIRECTION('',(-0.939693110182,0.342018798718));
#3037 = ( GEOMETRIC_REPRESENTATION_CONTEXT(2) 
PARAMETRIC_REPRESENTATION_CONTEXT() REPRESENTATION_CONTEXT('2D SPACE',''
  ) );
#3038 = ( GEOMETRIC_REPRESENTATION_CONTEXT(3) 
GLOBAL_UNCERTAINTY_ASSIGNED_CONTEXT((#3042)) 
GLOBAL_UNIT_ASSIGNED_CONTEXT((#3039,#3040,#3041)) REPRESENTATION_CONTEXT
('Context #1','3D Context with UNIT and UNCERTAINTY') );
#3039 = ( LENGTH_UNIT() NAMED_UNIT(*) SI_UNIT(.MILLI.,.METRE.) );
#3040 = ( NAMED_UNIT(*) PLANE_ANGLE_UNIT() SI_UNIT($,.RADIAN.) );
#3041 = ( NAMED_UNIT(*) SI_UNIT($,.STERADIAN.) SOLID_ANGLE_UNIT() );
#3042 = UNCERTAINTY_MEASURE_WITH_UNIT(LENGTH_MEASURE(1.E-07),#3039,
  'distance_accuracy_value','confusion accuracy');
#3043 = CONTEXT_DEPENDENT_SHAPE_REPRESENTATION(#3044,#3046);
#3044 = ( REPRESENTATION_RELATIONSHIP('','',#2979,#10) 
REPRESENTATION_RELATIONSHIP_WITH_TRANSFORMATION(#3045) 
SHAPE_REPRESENTATION_RELATIONSHIP() );
#3045 = ITEM_DEFINED_TRANSFORMATION('','',#11,#123);
#3046 = PRODUCT_DEFINITION_SHAPE('Placement','Placement of an item',
  #3047);
#3047 = NEXT_ASSEMBLY_USAGE_OCCURRENCE('1792','','',#5,#2974,$);
#3048 = PRODUCT_RELATED_PRODUCT_CATEGORY('part',$,(#2976));
#3049 = SHAPE_DEFINITION_REPRESENTATION(#3050,#3056);
#3050 = PRODUCT_DEFINITION_SHAPE('','',#3051);
#3051 = PRODUCT_DEFINITION('design','',#3052,#3055);
#3052 = PRODUCT_DEFINITION_FORMATION('','',#3053);
#3053 = PRODUCT('Open CASCADE STEP translator 7.9 2.29',
  'Open CASCADE STEP translator 7.9 2.29','',(#3054));
#3054 = PRODUCT_CONTEXT('',#2,'mechanical');
#3055 = PRODUCT_DEFINITION_CONTEXT('part definition',#2,'design');
#3056 = MANIFOLD_SURFACE_SHAPE_REPRESENTATION('',(#11,#3057),#3115);
#3057 = SHELL_BASED_SURFACE_MODEL('',(#3058));
#3058 = OPEN_SHELL('',(#3059));
#3059 = ADVANCED_FACE('',(#3060),#3074,.T.);
#3060 = FACE_BOUND('',#3061,.T.);
#3061 = EDGE_LOOP('',(#3062,#3085,#3101));
#3062 = ORIENTED_EDGE('',*,*,#3063,.F.);
#3063 = EDGE_CURVE('',#3064,#3066,#3068,.T.);
#3064 = VERTEX_POINT('',#3065);
#3065 = CARTESIAN_POINT('',(-10.2,0.,7.));
#3066 = VERTEX_POINT('',#3067);
#3067 = CARTESIAN_POINT('',(-7.60845,-2.47214,7.));
#3068 = SURFACE_CURVE('',#3069,(#3073),.PCURVE_S1.);
#3069 = LINE('',#3070,#3071);
#3070 = CARTESIAN_POINT('',(-10.2,0.,7.));
#3071 = VECTOR('',#3072,1.);
#3072 = DIRECTION('',(0.723580341829,-0.690240167564,0.));
#3073 = PCURVE('',#3074,#3079);
#3074 = PLANE('',#3075);
#3075 = AXIS2_PLACEMENT_3D('',#3076,#3077,#3078);
#3076 = CARTESIAN_POINT('',(-7.60845,-2.47214,7.));
#3077 = DIRECTION('',(0.,-0.,-1.));
#3078 = DIRECTION('',(-1.,0.,-0.));
#3079 = DEFINITIONAL_REPRESENTATION('',(#3080),#3084);
#3080 = LINE('',#3081,#3082);
#3081 = CARTESIAN_POINT('',(2.59155,2.47214));
#3082 = VECTOR('',#3083,1.);
#3083 = DIRECTION('',(-0.723580341829,-0.690240167564));
#3084 = ( GEOMETRIC_REPRESENTATION_CONTEXT(2) 
PARAMETRIC_REPRESENTATION_CONTEXT() REPRESENTATION_CONTEXT('2D SPACE',''
  ) );
#3085 = ORIENTED_EDGE('',*,*,#3086,.T.);
#3086 = EDGE_CURVE('',#3064,#3087,#3089,.T.);
#3087 = VERTEX_POINT('',#3088);
#3088 = CARTESIAN_POINT('',(-8.,0.,7.));
#3089 = SURFACE_CURVE('',#3090,(#3094),.PCURVE_S1.);
#3090 = LINE('',#3091,#3092);
#3091 = CARTESIAN_POINT('',(-10.2,0.,7.));
#3092 = VECTOR('',#3093,1.);
#3093 = DIRECTION('',(1.,0.,0.));
#3094 = PCURVE('',#3074,#3095);
#3095 = DEFINITIONAL_REPRESENTATION('',(#3096),#3100);
#3096 = LINE('',#3097,#3098);
#3097 = CARTESIAN_POINT('',(2.59155,2.47214));
#3098 = VECTOR('',#3099,1.);
#3099 = DIRECTION('',(-1.,0.));
#3100 = ( GEOMETRIC_REPRESENTATION_CONTEXT(2) 
PARAMETRIC_REPRESENTATION_CONTEXT() REPRESENTATION_CONTEXT('2D SPACE',''
  ) );
#3101 = ORIENTED_EDGE('',*,*,#3102,.T.);
#3102 = EDGE_CURVE('',#3087,#3066,#3103,.T.);
#3103 = SURFACE_CURVE('',#3104,(#3108),.PCURVE_S1.);
#3104 = LINE('',#3105,#3106);
#3105 = CARTESIAN_POINT('',(-8.,0.,7.));
#3106 = VECTOR('',#3107,1.);
#3107 = DIRECTION('',(0.15643504565,-0.987688248635,0.));
#3108 = PCURVE('',#3074,#3109);
#3109 = DEFINITIONAL_REPRESENTATION('',(#3110),#3114);
#3110 = LINE('',#3111,#3112);
#3111 = CARTESIAN_POINT('',(0.39155,2.47214));
#3112 = VECTOR('',#3113,1.);
#3113 = DIRECTION('',(-0.15643504565,-0.987688248635));
#3114 = ( GEOMETRIC_REPRESENTATION_CONTEXT(2) 
PARAMETRIC_REPRESENTATION_CONTEXT() REPRESENTATION_CONTEXT('2D SPACE',''
  ) );
#3115 = ( GEOMETRIC_REPRESENTATION_CONTEXT(3) 
GLOBAL_UNCERTAINTY_ASSIGNED_CONTEXT((#3119)) 
GLOBAL_UNIT_ASSIGNED_CONTEXT((#3116,#3117,#3118)) REPRESENTATION_CONTEXT
('Context #1','3D Context with UNIT and UNCERTAINTY') );
#3116 = ( LENGTH_UNIT() NAMED_UNIT(*) SI_UNIT(.MILLI.,.METRE.) );
#3117 = ( NAMED_UNIT(*) PLANE_ANGLE_UNIT() SI_UNIT($,.RADIAN.) );
#3118 = ( NAMED_UNIT(*) SI_UNIT($,.STERADIAN.) SOLID_ANGLE_UNIT() );
#3119 = UNCERTAINTY_MEASURE_WITH_UNIT(LENGTH_MEASURE(1.E-07),#3116,
  'distance_accuracy_value','confusion accuracy');
#3120 = CONTEXT_DEPENDENT_SHAPE_REPRESENTATION(#3121,#3123);
#3121 = ( REPRESENTATION_RELATIONSHIP('','',#3056,#10) 
REPRESENTATION_RELATIONSHIP_WITH_TRANSFORMATION(#3122) 
SHAPE_REPRESENTATION_RELATIONSHIP() );
#3122 = ITEM_DEFINED_TRANSFORMATION('','',#11,#127);
#3123 = PRODUCT_DEFINITION_SHAPE('Placement','Placement of an item',
  #3124);
#3124 = NEXT_ASSEMBLY_USAGE_OCCURRENCE('1793','','',#5,#3051,$);
#3125 = PRODUCT_RELATED_PRODUCT_CATEGORY('part',$,(#3053));
#3126 = SHAPE_DEFINITION_REPRESENTATION(#3127,#3133);
#3127 = PRODUCT_DEFINITION_SHAPE('','',#3128);
#3128 = PRODUCT_DEFINITION('design','',#3129,#3132);
#3129 = PRODUCT_DEFINITION_FORMATION('','',#3130);
#3130 = PRODUCT('Open CASCADE STEP translator 7.9 2.30',
  'Open CASCADE STEP translator 7.9 2.30','',(#3131));
#3131 = PRODUCT_CONTEXT('',#2,'mechanical');
#3132 = PRODUCT_DEFINITION_CONTEXT('part definition',#2,'design');
#3133 = MANIFOLD_SURFACE_SHAPE_REPRESENTATION('',(#11,#3134),#3192);
#3134 = SHELL_BASED_SURFACE_MODEL('',(#3135));
#3135 = OPEN_SHELL('',(#3136));
#3136 = ADVANCED_FACE('',(#3137),#3151,.T.);
#3137 = FACE_BOUND('',#3138,.T.);
#3138 = EDGE_LOOP('',(#3139,#3162,#3178));
#3139 = ORIENTED_EDGE('',*,*,#3140,.T.);
#3140 = EDGE_CURVE('',#3141,#3143,#3145,.T.);
#3141 = VERTEX_POINT('',#3142);
#3142 = CARTESIAN_POINT('',(-7.60845,2.47214,7.));
#3143 = VERTEX_POINT('',#3144);
#3144 = CARTESIAN_POINT('',(-9.58486,3.4886,7.));
#3145 = SURFACE_CURVE('',#3146,(#3150),.PCURVE_S1.);
#3146 = LINE('',#3147,#3148);
#3147 = CARTESIAN_POINT('',(-7.60845,2.47214,7.));
#3148 = VECTOR('',#3149,1.);
#3149 = DIRECTION('',(-0.889284037704,0.45735533263,0.));
#3150 = PCURVE('',#3151,#3156);
#3151 = PLANE('',#3152);
#3152 = AXIS2_PLACEMENT_3D('',#3153,#3154,#3155);
#3153 = CARTESIAN_POINT('',(-7.60845,2.47214,7.));
#3154 = DIRECTION('',(-0.,-0.,-1.));
#3155 = DIRECTION('',(-1.,0.,0.));
#3156 = DEFINITIONAL_REPRESENTATION('',(#3157),#3161);
#3157 = LINE('',#3158,#3159);
#3158 = CARTESIAN_POINT('',(0.,0.));
#3159 = VECTOR('',#3160,1.);
#3160 = DIRECTION('',(0.889284037704,0.45735533263));
#3161 = ( GEOMETRIC_REPRESENTATION_CONTEXT(2) 
PARAMETRIC_REPRESENTATION_CONTEXT() REPRESENTATION_CONTEXT('2D SPACE',''
  ) );
#3162 = ORIENTED_EDGE('',*,*,#3163,.F.);
#3163 = EDGE_CURVE('',#3164,#3143,#3166,.T.);
#3164 = VERTEX_POINT('',#3165);
#3165 = CARTESIAN_POINT('',(-7.48075,2.72277,7.));
#3166 = SURFACE_CURVE('',#3167,(#3171),.PCURVE_S1.);
#3167 = LINE('',#3168,#3169);
#3168 = CARTESIAN_POINT('',(-7.48075,2.72277,7.));
#3169 = VECTOR('',#3170,1.);
#3170 = DIRECTION('',(-0.939693110182,0.342018798718,0.));
#3171 = PCURVE('',#3151,#3172);
#3172 = DEFINITIONAL_REPRESENTATION('',(#3173),#3177);
#3173 = LINE('',#3174,#3175);
#3174 = CARTESIAN_POINT('',(-0.1277,0.25063));
#3175 = VECTOR('',#3176,1.);
#3176 = DIRECTION('',(0.939693110182,0.342018798718));
#3177 = ( GEOMETRIC_REPRESENTATION_CONTEXT(2) 
PARAMETRIC_REPRESENTATION_CONTEXT() REPRESENTATION_CONTEXT('2D SPACE',''
  ) );
#3178 = ORIENTED_EDGE('',*,*,#3179,.T.);
#3179 = EDGE_CURVE('',#3164,#3141,#3180,.T.);
#3180 = SURFACE_CURVE('',#3181,(#3185),.PCURVE_S1.);
#3181 = LINE('',#3182,#3183);
#3182 = CARTESIAN_POINT('',(-7.48075,2.72277,7.));
#3183 = VECTOR('',#3184,1.);
#3184 = DIRECTION('',(-0.45398382936,-0.891009922885,0.));
#3185 = PCURVE('',#3151,#3186);
#3186 = DEFINITIONAL_REPRESENTATION('',(#3187),#3191);
#3187 = LINE('',#3188,#3189);
#3188 = CARTESIAN_POINT('',(-0.1277,0.25063));
#3189 = VECTOR('',#3190,1.);
#3190 = DIRECTION('',(0.45398382936,-0.891009922885));
#3191 = ( GEOMETRIC_REPRESENTATION_CONTEXT(2) 
PARAMETRIC_REPRESENTATION_CONTEXT() REPRESENTATION_CONTEXT('2D SPACE',''
  ) );
#3192 = ( GEOMETRIC_REPRESENTATION_CONTEXT(3) 
GLOBAL_UNCERTAINTY_ASSIGNED_CONTEXT((#3196)) 
GLOBAL_UNIT_ASSIGNED_CONTEXT((#3193,#3194,#3195)) REPRESENTATION_CONTEXT
('Context #1','3D Context with UNIT and UNCERTAINTY') );
#3193 = ( LENGTH_UNIT() NAMED_UNIT(*) SI_UNIT(.MILLI.,.METRE.) );
#3194 = ( NAMED_UNIT(*) PLANE_ANGLE_UNIT() SI_UNIT($,.RADIAN.) );
#3195 = ( NAMED_UNIT(*) SI_UNIT($,.STERADIAN.) SOLID_ANGLE_UNIT() );
#3196 = UNCERTAINTY_MEASURE_WITH_UNIT(LENGTH_MEASURE(1.E-07),#3193,
  'distance_accuracy_value','confusion accuracy');
#3197 = CONTEXT_DEPENDENT_SHAPE_REPRESENTATION(#3198,#3200);
#3198 = ( REPRESENTATION_RELATIONSHIP('','',#3133,#10) 
REPRESENTATION_RELATIONSHIP_WITH_TRANSFORMATION(#3199) 
SHAPE_REPRESENTATION_RELATIONSHIP() );
#3199 = ITEM_DEFINED_TRANSFORMATION('','',#11,#131);
#3200 = PRODUCT_DEFINITION_SHAPE('Placement','Placement of an item',
  #3201);
#3201 = NEXT_ASSEMBLY_USAGE_OCCURRENCE('1794','','',#5,#3128,$);
#3202 = PRODUCT_RELATED_PRODUCT_CATEGORY('part',$,(#3130));
#3203 = SHAPE_DEFINITION_REPRESENTATION(#3204,#3210);
#3204 = PRODUCT_DEFINITION_SHAPE('','',#3205);
#3205 = PRODUCT_DEFINITION('design','',#3206,#3209);
#3206 = PRODUCT_DEFINITION_FORMATION('','',#3207);
#3207 = PRODUCT('Open CASCADE STEP translator 7.9 2.31',
  'Open CASCADE STEP translator 7.9 2.31','',(#3208));
#3208 = PRODUCT_CONTEXT('',#2,'mechanical');
#3209 = PRODUCT_DEFINITION_CONTEXT('part definition',#2,'design');
#3210 = MANIFOLD_SURFACE_SHAPE_REPRESENTATION('',(#11,#3211),#3269);
#3211 = SHELL_BASED_SURFACE_MODEL('',(#3212));
#3212 = OPEN_SHELL('',(#3213));
#3213 = ADVANCED_FACE('',(#3214),#3228,.T.);
#3214 = FACE_BOUND('',#3215,.T.);
#3215 = EDGE_LOOP('',(#3216,#3239,#3255));
#3216 = ORIENTED_EDGE('',*,*,#3217,.F.);
#3217 = EDGE_CURVE('',#3218,#3220,#3222,.T.);
#3218 = VERTEX_POINT('',#3219);
#3219 = CARTESIAN_POINT('',(-10.2,0.,7.));
#3220 = VERTEX_POINT('',#3221);
#3221 = CARTESIAN_POINT('',(-8.,0.,7.));
#3222 = SURFACE_CURVE('',#3223,(#3227),.PCURVE_S1.);
#3223 = LINE('',#3224,#3225);
#3224 = CARTESIAN_POINT('',(-10.2,0.,7.));
#3225 = VECTOR('',#3226,1.);
#3226 = DIRECTION('',(1.,0.,0.));
#3227 = PCURVE('',#3228,#3233);
#3228 = PLANE('',#3229);
#3229 = AXIS2_PLACEMENT_3D('',#3230,#3231,#3232);
#3230 = CARTESIAN_POINT('',(-8.,0.,7.));
#3231 = DIRECTION('',(-0.,-0.,-1.));
#3232 = DIRECTION('',(-1.,0.,0.));
#3233 = DEFINITIONAL_REPRESENTATION('',(#3234),#3238);
#3234 = LINE('',#3235,#3236);
#3235 = CARTESIAN_POINT('',(2.2,0.));
#3236 = VECTOR('',#3237,1.);
#3237 = DIRECTION('',(-1.,0.));
#3238 = ( GEOMETRIC_REPRESENTATION_CONTEXT(2) 
PARAMETRIC_REPRESENTATION_CONTEXT() REPRESENTATION_CONTEXT('2D SPACE',''
  ) );
#3239 = ORIENTED_EDGE('',*,*,#3240,.T.);
#3240 = EDGE_CURVE('',#3218,#3241,#3243,.T.);
#3241 = VERTEX_POINT('',#3242);
#3242 = CARTESIAN_POINT('',(-7.60845,2.47214,7.));
#3243 = SURFACE_CURVE('',#3244,(#3248),.PCURVE_S1.);
#3244 = LINE('',#3245,#3246);
#3245 = CARTESIAN_POINT('',(-10.2,0.,7.));
#3246 = VECTOR('',#3247,1.);
#3247 = DIRECTION('',(0.723580341829,0.690240167564,0.));
#3248 = PCURVE('',#3228,#3249);
#3249 = DEFINITIONAL_REPRESENTATION('',(#3250),#3254);
#3250 = LINE('',#3251,#3252);
#3251 = CARTESIAN_POINT('',(2.2,0.));
#3252 = VECTOR('',#3253,1.);
#3253 = DIRECTION('',(-0.723580341829,0.690240167564));
#3254 = ( GEOMETRIC_REPRESENTATION_CONTEXT(2) 
PARAMETRIC_REPRESENTATION_CONTEXT() REPRESENTATION_CONTEXT('2D SPACE',''
  ) );
#3255 = ORIENTED_EDGE('',*,*,#3256,.T.);
#3256 = EDGE_CURVE('',#3241,#3220,#3257,.T.);
#3257 = SURFACE_CURVE('',#3258,(#3262),.PCURVE_S1.);
#3258 = LINE('',#3259,#3260);
#3259 = CARTESIAN_POINT('',(-7.60845,2.47214,7.));
#3260 = VECTOR('',#3261,1.);
#3261 = DIRECTION('',(-0.15643504565,-0.987688248635,0.));
#3262 = PCURVE('',#3228,#3263);
#3263 = DEFINITIONAL_REPRESENTATION('',(#3264),#3268);
#3264 = LINE('',#3265,#3266);
#3265 = CARTESIAN_POINT('',(-0.39155,2.47214));
#3266 = VECTOR('',#3267,1.);
#3267 = DIRECTION('',(0.15643504565,-0.987688248635));
#3268 = ( GEOMETRIC_REPRESENTATION_CONTEXT(2) 
PARAMETRIC_REPRESENTATION_CONTEXT() REPRESENTATION_CONTEXT('2D SPACE',''
  ) );
#3269 = ( GEOMETRIC_REPRESENTATION_CONTEXT(3) 
GLOBAL_UNCERTAINTY_ASSIGNED_CONTEXT((#3273)) 
GLOBAL_UNIT_ASSIGNED_CONTEXT((#3270,#3271,#3272)) REPRESENTATION_CONTEXT
('Context #1','3D Context with UNIT and UNCERTAINTY') );
#3270 = ( LENGTH_UNIT() NAMED_UNIT(*) SI_UNIT(.MILLI.,.METRE.) );
#3271 = ( NAMED_UNIT(*) PLANE_ANGLE_UNIT() SI_UNIT($,.RADIAN.) );
#3272 = ( NAMED_UNIT(*) SI_UNIT($,.STERADIAN.) SOLID_ANGLE_UNIT() );
#3273 = UNCERTAINTY_MEASURE_WITH_UNIT(LENGTH_MEASURE(1.E-07),#3270,
  'distance_accuracy_value','confusion accuracy');
#3274 = CONTEXT_DEPENDENT_SHAPE_REPRESENTATION(#3275,#3277);
#3275 = ( REPRESENTATION_RELATIONSHIP('','',#3210,#10) 
REPRESENTATION_RELATIONSHIP_WITH_TRANSFORMATION(#3276) 
SHAPE_REPRESENTATION_RELATIONSHIP() );
#3276 = ITEM_DEFINED_TRANSFORMATION('','',#11,#135);
#3277 = PRODUCT_DEFINITION_SHAPE('Placement','Placement of an item',
  #3278);
#3278 = NEXT_ASSEMBLY_USAGE_OCCURRENCE('1795','','',#5,#3205,$);
#3279 = PRODUCT_RELATED_PRODUCT_CATEGORY('part',$,(#3207));
#3280 = SHAPE_DEFINITION_REPRESENTATION(#3281,#3287);
#3281 = PRODUCT_DEFINITION_SHAPE('','',#3282);
#3282 = PRODUCT_DEFINITION('design','',#3283,#3286);
#3283 = PRODUCT_DEFINITION_FORMATION('','',#3284);
#3284 = PRODUCT('Open CASCADE STEP translator 7.9 2.32',
  'Open CASCADE STEP translator 7.9 2.32','',(#3285));
#3285 = PRODUCT_CONTEXT('',#2,'mechanical');
#3286 = PRODUCT_DEFINITION_CONTEXT('part definition',#2,'design');
#3287 = MANIFOLD_SURFACE_SHAPE_REPRESENTATION('',(#11,#3288),#3346);
#3288 = SHELL_BASED_SURFACE_MODEL('',(#3289));
#3289 = OPEN_SHELL('',(#3290));
#3290 = ADVANCED_FACE('',(#3291),#3305,.T.);
#3291 = FACE_BOUND('',#3292,.T.);
#3292 = EDGE_LOOP('',(#3293,#3316,#3332));
#3293 = ORIENTED_EDGE('',*,*,#3294,.F.);
#3294 = EDGE_CURVE('',#3295,#3297,#3299,.T.);
#3295 = VERTEX_POINT('',#3296);
#3296 = CARTESIAN_POINT('',(-10.2,0.,7.));
#3297 = VERTEX_POINT('',#3298);
#3298 = CARTESIAN_POINT('',(-7.60845,2.47214,7.));
#3299 = SURFACE_CURVE('',#3300,(#3304),.PCURVE_S1.);
#3300 = LINE('',#3301,#3302);
#3301 = CARTESIAN_POINT('',(-10.2,0.,7.));
#3302 = VECTOR('',#3303,1.);
#3303 = DIRECTION('',(0.723580341829,0.690240167564,0.));
#3304 = PCURVE('',#3305,#3310);
#3305 = PLANE('',#3306);
#3306 = AXIS2_PLACEMENT_3D('',#3307,#3308,#3309);
#3307 = CARTESIAN_POINT('',(-7.60845,2.47214,7.));
#3308 = DIRECTION('',(0.,-0.,-1.));
#3309 = DIRECTION('',(-1.,0.,-0.));
#3310 = DEFINITIONAL_REPRESENTATION('',(#3311),#3315);
#3311 = LINE('',#3312,#3313);
#3312 = CARTESIAN_POINT('',(2.59155,-2.47214));
#3313 = VECTOR('',#3314,1.);
#3314 = DIRECTION('',(-0.723580341829,0.690240167564));
#3315 = ( GEOMETRIC_REPRESENTATION_CONTEXT(2) 
PARAMETRIC_REPRESENTATION_CONTEXT() REPRESENTATION_CONTEXT('2D SPACE',''
  ) );
#3316 = ORIENTED_EDGE('',*,*,#3317,.F.);
#3317 = EDGE_CURVE('',#3318,#3295,#3320,.T.);
#3318 = VERTEX_POINT('',#3319);
#3319 = CARTESIAN_POINT('',(-9.58486,3.4886,7.));
#3320 = SURFACE_CURVE('',#3321,(#3325),.PCURVE_S1.);
#3321 = LINE('',#3322,#3323);
#3322 = CARTESIAN_POINT('',(-9.58486,3.4886,7.));
#3323 = VECTOR('',#3324,1.);
#3324 = DIRECTION('',(-0.173649736876,-0.98480747808,0.));
#3325 = PCURVE('',#3305,#3326);
#3326 = DEFINITIONAL_REPRESENTATION('',(#3327),#3331);
#3327 = LINE('',#3328,#3329);
#3328 = CARTESIAN_POINT('',(1.97641,1.01646));
#3329 = VECTOR('',#3330,1.);
#3330 = DIRECTION('',(0.173649736876,-0.98480747808));
#3331 = ( GEOMETRIC_REPRESENTATION_CONTEXT(2) 
PARAMETRIC_REPRESENTATION_CONTEXT() REPRESENTATION_CONTEXT('2D SPACE',''
  ) );
#3332 = ORIENTED_EDGE('',*,*,#3333,.F.);
#3333 = EDGE_CURVE('',#3297,#3318,#3334,.T.);
#3334 = SURFACE_CURVE('',#3335,(#3339),.PCURVE_S1.);
#3335 = LINE('',#3336,#3337);
#3336 = CARTESIAN_POINT('',(-7.60845,2.47214,7.));
#3337 = VECTOR('',#3338,1.);
#3338 = DIRECTION('',(-0.889284037704,0.45735533263,0.));
#3339 = PCURVE('',#3305,#3340);
#3340 = DEFINITIONAL_REPRESENTATION('',(#3341),#3345);
#3341 = LINE('',#3342,#3343);
#3342 = CARTESIAN_POINT('',(0.,0.));
#3343 = VECTOR('',#3344,1.);
#3344 = DIRECTION('',(0.889284037704,0.45735533263));
#3345 = ( GEOMETRIC_REPRESENTATION_CONTEXT(2) 
PARAMETRIC_REPRESENTATION_CONTEXT() REPRESENTATION_CONTEXT('2D SPACE',''
  ) );
#3346 = ( GEOMETRIC_REPRESENTATION_CONTEXT(3) 
GLOBAL_UNCERTAINTY_ASSIGNED_CONTEXT((#3350)) 
GLOBAL_UNIT_ASSIGNED_CONTEXT((#3347,#3348,#3349)) REPRESENTATION_CONTEXT
('Context #1','3D Context with UNIT and UNCERTAINTY') );
#3347 = ( LENGTH_UNIT() NAMED_UNIT(*) SI_UNIT(.MILLI.,.METRE.) );
#3348 = ( NAMED_UNIT(*) PLANE_ANGLE_UNIT() SI_UNIT($,.RADIAN.) );
#3349 = ( NAMED_UNIT(*) SI_UNIT($,.STERADIAN.) SOLID_ANGLE_UNIT() );
#3350 = UNCERTAINTY_MEASURE_WITH_UNIT(LENGTH_MEASURE(1.E-07),#3347,
  'distance_accuracy_value','confusion accuracy');
#3351 = CONTEXT_DEPENDENT_SHAPE_REPRESENTATION(#3352,#3354);
#3352 = ( REPRESENTATION_RELATIONSHIP('','',#3287,#10) 
REPRESENTATION_RELATIONSHIP_WITH_TRANSFORMATION(#3353) 
SHAPE_REPRESENTATION_RELATIONSHIP() );
#3353 = ITEM_DEFINED_TRANSFORMATION('','',#11,#139);
#3354 = PRODUCT_DEFINITION_SHAPE('Placement','Placement of an item',
  #3355);
#3355 = NEXT_ASSEMBLY_USAGE_OCCURRENCE('1796','','',#5,#3282,$);
#3356 = PRODUCT_RELATED_PRODUCT_CATEGORY('part',$,(#3284));
#3357 = SHAPE_DEFINITION_REPRESENTATION(#3358,#3364);
#3358 = PRODUCT_DEFINITION_SHAPE('','',#3359);
#3359 = PRODUCT_DEFINITION('design','',#3360,#3363);
#3360 = PRODUCT_DEFINITION_FORMATION('','',#3361);
#3361 = PRODUCT('Open CASCADE STEP translator 7.9 2.33',
  'Open CASCADE STEP translator 7.9 2.33','',(#3362));
#3362 = PRODUCT_CONTEXT('',#2,'mechanical');
#3363 = PRODUCT_DEFINITION_CONTEXT('part definition',#2,'design');
#3364 = MANIFOLD_SURFACE_SHAPE_REPRESENTATION('',(#11,#3365),#3423);
#3365 = SHELL_BASED_SURFACE_MODEL('',(#3366));
#3366 = OPEN_SHELL('',(#3367));
#3367 = ADVANCED_FACE('',(#3368),#3382,.T.);
#3368 = FACE_BOUND('',#3369,.T.);
#3369 = EDGE_LOOP('',(#3370,#3393,#3409));
#3370 = ORIENTED_EDGE('',*,*,#3371,.T.);
#3371 = EDGE_CURVE('',#3372,#3374,#3376,.T.);
#3372 = VERTEX_POINT('',#3373);
#3373 = CARTESIAN_POINT('',(-10.2,0.,12.));
#3374 = VERTEX_POINT('',#3375);
#3375 = CARTESIAN_POINT('',(-7.60845,2.47214,12.));
#3376 = SURFACE_CURVE('',#3377,(#3381),.PCURVE_S1.);
#3377 = LINE('',#3378,#3379);
#3378 = CARTESIAN_POINT('',(-10.2,0.,12.));
#3379 = VECTOR('',#3380,1.);
#3380 = DIRECTION('',(0.723580341829,0.690240167564,0.));
#3381 = PCURVE('',#3382,#3387);
#3382 = PLANE('',#3383);
#3383 = AXIS2_PLACEMENT_3D('',#3384,#3385,#3386);
#3384 = CARTESIAN_POINT('',(-10.2,0.,12.));
#3385 = DIRECTION('',(0.,-0.,1.));
#3386 = DIRECTION('',(1.,0.,0.));
#3387 = DEFINITIONAL_REPRESENTATION('',(#3388),#3392);
#3388 = LINE('',#3389,#3390);
#3389 = CARTESIAN_POINT('',(0.,0.));
#3390 = VECTOR('',#3391,1.);
#3391 = DIRECTION('',(0.723580341829,0.690240167564));
#3392 = ( GEOMETRIC_REPRESENTATION_CONTEXT(2) 
PARAMETRIC_REPRESENTATION_CONTEXT() REPRESENTATION_CONTEXT('2D SPACE',''
  ) );
#3393 = ORIENTED_EDGE('',*,*,#3394,.T.);
#3394 = EDGE_CURVE('',#3374,#3395,#3397,.T.);
#3395 = VERTEX_POINT('',#3396);
#3396 = CARTESIAN_POINT('',(-9.58486,3.4886,12.));
#3397 = SURFACE_CURVE('',#3398,(#3402),.PCURVE_S1.);
#3398 = LINE('',#3399,#3400);
#3399 = CARTESIAN_POINT('',(-7.60845,2.47214,12.));
#3400 = VECTOR('',#3401,1.);
#3401 = DIRECTION('',(-0.889284037704,0.45735533263,0.));
#3402 = PCURVE('',#3382,#3403);
#3403 = DEFINITIONAL_REPRESENTATION('',(#3404),#3408);
#3404 = LINE('',#3405,#3406);
#3405 = CARTESIAN_POINT('',(2.59155,2.47214));
#3406 = VECTOR('',#3407,1.);
#3407 = DIRECTION('',(-0.889284037704,0.45735533263));
#3408 = ( GEOMETRIC_REPRESENTATION_CONTEXT(2) 
PARAMETRIC_REPRESENTATION_CONTEXT() REPRESENTATION_CONTEXT('2D SPACE',''
  ) );
#3409 = ORIENTED_EDGE('',*,*,#3410,.F.);
#3410 = EDGE_CURVE('',#3372,#3395,#3411,.T.);
#3411 = SURFACE_CURVE('',#3412,(#3416),.PCURVE_S1.);
#3412 = LINE('',#3413,#3414);
#3413 = CARTESIAN_POINT('',(-10.2,0.,12.));
#3414 = VECTOR('',#3415,1.);
#3415 = DIRECTION('',(0.173649736876,0.98480747808,0.));
#3416 = PCURVE('',#3382,#3417);
#3417 = DEFINITIONAL_REPRESENTATION('',(#3418),#3422);
#3418 = LINE('',#3419,#3420);
#3419 = CARTESIAN_POINT('',(0.,0.));
#3420 = VECTOR('',#3421,1.);
#3421 = DIRECTION('',(0.173649736876,0.98480747808));
#3422 = ( GEOMETRIC_REPRESENTATION_CONTEXT(2) 
PARAMETRIC_REPRESENTATION_CONTEXT() REPRESENTATION_CONTEXT('2D SPACE',''
  ) );
#3423 = ( GEOMETRIC_REPRESENTATION_CONTEXT(3) 
GLOBAL_UNCERTAINTY_ASSIGNED_CONTEXT((#3427)) 
GLOBAL_UNIT_ASSIGNED_CONTEXT((#3424,#3425,#3426)) REPRESENTATION_CONTEXT
('Context #1','3D Context with UNIT and UNCERTAINTY') );
#3424 = ( LENGTH_UNIT() NAMED_UNIT(*) SI_UNIT(.MILLI.,.METRE.) );
#3425 = ( NAMED_UNIT(*) PLANE_ANGLE_UNIT() SI_UNIT($,.RADIAN.) );
#3426 = ( NAMED_UNIT(*) SI_UNIT($,.STERADIAN.) SOLID_ANGLE_UNIT() );
#3427 = UNCERTAINTY_MEASURE_WITH_UNIT(LENGTH_MEASURE(1.E-07),#3424,
  'distance_accuracy_value','confusion accuracy');
#3428 = CONTEXT_DEPENDENT_SHAPE_REPRESENTATION(#3429,#3431);
#3429 = ( REPRESENTATION_RELATIONSHIP('','',#3364,#10) 
REPRESENTATION_RELATIONSHIP_WITH_TRANSFORMATION(#3430) 
SHAPE_REPRESENTATION_RELATIONSHIP() );
#3430 = ITEM_DEFINED_TRANSFORMATION('','',#11,#143);
#3431 = PRODUCT_DEFINITION_SHAPE('Placement','Placement of an item',
  #3432);
#3432 = NEXT_ASSEMBLY_USAGE_OCCURRENCE('1797','','',#5,#3359,$);
#3433 = PRODUCT_RELATED_PRODUCT_CATEGORY('part',$,(#3361));
#3434 = SHAPE_DEFINITION_REPRESENTATION(#3435,#3441);
#3435 = PRODUCT_DEFINITION_SHAPE('','',#3436);
#3436 = PRODUCT_DEFINITION('design','',#3437,#3440);
#3437 = PRODUCT_DEFINITION_FORMATION('','',#3438);
#3438 = PRODUCT('Open CASCADE STEP translator 7.9 2.34',
  'Open CASCADE STEP translator 7.9 2.34','',(#3439));
#3439 = PRODUCT_CONTEXT('',#2,'mechanical');
#3440 = PRODUCT_DEFINITION_CONTEXT('part definition',#2,'design');
#3441 = MANIFOLD_SURFACE_SHAPE_REPRESENTATION('',(#11,#3442),#3500);
#3442 = SHELL_BASED_SURFACE_MODEL('',(#3443));
#3443 = OPEN_SHELL('',(#3444));
#3444 = ADVANCED_FACE('',(#3445),#3459,.T.);
#3445 = FACE_BOUND('',#3446,.T.);
#3446 = EDGE_LOOP('',(#3447,#3470,#3486));
#3447 = ORIENTED_EDGE('',*,*,#3448,.F.);
#3448 = EDGE_CURVE('',#3449,#3451,#3453,.T.);
#3449 = VERTEX_POINT('',#3450);
#3450 = CARTESIAN_POINT('',(-7.60845,2.47214,12.));
#3451 = VERTEX_POINT('',#3452);
#3452 = CARTESIAN_POINT('',(-9.58486,3.4886,12.));
#3453 = SURFACE_CURVE('',#3454,(#3458),.PCURVE_S1.);
#3454 = LINE('',#3455,#3456);
#3455 = CARTESIAN_POINT('',(-7.60845,2.47214,12.));
#3456 = VECTOR('',#3457,1.);
#3457 = DIRECTION('',(-0.889284037704,0.45735533263,0.));
#3458 = PCURVE('',#3459,#3464);
#3459 = PLANE('',#3460);
#3460 = AXIS2_PLACEMENT_3D('',#3461,#3462,#3463);
#3461 = CARTESIAN_POINT('',(-9.58486,3.4886,12.));
#3462 = DIRECTION('',(-0.,-0.,1.));
#3463 = DIRECTION('',(1.,0.,0.));
#3464 = DEFINITIONAL_REPRESENTATION('',(#3465),#3469);
#3465 = LINE('',#3466,#3467);
#3466 = CARTESIAN_POINT('',(1.97641,-1.01646));
#3467 = VECTOR('',#3468,1.);
#3468 = DIRECTION('',(-0.889284037704,0.45735533263));
#3469 = ( GEOMETRIC_REPRESENTATION_CONTEXT(2) 
PARAMETRIC_REPRESENTATION_CONTEXT() REPRESENTATION_CONTEXT('2D SPACE',''
  ) );
#3470 = ORIENTED_EDGE('',*,*,#3471,.T.);
#3471 = EDGE_CURVE('',#3449,#3472,#3474,.T.);
#3472 = VERTEX_POINT('',#3473);
#3473 = CARTESIAN_POINT('',(-7.48075,2.72277,12.));
#3474 = SURFACE_CURVE('',#3475,(#3479),.PCURVE_S1.);
#3475 = LINE('',#3476,#3477);
#3476 = CARTESIAN_POINT('',(-7.60845,2.47214,12.));
#3477 = VECTOR('',#3478,1.);
#3478 = DIRECTION('',(0.45398382936,0.891009922885,0.));
#3479 = PCURVE('',#3459,#3480);
#3480 = DEFINITIONAL_REPRESENTATION('',(#3481),#3485);
#3481 = LINE('',#3482,#3483);
#3482 = CARTESIAN_POINT('',(1.97641,-1.01646));
#3483 = VECTOR('',#3484,1.);
#3484 = DIRECTION('',(0.45398382936,0.891009922885));
#3485 = ( GEOMETRIC_REPRESENTATION_CONTEXT(2) 
PARAMETRIC_REPRESENTATION_CONTEXT() REPRESENTATION_CONTEXT('2D SPACE',''
  ) );
#3486 = ORIENTED_EDGE('',*,*,#3487,.F.);
#3487 = EDGE_CURVE('',#3451,#3472,#3488,.T.);
#3488 = SURFACE_CURVE('',#3489,(#3493),.PCURVE_S1.);
#3489 = LINE('',#3490,#3491);
#3490 = CARTESIAN_POINT('',(-9.58486,3.4886,12.));
#3491 = VECTOR('',#3492,1.);
#3492 = DIRECTION('',(0.939693110182,-0.342018798718,0.));
#3493 = PCURVE('',#3459,#3494);
#3494 = DEFINITIONAL_REPRESENTATION('',(#3495),#3499);
#3495 = LINE('',#3496,#3497);
#3496 = CARTESIAN_POINT('',(0.,0.));
#3497 = VECTOR('',#3498,1.);
#3498 = DIRECTION('',(0.939693110182,-0.342018798718));
#3499 = ( GEOMETRIC_REPRESENTATION_CONTEXT(2) 
PARAMETRIC_REPRESENTATION_CONTEXT() REPRESENTATION_CONTEXT('2D SPACE',''
  ) );
#3500 = ( GEOMETRIC_REPRESENTATION_CONTEXT(3) 
GLOBAL_UNCERTAINTY_ASSIGNED_CONTEXT((#3504)) 
GLOBAL_UNIT_ASSIGNED_CONTEXT((#3501,#3502,#3503)) REPRESENTATION_CONTEXT
('Context #1','3D Context with UNIT and UNCERTAINTY') );
#3501 = ( LENGTH_UNIT() NAMED_UNIT(*) SI_UNIT(.MILLI.,.METRE.) );
#3502 = ( NAMED_UNIT(*) PLANE_ANGLE_UNIT() SI_UNIT($,.RADIAN.) );
#3503 = ( NAMED_UNIT(*) SI_UNIT($,.STERADIAN.) SOLID_ANGLE_UNIT() );
#3504 = UNCERTAINTY_MEASURE_WITH_UNIT(LENGTH_MEASURE(1.E-07),#3501,
  'distance_accuracy_value','confusion accuracy');
#3505 = CONTEXT_DEPENDENT_SHAPE_REPRESENTATION(#3506,#3508);
#3506 = ( REPRESENTATION_RELATIONSHIP('','',#3441,#10) 
REPRESENTATION_RELATIONSHIP_WITH_TRANSFORMATION(#3507) 
SHAPE_REPRESENTATION_RELATIONSHIP() );
#3507 = ITEM_DEFINED_TRANSFORMATION('','',#11,#147);
#3508 = PRODUCT_DEFINITION_SHAPE('Placement','Placement of an item',
  #3509);
#3509 = NEXT_ASSEMBLY_USAGE_OCCURRENCE('1798','','',#5,#3436,$);
#3510 = PRODUCT_RELATED_PRODUCT_CATEGORY('part',$,(#3438));
#3511 = SHAPE_DEFINITION_REPRESENTATION(#3512,#3518);
#3512 = PRODUCT_DEFINITION_SHAPE('','',#3513);
#3513 = PRODUCT_DEFINITION('design','',#3514,#3517);
#3514 = PRODUCT_DEFINITION_FORMATION('','',#3515);
#3515 = PRODUCT('Open CASCADE STEP translator 7.9 2.35',
  'Open CASCADE STEP translator 7.9 2.35','',(#3516));
#3516 = PRODUCT_CONTEXT('',#2,'mechanical');
#3517 = PRODUCT_DEFINITION_CONTEXT('part definition',#2,'design');
#3518 = MANIFOLD_SURFACE_SHAPE_REPRESENTATION('',(#11,#3519),#3577);
#3519 = SHELL_BASED_SURFACE_MODEL('',(#3520));
#3520 = OPEN_SHELL('',(#3521));
#3521 = ADVANCED_FACE('',(#3522),#3536,.T.);
#3522 = FACE_BOUND('',#3523,.T.);
#3523 = EDGE_LOOP('',(#3524,#3547,#3563));
#3524 = ORIENTED_EDGE('',*,*,#3525,.F.);
#3525 = EDGE_CURVE('',#3526,#3528,#3530,.T.);
#3526 = VERTEX_POINT('',#3527);
#3527 = CARTESIAN_POINT('',(-10.2,0.,12.));
#3528 = VERTEX_POINT('',#3529);
#3529 = CARTESIAN_POINT('',(-7.60845,2.47214,12.));
#3530 = SURFACE_CURVE('',#3531,(#3535),.PCURVE_S1.);
#3531 = LINE('',#3532,#3533);
#3532 = CARTESIAN_POINT('',(-10.2,0.,12.));
#3533 = VECTOR('',#3534,1.);
#3534 = DIRECTION('',(0.723580341829,0.690240167564,0.));
#3535 = PCURVE('',#3536,#3541);
#3536 = PLANE('',#3537);
#3537 = AXIS2_PLACEMENT_3D('',#3538,#3539,#3540);
#3538 = CARTESIAN_POINT('',(-7.60845,2.47214,12.));
#3539 = DIRECTION('',(-0.,-0.,1.));
#3540 = DIRECTION('',(1.,0.,0.));
#3541 = DEFINITIONAL_REPRESENTATION('',(#3542),#3546);
#3542 = LINE('',#3543,#3544);
#3543 = CARTESIAN_POINT('',(-2.59155,-2.47214));
#3544 = VECTOR('',#3545,1.);
#3545 = DIRECTION('',(0.723580341829,0.690240167564));
#3546 = ( GEOMETRIC_REPRESENTATION_CONTEXT(2) 
PARAMETRIC_REPRESENTATION_CONTEXT() REPRESENTATION_CONTEXT('2D SPACE',''
  ) );
#3547 = ORIENTED_EDGE('',*,*,#3548,.T.);
#3548 = EDGE_CURVE('',#3526,#3549,#3551,.T.);
#3549 = VERTEX_POINT('',#3550);
#3550 = CARTESIAN_POINT('',(-8.,0.,12.));
#3551 = SURFACE_CURVE('',#3552,(#3556),.PCURVE_S1.);
#3552 = LINE('',#3553,#3554);
#3553 = CARTESIAN_POINT('',(-10.2,0.,12.));
#3554 = VECTOR('',#3555,1.);
#3555 = DIRECTION('',(1.,0.,0.));
#3556 = PCURVE('',#3536,#3557);
#3557 = DEFINITIONAL_REPRESENTATION('',(#3558),#3562);
#3558 = LINE('',#3559,#3560);
#3559 = CARTESIAN_POINT('',(-2.59155,-2.47214));
#3560 = VECTOR('',#3561,1.);
#3561 = DIRECTION('',(1.,0.));
#3562 = ( GEOMETRIC_REPRESENTATION_CONTEXT(2) 
PARAMETRIC_REPRESENTATION_CONTEXT() REPRESENTATION_CONTEXT('2D SPACE',''
  ) );
#3563 = ORIENTED_EDGE('',*,*,#3564,.T.);
#3564 = EDGE_CURVE('',#3549,#3528,#3565,.T.);
#3565 = SURFACE_CURVE('',#3566,(#3570),.PCURVE_S1.);
#3566 = LINE('',#3567,#3568);
#3567 = CARTESIAN_POINT('',(-8.,0.,12.));
#3568 = VECTOR('',#3569,1.);
#3569 = DIRECTION('',(0.15643504565,0.987688248635,0.));
#3570 = PCURVE('',#3536,#3571);
#3571 = DEFINITIONAL_REPRESENTATION('',(#3572),#3576);
#3572 = LINE('',#3573,#3574);
#3573 = CARTESIAN_POINT('',(-0.39155,-2.47214));
#3574 = VECTOR('',#3575,1.);
#3575 = DIRECTION('',(0.15643504565,0.987688248635));
#3576 = ( GEOMETRIC_REPRESENTATION_CONTEXT(2) 
PARAMETRIC_REPRESENTATION_CONTEXT() REPRESENTATION_CONTEXT('2D SPACE',''
  ) );
#3577 = ( GEOMETRIC_REPRESENTATION_CONTEXT(3) 
GLOBAL_UNCERTAINTY_ASSIGNED_CONTEXT((#3581)) 
GLOBAL_UNIT_ASSIGNED_CONTEXT((#3578,#3579,#3580)) REPRESENTATION_CONTEXT
('Context #1','3D Context with UNIT and UNCERTAINTY') );
#3578 = ( LENGTH_UNIT() NAMED_UNIT(*) SI_UNIT(.MILLI.,.METRE.) );
#3579 = ( NAMED_UNIT(*) PLANE_ANGLE_UNIT() SI_UNIT($,.RADIAN.) );
#3580 = ( NAMED_UNIT(*) SI_UNIT($,.STERADIAN.) SOLID_ANGLE_UNIT() );
#3581 = UNCERTAINTY_MEASURE_WITH_UNIT(LENGTH_MEASURE(1.E-07),#3578,
  'distance_accuracy_value','confusion accuracy');
#3582 = CONTEXT_DEPENDENT_SHAPE_REPRESENTATION(#3583,#3585);
#3583 = ( REPRESENTATION_RELATIONSHIP('','',#3518,#10) 
REPRESENTATION_RELATIONSHIP_WITH_TRANSFORMATION(#3584) 
SHAPE_REPRESENTATION_RELATIONSHIP() );
#3584 = ITEM_DEFINED_TRANSFORMATION('','',#11,#151);
#3585 = PRODUCT_DEFINITION_SHAPE('Placement','Placement of an item',
  #3586);
#3586 = NEXT_ASSEMBLY_USAGE_OCCURRENCE('1799','','',#5,#3513,$);
#3587 = PRODUCT_RELATED_PRODUCT_CATEGORY('part',$,(#3515));
#3588 = SHAPE_DEFINITION_REPRESENTATION(#3589,#3595);
#3589 = PRODUCT_DEFINITION_SHAPE('','',#3590);
#3590 = PRODUCT_DEFINITION('design','',#3591,#3594);
#3591 = PRODUCT_DEFINITION_FORMATION('','',#3592);
#3592 = PRODUCT('Open CASCADE STEP translator 7.9 2.36',
  'Open CASCADE STEP translator 7.9 2.36','',(#3593));
#3593 = PRODUCT_CONTEXT('',#2,'mechanical');
#3594 = PRODUCT_DEFINITION_CONTEXT('part definition',#2,'design');
#3595 = MANIFOLD_SURFACE_SHAPE_REPRESENTATION('',(#11,#3596),#3654);
#3596 = SHELL_BASED_SURFACE_MODEL('',(#3597));
#3597 = OPEN_SHELL('',(#3598));
#3598 = ADVANCED_FACE('',(#3599),#3613,.T.);
#3599 = FACE_BOUND('',#3600,.T.);
#3600 = EDGE_LOOP('',(#3601,#3624,#3640));
#3601 = ORIENTED_EDGE('',*,*,#3602,.T.);
#3602 = EDGE_CURVE('',#3603,#3605,#3607,.T.);
#3603 = VERTEX_POINT('',#3604);
#3604 = CARTESIAN_POINT('',(-7.60845,-2.47214,12.));
#3605 = VERTEX_POINT('',#3606);
#3606 = CARTESIAN_POINT('',(-9.58486,-3.4886,12.));
#3607 = SURFACE_CURVE('',#3608,(#3612),.PCURVE_S1.);
#3608 = LINE('',#3609,#3610);
#3609 = CARTESIAN_POINT('',(-7.60845,-2.47214,12.));
#3610 = VECTOR('',#3611,1.);
#3611 = DIRECTION('',(-0.889284037704,-0.45735533263,0.));
#3612 = PCURVE('',#3613,#3618);
#3613 = PLANE('',#3614);
#3614 = AXIS2_PLACEMENT_3D('',#3615,#3616,#3617);
#3615 = CARTESIAN_POINT('',(-7.60845,-2.47214,12.));
#3616 = DIRECTION('',(-0.,-0.,1.));
#3617 = DIRECTION('',(1.,0.,0.));
#3618 = DEFINITIONAL_REPRESENTATION('',(#3619),#3623);
#3619 = LINE('',#3620,#3621);
#3620 = CARTESIAN_POINT('',(0.,0.));
#3621 = VECTOR('',#3622,1.);
#3622 = DIRECTION('',(-0.889284037704,-0.45735533263));
#3623 = ( GEOMETRIC_REPRESENTATION_CONTEXT(2) 
PARAMETRIC_REPRESENTATION_CONTEXT() REPRESENTATION_CONTEXT('2D SPACE',''
  ) );
#3624 = ORIENTED_EDGE('',*,*,#3625,.F.);
#3625 = EDGE_CURVE('',#3626,#3605,#3628,.T.);
#3626 = VERTEX_POINT('',#3627);
#3627 = CARTESIAN_POINT('',(-7.48075,-2.72277,12.));
#3628 = SURFACE_CURVE('',#3629,(#3633),.PCURVE_S1.);
#3629 = LINE('',#3630,#3631);
#3630 = CARTESIAN_POINT('',(-7.48075,-2.72277,12.));
#3631 = VECTOR('',#3632,1.);
#3632 = DIRECTION('',(-0.939693110182,-0.342018798718,0.));
#3633 = PCURVE('',#3613,#3634);
#3634 = DEFINITIONAL_REPRESENTATION('',(#3635),#3639);
#3635 = LINE('',#3636,#3637);
#3636 = CARTESIAN_POINT('',(0.1277,-0.25063));
#3637 = VECTOR('',#3638,1.);
#3638 = DIRECTION('',(-0.939693110182,-0.342018798718));
#3639 = ( GEOMETRIC_REPRESENTATION_CONTEXT(2) 
PARAMETRIC_REPRESENTATION_CONTEXT() REPRESENTATION_CONTEXT('2D SPACE',''
  ) );
#3640 = ORIENTED_EDGE('',*,*,#3641,.T.);
#3641 = EDGE_CURVE('',#3626,#3603,#3642,.T.);
#3642 = SURFACE_CURVE('',#3643,(#3647),.PCURVE_S1.);
#3643 = LINE('',#3644,#3645);
#3644 = CARTESIAN_POINT('',(-7.48075,-2.72277,12.));
#3645 = VECTOR('',#3646,1.);
#3646 = DIRECTION('',(-0.45398382936,0.891009922885,0.));
#3647 = PCURVE('',#3613,#3648);
#3648 = DEFINITIONAL_REPRESENTATION('',(#3649),#3653);
#3649 = LINE('',#3650,#3651);
#3650 = CARTESIAN_POINT('',(0.1277,-0.25063));
#3651 = VECTOR('',#3652,1.);
#3652 = DIRECTION('',(-0.45398382936,0.891009922885));
#3653 = ( GEOMETRIC_REPRESENTATION_CONTEXT(2) 
PARAMETRIC_REPRESENTATION_CONTEXT() REPRESENTATION_CONTEXT('2D SPACE',''
  ) );
#3654 = ( GEOMETRIC_REPRESENTATION_CONTEXT(3) 
GLOBAL_UNCERTAINTY_ASSIGNED_CONTEXT((#3658)) 
GLOBAL_UNIT_ASSIGNED_CONTEXT((#3655,#3656,#3657)) REPRESENTATION_CONTEXT
('Context #1','3D Context with UNIT and UNCERTAINTY') );
#3655 = ( LENGTH_UNIT() NAMED_UNIT(*) SI_UNIT(.MILLI.,.METRE.) );
#3656 = ( NAMED_UNIT(*) PLANE_ANGLE_UNIT() SI_UNIT($,.RADIAN.) );
#3657 = ( NAMED_UNIT(*) SI_UNIT($,.STERADIAN.) SOLID_ANGLE_UNIT() );
#3658 = UNCERTAINTY_MEASURE_WITH_UNIT(LENGTH_MEASURE(1.E-07),#3655,
  'distance_accuracy_value','confusion accuracy');
#3659 = CONTEXT_DEPENDENT_SHAPE_REPRESENTATION(#3660,#3662);
#3660 = ( REPRESENTATION_RELATIONSHIP('','',#3595,#10) 
REPRESENTATION_RELATIONSHIP_WITH_TRANSFORMATION(#3661) 
SHAPE_REPRESENTATION_RELATIONSHIP() );
#3661 = ITEM_DEFINED_TRANSFORMATION('','',#11,#155);
#3662 = PRODUCT_DEFINITION_SHAPE('Placement','Placement of an item',
  #3663);
#3663 = NEXT_ASSEMBLY_USAGE_OCCURRENCE('1800','','',#5,#3590,$);
#3664 = PRODUCT_RELATED_PRODUCT_CATEGORY('part',$,(#3592));
#3665 = SHAPE_DEFINITION_REPRESENTATION(#3666,#3672);
#3666 = PRODUCT_DEFINITION_SHAPE('','',#3667);
#3667 = PRODUCT_DEFINITION('design','',#3668,#3671);
#3668 = PRODUCT_DEFINITION_FORMATION('','',#3669);
#3669 = PRODUCT('Open CASCADE STEP translator 7.9 2.37',
  'Open CASCADE STEP translator 7.9 2.37','',(#3670));
#3670 = PRODUCT_CONTEXT('',#2,'mechanical');
#3671 = PRODUCT_DEFINITION_CONTEXT('part definition',#2,'design');
#3672 = MANIFOLD_SURFACE_SHAPE_REPRESENTATION('',(#11,#3673),#3731);
#3673 = SHELL_BASED_SURFACE_MODEL('',(#3674));
#3674 = OPEN_SHELL('',(#3675));
#3675 = ADVANCED_FACE('',(#3676),#3690,.T.);
#3676 = FACE_BOUND('',#3677,.T.);
#3677 = EDGE_LOOP('',(#3678,#3701,#3717));
#3678 = ORIENTED_EDGE('',*,*,#3679,.F.);
#3679 = EDGE_CURVE('',#3680,#3682,#3684,.T.);
#3680 = VERTEX_POINT('',#3681);
#3681 = CARTESIAN_POINT('',(-10.2,0.,12.));
#3682 = VERTEX_POINT('',#3683);
#3683 = CARTESIAN_POINT('',(-8.,0.,12.));
#3684 = SURFACE_CURVE('',#3685,(#3689),.PCURVE_S1.);
#3685 = LINE('',#3686,#3687);
#3686 = CARTESIAN_POINT('',(-10.2,0.,12.));
#3687 = VECTOR('',#3688,1.);
#3688 = DIRECTION('',(1.,0.,0.));
#3689 = PCURVE('',#3690,#3695);
#3690 = PLANE('',#3691);
#3691 = AXIS2_PLACEMENT_3D('',#3692,#3693,#3694);
#3692 = CARTESIAN_POINT('',(-8.,0.,12.));
#3693 = DIRECTION('',(-0.,-0.,1.));
#3694 = DIRECTION('',(1.,0.,0.));
#3695 = DEFINITIONAL_REPRESENTATION('',(#3696),#3700);
#3696 = LINE('',#3697,#3698);
#3697 = CARTESIAN_POINT('',(-2.2,0.));
#3698 = VECTOR('',#3699,1.);
#3699 = DIRECTION('',(1.,0.));
#3700 = ( GEOMETRIC_REPRESENTATION_CONTEXT(2) 
PARAMETRIC_REPRESENTATION_CONTEXT() REPRESENTATION_CONTEXT('2D SPACE',''
  ) );
#3701 = ORIENTED_EDGE('',*,*,#3702,.T.);
#3702 = EDGE_CURVE('',#3680,#3703,#3705,.T.);
#3703 = VERTEX_POINT('',#3704);
#3704 = CARTESIAN_POINT('',(-7.60845,-2.47214,12.));
#3705 = SURFACE_CURVE('',#3706,(#3710),.PCURVE_S1.);
#3706 = LINE('',#3707,#3708);
#3707 = CARTESIAN_POINT('',(-10.2,0.,12.));
#3708 = VECTOR('',#3709,1.);
#3709 = DIRECTION('',(0.723580341829,-0.690240167564,0.));
#3710 = PCURVE('',#3690,#3711);
#3711 = DEFINITIONAL_REPRESENTATION('',(#3712),#3716);
#3712 = LINE('',#3713,#3714);
#3713 = CARTESIAN_POINT('',(-2.2,0.));
#3714 = VECTOR('',#3715,1.);
#3715 = DIRECTION('',(0.723580341829,-0.690240167564));
#3716 = ( GEOMETRIC_REPRESENTATION_CONTEXT(2) 
PARAMETRIC_REPRESENTATION_CONTEXT() REPRESENTATION_CONTEXT('2D SPACE',''
  ) );
#3717 = ORIENTED_EDGE('',*,*,#3718,.T.);
#3718 = EDGE_CURVE('',#3703,#3682,#3719,.T.);
#3719 = SURFACE_CURVE('',#3720,(#3724),.PCURVE_S1.);
#3720 = LINE('',#3721,#3722);
#3721 = CARTESIAN_POINT('',(-7.60845,-2.47214,12.));
#3722 = VECTOR('',#3723,1.);
#3723 = DIRECTION('',(-0.15643504565,0.987688248635,0.));
#3724 = PCURVE('',#3690,#3725);
#3725 = DEFINITIONAL_REPRESENTATION('',(#3726),#3730);
#3726 = LINE('',#3727,#3728);
#3727 = CARTESIAN_POINT('',(0.39155,-2.47214));
#3728 = VECTOR('',#3729,1.);
#3729 = DIRECTION('',(-0.15643504565,0.987688248635));
#3730 = ( GEOMETRIC_REPRESENTATION_CONTEXT(2) 
PARAMETRIC_REPRESENTATION_CONTEXT() REPRESENTATION_CONTEXT('2D SPACE',''
  ) );
#3731 = ( GEOMETRIC_REPRESENTATION_CONTEXT(3) 
GLOBAL_UNCERTAINTY_ASSIGNED_CONTEXT((#3735)) 
GLOBAL_UNIT_ASSIGNED_CONTEXT((#3732,#3733,#3734)) REPRESENTATION_CONTEXT
('Context #1','3D Context with UNIT and UNCERTAINTY') );
#3732 = ( LENGTH_UNIT() NAMED_UNIT(*) SI_UNIT(.MILLI.,.METRE.) );
#3733 = ( NAMED_UNIT(*) PLANE_ANGLE_UNIT() SI_UNIT($,.RADIAN.) );
#3734 = ( NAMED_UNIT(*) SI_UNIT($,.STERADIAN.) SOLID_ANGLE_UNIT() );
#3735 = UNCERTAINTY_MEASURE_WITH_UNIT(LENGTH_MEASURE(1.E-07),#3732,
  'distance_accuracy_value','confusion accuracy');
#3736 = CONTEXT_DEPENDENT_SHAPE_REPRESENTATION(#3737,#3739);
#3737 = ( REPRESENTATION_RELATIONSHIP('','',#3672,#10) 
REPRESENTATION_RELATIONSHIP_WITH_TRANSFORMATION(#3738) 
SHAPE_REPRESENTATION_RELATIONSHIP() );
#3738 = ITEM_DEFINED_TRANSFORMATION('','',#11,#159);
#3739 = PRODUCT_DEFINITION_SHAPE('Placement','Placement of an item',
  #3740);
#3740 = NEXT_ASSEMBLY_USAGE_OCCURRENCE('1801','','',#5,#3667,$);
#3741 = PRODUCT_RELATED_PRODUCT_CATEGORY('part',$,(#3669));
#3742 = SHAPE_DEFINITION_REPRESENTATION(#3743,#3749);
#3743 = PRODUCT_DEFINITION_SHAPE('','',#3744);
#3744 = PRODUCT_DEFINITION('design','',#3745,#3748);
#3745 = PRODUCT_DEFINITION_FORMATION('','',#3746);
#3746 = PRODUCT('Open CASCADE STEP translator 7.9 2.38',
  'Open CASCADE STEP translator 7.9 2.38','',(#3747));
#3747 = PRODUCT_CONTEXT('',#2,'mechanical');
#3748 = PRODUCT_DEFINITION_CONTEXT('part definition',#2,'design');
#3749 = MANIFOLD_SURFACE_SHAPE_REPRESENTATION('',(#11,#3750),#3808);
#3750 = SHELL_BASED_SURFACE_MODEL('',(#3751));
#3751 = OPEN_SHELL('',(#3752));
#3752 = ADVANCED_FACE('',(#3753),#3767,.T.);
#3753 = FACE_BOUND('',#3754,.T.);
#3754 = EDGE_LOOP('',(#3755,#3778,#3794));
#3755 = ORIENTED_EDGE('',*,*,#3756,.F.);
#3756 = EDGE_CURVE('',#3757,#3759,#3761,.T.);
#3757 = VERTEX_POINT('',#3758);
#3758 = CARTESIAN_POINT('',(-10.2,0.,12.));
#3759 = VERTEX_POINT('',#3760);
#3760 = CARTESIAN_POINT('',(-7.60845,-2.47214,12.));
#3761 = SURFACE_CURVE('',#3762,(#3766),.PCURVE_S1.);
#3762 = LINE('',#3763,#3764);
#3763 = CARTESIAN_POINT('',(-10.2,0.,12.));
#3764 = VECTOR('',#3765,1.);
#3765 = DIRECTION('',(0.723580341829,-0.690240167564,0.));
#3766 = PCURVE('',#3767,#3772);
#3767 = PLANE('',#3768);
#3768 = AXIS2_PLACEMENT_3D('',#3769,#3770,#3771);
#3769 = CARTESIAN_POINT('',(-7.60845,-2.47214,12.));
#3770 = DIRECTION('',(-0.,-0.,1.));
#3771 = DIRECTION('',(1.,0.,0.));
#3772 = DEFINITIONAL_REPRESENTATION('',(#3773),#3777);
#3773 = LINE('',#3774,#3775);
#3774 = CARTESIAN_POINT('',(-2.59155,2.47214));
#3775 = VECTOR('',#3776,1.);
#3776 = DIRECTION('',(0.723580341829,-0.690240167564));
#3777 = ( GEOMETRIC_REPRESENTATION_CONTEXT(2) 
PARAMETRIC_REPRESENTATION_CONTEXT() REPRESENTATION_CONTEXT('2D SPACE',''
  ) );
#3778 = ORIENTED_EDGE('',*,*,#3779,.T.);
#3779 = EDGE_CURVE('',#3757,#3780,#3782,.T.);
#3780 = VERTEX_POINT('',#3781);
#3781 = CARTESIAN_POINT('',(-9.58486,-3.4886,12.));
#3782 = SURFACE_CURVE('',#3783,(#3787),.PCURVE_S1.);
#3783 = LINE('',#3784,#3785);
#3784 = CARTESIAN_POINT('',(-10.2,0.,12.));
#3785 = VECTOR('',#3786,1.);
#3786 = DIRECTION('',(0.173649736876,-0.98480747808,0.));
#3787 = PCURVE('',#3767,#3788);
#3788 = DEFINITIONAL_REPRESENTATION('',(#3789),#3793);
#3789 = LINE('',#3790,#3791);
#3790 = CARTESIAN_POINT('',(-2.59155,2.47214));
#3791 = VECTOR('',#3792,1.);
#3792 = DIRECTION('',(0.173649736876,-0.98480747808));
#3793 = ( GEOMETRIC_REPRESENTATION_CONTEXT(2) 
PARAMETRIC_REPRESENTATION_CONTEXT() REPRESENTATION_CONTEXT('2D SPACE',''
  ) );
#3794 = ORIENTED_EDGE('',*,*,#3795,.F.);
#3795 = EDGE_CURVE('',#3759,#3780,#3796,.T.);
#3796 = SURFACE_CURVE('',#3797,(#3801),.PCURVE_S1.);
#3797 = LINE('',#3798,#3799);
#3798 = CARTESIAN_POINT('',(-7.60845,-2.47214,12.));
#3799 = VECTOR('',#3800,1.);
#3800 = DIRECTION('',(-0.889284037704,-0.45735533263,0.));
#3801 = PCURVE('',#3767,#3802);
#3802 = DEFINITIONAL_REPRESENTATION('',(#3803),#3807);
#3803 = LINE('',#3804,#3805);
#3804 = CARTESIAN_POINT('',(0.,0.));
#3805 = VECTOR('',#3806,1.);
#3806 = DIRECTION('',(-0.889284037704,-0.45735533263));
#3807 = ( GEOMETRIC_REPRESENTATION_CONTEXT(2) 
PARAMETRIC_REPRESENTATION_CONTEXT() REPRESENTATION_CONTEXT('2D SPACE',''
  ) );
#3808 = ( GEOMETRIC_REPRESENTATION_CONTEXT(3) 
GLOBAL_UNCERTAINTY_ASSIGNED_CONTEXT((#3812)) 
GLOBAL_UNIT_ASSIGNED_CONTEXT((#3809,#3810,#3811)) REPRESENTATION_CONTEXT
('Context #1','3D Context with UNIT and UNCERTAINTY') );
#3809 = ( LENGTH_UNIT() NAMED_UNIT(*) SI_UNIT(.MILLI.,.METRE.) );
#3810 = ( NAMED_UNIT(*) PLANE_ANGLE_UNIT() SI_UNIT($,.RADIAN.) );
#3811 = ( NAMED_UNIT(*) SI_UNIT($,.STERADIAN.) SOLID_ANGLE_UNIT() );
#3812 = UNCERTAINTY_MEASURE_WITH_UNIT(LENGTH_MEASURE(1.E-07),#3809,
  'distance_accuracy_value','confusion accuracy');
#3813 = CONTEXT_DEPENDENT_SHAPE_REPRESENTATION(#3814,#3816);
#3814 = ( REPRESENTATION_RELATIONSHIP('','',#3749,#10) 
REPRESENTATION_RELATIONSHIP_WITH_TRANSFORMATION(#3815) 
SHAPE_REPRESENTATION_RELATIONSHIP() );
#3815 = ITEM_DEFINED_TRANSFORMATION('','',#11,#163);
#3816 = PRODUCT_DEFINITION_SHAPE('Placement','Placement of an item',
  #3817);
#3817 = NEXT_ASSEMBLY_USAGE_OCCURRENCE('1802','','',#5,#3744,$);
#3818 = PRODUCT_RELATED_PRODUCT_CATEGORY('part',$,(#3746));
#3819 = SHAPE_DEFINITION_REPRESENTATION(#3820,#3826);
#3820 = PRODUCT_DEFINITION_SHAPE('','',#3821);
#3821 = PRODUCT_DEFINITION('design','',#3822,#3825);
#3822 = PRODUCT_DEFINITION_FORMATION('','',#3823);
#3823 = PRODUCT('Open CASCADE STEP translator 7.9 2.39',
  'Open CASCADE STEP translator 7.9 2.39','',(#3824));
#3824 = PRODUCT_CONTEXT('',#2,'mechanical');
#3825 = PRODUCT_DEFINITION_CONTEXT('part definition',#2,'design');
#3826 = MANIFOLD_SURFACE_SHAPE_REPRESENTATION('',(#11,#3827),#3885);
#3827 = SHELL_BASED_SURFACE_MODEL('',(#3828));
#3828 = OPEN_SHELL('',(#3829));
#3829 = ADVANCED_FACE('',(#3830),#3844,.T.);
#3830 = FACE_BOUND('',#3831,.T.);
#3831 = EDGE_LOOP('',(#3832,#3855,#3871));
#3832 = ORIENTED_EDGE('',*,*,#3833,.T.);
#3833 = EDGE_CURVE('',#3834,#3836,#3838,.T.);
#3834 = VERTEX_POINT('',#3835);
#3835 = CARTESIAN_POINT('',(-9.58486,-3.4886,7.));
#3836 = VERTEX_POINT('',#3837);
#3837 = CARTESIAN_POINT('',(-10.2,0.,12.));
#3838 = SURFACE_CURVE('',#3839,(#3843),.PCURVE_S1.);
#3839 = LINE('',#3840,#3841);
#3840 = CARTESIAN_POINT('',(-9.58486,-3.4886,7.));
#3841 = VECTOR('',#3842,1.);
#3842 = DIRECTION('',(-0.100386741694,0.569316232198,0.815966622998));
#3843 = PCURVE('',#3844,#3849);
#3844 = PLANE('',#3845);
#3845 = AXIS2_PLACEMENT_3D('',#3846,#3847,#3848);
#3846 = CARTESIAN_POINT('',(-9.58486,-3.4886,7.));
#3847 = DIRECTION('',(-0.98480747808,-0.173649736876,0.));
#3848 = DIRECTION('',(0.173649736876,-0.98480747808,0.));
#3849 = DEFINITIONAL_REPRESENTATION('',(#3850),#3854);
#3850 = LINE('',#3851,#3852);
#3851 = CARTESIAN_POINT('',(0.,0.));
#3852 = VECTOR('',#3853,1.);
#3853 = DIRECTION('',(-0.578099014143,0.815966622998));
#3854 = ( GEOMETRIC_REPRESENTATION_CONTEXT(2) 
PARAMETRIC_REPRESENTATION_CONTEXT() REPRESENTATION_CONTEXT('2D SPACE',''
  ) );
#3855 = ORIENTED_EDGE('',*,*,#3856,.F.);
#3856 = EDGE_CURVE('',#3857,#3836,#3859,.T.);
#3857 = VERTEX_POINT('',#3858);
#3858 = CARTESIAN_POINT('',(-10.2,0.,7.));
#3859 = SURFACE_CURVE('',#3860,(#3864),.PCURVE_S1.);
#3860 = LINE('',#3861,#3862);
#3861 = CARTESIAN_POINT('',(-10.2,0.,7.));
#3862 = VECTOR('',#3863,1.);
#3863 = DIRECTION('',(0.,0.,1.));
#3864 = PCURVE('',#3844,#3865);
#3865 = DEFINITIONAL_REPRESENTATION('',(#3866),#3870);
#3866 = LINE('',#3867,#3868);
#3867 = CARTESIAN_POINT('',(-3.542418267173,0.));
#3868 = VECTOR('',#3869,1.);
#3869 = DIRECTION('',(0.,1.));
#3870 = ( GEOMETRIC_REPRESENTATION_CONTEXT(2) 
PARAMETRIC_REPRESENTATION_CONTEXT() REPRESENTATION_CONTEXT('2D SPACE',''
  ) );
#3871 = ORIENTED_EDGE('',*,*,#3872,.F.);
#3872 = EDGE_CURVE('',#3834,#3857,#3873,.T.);
#3873 = SURFACE_CURVE('',#3874,(#3878),.PCURVE_S1.);
#3874 = LINE('',#3875,#3876);
#3875 = CARTESIAN_POINT('',(-9.58486,-3.4886,7.));
#3876 = VECTOR('',#3877,1.);
#3877 = DIRECTION('',(-0.173649736876,0.98480747808,0.));
#3878 = PCURVE('',#3844,#3879);
#3879 = DEFINITIONAL_REPRESENTATION('',(#3880),#3884);
#3880 = LINE('',#3881,#3882);
#3881 = CARTESIAN_POINT('',(0.,0.));
#3882 = VECTOR('',#3883,1.);
#3883 = DIRECTION('',(-1.,0.));
#3884 = ( GEOMETRIC_REPRESENTATION_CONTEXT(2) 
PARAMETRIC_REPRESENTATION_CONTEXT() REPRESENTATION_CONTEXT('2D SPACE',''
  ) );
#3885 = ( GEOMETRIC_REPRESENTATION_CONTEXT(3) 
GLOBAL_UNCERTAINTY_ASSIGNED_CONTEXT((#3889)) 
GLOBAL_UNIT_ASSIGNED_CONTEXT((#3886,#3887,#3888)) REPRESENTATION_CONTEXT
('Context #1','3D Context with UNIT and UNCERTAINTY') );
#3886 = ( LENGTH_UNIT() NAMED_UNIT(*) SI_UNIT(.MILLI.,.METRE.) );
#3887 = ( NAMED_UNIT(*) PLANE_ANGLE_UNIT() SI_UNIT($,.RADIAN.) );
#3888 = ( NAMED_UNIT(*) SI_UNIT($,.STERADIAN.) SOLID_ANGLE_UNIT() );
#3889 = UNCERTAINTY_MEASURE_WITH_UNIT(LENGTH_MEASURE(1.E-07),#3886,
  'distance_accuracy_value','confusion accuracy');
#3890 = CONTEXT_DEPENDENT_SHAPE_REPRESENTATION(#3891,#3893);
#3891 = ( REPRESENTATION_RELATIONSHIP('','',#3826,#10) 
REPRESENTATION_RELATIONSHIP_WITH_TRANSFORMATION(#3892) 
SHAPE_REPRESENTATION_RELATIONSHIP() );
#3892 = ITEM_DEFINED_TRANSFORMATION('','',#11,#167);
#3893 = PRODUCT_DEFINITION_SHAPE('Placement','Placement of an item',
  #3894);
#3894 = NEXT_ASSEMBLY_USAGE_OCCURRENCE('1803','','',#5,#3821,$);
#3895 = PRODUCT_RELATED_PRODUCT_CATEGORY('part',$,(#3823));
#3896 = SHAPE_DEFINITION_REPRESENTATION(#3897,#3903);
#3897 = PRODUCT_DEFINITION_SHAPE('','',#3898);
#3898 = PRODUCT_DEFINITION('design','',#3899,#3902);
#3899 = PRODUCT_DEFINITION_FORMATION('','',#3900);
#3900 = PRODUCT('Open CASCADE STEP translator 7.9 2.40',
  'Open CASCADE STEP translator 7.9 2.40','',(#3901));
#3901 = PRODUCT_CONTEXT('',#2,'mechanical');
#3902 = PRODUCT_DEFINITION_CONTEXT('part definition',#2,'design');
#3903 = MANIFOLD_SURFACE_SHAPE_REPRESENTATION('',(#11,#3904),#3962);
#3904 = SHELL_BASED_SURFACE_MODEL('',(#3905));
#3905 = OPEN_SHELL('',(#3906));
#3906 = ADVANCED_FACE('',(#3907),#3921,.T.);
#3907 = FACE_BOUND('',#3908,.T.);
#3908 = EDGE_LOOP('',(#3909,#3932,#3948));
#3909 = ORIENTED_EDGE('',*,*,#3910,.F.);
#3910 = EDGE_CURVE('',#3911,#3913,#3915,.T.);
#3911 = VERTEX_POINT('',#3912);
#3912 = CARTESIAN_POINT('',(-9.58486,-3.4886,7.));
#3913 = VERTEX_POINT('',#3914);
#3914 = CARTESIAN_POINT('',(-10.2,0.,12.));
#3915 = SURFACE_CURVE('',#3916,(#3920),.PCURVE_S1.);
#3916 = LINE('',#3917,#3918);
#3917 = CARTESIAN_POINT('',(-9.58486,-3.4886,7.));
#3918 = VECTOR('',#3919,1.);
#3919 = DIRECTION('',(-0.100386741694,0.569316232198,0.815966622998));
#3920 = PCURVE('',#3921,#3926);
#3921 = PLANE('',#3922);
#3922 = AXIS2_PLACEMENT_3D('',#3923,#3924,#3925);
#3923 = CARTESIAN_POINT('',(-10.2,0.,12.));
#3924 = DIRECTION('',(-0.98480747808,-0.173649736876,-0.));
#3925 = DIRECTION('',(0.173649736876,-0.98480747808,0.));
#3926 = DEFINITIONAL_REPRESENTATION('',(#3927),#3931);
#3927 = LINE('',#3928,#3929);
#3928 = CARTESIAN_POINT('',(3.542418267173,-5.));
#3929 = VECTOR('',#3930,1.);
#3930 = DIRECTION('',(-0.578099014143,0.815966622998));
#3931 = ( GEOMETRIC_REPRESENTATION_CONTEXT(2) 
PARAMETRIC_REPRESENTATION_CONTEXT() REPRESENTATION_CONTEXT('2D SPACE',''
  ) );
#3932 = ORIENTED_EDGE('',*,*,#3933,.F.);
#3933 = EDGE_CURVE('',#3934,#3911,#3936,.T.);
#3934 = VERTEX_POINT('',#3935);
#3935 = CARTESIAN_POINT('',(-9.58486,-3.4886,12.));
#3936 = SURFACE_CURVE('',#3937,(#3941),.PCURVE_S1.);
#3937 = LINE('',#3938,#3939);
#3938 = CARTESIAN_POINT('',(-9.58486,-3.4886,12.));
#3939 = VECTOR('',#3940,1.);
#3940 = DIRECTION('',(0.,0.,-1.));
#3941 = PCURVE('',#3921,#3942);
#3942 = DEFINITIONAL_REPRESENTATION('',(#3943),#3947);
#3943 = LINE('',#3944,#3945);
#3944 = CARTESIAN_POINT('',(3.542418267173,0.));
#3945 = VECTOR('',#3946,1.);
#3946 = DIRECTION('',(0.,-1.));
#3947 = ( GEOMETRIC_REPRESENTATION_CONTEXT(2) 
PARAMETRIC_REPRESENTATION_CONTEXT() REPRESENTATION_CONTEXT('2D SPACE',''
  ) );
#3948 = ORIENTED_EDGE('',*,*,#3949,.F.);
#3949 = EDGE_CURVE('',#3913,#3934,#3950,.T.);
#3950 = SURFACE_CURVE('',#3951,(#3955),.PCURVE_S1.);
#3951 = LINE('',#3952,#3953);
#3952 = CARTESIAN_POINT('',(-10.2,0.,12.));
#3953 = VECTOR('',#3954,1.);
#3954 = DIRECTION('',(0.173649736876,-0.98480747808,0.));
#3955 = PCURVE('',#3921,#3956);
#3956 = DEFINITIONAL_REPRESENTATION('',(#3957),#3961);
#3957 = LINE('',#3958,#3959);
#3958 = CARTESIAN_POINT('',(0.,0.));
#3959 = VECTOR('',#3960,1.);
#3960 = DIRECTION('',(1.,0.));
#3961 = ( GEOMETRIC_REPRESENTATION_CONTEXT(2) 
PARAMETRIC_REPRESENTATION_CONTEXT() REPRESENTATION_CONTEXT('2D SPACE',''
  ) );
#3962 = ( GEOMETRIC_REPRESENTATION_CONTEXT(3) 
GLOBAL_UNCERTAINTY_ASSIGNED_CONTEXT((#3966)) 
GLOBAL_UNIT_ASSIGNED_CONTEXT((#3963,#3964,#3965)) REPRESENTATION_CONTEXT
('Context #1','3D Context with UNIT and UNCERTAINTY') );
#3963 = ( LENGTH_UNIT() NAMED_UNIT(*) SI_UNIT(.MILLI.,.METRE.) );
#3964 = ( NAMED_UNIT(*) PLANE_ANGLE_UNIT() SI_UNIT($,.RADIAN.) );
#3965 = ( NAMED_UNIT(*) SI_UNIT($,.STERADIAN.) SOLID_ANGLE_UNIT() );
#3966 = UNCERTAINTY_MEASURE_WITH_UNIT(LENGTH_MEASURE(1.E-07),#3963,
  'distance_accuracy_value','confusion accuracy');
#3967 = CONTEXT_DEPENDENT_SHAPE_REPRESENTATION(#3968,#3970);
#3968 = ( REPRESENTATION_RELATIONSHIP('','',#3903,#10) 
REPRESENTATION_RELATIONSHIP_WITH_TRANSFORMATION(#3969) 
SHAPE_REPRESENTATION_RELATIONSHIP() );
#3969 = ITEM_DEFINED_TRANSFORMATION('','',#11,#171);
#3970 = PRODUCT_DEFINITION_SHAPE('Placement','Placement of an item',
  #3971);
#3971 = NEXT_ASSEMBLY_USAGE_OCCURRENCE('1804','','',#5,#3898,$);
#3972 = PRODUCT_RELATED_PRODUCT_CATEGORY('part',$,(#3900));
#3973 = SHAPE_DEFINITION_REPRESENTATION(#3974,#3980);
#3974 = PRODUCT_DEFINITION_SHAPE('','',#3975);
#3975 = PRODUCT_DEFINITION('design','',#3976,#3979);
#3976 = PRODUCT_DEFINITION_FORMATION('','',#3977);
#3977 = PRODUCT('Open CASCADE STEP translator 7.9 2.41',
  'Open CASCADE STEP translator 7.9 2.41','',(#3978));
#3978 = PRODUCT_CONTEXT('',#2,'mechanical');
#3979 = PRODUCT_DEFINITION_CONTEXT('part definition',#2,'design');
#3980 = MANIFOLD_SURFACE_SHAPE_REPRESENTATION('',(#11,#3981),#4039);
#3981 = SHELL_BASED_SURFACE_MODEL('',(#3982));
#3982 = OPEN_SHELL('',(#3983));
#3983 = ADVANCED_FACE('',(#3984),#3998,.T.);
#3984 = FACE_BOUND('',#3985,.T.);
#3985 = EDGE_LOOP('',(#3986,#4009,#4025));
#3986 = ORIENTED_EDGE('',*,*,#3987,.T.);
#3987 = EDGE_CURVE('',#3988,#3990,#3992,.T.);
#3988 = VERTEX_POINT('',#3989);
#3989 = CARTESIAN_POINT('',(7.48075,-2.72277,338.));
#3990 = VERTEX_POINT('',#3991);
#3991 = CARTESIAN_POINT('',(9.58486,-3.4886,343.));
#3992 = SURFACE_CURVE('',#3993,(#3997),.PCURVE_S1.);
#3993 = LINE('',#3994,#3995);
#3994 = CARTESIAN_POINT('',(7.48075,-2.72277,338.));
#3995 = VECTOR('',#3996,1.);
#3996 = DIRECTION('',(0.384068007985,-0.139788700474,0.912661429262));
#3997 = PCURVE('',#3998,#4003);
#3998 = PLANE('',#3999);
#3999 = AXIS2_PLACEMENT_3D('',#4000,#4001,#4002);
#4000 = CARTESIAN_POINT('',(7.48075,-2.72277,338.));
#4001 = DIRECTION('',(-0.342018798718,-0.939693110182,-3.0411689073E-17)
  );
#4002 = DIRECTION('',(-0.939693110182,0.342018798718,0.));
#4003 = DEFINITIONAL_REPRESENTATION('',(#4004),#4008);
#4004 = LINE('',#4005,#4006);
#4005 = CARTESIAN_POINT('',(0.,0.));
#4006 = VECTOR('',#4007,1.);
#4007 = DIRECTION('',(-0.408716424355,-0.912661429262));
#4008 = ( GEOMETRIC_REPRESENTATION_CONTEXT(2) 
PARAMETRIC_REPRESENTATION_CONTEXT() REPRESENTATION_CONTEXT('2D SPACE',''
  ) );
#4009 = ORIENTED_EDGE('',*,*,#4010,.T.);
#4010 = EDGE_CURVE('',#3990,#4011,#4013,.T.);
#4011 = VERTEX_POINT('',#4012);
#4012 = CARTESIAN_POINT('',(7.48075,-2.72277,343.));
#4013 = SURFACE_CURVE('',#4014,(#4018),.PCURVE_S1.);
#4014 = LINE('',#4015,#4016);
#4015 = CARTESIAN_POINT('',(9.58486,-3.4886,343.));
#4016 = VECTOR('',#4017,1.);
#4017 = DIRECTION('',(-0.939693110182,0.342018798718,0.));
#4018 = PCURVE('',#3998,#4019);
#4019 = DEFINITIONAL_REPRESENTATION('',(#4020),#4024);
#4020 = LINE('',#4021,#4022);
#4021 = CARTESIAN_POINT('',(-2.239145926687,-5.));
#4022 = VECTOR('',#4023,1.);
#4023 = DIRECTION('',(1.,0.));
#4024 = ( GEOMETRIC_REPRESENTATION_CONTEXT(2) 
PARAMETRIC_REPRESENTATION_CONTEXT() REPRESENTATION_CONTEXT('2D SPACE',''
  ) );
#4025 = ORIENTED_EDGE('',*,*,#4026,.T.);
#4026 = EDGE_CURVE('',#4011,#3988,#4027,.T.);
#4027 = SURFACE_CURVE('',#4028,(#4032),.PCURVE_S1.);
#4028 = LINE('',#4029,#4030);
#4029 = CARTESIAN_POINT('',(7.48075,-2.72277,343.));
#4030 = VECTOR('',#4031,1.);
#4031 = DIRECTION('',(0.,0.,-1.));
#4032 = PCURVE('',#3998,#4033);
#4033 = DEFINITIONAL_REPRESENTATION('',(#4034),#4038);
#4034 = LINE('',#4035,#4036);
#4035 = CARTESIAN_POINT('',(0.,-5.));
#4036 = VECTOR('',#4037,1.);
#4037 = DIRECTION('',(0.,1.));
#4038 = ( GEOMETRIC_REPRESENTATION_CONTEXT(2) 
PARAMETRIC_REPRESENTATION_CONTEXT() REPRESENTATION_CONTEXT('2D SPACE',''
  ) );
#4039 = ( GEOMETRIC_REPRESENTATION_CONTEXT(3) 
GLOBAL_UNCERTAINTY_ASSIGNED_CONTEXT((#4043)) 
GLOBAL_UNIT_ASSIGNED_CONTEXT((#4040,#4041,#4042)) REPRESENTATION_CONTEXT
('Context #1','3D Context with UNIT and UNCERTAINTY') );
#4040 = ( LENGTH_UNIT() NAMED_UNIT(*) SI_UNIT(.MILLI.,.METRE.) );
#4041 = ( NAMED_UNIT(*) PLANE_ANGLE_UNIT() SI_UNIT($,.RADIAN.) );
#4042 = ( NAMED_UNIT(*) SI_UNIT($,.STERADIAN.) SOLID_ANGLE_UNIT() );
#4043 = UNCERTAINTY_MEASURE_WITH_UNIT(LENGTH_MEASURE(1.E-07),#4040,
  'distance_accuracy_value','confusion accuracy');
#4044 = CONTEXT_DEPENDENT_SHAPE_REPRESENTATION(#4045,#4047);
#4045 = ( REPRESENTATION_RELATIONSHIP('','',#3980,#10) 
REPRESENTATION_RELATIONSHIP_WITH_TRANSFORMATION(#4046) 
SHAPE_REPRESENTATION_RELATIONSHIP() );
#4046 = ITEM_DEFINED_TRANSFORMATION('','',#11,#175);
#4047 = PRODUCT_DEFINITION_SHAPE('Placement','Placement of an item',
  #4048);
#4048 = NEXT_ASSEMBLY_USAGE_OCCURRENCE('1805','','',#5,#3975,$);
#4049 = PRODUCT_RELATED_PRODUCT_CATEGORY('part',$,(#3977));
#4050 = SHAPE_DEFINITION_REPRESENTATION(#4051,#4057);
#4051 = PRODUCT_DEFINITION_SHAPE('','',#4052);
#4052 = PRODUCT_DEFINITION('design','',#4053,#4056);
#4053 = PRODUCT_DEFINITION_FORMATION('','',#4054);
#4054 = PRODUCT('Open CASCADE STEP translator 7.9 2.42',
  'Open CASCADE STEP translator 7.9 2.42','',(#4055));
#4055 = PRODUCT_CONTEXT('',#2,'mechanical');
#4056 = PRODUCT_DEFINITION_CONTEXT('part definition',#2,'design');
#4057 = MANIFOLD_SURFACE_SHAPE_REPRESENTATION('',(#11,#4058),#4116);
#4058 = SHELL_BASED_SURFACE_MODEL('',(#4059));
#4059 = OPEN_SHELL('',(#4060));
#4060 = ADVANCED_FACE('',(#4061),#4075,.T.);
#4061 = FACE_BOUND('',#4062,.T.);
#4062 = EDGE_LOOP('',(#4063,#4086,#4102));
#4063 = ORIENTED_EDGE('',*,*,#4064,.F.);
#4064 = EDGE_CURVE('',#4065,#4067,#4069,.T.);
#4065 = VERTEX_POINT('',#4066);
#4066 = CARTESIAN_POINT('',(7.48075,-2.72277,338.));
#4067 = VERTEX_POINT('',#4068);
#4068 = CARTESIAN_POINT('',(9.58486,-3.4886,343.));
#4069 = SURFACE_CURVE('',#4070,(#4074),.PCURVE_S1.);
#4070 = LINE('',#4071,#4072);
#4071 = CARTESIAN_POINT('',(7.48075,-2.72277,338.));
#4072 = VECTOR('',#4073,1.);
#4073 = DIRECTION('',(0.384068007985,-0.139788700474,0.912661429262));
#4074 = PCURVE('',#4075,#4080);
#4075 = PLANE('',#4076);
#4076 = AXIS2_PLACEMENT_3D('',#4077,#4078,#4079);
#4077 = CARTESIAN_POINT('',(9.58486,-3.4886,343.));
#4078 = DIRECTION('',(-0.342018798718,-0.939693110182,-3.0411689073E-17)
  );
#4079 = DIRECTION('',(-0.939693110182,0.342018798718,0.));
#4080 = DEFINITIONAL_REPRESENTATION('',(#4081),#4085);
#4081 = LINE('',#4082,#4083);
#4082 = CARTESIAN_POINT('',(2.239145926687,5.));
#4083 = VECTOR('',#4084,1.);
#4084 = DIRECTION('',(-0.408716424355,-0.912661429262));
#4085 = ( GEOMETRIC_REPRESENTATION_CONTEXT(2) 
PARAMETRIC_REPRESENTATION_CONTEXT() REPRESENTATION_CONTEXT('2D SPACE',''
  ) );
#4086 = ORIENTED_EDGE('',*,*,#4087,.T.);
#4087 = EDGE_CURVE('',#4065,#4088,#4090,.T.);
#4088 = VERTEX_POINT('',#4089);
#4089 = CARTESIAN_POINT('',(9.58486,-3.4886,338.));
#4090 = SURFACE_CURVE('',#4091,(#4095),.PCURVE_S1.);
#4091 = LINE('',#4092,#4093);
#4092 = CARTESIAN_POINT('',(7.48075,-2.72277,338.));
#4093 = VECTOR('',#4094,1.);
#4094 = DIRECTION('',(0.939693110182,-0.342018798718,0.));
#4095 = PCURVE('',#4075,#4096);
#4096 = DEFINITIONAL_REPRESENTATION('',(#4097),#4101);
#4097 = LINE('',#4098,#4099);
#4098 = CARTESIAN_POINT('',(2.239145926687,5.));
#4099 = VECTOR('',#4100,1.);
#4100 = DIRECTION('',(-1.,0.));
#4101 = ( GEOMETRIC_REPRESENTATION_CONTEXT(2) 
PARAMETRIC_REPRESENTATION_CONTEXT() REPRESENTATION_CONTEXT('2D SPACE',''
  ) );
#4102 = ORIENTED_EDGE('',*,*,#4103,.T.);
#4103 = EDGE_CURVE('',#4088,#4067,#4104,.T.);
#4104 = SURFACE_CURVE('',#4105,(#4109),.PCURVE_S1.);
#4105 = LINE('',#4106,#4107);
#4106 = CARTESIAN_POINT('',(9.58486,-3.4886,338.));
#4107 = VECTOR('',#4108,1.);
#4108 = DIRECTION('',(0.,0.,1.));
#4109 = PCURVE('',#4075,#4110);
#4110 = DEFINITIONAL_REPRESENTATION('',(#4111),#4115);
#4111 = LINE('',#4112,#4113);
#4112 = CARTESIAN_POINT('',(0.,5.));
#4113 = VECTOR('',#4114,1.);
#4114 = DIRECTION('',(0.,-1.));
#4115 = ( GEOMETRIC_REPRESENTATION_CONTEXT(2) 
PARAMETRIC_REPRESENTATION_CONTEXT() REPRESENTATION_CONTEXT('2D SPACE',''
  ) );
#4116 = ( GEOMETRIC_REPRESENTATION_CONTEXT(3) 
GLOBAL_UNCERTAINTY_ASSIGNED_CONTEXT((#4120)) 
GLOBAL_UNIT_ASSIGNED_CONTEXT((#4117,#4118,#4119)) REPRESENTATION_CONTEXT
('Context #1','3D Context with UNIT and UNCERTAINTY') );
#4117 = ( LENGTH_UNIT() NAMED_UNIT(*) SI_UNIT(.MILLI.,.METRE.) );
#4118 = ( NAMED_UNIT(*) PLANE_ANGLE_UNIT() SI_UNIT($,.RADIAN.) );
#4119 = ( NAMED_UNIT(*) SI_UNIT($,.STERADIAN.) SOLID_ANGLE_UNIT() );
#4120 = UNCERTAINTY_MEASURE_WITH_UNIT(LENGTH_MEASURE(1.E-07),#4117,
  'distance_accuracy_value','confusion accuracy');
#4121 = CONTEXT_DEPENDENT_SHAPE_REPRESENTATION(#4122,#4124);
#4122 = ( REPRESENTATION_RELATIONSHIP('','',#4057,#10) 
REPRESENTATION_RELATIONSHIP_WITH_TRANSFORMATION(#4123) 
SHAPE_REPRESENTATION_RELATIONSHIP() );
#4123 = ITEM_DEFINED_TRANSFORMATION('','',#11,#179);
#4124 = PRODUCT_DEFINITION_SHAPE('Placement','Placement of an item',
  #4125);
#4125 = NEXT_ASSEMBLY_USAGE_OCCURRENCE('1806','','',#5,#4052,$);
#4126 = PRODUCT_RELATED_PRODUCT_CATEGORY('part',$,(#4054));
#4127 = SHAPE_DEFINITION_REPRESENTATION(#4128,#4134);
#4128 = PRODUCT_DEFINITION_SHAPE('','',#4129);
#4129 = PRODUCT_DEFINITION('design','',#4130,#4133);
#4130 = PRODUCT_DEFINITION_FORMATION('','',#4131);
#4131 = PRODUCT('Open CASCADE STEP translator 7.9 2.43',
  'Open CASCADE STEP translator 7.9 2.43','',(#4132));
#4132 = PRODUCT_CONTEXT('',#2,'mechanical');
#4133 = PRODUCT_DEFINITION_CONTEXT('part definition',#2,'design');
#4134 = MANIFOLD_SURFACE_SHAPE_REPRESENTATION('',(#11,#4135),#4193);
#4135 = SHELL_BASED_SURFACE_MODEL('',(#4136));
#4136 = OPEN_SHELL('',(#4137));
#4137 = ADVANCED_FACE('',(#4138),#4152,.T.);
#4138 = FACE_BOUND('',#4139,.T.);
#4139 = EDGE_LOOP('',(#4140,#4163,#4179));
#4140 = ORIENTED_EDGE('',*,*,#4141,.T.);
#4141 = EDGE_CURVE('',#4142,#4144,#4146,.T.);
#4142 = VERTEX_POINT('',#4143);
#4143 = CARTESIAN_POINT('',(9.58486,3.4886,338.));
#4144 = VERTEX_POINT('',#4145);
#4145 = CARTESIAN_POINT('',(7.48075,2.72277,343.));
#4146 = SURFACE_CURVE('',#4147,(#4151),.PCURVE_S1.);
#4147 = LINE('',#4148,#4149);
#4148 = CARTESIAN_POINT('',(9.58486,3.4886,338.));
#4149 = VECTOR('',#4150,1.);
#4150 = DIRECTION('',(-0.384068007985,-0.139788700474,0.912661429262));
#4151 = PCURVE('',#4152,#4157);
#4152 = PLANE('',#4153);
#4153 = AXIS2_PLACEMENT_3D('',#4154,#4155,#4156);
#4154 = CARTESIAN_POINT('',(9.58486,3.4886,338.));
#4155 = DIRECTION('',(-0.342018798718,0.939693110182,3.0411689073E-17));
#4156 = DIRECTION('',(0.939693110182,0.342018798718,0.));
#4157 = DEFINITIONAL_REPRESENTATION('',(#4158),#4162);
#4158 = LINE('',#4159,#4160);
#4159 = CARTESIAN_POINT('',(0.,0.));
#4160 = VECTOR('',#4161,1.);
#4161 = DIRECTION('',(-0.408716424355,-0.912661429262));
#4162 = ( GEOMETRIC_REPRESENTATION_CONTEXT(2) 
PARAMETRIC_REPRESENTATION_CONTEXT() REPRESENTATION_CONTEXT('2D SPACE',''
  ) );
#4163 = ORIENTED_EDGE('',*,*,#4164,.T.);
#4164 = EDGE_CURVE('',#4144,#4165,#4167,.T.);
#4165 = VERTEX_POINT('',#4166);
#4166 = CARTESIAN_POINT('',(9.58486,3.4886,343.));
#4167 = SURFACE_CURVE('',#4168,(#4172),.PCURVE_S1.);
#4168 = LINE('',#4169,#4170);
#4169 = CARTESIAN_POINT('',(7.48075,2.72277,343.));
#4170 = VECTOR('',#4171,1.);
#4171 = DIRECTION('',(0.939693110182,0.342018798718,0.));
#4172 = PCURVE('',#4152,#4173);
#4173 = DEFINITIONAL_REPRESENTATION('',(#4174),#4178);
#4174 = LINE('',#4175,#4176);
#4175 = CARTESIAN_POINT('',(-2.239145926687,-5.));
#4176 = VECTOR('',#4177,1.);
#4177 = DIRECTION('',(1.,0.));
#4178 = ( GEOMETRIC_REPRESENTATION_CONTEXT(2) 
PARAMETRIC_REPRESENTATION_CONTEXT() REPRESENTATION_CONTEXT('2D SPACE',''
  ) );
#4179 = ORIENTED_EDGE('',*,*,#4180,.T.);
#4180 = EDGE_CURVE('',#4165,#4142,#4181,.T.);
#4181 = SURFACE_CURVE('',#4182,(#4186),.PCURVE_S1.);
#4182 = LINE('',#4183,#4184);
#4183 = CARTESIAN_POINT('',(9.58486,3.4886,343.));
#4184 = VECTOR('',#4185,1.);
#4185 = DIRECTION('',(0.,0.,-1.));
#4186 = PCURVE('',#4152,#4187);
#4187 = DEFINITIONAL_REPRESENTATION('',(#4188),#4192);
#4188 = LINE('',#4189,#4190);
#4189 = CARTESIAN_POINT('',(0.,-5.));
#4190 = VECTOR('',#4191,1.);
#4191 = DIRECTION('',(0.,1.));
#4192 = ( GEOMETRIC_REPRESENTATION_CONTEXT(2) 
PARAMETRIC_REPRESENTATION_CONTEXT() REPRESENTATION_CONTEXT('2D SPACE',''
  ) );
#4193 = ( GEOMETRIC_REPRESENTATION_CONTEXT(3) 
GLOBAL_UNCERTAINTY_ASSIGNED_CONTEXT((#4197)) 
GLOBAL_UNIT_ASSIGNED_CONTEXT((#4194,#4195,#4196)) REPRESENTATION_CONTEXT
('Context #1','3D Context with UNIT and UNCERTAINTY') );
#4194 = ( LENGTH_UNIT() NAMED_UNIT(*) SI_UNIT(.MILLI.,.METRE.) );
#4195 = ( NAMED_UNIT(*) PLANE_ANGLE_UNIT() SI_UNIT($,.RADIAN.) );
#4196 = ( NAMED_UNIT(*) SI_UNIT($,.STERADIAN.) SOLID_ANGLE_UNIT() );
#4197 = UNCERTAINTY_MEASURE_WITH_UNIT(LENGTH_MEASURE(1.E-07),#4194,
  'distance_accuracy_value','confusion accuracy');
#4198 = CONTEXT_DEPENDENT_SHAPE_REPRESENTATION(#4199,#4201);
#4199 = ( REPRESENTATION_RELATIONSHIP('','',#4134,#10) 
REPRESENTATION_RELATIONSHIP_WITH_TRANSFORMATION(#4200) 
SHAPE_REPRESENTATION_RELATIONSHIP() );
#4200 = ITEM_DEFINED_TRANSFORMATION('','',#11,#183);
#4201 = PRODUCT_DEFINITION_SHAPE('Placement','Placement of an item',
  #4202);
#4202 = NEXT_ASSEMBLY_USAGE_OCCURRENCE('1807','','',#5,#4129,$);
#4203 = PRODUCT_RELATED_PRODUCT_CATEGORY('part',$,(#4131));
#4204 = SHAPE_DEFINITION_REPRESENTATION(#4205,#4211);
#4205 = PRODUCT_DEFINITION_SHAPE('','',#4206);
#4206 = PRODUCT_DEFINITION('design','',#4207,#4210);
#4207 = PRODUCT_DEFINITION_FORMATION('','',#4208);
#4208 = PRODUCT('Open CASCADE STEP translator 7.9 2.44',
  'Open CASCADE STEP translator 7.9 2.44','',(#4209));
#4209 = PRODUCT_CONTEXT('',#2,'mechanical');
#4210 = PRODUCT_DEFINITION_CONTEXT('part definition',#2,'design');
#4211 = MANIFOLD_SURFACE_SHAPE_REPRESENTATION('',(#11,#4212),#4270);
#4212 = SHELL_BASED_SURFACE_MODEL('',(#4213));
#4213 = OPEN_SHELL('',(#4214));
#4214 = ADVANCED_FACE('',(#4215),#4229,.T.);
#4215 = FACE_BOUND('',#4216,.T.);
#4216 = EDGE_LOOP('',(#4217,#4240,#4256));
#4217 = ORIENTED_EDGE('',*,*,#4218,.F.);
#4218 = EDGE_CURVE('',#4219,#4221,#4223,.T.);
#4219 = VERTEX_POINT('',#4220);
#4220 = CARTESIAN_POINT('',(9.58486,3.4886,338.));
#4221 = VERTEX_POINT('',#4222);
#4222 = CARTESIAN_POINT('',(7.48075,2.72277,343.));
#4223 = SURFACE_CURVE('',#4224,(#4228),.PCURVE_S1.);
#4224 = LINE('',#4225,#4226);
#4225 = CARTESIAN_POINT('',(9.58486,3.4886,338.));
#4226 = VECTOR('',#4227,1.);
#4227 = DIRECTION('',(-0.384068007985,-0.139788700474,0.912661429262));
#4228 = PCURVE('',#4229,#4234);
#4229 = PLANE('',#4230);
#4230 = AXIS2_PLACEMENT_3D('',#4231,#4232,#4233);
#4231 = CARTESIAN_POINT('',(7.48075,2.72277,343.));
#4232 = DIRECTION('',(-0.342018798718,0.939693110182,3.0411689073E-17));
#4233 = DIRECTION('',(0.939693110182,0.342018798718,0.));
#4234 = DEFINITIONAL_REPRESENTATION('',(#4235),#4239);
#4235 = LINE('',#4236,#4237);
#4236 = CARTESIAN_POINT('',(2.239145926687,5.));
#4237 = VECTOR('',#4238,1.);
#4238 = DIRECTION('',(-0.408716424355,-0.912661429262));
#4239 = ( GEOMETRIC_REPRESENTATION_CONTEXT(2) 
PARAMETRIC_REPRESENTATION_CONTEXT() REPRESENTATION_CONTEXT('2D SPACE',''
  ) );
#4240 = ORIENTED_EDGE('',*,*,#4241,.T.);
#4241 = EDGE_CURVE('',#4219,#4242,#4244,.T.);
#4242 = VERTEX_POINT('',#4243);
#4243 = CARTESIAN_POINT('',(7.48075,2.72277,338.));
#4244 = SURFACE_CURVE('',#4245,(#4249),.PCURVE_S1.);
#4245 = LINE('',#4246,#4247);
#4246 = CARTESIAN_POINT('',(9.58486,3.4886,338.));
#4247 = VECTOR('',#4248,1.);
#4248 = DIRECTION('',(-0.939693110182,-0.342018798718,0.));
#4249 = PCURVE('',#4229,#4250);
#4250 = DEFINITIONAL_REPRESENTATION('',(#4251),#4255);
#4251 = LINE('',#4252,#4253);
#4252 = CARTESIAN_POINT('',(2.239145926687,5.));
#4253 = VECTOR('',#4254,1.);
#4254 = DIRECTION('',(-1.,0.));
#4255 = ( GEOMETRIC_REPRESENTATION_CONTEXT(2) 
PARAMETRIC_REPRESENTATION_CONTEXT() REPRESENTATION_CONTEXT('2D SPACE',''
  ) );
#4256 = ORIENTED_EDGE('',*,*,#4257,.T.);
#4257 = EDGE_CURVE('',#4242,#4221,#4258,.T.);
#4258 = SURFACE_CURVE('',#4259,(#4263),.PCURVE_S1.);
#4259 = LINE('',#4260,#4261);
#4260 = CARTESIAN_POINT('',(7.48075,2.72277,338.));
#4261 = VECTOR('',#4262,1.);
#4262 = DIRECTION('',(0.,0.,1.));
#4263 = PCURVE('',#4229,#4264);
#4264 = DEFINITIONAL_REPRESENTATION('',(#4265),#4269);
#4265 = LINE('',#4266,#4267);
#4266 = CARTESIAN_POINT('',(0.,5.));
#4267 = VECTOR('',#4268,1.);
#4268 = DIRECTION('',(0.,-1.));
#4269 = ( GEOMETRIC_REPRESENTATION_CONTEXT(2) 
PARAMETRIC_REPRESENTATION_CONTEXT() REPRESENTATION_CONTEXT('2D SPACE',''
  ) );
#4270 = ( GEOMETRIC_REPRESENTATION_CONTEXT(3) 
GLOBAL_UNCERTAINTY_ASSIGNED_CONTEXT((#4274)) 
GLOBAL_UNIT_ASSIGNED_CONTEXT((#4271,#4272,#4273)) REPRESENTATION_CONTEXT
('Context #1','3D Context with UNIT and UNCERTAINTY') );
#4271 = ( LENGTH_UNIT() NAMED_UNIT(*) SI_UNIT(.MILLI.,.METRE.) );
#4272 = ( NAMED_UNIT(*) PLANE_ANGLE_UNIT() SI_UNIT($,.RADIAN.) );
#4273 = ( NAMED_UNIT(*) SI_UNIT($,.STERADIAN.) SOLID_ANGLE_UNIT() );
#4274 = UNCERTAINTY_MEASURE_WITH_UNIT(LENGTH_MEASURE(1.E-07),#4271,
  'distance_accuracy_value','confusion accuracy');
#4275 = CONTEXT_DEPENDENT_SHAPE_REPRESENTATION(#4276,#4278);
#4276 = ( REPRESENTATION_RELATIONSHIP('','',#4211,#10) 
REPRESENTATION_RELATIONSHIP_WITH_TRANSFORMATION(#4277) 
SHAPE_REPRESENTATION_RELATIONSHIP() );
#4277 = ITEM_DEFINED_TRANSFORMATION('','',#11,#187);
#4278 = PRODUCT_DEFINITION_SHAPE('Placement','Placement of an item',
  #4279);
#4279 = NEXT_ASSEMBLY_USAGE_OCCURRENCE('1808','','',#5,#4206,$);
#4280 = PRODUCT_RELATED_PRODUCT_CATEGORY('part',$,(#4208));
#4281 = SHAPE_DEFINITION_REPRESENTATION(#4282,#4288);
#4282 = PRODUCT_DEFINITION_SHAPE('','',#4283);
#4283 = PRODUCT_DEFINITION('design','',#4284,#4287);
#4284 = PRODUCT_DEFINITION_FORMATION('','',#4285);
#4285 = PRODUCT('Open CASCADE STEP translator 7.9 2.45',
  'Open CASCADE STEP translator 7.9 2.45','',(#4286));
#4286 = PRODUCT_CONTEXT('',#2,'mechanical');
#4287 = PRODUCT_DEFINITION_CONTEXT('part definition',#2,'design');
#4288 = MANIFOLD_SURFACE_SHAPE_REPRESENTATION('',(#11,#4289),#4347);
#4289 = SHELL_BASED_SURFACE_MODEL('',(#4290));
#4290 = OPEN_SHELL('',(#4291));
#4291 = ADVANCED_FACE('',(#4292),#4306,.T.);
#4292 = FACE_BOUND('',#4293,.T.);
#4293 = EDGE_LOOP('',(#4294,#4317,#4333));
#4294 = ORIENTED_EDGE('',*,*,#4295,.T.);
#4295 = EDGE_CURVE('',#4296,#4298,#4300,.T.);
#4296 = VERTEX_POINT('',#4297);
#4297 = CARTESIAN_POINT('',(7.60845,2.47214,343.));
#4298 = VERTEX_POINT('',#4299);
#4299 = CARTESIAN_POINT('',(10.2,0.,343.));
#4300 = SURFACE_CURVE('',#4301,(#4305),.PCURVE_S1.);
#4301 = LINE('',#4302,#4303);
#4302 = CARTESIAN_POINT('',(7.60845,2.47214,343.));
#4303 = VECTOR('',#4304,1.);
#4304 = DIRECTION('',(0.723580341829,-0.690240167564,0.));
#4305 = PCURVE('',#4306,#4311);
#4306 = PLANE('',#4307);
#4307 = AXIS2_PLACEMENT_3D('',#4308,#4309,#4310);
#4308 = CARTESIAN_POINT('',(7.60845,2.47214,343.));
#4309 = DIRECTION('',(-0.,-0.,1.));
#4310 = DIRECTION('',(1.,0.,0.));
#4311 = DEFINITIONAL_REPRESENTATION('',(#4312),#4316);
#4312 = LINE('',#4313,#4314);
#4313 = CARTESIAN_POINT('',(0.,0.));
#4314 = VECTOR('',#4315,1.);
#4315 = DIRECTION('',(0.723580341829,-0.690240167564));
#4316 = ( GEOMETRIC_REPRESENTATION_CONTEXT(2) 
PARAMETRIC_REPRESENTATION_CONTEXT() REPRESENTATION_CONTEXT('2D SPACE',''
  ) );
#4317 = ORIENTED_EDGE('',*,*,#4318,.T.);
#4318 = EDGE_CURVE('',#4298,#4319,#4321,.T.);
#4319 = VERTEX_POINT('',#4320);
#4320 = CARTESIAN_POINT('',(9.58486,3.4886,343.));
#4321 = SURFACE_CURVE('',#4322,(#4326),.PCURVE_S1.);
#4322 = LINE('',#4323,#4324);
#4323 = CARTESIAN_POINT('',(10.2,0.,343.));
#4324 = VECTOR('',#4325,1.);
#4325 = DIRECTION('',(-0.173649736876,0.98480747808,0.));
#4326 = PCURVE('',#4306,#4327);
#4327 = DEFINITIONAL_REPRESENTATION('',(#4328),#4332);
#4328 = LINE('',#4329,#4330);
#4329 = CARTESIAN_POINT('',(2.59155,-2.47214));
#4330 = VECTOR('',#4331,1.);
#4331 = DIRECTION('',(-0.173649736876,0.98480747808));
#4332 = ( GEOMETRIC_REPRESENTATION_CONTEXT(2) 
PARAMETRIC_REPRESENTATION_CONTEXT() REPRESENTATION_CONTEXT('2D SPACE',''
  ) );
#4333 = ORIENTED_EDGE('',*,*,#4334,.T.);
#4334 = EDGE_CURVE('',#4319,#4296,#4335,.T.);
#4335 = SURFACE_CURVE('',#4336,(#4340),.PCURVE_S1.);
#4336 = LINE('',#4337,#4338);
#4337 = CARTESIAN_POINT('',(9.58486,3.4886,343.));
#4338 = VECTOR('',#4339,1.);
#4339 = DIRECTION('',(-0.889284037704,-0.45735533263,0.));
#4340 = PCURVE('',#4306,#4341);
#4341 = DEFINITIONAL_REPRESENTATION('',(#4342),#4346);
#4342 = LINE('',#4343,#4344);
#4343 = CARTESIAN_POINT('',(1.97641,1.01646));
#4344 = VECTOR('',#4345,1.);
#4345 = DIRECTION('',(-0.889284037704,-0.45735533263));
#4346 = ( GEOMETRIC_REPRESENTATION_CONTEXT(2) 
PARAMETRIC_REPRESENTATION_CONTEXT() REPRESENTATION_CONTEXT('2D SPACE',''
  ) );
#4347 = ( GEOMETRIC_REPRESENTATION_CONTEXT(3) 
GLOBAL_UNCERTAINTY_ASSIGNED_CONTEXT((#4351)) 
GLOBAL_UNIT_ASSIGNED_CONTEXT((#4348,#4349,#4350)) REPRESENTATION_CONTEXT
('Context #1','3D Context with UNIT and UNCERTAINTY') );
#4348 = ( LENGTH_UNIT() NAMED_UNIT(*) SI_UNIT(.MILLI.,.METRE.) );
#4349 = ( NAMED_UNIT(*) PLANE_ANGLE_UNIT() SI_UNIT($,.RADIAN.) );
#4350 = ( NAMED_UNIT(*) SI_UNIT($,.STERADIAN.) SOLID_ANGLE_UNIT() );
#4351 = UNCERTAINTY_MEASURE_WITH_UNIT(LENGTH_MEASURE(1.E-07),#4348,
  'distance_accuracy_value','confusion accuracy');
#4352 = CONTEXT_DEPENDENT_SHAPE_REPRESENTATION(#4353,#4355);
#4353 = ( REPRESENTATION_RELATIONSHIP('','',#4288,#10) 
REPRESENTATION_RELATIONSHIP_WITH_TRANSFORMATION(#4354) 
SHAPE_REPRESENTATION_RELATIONSHIP() );
#4354 = ITEM_DEFINED_TRANSFORMATION('','',#11,#191);
#4355 = PRODUCT_DEFINITION_SHAPE('Placement','Placement of an item',
  #4356);
#4356 = NEXT_ASSEMBLY_USAGE_OCCURRENCE('1809','','',#5,#4283,$);
#4357 = PRODUCT_RELATED_PRODUCT_CATEGORY('part',$,(#4285));
#4358 = SHAPE_DEFINITION_REPRESENTATION(#4359,#4365);
#4359 = PRODUCT_DEFINITION_SHAPE('','',#4360);
#4360 = PRODUCT_DEFINITION('design','',#4361,#4364);
#4361 = PRODUCT_DEFINITION_FORMATION('','',#4362);
#4362 = PRODUCT('Open CASCADE STEP translator 7.9 2.46',
  'Open CASCADE STEP translator 7.9 2.46','',(#4363));
#4363 = PRODUCT_CONTEXT('',#2,'mechanical');
#4364 = PRODUCT_DEFINITION_CONTEXT('part definition',#2,'design');
#4365 = MANIFOLD_SURFACE_SHAPE_REPRESENTATION('',(#11,#4366),#4424);
#4366 = SHELL_BASED_SURFACE_MODEL('',(#4367));
#4367 = OPEN_SHELL('',(#4368));
#4368 = ADVANCED_FACE('',(#4369),#4383,.T.);
#4369 = FACE_BOUND('',#4370,.T.);
#4370 = EDGE_LOOP('',(#4371,#4394,#4410));
#4371 = ORIENTED_EDGE('',*,*,#4372,.T.);
#4372 = EDGE_CURVE('',#4373,#4375,#4377,.T.);
#4373 = VERTEX_POINT('',#4374);
#4374 = CARTESIAN_POINT('',(7.60845,-2.47214,343.));
#4375 = VERTEX_POINT('',#4376);
#4376 = CARTESIAN_POINT('',(10.2,0.,343.));
#4377 = SURFACE_CURVE('',#4378,(#4382),.PCURVE_S1.);
#4378 = LINE('',#4379,#4380);
#4379 = CARTESIAN_POINT('',(7.60845,-2.47214,343.));
#4380 = VECTOR('',#4381,1.);
#4381 = DIRECTION('',(0.723580341829,0.690240167564,0.));
#4382 = PCURVE('',#4383,#4388);
#4383 = PLANE('',#4384);
#4384 = AXIS2_PLACEMENT_3D('',#4385,#4386,#4387);
#4385 = CARTESIAN_POINT('',(7.60845,-2.47214,343.));
#4386 = DIRECTION('',(0.,-0.,1.));
#4387 = DIRECTION('',(1.,0.,0.));
#4388 = DEFINITIONAL_REPRESENTATION('',(#4389),#4393);
#4389 = LINE('',#4390,#4391);
#4390 = CARTESIAN_POINT('',(0.,0.));
#4391 = VECTOR('',#4392,1.);
#4392 = DIRECTION('',(0.723580341829,0.690240167564));
#4393 = ( GEOMETRIC_REPRESENTATION_CONTEXT(2) 
PARAMETRIC_REPRESENTATION_CONTEXT() REPRESENTATION_CONTEXT('2D SPACE',''
  ) );
#4394 = ORIENTED_EDGE('',*,*,#4395,.T.);
#4395 = EDGE_CURVE('',#4375,#4396,#4398,.T.);
#4396 = VERTEX_POINT('',#4397);
#4397 = CARTESIAN_POINT('',(8.,0.,343.));
#4398 = SURFACE_CURVE('',#4399,(#4403),.PCURVE_S1.);
#4399 = LINE('',#4400,#4401);
#4400 = CARTESIAN_POINT('',(10.2,0.,343.));
#4401 = VECTOR('',#4402,1.);
#4402 = DIRECTION('',(-1.,0.,0.));
#4403 = PCURVE('',#4383,#4404);
#4404 = DEFINITIONAL_REPRESENTATION('',(#4405),#4409);
#4405 = LINE('',#4406,#4407);
#4406 = CARTESIAN_POINT('',(2.59155,2.47214));
#4407 = VECTOR('',#4408,1.);
#4408 = DIRECTION('',(-1.,0.));
#4409 = ( GEOMETRIC_REPRESENTATION_CONTEXT(2) 
PARAMETRIC_REPRESENTATION_CONTEXT() REPRESENTATION_CONTEXT('2D SPACE',''
  ) );
#4410 = ORIENTED_EDGE('',*,*,#4411,.T.);
#4411 = EDGE_CURVE('',#4396,#4373,#4412,.T.);
#4412 = SURFACE_CURVE('',#4413,(#4417),.PCURVE_S1.);
#4413 = LINE('',#4414,#4415);
#4414 = CARTESIAN_POINT('',(8.,0.,343.));
#4415 = VECTOR('',#4416,1.);
#4416 = DIRECTION('',(-0.15643504565,-0.987688248635,0.));
#4417 = PCURVE('',#4383,#4418);
#4418 = DEFINITIONAL_REPRESENTATION('',(#4419),#4423);
#4419 = LINE('',#4420,#4421);
#4420 = CARTESIAN_POINT('',(0.39155,2.47214));
#4421 = VECTOR('',#4422,1.);
#4422 = DIRECTION('',(-0.15643504565,-0.987688248635));
#4423 = ( GEOMETRIC_REPRESENTATION_CONTEXT(2) 
PARAMETRIC_REPRESENTATION_CONTEXT() REPRESENTATION_CONTEXT('2D SPACE',''
  ) );
#4424 = ( GEOMETRIC_REPRESENTATION_CONTEXT(3) 
GLOBAL_UNCERTAINTY_ASSIGNED_CONTEXT((#4428)) 
GLOBAL_UNIT_ASSIGNED_CONTEXT((#4425,#4426,#4427)) REPRESENTATION_CONTEXT
('Context #1','3D Context with UNIT and UNCERTAINTY') );
#4425 = ( LENGTH_UNIT() NAMED_UNIT(*) SI_UNIT(.MILLI.,.METRE.) );
#4426 = ( NAMED_UNIT(*) PLANE_ANGLE_UNIT() SI_UNIT($,.RADIAN.) );
#4427 = ( NAMED_UNIT(*) SI_UNIT($,.STERADIAN.) SOLID_ANGLE_UNIT() );
#4428 = UNCERTAINTY_MEASURE_WITH_UNIT(LENGTH_MEASURE(1.E-07),#4425,
  'distance_accuracy_value','confusion accuracy');
#4429 = CONTEXT_DEPENDENT_SHAPE_REPRESENTATION(#4430,#4432);
#4430 = ( REPRESENTATION_RELATIONSHIP('','',#4365,#10) 
REPRESENTATION_RELATIONSHIP_WITH_TRANSFORMATION(#4431) 
SHAPE_REPRESENTATION_RELATIONSHIP() );
#4431 = ITEM_DEFINED_TRANSFORMATION('','',#11,#195);
#4432 = PRODUCT_DEFINITION_SHAPE('Placement','Placement of an item',
  #4433);
#4433 = NEXT_ASSEMBLY_USAGE_OCCURRENCE('1810','','',#5,#4360,$);
#4434 = PRODUCT_RELATED_PRODUCT_CATEGORY('part',$,(#4362));
#4435 = SHAPE_DEFINITION_REPRESENTATION(#4436,#4442);
#4436 = PRODUCT_DEFINITION_SHAPE('','',#4437);
#4437 = PRODUCT_DEFINITION('design','',#4438,#4441);
#4438 = PRODUCT_DEFINITION_FORMATION('','',#4439);
#4439 = PRODUCT('Open CASCADE STEP translator 7.9 2.47',
  'Open CASCADE STEP translator 7.9 2.47','',(#4440));
#4440 = PRODUCT_CONTEXT('',#2,'mechanical');
#4441 = PRODUCT_DEFINITION_CONTEXT('part definition',#2,'design');
#4442 = MANIFOLD_SURFACE_SHAPE_REPRESENTATION('',(#11,#4443),#4501);
#4443 = SHELL_BASED_SURFACE_MODEL('',(#4444));
#4444 = OPEN_SHELL('',(#4445));
#4445 = ADVANCED_FACE('',(#4446),#4460,.T.);
#4446 = FACE_BOUND('',#4447,.T.);
#4447 = EDGE_LOOP('',(#4448,#4471,#4487));
#4448 = ORIENTED_EDGE('',*,*,#4449,.F.);
#4449 = EDGE_CURVE('',#4450,#4452,#4454,.T.);
#4450 = VERTEX_POINT('',#4451);
#4451 = CARTESIAN_POINT('',(7.60845,2.47214,343.));
#4452 = VERTEX_POINT('',#4453);
#4453 = CARTESIAN_POINT('',(10.2,0.,343.));
#4454 = SURFACE_CURVE('',#4455,(#4459),.PCURVE_S1.);
#4455 = LINE('',#4456,#4457);
#4456 = CARTESIAN_POINT('',(7.60845,2.47214,343.));
#4457 = VECTOR('',#4458,1.);
#4458 = DIRECTION('',(0.723580341829,-0.690240167564,0.));
#4459 = PCURVE('',#4460,#4465);
#4460 = PLANE('',#4461);
#4461 = AXIS2_PLACEMENT_3D('',#4462,#4463,#4464);
#4462 = CARTESIAN_POINT('',(10.2,0.,343.));
#4463 = DIRECTION('',(-0.,-0.,1.));
#4464 = DIRECTION('',(1.,0.,0.));
#4465 = DEFINITIONAL_REPRESENTATION('',(#4466),#4470);
#4466 = LINE('',#4467,#4468);
#4467 = CARTESIAN_POINT('',(-2.59155,2.47214));
#4468 = VECTOR('',#4469,1.);
#4469 = DIRECTION('',(0.723580341829,-0.690240167564));
#4470 = ( GEOMETRIC_REPRESENTATION_CONTEXT(2) 
PARAMETRIC_REPRESENTATION_CONTEXT() REPRESENTATION_CONTEXT('2D SPACE',''
  ) );
#4471 = ORIENTED_EDGE('',*,*,#4472,.T.);
#4472 = EDGE_CURVE('',#4450,#4473,#4475,.T.);
#4473 = VERTEX_POINT('',#4474);
#4474 = CARTESIAN_POINT('',(8.,0.,343.));
#4475 = SURFACE_CURVE('',#4476,(#4480),.PCURVE_S1.);
#4476 = LINE('',#4477,#4478);
#4477 = CARTESIAN_POINT('',(7.60845,2.47214,343.));
#4478 = VECTOR('',#4479,1.);
#4479 = DIRECTION('',(0.15643504565,-0.987688248635,0.));
#4480 = PCURVE('',#4460,#4481);
#4481 = DEFINITIONAL_REPRESENTATION('',(#4482),#4486);
#4482 = LINE('',#4483,#4484);
#4483 = CARTESIAN_POINT('',(-2.59155,2.47214));
#4484 = VECTOR('',#4485,1.);
#4485 = DIRECTION('',(0.15643504565,-0.987688248635));
#4486 = ( GEOMETRIC_REPRESENTATION_CONTEXT(2) 
PARAMETRIC_REPRESENTATION_CONTEXT() REPRESENTATION_CONTEXT('2D SPACE',''
  ) );
#4487 = ORIENTED_EDGE('',*,*,#4488,.F.);
#4488 = EDGE_CURVE('',#4452,#4473,#4489,.T.);
#4489 = SURFACE_CURVE('',#4490,(#4494),.PCURVE_S1.);
#4490 = LINE('',#4491,#4492);
#4491 = CARTESIAN_POINT('',(10.2,0.,343.));
#4492 = VECTOR('',#4493,1.);
#4493 = DIRECTION('',(-1.,0.,0.));
#4494 = PCURVE('',#4460,#4495);
#4495 = DEFINITIONAL_REPRESENTATION('',(#4496),#4500);
#4496 = LINE('',#4497,#4498);
#4497 = CARTESIAN_POINT('',(0.,0.));
#4498 = VECTOR('',#4499,1.);
#4499 = DIRECTION('',(-1.,0.));
#4500 = ( GEOMETRIC_REPRESENTATION_CONTEXT(2) 
PARAMETRIC_REPRESENTATION_CONTEXT() REPRESENTATION_CONTEXT('2D SPACE',''
  ) );
#4501 = ( GEOMETRIC_REPRESENTATION_CONTEXT(3) 
GLOBAL_UNCERTAINTY_ASSIGNED_CONTEXT((#4505)) 
GLOBAL_UNIT_ASSIGNED_CONTEXT((#4502,#4503,#4504)) REPRESENTATION_CONTEXT
('Context #1','3D Context with UNIT and UNCERTAINTY') );
#4502 = ( LENGTH_UNIT() NAMED_UNIT(*) SI_UNIT(.MILLI.,.METRE.) );
#4503 = ( NAMED_UNIT(*) PLANE_ANGLE_UNIT() SI_UNIT($,.RADIAN.) );
#4504 = ( NAMED_UNIT(*) SI_UNIT($,.STERADIAN.) SOLID_ANGLE_UNIT() );
#4505 = UNCERTAINTY_MEASURE_WITH_UNIT(LENGTH_MEASURE(1.E-07),#4502,
  'distance_accuracy_value','confusion accuracy');
#4506 = CONTEXT_DEPENDENT_SHAPE_REPRESENTATION(#4507,#4509);
#4507 = ( REPRESENTATION_RELATIONSHIP('','',#4442,#10) 
REPRESENTATION_RELATIONSHIP_WITH_TRANSFORMATION(#4508) 
SHAPE_REPRESENTATION_RELATIONSHIP() );
#4508 = ITEM_DEFINED_TRANSFORMATION('','',#11,#199);
#4509 = PRODUCT_DEFINITION_SHAPE('Placement','Placement of an item',
  #4510);
#4510 = NEXT_ASSEMBLY_USAGE_OCCURRENCE('1811','','',#5,#4437,$);
#4511 = PRODUCT_RELATED_PRODUCT_CATEGORY('part',$,(#4439));
#4512 = SHAPE_DEFINITION_REPRESENTATION(#4513,#4519);
#4513 = PRODUCT_DEFINITION_SHAPE('','',#4514);
#4514 = PRODUCT_DEFINITION('design','',#4515,#4518);
#4515 = PRODUCT_DEFINITION_FORMATION('','',#4516);
#4516 = PRODUCT('Open CASCADE STEP translator 7.9 2.48',
  'Open CASCADE STEP translator 7.9 2.48','',(#4517));
#4517 = PRODUCT_CONTEXT('',#2,'mechanical');
#4518 = PRODUCT_DEFINITION_CONTEXT('part definition',#2,'design');
#4519 = MANIFOLD_SURFACE_SHAPE_REPRESENTATION('',(#11,#4520),#4578);
#4520 = SHELL_BASED_SURFACE_MODEL('',(#4521));
#4521 = OPEN_SHELL('',(#4522));
#4522 = ADVANCED_FACE('',(#4523),#4537,.T.);
#4523 = FACE_BOUND('',#4524,.T.);
#4524 = EDGE_LOOP('',(#4525,#4548,#4564));
#4525 = ORIENTED_EDGE('',*,*,#4526,.F.);
#4526 = EDGE_CURVE('',#4527,#4529,#4531,.T.);
#4527 = VERTEX_POINT('',#4528);
#4528 = CARTESIAN_POINT('',(9.58486,3.4886,343.));
#4529 = VERTEX_POINT('',#4530);
#4530 = CARTESIAN_POINT('',(7.60845,2.47214,343.));
#4531 = SURFACE_CURVE('',#4532,(#4536),.PCURVE_S1.);
#4532 = LINE('',#4533,#4534);
#4533 = CARTESIAN_POINT('',(9.58486,3.4886,343.));
#4534 = VECTOR('',#4535,1.);
#4535 = DIRECTION('',(-0.889284037704,-0.45735533263,0.));
#4536 = PCURVE('',#4537,#4542);
#4537 = PLANE('',#4538);
#4538 = AXIS2_PLACEMENT_3D('',#4539,#4540,#4541);
#4539 = CARTESIAN_POINT('',(7.60845,2.47214,343.));
#4540 = DIRECTION('',(-0.,0.,1.));
#4541 = DIRECTION('',(1.,0.,0.));
#4542 = DEFINITIONAL_REPRESENTATION('',(#4543),#4547);
#4543 = LINE('',#4544,#4545);
#4544 = CARTESIAN_POINT('',(1.97641,1.01646));
#4545 = VECTOR('',#4546,1.);
#4546 = DIRECTION('',(-0.889284037704,-0.45735533263));
#4547 = ( GEOMETRIC_REPRESENTATION_CONTEXT(2) 
PARAMETRIC_REPRESENTATION_CONTEXT() REPRESENTATION_CONTEXT('2D SPACE',''
  ) );
#4548 = ORIENTED_EDGE('',*,*,#4549,.F.);
#4549 = EDGE_CURVE('',#4550,#4527,#4552,.T.);
#4550 = VERTEX_POINT('',#4551);
#4551 = CARTESIAN_POINT('',(7.48075,2.72277,343.));
#4552 = SURFACE_CURVE('',#4553,(#4557),.PCURVE_S1.);
#4553 = LINE('',#4554,#4555);
#4554 = CARTESIAN_POINT('',(7.48075,2.72277,343.));
#4555 = VECTOR('',#4556,1.);
#4556 = DIRECTION('',(0.939693110182,0.342018798718,0.));
#4557 = PCURVE('',#4537,#4558);
#4558 = DEFINITIONAL_REPRESENTATION('',(#4559),#4563);
#4559 = LINE('',#4560,#4561);
#4560 = CARTESIAN_POINT('',(-0.1277,0.25063));
#4561 = VECTOR('',#4562,1.);
#4562 = DIRECTION('',(0.939693110182,0.342018798718));
#4563 = ( GEOMETRIC_REPRESENTATION_CONTEXT(2) 
PARAMETRIC_REPRESENTATION_CONTEXT() REPRESENTATION_CONTEXT('2D SPACE',''
  ) );
#4564 = ORIENTED_EDGE('',*,*,#4565,.T.);
#4565 = EDGE_CURVE('',#4550,#4529,#4566,.T.);
#4566 = SURFACE_CURVE('',#4567,(#4571),.PCURVE_S1.);
#4567 = LINE('',#4568,#4569);
#4568 = CARTESIAN_POINT('',(7.48075,2.72277,343.));
#4569 = VECTOR('',#4570,1.);
#4570 = DIRECTION('',(0.45398382936,-0.891009922885,0.));
#4571 = PCURVE('',#4537,#4572);
#4572 = DEFINITIONAL_REPRESENTATION('',(#4573),#4577);
#4573 = LINE('',#4574,#4575);
#4574 = CARTESIAN_POINT('',(-0.1277,0.25063));
#4575 = VECTOR('',#4576,1.);
#4576 = DIRECTION('',(0.45398382936,-0.891009922885));
#4577 = ( GEOMETRIC_REPRESENTATION_CONTEXT(2) 
PARAMETRIC_REPRESENTATION_CONTEXT() REPRESENTATION_CONTEXT('2D SPACE',''
  ) );
#4578 = ( GEOMETRIC_REPRESENTATION_CONTEXT(3) 
GLOBAL_UNCERTAINTY_ASSIGNED_CONTEXT((#4582)) 
GLOBAL_UNIT_ASSIGNED_CONTEXT((#4579,#4580,#4581)) REPRESENTATION_CONTEXT
('Context #1','3D Context with UNIT and UNCERTAINTY') );
#4579 = ( LENGTH_UNIT() NAMED_UNIT(*) SI_UNIT(.MILLI.,.METRE.) );
#4580 = ( NAMED_UNIT(*) PLANE_ANGLE_UNIT() SI_UNIT($,.RADIAN.) );
#4581 = ( NAMED_UNIT(*) SI_UNIT($,.STERADIAN.) SOLID_ANGLE_UNIT() );
#4582 = UNCERTAINTY_MEASURE_WITH_UNIT(LENGTH_MEASURE(1.E-07),#4579,
  'distance_accuracy_value','confusion accuracy');
#4583 = CONTEXT_DEPENDENT_SHAPE_REPRESENTATION(#4584,#4586);
#4584 = ( REPRESENTATION_RELATIONSHIP('','',#4519,#10) 
REPRESENTATION_RELATIONSHIP_WITH_TRANSFORMATION(#4585) 
SHAPE_REPRESENTATION_RELATIONSHIP() );
#4585 = ITEM_DEFINED_TRANSFORMATION('','',#11,#203);
#4586 = PRODUCT_DEFINITION_SHAPE('Placement','Placement of an item',
  #4587);
#4587 = NEXT_ASSEMBLY_USAGE_OCCURRENCE('1812','','',#5,#4514,$);
#4588 = PRODUCT_RELATED_PRODUCT_CATEGORY('part',$,(#4516));
#4589 = SHAPE_DEFINITION_REPRESENTATION(#4590,#4596);
#4590 = PRODUCT_DEFINITION_SHAPE('','',#4591);
#4591 = PRODUCT_DEFINITION('design','',#4592,#4595);
#4592 = PRODUCT_DEFINITION_FORMATION('','',#4593);
#4593 = PRODUCT('Open CASCADE STEP translator 7.9 2.49',
  'Open CASCADE STEP translator 7.9 2.49','',(#4594));
#4594 = PRODUCT_CONTEXT('',#2,'mechanical');
#4595 = PRODUCT_DEFINITION_CONTEXT('part definition',#2,'design');
#4596 = MANIFOLD_SURFACE_SHAPE_REPRESENTATION('',(#11,#4597),#4655);
#4597 = SHELL_BASED_SURFACE_MODEL('',(#4598));
#4598 = OPEN_SHELL('',(#4599));
#4599 = ADVANCED_FACE('',(#4600),#4614,.T.);
#4600 = FACE_BOUND('',#4601,.T.);
#4601 = EDGE_LOOP('',(#4602,#4625,#4641));
#4602 = ORIENTED_EDGE('',*,*,#4603,.F.);
#4603 = EDGE_CURVE('',#4604,#4606,#4608,.T.);
#4604 = VERTEX_POINT('',#4605);
#4605 = CARTESIAN_POINT('',(7.60845,-2.47214,343.));
#4606 = VERTEX_POINT('',#4607);
#4607 = CARTESIAN_POINT('',(10.2,0.,343.));
#4608 = SURFACE_CURVE('',#4609,(#4613),.PCURVE_S1.);
#4609 = LINE('',#4610,#4611);
#4610 = CARTESIAN_POINT('',(7.60845,-2.47214,343.));
#4611 = VECTOR('',#4612,1.);
#4612 = DIRECTION('',(0.723580341829,0.690240167564,0.));
#4613 = PCURVE('',#4614,#4619);
#4614 = PLANE('',#4615);
#4615 = AXIS2_PLACEMENT_3D('',#4616,#4617,#4618);
#4616 = CARTESIAN_POINT('',(10.2,0.,343.));
#4617 = DIRECTION('',(-0.,-0.,1.));
#4618 = DIRECTION('',(1.,0.,0.));
#4619 = DEFINITIONAL_REPRESENTATION('',(#4620),#4624);
#4620 = LINE('',#4621,#4622);
#4621 = CARTESIAN_POINT('',(-2.59155,-2.47214));
#4622 = VECTOR('',#4623,1.);
#4623 = DIRECTION('',(0.723580341829,0.690240167564));
#4624 = ( GEOMETRIC_REPRESENTATION_CONTEXT(2) 
PARAMETRIC_REPRESENTATION_CONTEXT() REPRESENTATION_CONTEXT('2D SPACE',''
  ) );
#4625 = ORIENTED_EDGE('',*,*,#4626,.T.);
#4626 = EDGE_CURVE('',#4604,#4627,#4629,.T.);
#4627 = VERTEX_POINT('',#4628);
#4628 = CARTESIAN_POINT('',(9.58486,-3.4886,343.));
#4629 = SURFACE_CURVE('',#4630,(#4634),.PCURVE_S1.);
#4630 = LINE('',#4631,#4632);
#4631 = CARTESIAN_POINT('',(7.60845,-2.47214,343.));
#4632 = VECTOR('',#4633,1.);
#4633 = DIRECTION('',(0.889284037704,-0.45735533263,0.));
#4634 = PCURVE('',#4614,#4635);
#4635 = DEFINITIONAL_REPRESENTATION('',(#4636),#4640);
#4636 = LINE('',#4637,#4638);
#4637 = CARTESIAN_POINT('',(-2.59155,-2.47214));
#4638 = VECTOR('',#4639,1.);
#4639 = DIRECTION('',(0.889284037704,-0.45735533263));
#4640 = ( GEOMETRIC_REPRESENTATION_CONTEXT(2) 
PARAMETRIC_REPRESENTATION_CONTEXT() REPRESENTATION_CONTEXT('2D SPACE',''
  ) );
#4641 = ORIENTED_EDGE('',*,*,#4642,.T.);
#4642 = EDGE_CURVE('',#4627,#4606,#4643,.T.);
#4643 = SURFACE_CURVE('',#4644,(#4648),.PCURVE_S1.);
#4644 = LINE('',#4645,#4646);
#4645 = CARTESIAN_POINT('',(9.58486,-3.4886,343.));
#4646 = VECTOR('',#4647,1.);
#4647 = DIRECTION('',(0.173649736876,0.98480747808,0.));
#4648 = PCURVE('',#4614,#4649);
#4649 = DEFINITIONAL_REPRESENTATION('',(#4650),#4654);
#4650 = LINE('',#4651,#4652);
#4651 = CARTESIAN_POINT('',(-0.61514,-3.4886));
#4652 = VECTOR('',#4653,1.);
#4653 = DIRECTION('',(0.173649736876,0.98480747808));
#4654 = ( GEOMETRIC_REPRESENTATION_CONTEXT(2) 
PARAMETRIC_REPRESENTATION_CONTEXT() REPRESENTATION_CONTEXT('2D SPACE',''
  ) );
#4655 = ( GEOMETRIC_REPRESENTATION_CONTEXT(3) 
GLOBAL_UNCERTAINTY_ASSIGNED_CONTEXT((#4659)) 
GLOBAL_UNIT_ASSIGNED_CONTEXT((#4656,#4657,#4658)) REPRESENTATION_CONTEXT
('Context #1','3D Context with UNIT and UNCERTAINTY') );
#4656 = ( LENGTH_UNIT() NAMED_UNIT(*) SI_UNIT(.MILLI.,.METRE.) );
#4657 = ( NAMED_UNIT(*) PLANE_ANGLE_UNIT() SI_UNIT($,.RADIAN.) );
#4658 = ( NAMED_UNIT(*) SI_UNIT($,.STERADIAN.) SOLID_ANGLE_UNIT() );
#4659 = UNCERTAINTY_MEASURE_WITH_UNIT(LENGTH_MEASURE(1.E-07),#4656,
  'distance_accuracy_value','confusion accuracy');
#4660 = CONTEXT_DEPENDENT_SHAPE_REPRESENTATION(#4661,#4663);
#4661 = ( REPRESENTATION_RELATIONSHIP('','',#4596,#10) 
REPRESENTATION_RELATIONSHIP_WITH_TRANSFORMATION(#4662) 
SHAPE_REPRESENTATION_RELATIONSHIP() );
#4662 = ITEM_DEFINED_TRANSFORMATION('','',#11,#207);
#4663 = PRODUCT_DEFINITION_SHAPE('Placement','Placement of an item',
  #4664);
#4664 = NEXT_ASSEMBLY_USAGE_OCCURRENCE('1813','','',#5,#4591,$);
#4665 = PRODUCT_RELATED_PRODUCT_CATEGORY('part',$,(#4593));
#4666 = SHAPE_DEFINITION_REPRESENTATION(#4667,#4673);
#4667 = PRODUCT_DEFINITION_SHAPE('','',#4668);
#4668 = PRODUCT_DEFINITION('design','',#4669,#4672);
#4669 = PRODUCT_DEFINITION_FORMATION('','',#4670);
#4670 = PRODUCT('Open CASCADE STEP translator 7.9 2.50',
  'Open CASCADE STEP translator 7.9 2.50','',(#4671));
#4671 = PRODUCT_CONTEXT('',#2,'mechanical');
#4672 = PRODUCT_DEFINITION_CONTEXT('part definition',#2,'design');
#4673 = MANIFOLD_SURFACE_SHAPE_REPRESENTATION('',(#11,#4674),#4732);
#4674 = SHELL_BASED_SURFACE_MODEL('',(#4675));
#4675 = OPEN_SHELL('',(#4676));
#4676 = ADVANCED_FACE('',(#4677),#4691,.T.);
#4677 = FACE_BOUND('',#4678,.T.);
#4678 = EDGE_LOOP('',(#4679,#4702,#4718));
#4679 = ORIENTED_EDGE('',*,*,#4680,.F.);
#4680 = EDGE_CURVE('',#4681,#4683,#4685,.T.);
#4681 = VERTEX_POINT('',#4682);
#4682 = CARTESIAN_POINT('',(7.60845,-2.47214,343.));
#4683 = VERTEX_POINT('',#4684);
#4684 = CARTESIAN_POINT('',(9.58486,-3.4886,343.));
#4685 = SURFACE_CURVE('',#4686,(#4690),.PCURVE_S1.);
#4686 = LINE('',#4687,#4688);
#4687 = CARTESIAN_POINT('',(7.60845,-2.47214,343.));
#4688 = VECTOR('',#4689,1.);
#4689 = DIRECTION('',(0.889284037704,-0.45735533263,0.));
#4690 = PCURVE('',#4691,#4696);
#4691 = PLANE('',#4692);
#4692 = AXIS2_PLACEMENT_3D('',#4693,#4694,#4695);
#4693 = CARTESIAN_POINT('',(9.58486,-3.4886,343.));
#4694 = DIRECTION('',(-0.,0.,1.));
#4695 = DIRECTION('',(1.,0.,0.));
#4696 = DEFINITIONAL_REPRESENTATION('',(#4697),#4701);
#4697 = LINE('',#4698,#4699);
#4698 = CARTESIAN_POINT('',(-1.97641,1.01646));
#4699 = VECTOR('',#4700,1.);
#4700 = DIRECTION('',(0.889284037704,-0.45735533263));
#4701 = ( GEOMETRIC_REPRESENTATION_CONTEXT(2) 
PARAMETRIC_REPRESENTATION_CONTEXT() REPRESENTATION_CONTEXT('2D SPACE',''
  ) );
#4702 = ORIENTED_EDGE('',*,*,#4703,.T.);
#4703 = EDGE_CURVE('',#4681,#4704,#4706,.T.);
#4704 = VERTEX_POINT('',#4705);
#4705 = CARTESIAN_POINT('',(7.48075,-2.72277,343.));
#4706 = SURFACE_CURVE('',#4707,(#4711),.PCURVE_S1.);
#4707 = LINE('',#4708,#4709);
#4708 = CARTESIAN_POINT('',(7.60845,-2.47214,343.));
#4709 = VECTOR('',#4710,1.);
#4710 = DIRECTION('',(-0.45398382936,-0.891009922885,0.));
#4711 = PCURVE('',#4691,#4712);
#4712 = DEFINITIONAL_REPRESENTATION('',(#4713),#4717);
#4713 = LINE('',#4714,#4715);
#4714 = CARTESIAN_POINT('',(-1.97641,1.01646));
#4715 = VECTOR('',#4716,1.);
#4716 = DIRECTION('',(-0.45398382936,-0.891009922885));
#4717 = ( GEOMETRIC_REPRESENTATION_CONTEXT(2) 
PARAMETRIC_REPRESENTATION_CONTEXT() REPRESENTATION_CONTEXT('2D SPACE',''
  ) );
#4718 = ORIENTED_EDGE('',*,*,#4719,.F.);
#4719 = EDGE_CURVE('',#4683,#4704,#4720,.T.);
#4720 = SURFACE_CURVE('',#4721,(#4725),.PCURVE_S1.);
#4721 = LINE('',#4722,#4723);
#4722 = CARTESIAN_POINT('',(9.58486,-3.4886,343.));
#4723 = VECTOR('',#4724,1.);
#4724 = DIRECTION('',(-0.939693110182,0.342018798718,0.));
#4725 = PCURVE('',#4691,#4726);
#4726 = DEFINITIONAL_REPRESENTATION('',(#4727),#4731);
#4727 = LINE('',#4728,#4729);
#4728 = CARTESIAN_POINT('',(0.,0.));
#4729 = VECTOR('',#4730,1.);
#4730 = DIRECTION('',(-0.939693110182,0.342018798718));
#4731 = ( GEOMETRIC_REPRESENTATION_CONTEXT(2) 
PARAMETRIC_REPRESENTATION_CONTEXT() REPRESENTATION_CONTEXT('2D SPACE',''
  ) );
#4732 = ( GEOMETRIC_REPRESENTATION_CONTEXT(3) 
GLOBAL_UNCERTAINTY_ASSIGNED_CONTEXT((#4736)) 
GLOBAL_UNIT_ASSIGNED_CONTEXT((#4733,#4734,#4735)) REPRESENTATION_CONTEXT
('Context #1','3D Context with UNIT and UNCERTAINTY') );
#4733 = ( LENGTH_UNIT() NAMED_UNIT(*) SI_UNIT(.MILLI.,.METRE.) );
#4734 = ( NAMED_UNIT(*) PLANE_ANGLE_UNIT() SI_UNIT($,.RADIAN.) );
#4735 = ( NAMED_UNIT(*) SI_UNIT($,.STERADIAN.) SOLID_ANGLE_UNIT() );
#4736 = UNCERTAINTY_MEASURE_WITH_UNIT(LENGTH_MEASURE(1.E-07),#4733,
  'distance_accuracy_value','confusion accuracy');
#4737 = CONTEXT_DEPENDENT_SHAPE_REPRESENTATION(#4738,#4740);
#4738 = ( REPRESENTATION_RELATIONSHIP('','',#4673,#10) 
REPRESENTATION_RELATIONSHIP_WITH_TRANSFORMATION(#4739) 
SHAPE_REPRESENTATION_RELATIONSHIP() );
#4739 = ITEM_DEFINED_TRANSFORMATION('','',#11,#211);
#4740 = PRODUCT_DEFINITION_SHAPE('Placement','Placement of an item',
  #4741);
#4741 = NEXT_ASSEMBLY_USAGE_OCCURRENCE('1814','','',#5,#4668,$);
#4742 = PRODUCT_RELATED_PRODUCT_CATEGORY('part',$,(#4670));
#4743 = SHAPE_DEFINITION_REPRESENTATION(#4744,#4750);
#4744 = PRODUCT_DEFINITION_SHAPE('','',#4745);
#4745 = PRODUCT_DEFINITION('design','',#4746,#4749);
#4746 = PRODUCT_DEFINITION_FORMATION('','',#4747);
#4747 = PRODUCT('Open CASCADE STEP translator 7.9 2.51',
  'Open CASCADE STEP translator 7.9 2.51','',(#4748));
#4748 = PRODUCT_CONTEXT('',#2,'mechanical');
#4749 = PRODUCT_DEFINITION_CONTEXT('part definition',#2,'design');
#4750 = MANIFOLD_SURFACE_SHAPE_REPRESENTATION('',(#11,#4751),#4809);
#4751 = SHELL_BASED_SURFACE_MODEL('',(#4752));
#4752 = OPEN_SHELL('',(#4753));
#4753 = ADVANCED_FACE('',(#4754),#4768,.T.);
#4754 = FACE_BOUND('',#4755,.T.);
#4755 = EDGE_LOOP('',(#4756,#4779,#4795));
#4756 = ORIENTED_EDGE('',*,*,#4757,.T.);
#4757 = EDGE_CURVE('',#4758,#4760,#4762,.T.);
#4758 = VERTEX_POINT('',#4759);
#4759 = CARTESIAN_POINT('',(9.58486,-3.4886,343.));
#4760 = VERTEX_POINT('',#4761);
#4761 = CARTESIAN_POINT('',(10.2,0.,338.));
#4762 = SURFACE_CURVE('',#4763,(#4767),.PCURVE_S1.);
#4763 = LINE('',#4764,#4765);
#4764 = CARTESIAN_POINT('',(9.58486,-3.4886,343.));
#4765 = VECTOR('',#4766,1.);
#4766 = DIRECTION('',(0.100386741694,0.569316232198,-0.815966622998));
#4767 = PCURVE('',#4768,#4773);
#4768 = PLANE('',#4769);
#4769 = AXIS2_PLACEMENT_3D('',#4770,#4771,#4772);
#4770 = CARTESIAN_POINT('',(9.58486,-3.4886,343.));
#4771 = DIRECTION('',(0.98480747808,-0.173649736876,0.));
#4772 = DIRECTION('',(0.173649736876,0.98480747808,0.));
#4773 = DEFINITIONAL_REPRESENTATION('',(#4774),#4778);
#4774 = LINE('',#4775,#4776);
#4775 = CARTESIAN_POINT('',(0.,0.));
#4776 = VECTOR('',#4777,1.);
#4777 = DIRECTION('',(0.578099014143,-0.815966622998));
#4778 = ( GEOMETRIC_REPRESENTATION_CONTEXT(2) 
PARAMETRIC_REPRESENTATION_CONTEXT() REPRESENTATION_CONTEXT('2D SPACE',''
  ) );
#4779 = ORIENTED_EDGE('',*,*,#4780,.T.);
#4780 = EDGE_CURVE('',#4760,#4781,#4783,.T.);
#4781 = VERTEX_POINT('',#4782);
#4782 = CARTESIAN_POINT('',(10.2,0.,343.));
#4783 = SURFACE_CURVE('',#4784,(#4788),.PCURVE_S1.);
#4784 = LINE('',#4785,#4786);
#4785 = CARTESIAN_POINT('',(10.2,0.,338.));
#4786 = VECTOR('',#4787,1.);
#4787 = DIRECTION('',(0.,0.,1.));
#4788 = PCURVE('',#4768,#4789);
#4789 = DEFINITIONAL_REPRESENTATION('',(#4790),#4794);
#4790 = LINE('',#4791,#4792);
#4791 = CARTESIAN_POINT('',(3.542418267173,-5.));
#4792 = VECTOR('',#4793,1.);
#4793 = DIRECTION('',(0.,1.));
#4794 = ( GEOMETRIC_REPRESENTATION_CONTEXT(2) 
PARAMETRIC_REPRESENTATION_CONTEXT() REPRESENTATION_CONTEXT('2D SPACE',''
  ) );
#4795 = ORIENTED_EDGE('',*,*,#4796,.F.);
#4796 = EDGE_CURVE('',#4758,#4781,#4797,.T.);
#4797 = SURFACE_CURVE('',#4798,(#4802),.PCURVE_S1.);
#4798 = LINE('',#4799,#4800);
#4799 = CARTESIAN_POINT('',(9.58486,-3.4886,343.));
#4800 = VECTOR('',#4801,1.);
#4801 = DIRECTION('',(0.173649736876,0.98480747808,0.));
#4802 = PCURVE('',#4768,#4803);
#4803 = DEFINITIONAL_REPRESENTATION('',(#4804),#4808);
#4804 = LINE('',#4805,#4806);
#4805 = CARTESIAN_POINT('',(0.,0.));
#4806 = VECTOR('',#4807,1.);
#4807 = DIRECTION('',(1.,0.));
#4808 = ( GEOMETRIC_REPRESENTATION_CONTEXT(2) 
PARAMETRIC_REPRESENTATION_CONTEXT() REPRESENTATION_CONTEXT('2D SPACE',''
  ) );
#4809 = ( GEOMETRIC_REPRESENTATION_CONTEXT(3) 
GLOBAL_UNCERTAINTY_ASSIGNED_CONTEXT((#4813)) 
GLOBAL_UNIT_ASSIGNED_CONTEXT((#4810,#4811,#4812)) REPRESENTATION_CONTEXT
('Context #1','3D Context with UNIT and UNCERTAINTY') );
#4810 = ( LENGTH_UNIT() NAMED_UNIT(*) SI_UNIT(.MILLI.,.METRE.) );
#4811 = ( NAMED_UNIT(*) PLANE_ANGLE_UNIT() SI_UNIT($,.RADIAN.) );
#4812 = ( NAMED_UNIT(*) SI_UNIT($,.STERADIAN.) SOLID_ANGLE_UNIT() );
#4813 = UNCERTAINTY_MEASURE_WITH_UNIT(LENGTH_MEASURE(1.E-07),#4810,
  'distance_accuracy_value','confusion accuracy');
#4814 = CONTEXT_DEPENDENT_SHAPE_REPRESENTATION(#4815,#4817);
#4815 = ( REPRESENTATION_RELATIONSHIP('','',#4750,#10) 
REPRESENTATION_RELATIONSHIP_WITH_TRANSFORMATION(#4816) 
SHAPE_REPRESENTATION_RELATIONSHIP() );
#4816 = ITEM_DEFINED_TRANSFORMATION('','',#11,#215);
#4817 = PRODUCT_DEFINITION_SHAPE('Placement','Placement of an item',
  #4818);
#4818 = NEXT_ASSEMBLY_USAGE_OCCURRENCE('1815','','',#5,#4745,$);
#4819 = PRODUCT_RELATED_PRODUCT_CATEGORY('part',$,(#4747));
#4820 = SHAPE_DEFINITION_REPRESENTATION(#4821,#4827);
#4821 = PRODUCT_DEFINITION_SHAPE('','',#4822);
#4822 = PRODUCT_DEFINITION('design','',#4823,#4826);
#4823 = PRODUCT_DEFINITION_FORMATION('','',#4824);
#4824 = PRODUCT('Open CASCADE STEP translator 7.9 2.52',
  'Open CASCADE STEP translator 7.9 2.52','',(#4825));
#4825 = PRODUCT_CONTEXT('',#2,'mechanical');
#4826 = PRODUCT_DEFINITION_CONTEXT('part definition',#2,'design');
#4827 = MANIFOLD_SURFACE_SHAPE_REPRESENTATION('',(#11,#4828),#4886);
#4828 = SHELL_BASED_SURFACE_MODEL('',(#4829));
#4829 = OPEN_SHELL('',(#4830));
#4830 = ADVANCED_FACE('',(#4831),#4845,.T.);
#4831 = FACE_BOUND('',#4832,.T.);
#4832 = EDGE_LOOP('',(#4833,#4856,#4872));
#4833 = ORIENTED_EDGE('',*,*,#4834,.F.);
#4834 = EDGE_CURVE('',#4835,#4837,#4839,.T.);
#4835 = VERTEX_POINT('',#4836);
#4836 = CARTESIAN_POINT('',(9.58486,-3.4886,343.));
#4837 = VERTEX_POINT('',#4838);
#4838 = CARTESIAN_POINT('',(10.2,0.,338.));
#4839 = SURFACE_CURVE('',#4840,(#4844),.PCURVE_S1.);
#4840 = LINE('',#4841,#4842);
#4841 = CARTESIAN_POINT('',(9.58486,-3.4886,343.));
#4842 = VECTOR('',#4843,1.);
#4843 = DIRECTION('',(0.100386741694,0.569316232198,-0.815966622998));
#4844 = PCURVE('',#4845,#4850);
#4845 = PLANE('',#4846);
#4846 = AXIS2_PLACEMENT_3D('',#4847,#4848,#4849);
#4847 = CARTESIAN_POINT('',(10.2,0.,338.));
#4848 = DIRECTION('',(0.98480747808,-0.173649736876,0.));
#4849 = DIRECTION('',(0.173649736876,0.98480747808,0.));
#4850 = DEFINITIONAL_REPRESENTATION('',(#4851),#4855);
#4851 = LINE('',#4852,#4853);
#4852 = CARTESIAN_POINT('',(-3.542418267173,5.));
#4853 = VECTOR('',#4854,1.);
#4854 = DIRECTION('',(0.578099014143,-0.815966622998));
#4855 = ( GEOMETRIC_REPRESENTATION_CONTEXT(2) 
PARAMETRIC_REPRESENTATION_CONTEXT() REPRESENTATION_CONTEXT('2D SPACE',''
  ) );
#4856 = ORIENTED_EDGE('',*,*,#4857,.F.);
#4857 = EDGE_CURVE('',#4858,#4835,#4860,.T.);
#4858 = VERTEX_POINT('',#4859);
#4859 = CARTESIAN_POINT('',(9.58486,-3.4886,338.));
#4860 = SURFACE_CURVE('',#4861,(#4865),.PCURVE_S1.);
#4861 = LINE('',#4862,#4863);
#4862 = CARTESIAN_POINT('',(9.58486,-3.4886,338.));
#4863 = VECTOR('',#4864,1.);
#4864 = DIRECTION('',(0.,0.,1.));
#4865 = PCURVE('',#4845,#4866);
#4866 = DEFINITIONAL_REPRESENTATION('',(#4867),#4871);
#4867 = LINE('',#4868,#4869);
#4868 = CARTESIAN_POINT('',(-3.542418267173,0.));
#4869 = VECTOR('',#4870,1.);
#4870 = DIRECTION('',(0.,1.));
#4871 = ( GEOMETRIC_REPRESENTATION_CONTEXT(2) 
PARAMETRIC_REPRESENTATION_CONTEXT() REPRESENTATION_CONTEXT('2D SPACE',''
  ) );
#4872 = ORIENTED_EDGE('',*,*,#4873,.T.);
#4873 = EDGE_CURVE('',#4858,#4837,#4874,.T.);
#4874 = SURFACE_CURVE('',#4875,(#4879),.PCURVE_S1.);
#4875 = LINE('',#4876,#4877);
#4876 = CARTESIAN_POINT('',(9.58486,-3.4886,338.));
#4877 = VECTOR('',#4878,1.);
#4878 = DIRECTION('',(0.173649736876,0.98480747808,0.));
#4879 = PCURVE('',#4845,#4880);
#4880 = DEFINITIONAL_REPRESENTATION('',(#4881),#4885);
#4881 = LINE('',#4882,#4883);
#4882 = CARTESIAN_POINT('',(-3.542418267173,0.));
#4883 = VECTOR('',#4884,1.);
#4884 = DIRECTION('',(1.,0.));
#4885 = ( GEOMETRIC_REPRESENTATION_CONTEXT(2) 
PARAMETRIC_REPRESENTATION_CONTEXT() REPRESENTATION_CONTEXT('2D SPACE',''
  ) );
#4886 = ( GEOMETRIC_REPRESENTATION_CONTEXT(3) 
GLOBAL_UNCERTAINTY_ASSIGNED_CONTEXT((#4890)) 
GLOBAL_UNIT_ASSIGNED_CONTEXT((#4887,#4888,#4889)) REPRESENTATION_CONTEXT
('Context #1','3D Context with UNIT and UNCERTAINTY') );
#4887 = ( LENGTH_UNIT() NAMED_UNIT(*) SI_UNIT(.MILLI.,.METRE.) );
#4888 = ( NAMED_UNIT(*) PLANE_ANGLE_UNIT() SI_UNIT($,.RADIAN.) );
#4889 = ( NAMED_UNIT(*) SI_UNIT($,.STERADIAN.) SOLID_ANGLE_UNIT() );
#4890 = UNCERTAINTY_MEASURE_WITH_UNIT(LENGTH_MEASURE(1.E-07),#4887,
  'distance_accuracy_value','confusion accuracy');
#4891 = CONTEXT_DEPENDENT_SHAPE_REPRESENTATION(#4892,#4894);
#4892 = ( REPRESENTATION_RELATIONSHIP('','',#4827,#10) 
REPRESENTATION_RELATIONSHIP_WITH_TRANSFORMATION(#4893) 
SHAPE_REPRESENTATION_RELATIONSHIP() );
#4893 = ITEM_DEFINED_TRANSFORMATION('','',#11,#219);
#4894 = PRODUCT_DEFINITION_SHAPE('Placement','Placement of an item',
  #4895);
#4895 = NEXT_ASSEMBLY_USAGE_OCCURRENCE('1816','','',#5,#4822,$);
#4896 = PRODUCT_RELATED_PRODUCT_CATEGORY('part',$,(#4824));
#4897 = SHAPE_DEFINITION_REPRESENTATION(#4898,#4904);
#4898 = PRODUCT_DEFINITION_SHAPE('','',#4899);
#4899 = PRODUCT_DEFINITION('design','',#4900,#4903);
#4900 = PRODUCT_DEFINITION_FORMATION('','',#4901);
#4901 = PRODUCT('Open CASCADE STEP translator 7.9 2.53',
  'Open CASCADE STEP translator 7.9 2.53','',(#4902));
#4902 = PRODUCT_CONTEXT('',#2,'mechanical');
#4903 = PRODUCT_DEFINITION_CONTEXT('part definition',#2,'design');
#4904 = MANIFOLD_SURFACE_SHAPE_REPRESENTATION('',(#11,#4905),#4963);
#4905 = SHELL_BASED_SURFACE_MODEL('',(#4906));
#4906 = OPEN_SHELL('',(#4907));
#4907 = ADVANCED_FACE('',(#4908),#4922,.T.);
#4908 = FACE_BOUND('',#4909,.T.);
#4909 = EDGE_LOOP('',(#4910,#4933,#4949));
#4910 = ORIENTED_EDGE('',*,*,#4911,.T.);
#4911 = EDGE_CURVE('',#4912,#4914,#4916,.T.);
#4912 = VERTEX_POINT('',#4913);
#4913 = CARTESIAN_POINT('',(7.60845,-2.47214,338.));
#4914 = VERTEX_POINT('',#4915);
#4915 = CARTESIAN_POINT('',(10.2,0.,338.));
#4916 = SURFACE_CURVE('',#4917,(#4921),.PCURVE_S1.);
#4917 = LINE('',#4918,#4919);
#4918 = CARTESIAN_POINT('',(7.60845,-2.47214,338.));
#4919 = VECTOR('',#4920,1.);
#4920 = DIRECTION('',(0.723580341829,0.690240167564,0.));
#4921 = PCURVE('',#4922,#4927);
#4922 = PLANE('',#4923);
#4923 = AXIS2_PLACEMENT_3D('',#4924,#4925,#4926);
#4924 = CARTESIAN_POINT('',(7.60845,-2.47214,338.));
#4925 = DIRECTION('',(-0.,-0.,-1.));
#4926 = DIRECTION('',(-1.,0.,0.));
#4927 = DEFINITIONAL_REPRESENTATION('',(#4928),#4932);
#4928 = LINE('',#4929,#4930);
#4929 = CARTESIAN_POINT('',(0.,0.));
#4930 = VECTOR('',#4931,1.);
#4931 = DIRECTION('',(-0.723580341829,0.690240167564));
#4932 = ( GEOMETRIC_REPRESENTATION_CONTEXT(2) 
PARAMETRIC_REPRESENTATION_CONTEXT() REPRESENTATION_CONTEXT('2D SPACE',''
  ) );
#4933 = ORIENTED_EDGE('',*,*,#4934,.F.);
#4934 = EDGE_CURVE('',#4935,#4914,#4937,.T.);
#4935 = VERTEX_POINT('',#4936);
#4936 = CARTESIAN_POINT('',(9.58486,-3.4886,338.));
#4937 = SURFACE_CURVE('',#4938,(#4942),.PCURVE_S1.);
#4938 = LINE('',#4939,#4940);
#4939 = CARTESIAN_POINT('',(9.58486,-3.4886,338.));
#4940 = VECTOR('',#4941,1.);
#4941 = DIRECTION('',(0.173649736876,0.98480747808,0.));
#4942 = PCURVE('',#4922,#4943);
#4943 = DEFINITIONAL_REPRESENTATION('',(#4944),#4948);
#4944 = LINE('',#4945,#4946);
#4945 = CARTESIAN_POINT('',(-1.97641,-1.01646));
#4946 = VECTOR('',#4947,1.);
#4947 = DIRECTION('',(-0.173649736876,0.98480747808));
#4948 = ( GEOMETRIC_REPRESENTATION_CONTEXT(2) 
PARAMETRIC_REPRESENTATION_CONTEXT() REPRESENTATION_CONTEXT('2D SPACE',''
  ) );
#4949 = ORIENTED_EDGE('',*,*,#4950,.T.);
#4950 = EDGE_CURVE('',#4935,#4912,#4951,.T.);
#4951 = SURFACE_CURVE('',#4952,(#4956),.PCURVE_S1.);
#4952 = LINE('',#4953,#4954);
#4953 = CARTESIAN_POINT('',(9.58486,-3.4886,338.));
#4954 = VECTOR('',#4955,1.);
#4955 = DIRECTION('',(-0.889284037704,0.45735533263,0.));
#4956 = PCURVE('',#4922,#4957);
#4957 = DEFINITIONAL_REPRESENTATION('',(#4958),#4962);
#4958 = LINE('',#4959,#4960);
#4959 = CARTESIAN_POINT('',(-1.97641,-1.01646));
#4960 = VECTOR('',#4961,1.);
#4961 = DIRECTION('',(0.889284037704,0.45735533263));
#4962 = ( GEOMETRIC_REPRESENTATION_CONTEXT(2) 
PARAMETRIC_REPRESENTATION_CONTEXT() REPRESENTATION_CONTEXT('2D SPACE',''
  ) );
#4963 = ( GEOMETRIC_REPRESENTATION_CONTEXT(3) 
GLOBAL_UNCERTAINTY_ASSIGNED_CONTEXT((#4967)) 
GLOBAL_UNIT_ASSIGNED_CONTEXT((#4964,#4965,#4966)) REPRESENTATION_CONTEXT
('Context #1','3D Context with UNIT and UNCERTAINTY') );
#4964 = ( LENGTH_UNIT() NAMED_UNIT(*) SI_UNIT(.MILLI.,.METRE.) );
#4965 = ( NAMED_UNIT(*) PLANE_ANGLE_UNIT() SI_UNIT($,.RADIAN.) );
#4966 = ( NAMED_UNIT(*) SI_UNIT($,.STERADIAN.) SOLID_ANGLE_UNIT() );
#4967 = UNCERTAINTY_MEASURE_WITH_UNIT(LENGTH_MEASURE(1.E-07),#4964,
  'distance_accuracy_value','confusion accuracy');
#4968 = CONTEXT_DEPENDENT_SHAPE_REPRESENTATION(#4969,#4971);
#4969 = ( REPRESENTATION_RELATIONSHIP('','',#4904,#10) 
REPRESENTATION_RELATIONSHIP_WITH_TRANSFORMATION(#4970) 
SHAPE_REPRESENTATION_RELATIONSHIP() );
#4970 = ITEM_DEFINED_TRANSFORMATION('','',#11,#223);
#4971 = PRODUCT_DEFINITION_SHAPE('Placement','Placement of an item',
  #4972);
#4972 = NEXT_ASSEMBLY_USAGE_OCCURRENCE('1817','','',#5,#4899,$);
#4973 = PRODUCT_RELATED_PRODUCT_CATEGORY('part',$,(#4901));
#4974 = SHAPE_DEFINITION_REPRESENTATION(#4975,#4981);
#4975 = PRODUCT_DEFINITION_SHAPE('','',#4976);
#4976 = PRODUCT_DEFINITION('design','',#4977,#4980);
#4977 = PRODUCT_DEFINITION_FORMATION('','',#4978);
#4978 = PRODUCT('Open CASCADE STEP translator 7.9 2.54',
  'Open CASCADE STEP translator 7.9 2.54','',(#4979));
#4979 = PRODUCT_CONTEXT('',#2,'mechanical');
#4980 = PRODUCT_DEFINITION_CONTEXT('part definition',#2,'design');
#4981 = MANIFOLD_SURFACE_SHAPE_REPRESENTATION('',(#11,#4982),#5040);
#4982 = SHELL_BASED_SURFACE_MODEL('',(#4983));
#4983 = OPEN_SHELL('',(#4984));
#4984 = ADVANCED_FACE('',(#4985),#4999,.T.);
#4985 = FACE_BOUND('',#4986,.T.);
#4986 = EDGE_LOOP('',(#4987,#5010,#5026));
#4987 = ORIENTED_EDGE('',*,*,#4988,.T.);
#4988 = EDGE_CURVE('',#4989,#4991,#4993,.T.);
#4989 = VERTEX_POINT('',#4990);
#4990 = CARTESIAN_POINT('',(7.60845,2.47214,338.));
#4991 = VERTEX_POINT('',#4992);
#4992 = CARTESIAN_POINT('',(10.2,0.,338.));
#4993 = SURFACE_CURVE('',#4994,(#4998),.PCURVE_S1.);
#4994 = LINE('',#4995,#4996);
#4995 = CARTESIAN_POINT('',(7.60845,2.47214,338.));
#4996 = VECTOR('',#4997,1.);
#4997 = DIRECTION('',(0.723580341829,-0.690240167564,0.));
#4998 = PCURVE('',#4999,#5004);
#4999 = PLANE('',#5000);
#5000 = AXIS2_PLACEMENT_3D('',#5001,#5002,#5003);
#5001 = CARTESIAN_POINT('',(7.60845,2.47214,338.));
#5002 = DIRECTION('',(-0.,-0.,-1.));
#5003 = DIRECTION('',(-1.,0.,0.));
#5004 = DEFINITIONAL_REPRESENTATION('',(#5005),#5009);
#5005 = LINE('',#5006,#5007);
#5006 = CARTESIAN_POINT('',(0.,0.));
#5007 = VECTOR('',#5008,1.);
#5008 = DIRECTION('',(-0.723580341829,-0.690240167564));
#5009 = ( GEOMETRIC_REPRESENTATION_CONTEXT(2) 
PARAMETRIC_REPRESENTATION_CONTEXT() REPRESENTATION_CONTEXT('2D SPACE',''
  ) );
#5010 = ORIENTED_EDGE('',*,*,#5011,.T.);
#5011 = EDGE_CURVE('',#4991,#5012,#5014,.T.);
#5012 = VERTEX_POINT('',#5013);
#5013 = CARTESIAN_POINT('',(8.,0.,338.));
#5014 = SURFACE_CURVE('',#5015,(#5019),.PCURVE_S1.);
#5015 = LINE('',#5016,#5017);
#5016 = CARTESIAN_POINT('',(10.2,0.,338.));
#5017 = VECTOR('',#5018,1.);
#5018 = DIRECTION('',(-1.,0.,0.));
#5019 = PCURVE('',#4999,#5020);
#5020 = DEFINITIONAL_REPRESENTATION('',(#5021),#5025);
#5021 = LINE('',#5022,#5023);
#5022 = CARTESIAN_POINT('',(-2.59155,-2.47214));
#5023 = VECTOR('',#5024,1.);
#5024 = DIRECTION('',(1.,0.));
#5025 = ( GEOMETRIC_REPRESENTATION_CONTEXT(2) 
PARAMETRIC_REPRESENTATION_CONTEXT() REPRESENTATION_CONTEXT('2D SPACE',''
  ) );
#5026 = ORIENTED_EDGE('',*,*,#5027,.T.);
#5027 = EDGE_CURVE('',#5012,#4989,#5028,.T.);
#5028 = SURFACE_CURVE('',#5029,(#5033),.PCURVE_S1.);
#5029 = LINE('',#5030,#5031);
#5030 = CARTESIAN_POINT('',(8.,0.,338.));
#5031 = VECTOR('',#5032,1.);
#5032 = DIRECTION('',(-0.15643504565,0.987688248635,0.));
#5033 = PCURVE('',#4999,#5034);
#5034 = DEFINITIONAL_REPRESENTATION('',(#5035),#5039);
#5035 = LINE('',#5036,#5037);
#5036 = CARTESIAN_POINT('',(-0.39155,-2.47214));
#5037 = VECTOR('',#5038,1.);
#5038 = DIRECTION('',(0.15643504565,0.987688248635));
#5039 = ( GEOMETRIC_REPRESENTATION_CONTEXT(2) 
PARAMETRIC_REPRESENTATION_CONTEXT() REPRESENTATION_CONTEXT('2D SPACE',''
  ) );
#5040 = ( GEOMETRIC_REPRESENTATION_CONTEXT(3) 
GLOBAL_UNCERTAINTY_ASSIGNED_CONTEXT((#5044)) 
GLOBAL_UNIT_ASSIGNED_CONTEXT((#5041,#5042,#5043)) REPRESENTATION_CONTEXT
('Context #1','3D Context with UNIT and UNCERTAINTY') );
#5041 = ( LENGTH_UNIT() NAMED_UNIT(*) SI_UNIT(.MILLI.,.METRE.) );
#5042 = ( NAMED_UNIT(*) PLANE_ANGLE_UNIT() SI_UNIT($,.RADIAN.) );
#5043 = ( NAMED_UNIT(*) SI_UNIT($,.STERADIAN.) SOLID_ANGLE_UNIT() );
#5044 = UNCERTAINTY_MEASURE_WITH_UNIT(LENGTH_MEASURE(1.E-07),#5041,
  'distance_accuracy_value','confusion accuracy');
#5045 = CONTEXT_DEPENDENT_SHAPE_REPRESENTATION(#5046,#5048);
#5046 = ( REPRESENTATION_RELATIONSHIP('','',#4981,#10) 
REPRESENTATION_RELATIONSHIP_WITH_TRANSFORMATION(#5047) 
SHAPE_REPRESENTATION_RELATIONSHIP() );
#5047 = ITEM_DEFINED_TRANSFORMATION('','',#11,#227);
#5048 = PRODUCT_DEFINITION_SHAPE('Placement','Placement of an item',
  #5049);
#5049 = NEXT_ASSEMBLY_USAGE_OCCURRENCE('1818','','',#5,#4976,$);
#5050 = PRODUCT_RELATED_PRODUCT_CATEGORY('part',$,(#4978));
#5051 = SHAPE_DEFINITION_REPRESENTATION(#5052,#5058);
#5052 = PRODUCT_DEFINITION_SHAPE('','',#5053);
#5053 = PRODUCT_DEFINITION('design','',#5054,#5057);
#5054 = PRODUCT_DEFINITION_FORMATION('','',#5055);
#5055 = PRODUCT('Open CASCADE STEP translator 7.9 2.55',
  'Open CASCADE STEP translator 7.9 2.55','',(#5056));
#5056 = PRODUCT_CONTEXT('',#2,'mechanical');
#5057 = PRODUCT_DEFINITION_CONTEXT('part definition',#2,'design');
#5058 = MANIFOLD_SURFACE_SHAPE_REPRESENTATION('',(#11,#5059),#5117);
#5059 = SHELL_BASED_SURFACE_MODEL('',(#5060));
#5060 = OPEN_SHELL('',(#5061));
#5061 = ADVANCED_FACE('',(#5062),#5076,.T.);
#5062 = FACE_BOUND('',#5063,.T.);
#5063 = EDGE_LOOP('',(#5064,#5087,#5103));
#5064 = ORIENTED_EDGE('',*,*,#5065,.F.);
#5065 = EDGE_CURVE('',#5066,#5068,#5070,.T.);
#5066 = VERTEX_POINT('',#5067);
#5067 = CARTESIAN_POINT('',(7.60845,-2.47214,338.));
#5068 = VERTEX_POINT('',#5069);
#5069 = CARTESIAN_POINT('',(10.2,0.,338.));
#5070 = SURFACE_CURVE('',#5071,(#5075),.PCURVE_S1.);
#5071 = LINE('',#5072,#5073);
#5072 = CARTESIAN_POINT('',(7.60845,-2.47214,338.));
#5073 = VECTOR('',#5074,1.);
#5074 = DIRECTION('',(0.723580341829,0.690240167564,0.));
#5075 = PCURVE('',#5076,#5081);
#5076 = PLANE('',#5077);
#5077 = AXIS2_PLACEMENT_3D('',#5078,#5079,#5080);
#5078 = CARTESIAN_POINT('',(10.2,0.,338.));
#5079 = DIRECTION('',(-0.,-0.,-1.));
#5080 = DIRECTION('',(-1.,0.,0.));
#5081 = DEFINITIONAL_REPRESENTATION('',(#5082),#5086);
#5082 = LINE('',#5083,#5084);
#5083 = CARTESIAN_POINT('',(2.59155,-2.47214));
#5084 = VECTOR('',#5085,1.);
#5085 = DIRECTION('',(-0.723580341829,0.690240167564));
#5086 = ( GEOMETRIC_REPRESENTATION_CONTEXT(2) 
PARAMETRIC_REPRESENTATION_CONTEXT() REPRESENTATION_CONTEXT('2D SPACE',''
  ) );
#5087 = ORIENTED_EDGE('',*,*,#5088,.T.);
#5088 = EDGE_CURVE('',#5066,#5089,#5091,.T.);
#5089 = VERTEX_POINT('',#5090);
#5090 = CARTESIAN_POINT('',(8.,0.,338.));
#5091 = SURFACE_CURVE('',#5092,(#5096),.PCURVE_S1.);
#5092 = LINE('',#5093,#5094);
#5093 = CARTESIAN_POINT('',(7.60845,-2.47214,338.));
#5094 = VECTOR('',#5095,1.);
#5095 = DIRECTION('',(0.15643504565,0.987688248635,0.));
#5096 = PCURVE('',#5076,#5097);
#5097 = DEFINITIONAL_REPRESENTATION('',(#5098),#5102);
#5098 = LINE('',#5099,#5100);
#5099 = CARTESIAN_POINT('',(2.59155,-2.47214));
#5100 = VECTOR('',#5101,1.);
#5101 = DIRECTION('',(-0.15643504565,0.987688248635));
#5102 = ( GEOMETRIC_REPRESENTATION_CONTEXT(2) 
PARAMETRIC_REPRESENTATION_CONTEXT() REPRESENTATION_CONTEXT('2D SPACE',''
  ) );
#5103 = ORIENTED_EDGE('',*,*,#5104,.F.);
#5104 = EDGE_CURVE('',#5068,#5089,#5105,.T.);
#5105 = SURFACE_CURVE('',#5106,(#5110),.PCURVE_S1.);
#5106 = LINE('',#5107,#5108);
#5107 = CARTESIAN_POINT('',(10.2,0.,338.));
#5108 = VECTOR('',#5109,1.);
#5109 = DIRECTION('',(-1.,0.,0.));
#5110 = PCURVE('',#5076,#5111);
#5111 = DEFINITIONAL_REPRESENTATION('',(#5112),#5116);
#5112 = LINE('',#5113,#5114);
#5113 = CARTESIAN_POINT('',(0.,0.));
#5114 = VECTOR('',#5115,1.);
#5115 = DIRECTION('',(1.,0.));
#5116 = ( GEOMETRIC_REPRESENTATION_CONTEXT(2) 
PARAMETRIC_REPRESENTATION_CONTEXT() REPRESENTATION_CONTEXT('2D SPACE',''
  ) );
#5117 = ( GEOMETRIC_REPRESENTATION_CONTEXT(3) 
GLOBAL_UNCERTAINTY_ASSIGNED_CONTEXT((#5121)) 
GLOBAL_UNIT_ASSIGNED_CONTEXT((#5118,#5119,#5120)) REPRESENTATION_CONTEXT
('Context #1','3D Context with UNIT and UNCERTAINTY') );
#5118 = ( LENGTH_UNIT() NAMED_UNIT(*) SI_UNIT(.MILLI.,.METRE.) );
#5119 = ( NAMED_UNIT(*) PLANE_ANGLE_UNIT() SI_UNIT($,.RADIAN.) );
#5120 = ( NAMED_UNIT(*) SI_UNIT($,.STERADIAN.) SOLID_ANGLE_UNIT() );
#5121 = UNCERTAINTY_MEASURE_WITH_UNIT(LENGTH_MEASURE(1.E-07),#5118,
  'distance_accuracy_value','confusion accuracy');
#5122 = CONTEXT_DEPENDENT_SHAPE_REPRESENTATION(#5123,#5125);
#5123 = ( REPRESENTATION_RELATIONSHIP('','',#5058,#10) 
REPRESENTATION_RELATIONSHIP_WITH_TRANSFORMATION(#5124) 
SHAPE_REPRESENTATION_RELATIONSHIP() );
#5124 = ITEM_DEFINED_TRANSFORMATION('','',#11,#231);
#5125 = PRODUCT_DEFINITION_SHAPE('Placement','Placement of an item',
  #5126);
#5126 = NEXT_ASSEMBLY_USAGE_OCCURRENCE('1819','','',#5,#5053,$);
#5127 = PRODUCT_RELATED_PRODUCT_CATEGORY('part',$,(#5055));
#5128 = SHAPE_DEFINITION_REPRESENTATION(#5129,#5135);
#5129 = PRODUCT_DEFINITION_SHAPE('','',#5130);
#5130 = PRODUCT_DEFINITION('design','',#5131,#5134);
#5131 = PRODUCT_DEFINITION_FORMATION('','',#5132);
#5132 = PRODUCT('Open CASCADE STEP translator 7.9 2.56',
  'Open CASCADE STEP translator 7.9 2.56','',(#5133));
#5133 = PRODUCT_CONTEXT('',#2,'mechanical');
#5134 = PRODUCT_DEFINITION_CONTEXT('part definition',#2,'design');
#5135 = MANIFOLD_SURFACE_SHAPE_REPRESENTATION('',(#11,#5136),#5194);
#5136 = SHELL_BASED_SURFACE_MODEL('',(#5137));
#5137 = OPEN_SHELL('',(#5138));
#5138 = ADVANCED_FACE('',(#5139),#5153,.T.);
#5139 = FACE_BOUND('',#5140,.T.);
#5140 = EDGE_LOOP('',(#5141,#5164,#5180));
#5141 = ORIENTED_EDGE('',*,*,#5142,.F.);
#5142 = EDGE_CURVE('',#5143,#5145,#5147,.T.);
#5143 = VERTEX_POINT('',#5144);
#5144 = CARTESIAN_POINT('',(9.58486,-3.4886,338.));
#5145 = VERTEX_POINT('',#5146);
#5146 = CARTESIAN_POINT('',(7.60845,-2.47214,338.));
#5147 = SURFACE_CURVE('',#5148,(#5152),.PCURVE_S1.);
#5148 = LINE('',#5149,#5150);
#5149 = CARTESIAN_POINT('',(9.58486,-3.4886,338.));
#5150 = VECTOR('',#5151,1.);
#5151 = DIRECTION('',(-0.889284037704,0.45735533263,0.));
#5152 = PCURVE('',#5153,#5158);
#5153 = PLANE('',#5154);
#5154 = AXIS2_PLACEMENT_3D('',#5155,#5156,#5157);
#5155 = CARTESIAN_POINT('',(7.60845,-2.47214,338.));
#5156 = DIRECTION('',(0.,0.,-1.));
#5157 = DIRECTION('',(-1.,0.,-0.));
#5158 = DEFINITIONAL_REPRESENTATION('',(#5159),#5163);
#5159 = LINE('',#5160,#5161);
#5160 = CARTESIAN_POINT('',(-1.97641,-1.01646));
#5161 = VECTOR('',#5162,1.);
#5162 = DIRECTION('',(0.889284037704,0.45735533263));
#5163 = ( GEOMETRIC_REPRESENTATION_CONTEXT(2) 
PARAMETRIC_REPRESENTATION_CONTEXT() REPRESENTATION_CONTEXT('2D SPACE',''
  ) );
#5164 = ORIENTED_EDGE('',*,*,#5165,.F.);
#5165 = EDGE_CURVE('',#5166,#5143,#5168,.T.);
#5166 = VERTEX_POINT('',#5167);
#5167 = CARTESIAN_POINT('',(7.48075,-2.72277,338.));
#5168 = SURFACE_CURVE('',#5169,(#5173),.PCURVE_S1.);
#5169 = LINE('',#5170,#5171);
#5170 = CARTESIAN_POINT('',(7.48075,-2.72277,338.));
#5171 = VECTOR('',#5172,1.);
#5172 = DIRECTION('',(0.939693110182,-0.342018798718,0.));
#5173 = PCURVE('',#5153,#5174);
#5174 = DEFINITIONAL_REPRESENTATION('',(#5175),#5179);
#5175 = LINE('',#5176,#5177);
#5176 = CARTESIAN_POINT('',(0.1277,-0.25063));
#5177 = VECTOR('',#5178,1.);
#5178 = DIRECTION('',(-0.939693110182,-0.342018798718));
#5179 = ( GEOMETRIC_REPRESENTATION_CONTEXT(2) 
PARAMETRIC_REPRESENTATION_CONTEXT() REPRESENTATION_CONTEXT('2D SPACE',''
  ) );
#5180 = ORIENTED_EDGE('',*,*,#5181,.T.);
#5181 = EDGE_CURVE('',#5166,#5145,#5182,.T.);
#5182 = SURFACE_CURVE('',#5183,(#5187),.PCURVE_S1.);
#5183 = LINE('',#5184,#5185);
#5184 = CARTESIAN_POINT('',(7.48075,-2.72277,338.));
#5185 = VECTOR('',#5186,1.);
#5186 = DIRECTION('',(0.45398382936,0.891009922885,0.));
#5187 = PCURVE('',#5153,#5188);
#5188 = DEFINITIONAL_REPRESENTATION('',(#5189),#5193);
#5189 = LINE('',#5190,#5191);
#5190 = CARTESIAN_POINT('',(0.1277,-0.25063));
#5191 = VECTOR('',#5192,1.);
#5192 = DIRECTION('',(-0.45398382936,0.891009922885));
#5193 = ( GEOMETRIC_REPRESENTATION_CONTEXT(2) 
PARAMETRIC_REPRESENTATION_CONTEXT() REPRESENTATION_CONTEXT('2D SPACE',''
  ) );
#5194 = ( GEOMETRIC_REPRESENTATION_CONTEXT(3) 
GLOBAL_UNCERTAINTY_ASSIGNED_CONTEXT((#5198)) 
GLOBAL_UNIT_ASSIGNED_CONTEXT((#5195,#5196,#5197)) REPRESENTATION_CONTEXT
('Context #1','3D Context with UNIT and UNCERTAINTY') );
#5195 = ( LENGTH_UNIT() NAMED_UNIT(*) SI_UNIT(.MILLI.,.METRE.) );
#5196 = ( NAMED_UNIT(*) PLANE_ANGLE_UNIT() SI_UNIT($,.RADIAN.) );
#5197 = ( NAMED_UNIT(*) SI_UNIT($,.STERADIAN.) SOLID_ANGLE_UNIT() );
#5198 = UNCERTAINTY_MEASURE_WITH_UNIT(LENGTH_MEASURE(1.E-07),#5195,
  'distance_accuracy_value','confusion accuracy');
#5199 = CONTEXT_DEPENDENT_SHAPE_REPRESENTATION(#5200,#5202);
#5200 = ( REPRESENTATION_RELATIONSHIP('','',#5135,#10) 
REPRESENTATION_RELATIONSHIP_WITH_TRANSFORMATION(#5201) 
SHAPE_REPRESENTATION_RELATIONSHIP() );
#5201 = ITEM_DEFINED_TRANSFORMATION('','',#11,#235);
#5202 = PRODUCT_DEFINITION_SHAPE('Placement','Placement of an item',
  #5203);
#5203 = NEXT_ASSEMBLY_USAGE_OCCURRENCE('1820','','',#5,#5130,$);
#5204 = PRODUCT_RELATED_PRODUCT_CATEGORY('part',$,(#5132));
#5205 = SHAPE_DEFINITION_REPRESENTATION(#5206,#5212);
#5206 = PRODUCT_DEFINITION_SHAPE('','',#5207);
#5207 = PRODUCT_DEFINITION('design','',#5208,#5211);
#5208 = PRODUCT_DEFINITION_FORMATION('','',#5209);
#5209 = PRODUCT('Open CASCADE STEP translator 7.9 2.57',
  'Open CASCADE STEP translator 7.9 2.57','',(#5210));
#5210 = PRODUCT_CONTEXT('',#2,'mechanical');
#5211 = PRODUCT_DEFINITION_CONTEXT('part definition',#2,'design');
#5212 = MANIFOLD_SURFACE_SHAPE_REPRESENTATION('',(#11,#5213),#5271);
#5213 = SHELL_BASED_SURFACE_MODEL('',(#5214));
#5214 = OPEN_SHELL('',(#5215));
#5215 = ADVANCED_FACE('',(#5216),#5230,.T.);
#5216 = FACE_BOUND('',#5217,.T.);
#5217 = EDGE_LOOP('',(#5218,#5241,#5257));
#5218 = ORIENTED_EDGE('',*,*,#5219,.F.);
#5219 = EDGE_CURVE('',#5220,#5222,#5224,.T.);
#5220 = VERTEX_POINT('',#5221);
#5221 = CARTESIAN_POINT('',(7.60845,2.47214,338.));
#5222 = VERTEX_POINT('',#5223);
#5223 = CARTESIAN_POINT('',(10.2,0.,338.));
#5224 = SURFACE_CURVE('',#5225,(#5229),.PCURVE_S1.);
#5225 = LINE('',#5226,#5227);
#5226 = CARTESIAN_POINT('',(7.60845,2.47214,338.));
#5227 = VECTOR('',#5228,1.);
#5228 = DIRECTION('',(0.723580341829,-0.690240167564,0.));
#5229 = PCURVE('',#5230,#5235);
#5230 = PLANE('',#5231);
#5231 = AXIS2_PLACEMENT_3D('',#5232,#5233,#5234);
#5232 = CARTESIAN_POINT('',(10.2,0.,338.));
#5233 = DIRECTION('',(0.,-0.,-1.));
#5234 = DIRECTION('',(-1.,0.,-0.));
#5235 = DEFINITIONAL_REPRESENTATION('',(#5236),#5240);
#5236 = LINE('',#5237,#5238);
#5237 = CARTESIAN_POINT('',(2.59155,2.47214));
#5238 = VECTOR('',#5239,1.);
#5239 = DIRECTION('',(-0.723580341829,-0.690240167564));
#5240 = ( GEOMETRIC_REPRESENTATION_CONTEXT(2) 
PARAMETRIC_REPRESENTATION_CONTEXT() REPRESENTATION_CONTEXT('2D SPACE',''
  ) );
#5241 = ORIENTED_EDGE('',*,*,#5242,.T.);
#5242 = EDGE_CURVE('',#5220,#5243,#5245,.T.);
#5243 = VERTEX_POINT('',#5244);
#5244 = CARTESIAN_POINT('',(9.58486,3.4886,338.));
#5245 = SURFACE_CURVE('',#5246,(#5250),.PCURVE_S1.);
#5246 = LINE('',#5247,#5248);
#5247 = CARTESIAN_POINT('',(7.60845,2.47214,338.));
#5248 = VECTOR('',#5249,1.);
#5249 = DIRECTION('',(0.889284037704,0.45735533263,0.));
#5250 = PCURVE('',#5230,#5251);
#5251 = DEFINITIONAL_REPRESENTATION('',(#5252),#5256);
#5252 = LINE('',#5253,#5254);
#5253 = CARTESIAN_POINT('',(2.59155,2.47214));
#5254 = VECTOR('',#5255,1.);
#5255 = DIRECTION('',(-0.889284037704,0.45735533263));
#5256 = ( GEOMETRIC_REPRESENTATION_CONTEXT(2) 
PARAMETRIC_REPRESENTATION_CONTEXT() REPRESENTATION_CONTEXT('2D SPACE',''
  ) );
#5257 = ORIENTED_EDGE('',*,*,#5258,.T.);
#5258 = EDGE_CURVE('',#5243,#5222,#5259,.T.);
#5259 = SURFACE_CURVE('',#5260,(#5264),.PCURVE_S1.);
#5260 = LINE('',#5261,#5262);
#5261 = CARTESIAN_POINT('',(9.58486,3.4886,338.));
#5262 = VECTOR('',#5263,1.);
#5263 = DIRECTION('',(0.173649736876,-0.98480747808,0.));
#5264 = PCURVE('',#5230,#5265);
#5265 = DEFINITIONAL_REPRESENTATION('',(#5266),#5270);
#5266 = LINE('',#5267,#5268);
#5267 = CARTESIAN_POINT('',(0.61514,3.4886));
#5268 = VECTOR('',#5269,1.);
#5269 = DIRECTION('',(-0.173649736876,-0.98480747808));
#5270 = ( GEOMETRIC_REPRESENTATION_CONTEXT(2) 
PARAMETRIC_REPRESENTATION_CONTEXT() REPRESENTATION_CONTEXT('2D SPACE',''
  ) );
#5271 = ( GEOMETRIC_REPRESENTATION_CONTEXT(3) 
GLOBAL_UNCERTAINTY_ASSIGNED_CONTEXT((#5275)) 
GLOBAL_UNIT_ASSIGNED_CONTEXT((#5272,#5273,#5274)) REPRESENTATION_CONTEXT
('Context #1','3D Context with UNIT and UNCERTAINTY') );
#5272 = ( LENGTH_UNIT() NAMED_UNIT(*) SI_UNIT(.MILLI.,.METRE.) );
#5273 = ( NAMED_UNIT(*) PLANE_ANGLE_UNIT() SI_UNIT($,.RADIAN.) );
#5274 = ( NAMED_UNIT(*) SI_UNIT($,.STERADIAN.) SOLID_ANGLE_UNIT() );
#5275 = UNCERTAINTY_MEASURE_WITH_UNIT(LENGTH_MEASURE(1.E-07),#5272,
  'distance_accuracy_value','confusion accuracy');
#5276 = CONTEXT_DEPENDENT_SHAPE_REPRESENTATION(#5277,#5279);
#5277 = ( REPRESENTATION_RELATIONSHIP('','',#5212,#10) 
REPRESENTATION_RELATIONSHIP_WITH_TRANSFORMATION(#5278) 
SHAPE_REPRESENTATION_RELATIONSHIP() );
#5278 = ITEM_DEFINED_TRANSFORMATION('','',#11,#239);
#5279 = PRODUCT_DEFINITION_SHAPE('Placement','Placement of an item',
  #5280);
#5280 = NEXT_ASSEMBLY_USAGE_OCCURRENCE('1821','','',#5,#5207,$);
#5281 = PRODUCT_RELATED_PRODUCT_CATEGORY('part',$,(#5209));
#5282 = SHAPE_DEFINITION_REPRESENTATION(#5283,#5289);
#5283 = PRODUCT_DEFINITION_SHAPE('','',#5284);
#5284 = PRODUCT_DEFINITION('design','',#5285,#5288);
#5285 = PRODUCT_DEFINITION_FORMATION('','',#5286);
#5286 = PRODUCT('Open CASCADE STEP translator 7.9 2.58',
  'Open CASCADE STEP translator 7.9 2.58','',(#5287));
#5287 = PRODUCT_CONTEXT('',#2,'mechanical');
#5288 = PRODUCT_DEFINITION_CONTEXT('part definition',#2,'design');
#5289 = MANIFOLD_SURFACE_SHAPE_REPRESENTATION('',(#11,#5290),#5348);
#5290 = SHELL_BASED_SURFACE_MODEL('',(#5291));
#5291 = OPEN_SHELL('',(#5292));
#5292 = ADVANCED_FACE('',(#5293),#5307,.T.);
#5293 = FACE_BOUND('',#5294,.T.);
#5294 = EDGE_LOOP('',(#5295,#5318,#5334));
#5295 = ORIENTED_EDGE('',*,*,#5296,.F.);
#5296 = EDGE_CURVE('',#5297,#5299,#5301,.T.);
#5297 = VERTEX_POINT('',#5298);
#5298 = CARTESIAN_POINT('',(7.60845,2.47214,338.));
#5299 = VERTEX_POINT('',#5300);
#5300 = CARTESIAN_POINT('',(9.58486,3.4886,338.));
#5301 = SURFACE_CURVE('',#5302,(#5306),.PCURVE_S1.);
#5302 = LINE('',#5303,#5304);
#5303 = CARTESIAN_POINT('',(7.60845,2.47214,338.));
#5304 = VECTOR('',#5305,1.);
#5305 = DIRECTION('',(0.889284037704,0.45735533263,0.));
#5306 = PCURVE('',#5307,#5312);
#5307 = PLANE('',#5308);
#5308 = AXIS2_PLACEMENT_3D('',#5309,#5310,#5311);
#5309 = CARTESIAN_POINT('',(9.58486,3.4886,338.));
#5310 = DIRECTION('',(-0.,0.,-1.));
#5311 = DIRECTION('',(-1.,0.,0.));
#5312 = DEFINITIONAL_REPRESENTATION('',(#5313),#5317);
#5313 = LINE('',#5314,#5315);
#5314 = CARTESIAN_POINT('',(1.97641,-1.01646));
#5315 = VECTOR('',#5316,1.);
#5316 = DIRECTION('',(-0.889284037704,0.45735533263));
#5317 = ( GEOMETRIC_REPRESENTATION_CONTEXT(2) 
PARAMETRIC_REPRESENTATION_CONTEXT() REPRESENTATION_CONTEXT('2D SPACE',''
  ) );
#5318 = ORIENTED_EDGE('',*,*,#5319,.T.);
#5319 = EDGE_CURVE('',#5297,#5320,#5322,.T.);
#5320 = VERTEX_POINT('',#5321);
#5321 = CARTESIAN_POINT('',(7.48075,2.72277,338.));
#5322 = SURFACE_CURVE('',#5323,(#5327),.PCURVE_S1.);
#5323 = LINE('',#5324,#5325);
#5324 = CARTESIAN_POINT('',(7.60845,2.47214,338.));
#5325 = VECTOR('',#5326,1.);
#5326 = DIRECTION('',(-0.45398382936,0.891009922885,0.));
#5327 = PCURVE('',#5307,#5328);
#5328 = DEFINITIONAL_REPRESENTATION('',(#5329),#5333);
#5329 = LINE('',#5330,#5331);
#5330 = CARTESIAN_POINT('',(1.97641,-1.01646));
#5331 = VECTOR('',#5332,1.);
#5332 = DIRECTION('',(0.45398382936,0.891009922885));
#5333 = ( GEOMETRIC_REPRESENTATION_CONTEXT(2) 
PARAMETRIC_REPRESENTATION_CONTEXT() REPRESENTATION_CONTEXT('2D SPACE',''
  ) );
#5334 = ORIENTED_EDGE('',*,*,#5335,.F.);
#5335 = EDGE_CURVE('',#5299,#5320,#5336,.T.);
#5336 = SURFACE_CURVE('',#5337,(#5341),.PCURVE_S1.);
#5337 = LINE('',#5338,#5339);
#5338 = CARTESIAN_POINT('',(9.58486,3.4886,338.));
#5339 = VECTOR('',#5340,1.);
#5340 = DIRECTION('',(-0.939693110182,-0.342018798718,0.));
#5341 = PCURVE('',#5307,#5342);
#5342 = DEFINITIONAL_REPRESENTATION('',(#5343),#5347);
#5343 = LINE('',#5344,#5345);
#5344 = CARTESIAN_POINT('',(0.,0.));
#5345 = VECTOR('',#5346,1.);
#5346 = DIRECTION('',(0.939693110182,-0.342018798718));
#5347 = ( GEOMETRIC_REPRESENTATION_CONTEXT(2) 
PARAMETRIC_REPRESENTATION_CONTEXT() REPRESENTATION_CONTEXT('2D SPACE',''
  ) );
#5348 = ( GEOMETRIC_REPRESENTATION_CONTEXT(3) 
GLOBAL_UNCERTAINTY_ASSIGNED_CONTEXT((#5352)) 
GLOBAL_UNIT_ASSIGNED_CONTEXT((#5349,#5350,#5351)) REPRESENTATION_CONTEXT
('Context #1','3D Context with UNIT and UNCERTAINTY') );
#5349 = ( LENGTH_UNIT() NAMED_UNIT(*) SI_UNIT(.MILLI.,.METRE.) );
#5350 = ( NAMED_UNIT(*) PLANE_ANGLE_UNIT() SI_UNIT($,.RADIAN.) );
#5351 = ( NAMED_UNIT(*) SI_UNIT($,.STERADIAN.) SOLID_ANGLE_UNIT() );
#5352 = UNCERTAINTY_MEASURE_WITH_UNIT(LENGTH_MEASURE(1.E-07),#5349,
  'distance_accuracy_value','confusion accuracy');
#5353 = CONTEXT_DEPENDENT_SHAPE_REPRESENTATION(#5354,#5356);
#5354 = ( REPRESENTATION_RELATIONSHIP('','',#5289,#10) 
REPRESENTATION_RELATIONSHIP_WITH_TRANSFORMATION(#5355) 
SHAPE_REPRESENTATION_RELATIONSHIP() );
#5355 = ITEM_DEFINED_TRANSFORMATION('','',#11,#243);
#5356 = PRODUCT_DEFINITION_SHAPE('Placement','Placement of an item',
  #5357);
#5357 = NEXT_ASSEMBLY_USAGE_OCCURRENCE('1822','','',#5,#5284,$);
#5358 = PRODUCT_RELATED_PRODUCT_CATEGORY('part',$,(#5286));
#5359 = SHAPE_DEFINITION_REPRESENTATION(#5360,#5366);
#5360 = PRODUCT_DEFINITION_SHAPE('','',#5361);
#5361 = PRODUCT_DEFINITION('design','',#5362,#5365);
#5362 = PRODUCT_DEFINITION_FORMATION('','',#5363);
#5363 = PRODUCT('Open CASCADE STEP translator 7.9 2.59',
  'Open CASCADE STEP translator 7.9 2.59','',(#5364));
#5364 = PRODUCT_CONTEXT('',#2,'mechanical');
#5365 = PRODUCT_DEFINITION_CONTEXT('part definition',#2,'design');
#5366 = MANIFOLD_SURFACE_SHAPE_REPRESENTATION('',(#11,#5367),#5425);
#5367 = SHELL_BASED_SURFACE_MODEL('',(#5368));
#5368 = OPEN_SHELL('',(#5369));
#5369 = ADVANCED_FACE('',(#5370),#5384,.T.);
#5370 = FACE_BOUND('',#5371,.T.);
#5371 = EDGE_LOOP('',(#5372,#5395,#5411));
#5372 = ORIENTED_EDGE('',*,*,#5373,.T.);
#5373 = EDGE_CURVE('',#5374,#5376,#5378,.T.);
#5374 = VERTEX_POINT('',#5375);
#5375 = CARTESIAN_POINT('',(10.2,0.,343.));
#5376 = VERTEX_POINT('',#5377);
#5377 = CARTESIAN_POINT('',(9.58486,3.4886,338.));
#5378 = SURFACE_CURVE('',#5379,(#5383),.PCURVE_S1.);
#5379 = LINE('',#5380,#5381);
#5380 = CARTESIAN_POINT('',(10.2,0.,343.));
#5381 = VECTOR('',#5382,1.);
#5382 = DIRECTION('',(-0.100386741694,0.569316232198,-0.815966622998));
#5383 = PCURVE('',#5384,#5389);
#5384 = PLANE('',#5385);
#5385 = AXIS2_PLACEMENT_3D('',#5386,#5387,#5388);
#5386 = CARTESIAN_POINT('',(10.2,0.,343.));
#5387 = DIRECTION('',(0.98480747808,0.173649736876,0.));
#5388 = DIRECTION('',(-0.173649736876,0.98480747808,0.));
#5389 = DEFINITIONAL_REPRESENTATION('',(#5390),#5394);
#5390 = LINE('',#5391,#5392);
#5391 = CARTESIAN_POINT('',(0.,0.));
#5392 = VECTOR('',#5393,1.);
#5393 = DIRECTION('',(0.578099014143,-0.815966622998));
#5394 = ( GEOMETRIC_REPRESENTATION_CONTEXT(2) 
PARAMETRIC_REPRESENTATION_CONTEXT() REPRESENTATION_CONTEXT('2D SPACE',''
  ) );
#5395 = ORIENTED_EDGE('',*,*,#5396,.F.);
#5396 = EDGE_CURVE('',#5397,#5376,#5399,.T.);
#5397 = VERTEX_POINT('',#5398);
#5398 = CARTESIAN_POINT('',(9.58486,3.4886,343.));
#5399 = SURFACE_CURVE('',#5400,(#5404),.PCURVE_S1.);
#5400 = LINE('',#5401,#5402);
#5401 = CARTESIAN_POINT('',(9.58486,3.4886,343.));
#5402 = VECTOR('',#5403,1.);
#5403 = DIRECTION('',(0.,0.,-1.));
#5404 = PCURVE('',#5384,#5405);
#5405 = DEFINITIONAL_REPRESENTATION('',(#5406),#5410);
#5406 = LINE('',#5407,#5408);
#5407 = CARTESIAN_POINT('',(3.542418267173,0.));
#5408 = VECTOR('',#5409,1.);
#5409 = DIRECTION('',(0.,-1.));
#5410 = ( GEOMETRIC_REPRESENTATION_CONTEXT(2) 
PARAMETRIC_REPRESENTATION_CONTEXT() REPRESENTATION_CONTEXT('2D SPACE',''
  ) );
#5411 = ORIENTED_EDGE('',*,*,#5412,.F.);
#5412 = EDGE_CURVE('',#5374,#5397,#5413,.T.);
#5413 = SURFACE_CURVE('',#5414,(#5418),.PCURVE_S1.);
#5414 = LINE('',#5415,#5416);
#5415 = CARTESIAN_POINT('',(10.2,0.,343.));
#5416 = VECTOR('',#5417,1.);
#5417 = DIRECTION('',(-0.173649736876,0.98480747808,0.));
#5418 = PCURVE('',#5384,#5419);
#5419 = DEFINITIONAL_REPRESENTATION('',(#5420),#5424);
#5420 = LINE('',#5421,#5422);
#5421 = CARTESIAN_POINT('',(0.,0.));
#5422 = VECTOR('',#5423,1.);
#5423 = DIRECTION('',(1.,0.));
#5424 = ( GEOMETRIC_REPRESENTATION_CONTEXT(2) 
PARAMETRIC_REPRESENTATION_CONTEXT() REPRESENTATION_CONTEXT('2D SPACE',''
  ) );
#5425 = ( GEOMETRIC_REPRESENTATION_CONTEXT(3) 
GLOBAL_UNCERTAINTY_ASSIGNED_CONTEXT((#5429)) 
GLOBAL_UNIT_ASSIGNED_CONTEXT((#5426,#5427,#5428)) REPRESENTATION_CONTEXT
('Context #1','3D Context with UNIT and UNCERTAINTY') );
#5426 = ( LENGTH_UNIT() NAMED_UNIT(*) SI_UNIT(.MILLI.,.METRE.) );
#5427 = ( NAMED_UNIT(*) PLANE_ANGLE_UNIT() SI_UNIT($,.RADIAN.) );
#5428 = ( NAMED_UNIT(*) SI_UNIT($,.STERADIAN.) SOLID_ANGLE_UNIT() );
#5429 = UNCERTAINTY_MEASURE_WITH_UNIT(LENGTH_MEASURE(1.E-07),#5426,
  'distance_accuracy_value','confusion accuracy');
#5430 = CONTEXT_DEPENDENT_SHAPE_REPRESENTATION(#5431,#5433);
#5431 = ( REPRESENTATION_RELATIONSHIP('','',#5366,#10) 
REPRESENTATION_RELATIONSHIP_WITH_TRANSFORMATION(#5432) 
SHAPE_REPRESENTATION_RELATIONSHIP() );
#5432 = ITEM_DEFINED_TRANSFORMATION('','',#11,#247);
#5433 = PRODUCT_DEFINITION_SHAPE('Placement','Placement of an item',
  #5434);
#5434 = NEXT_ASSEMBLY_USAGE_OCCURRENCE('1823','','',#5,#5361,$);
#5435 = PRODUCT_RELATED_PRODUCT_CATEGORY('part',$,(#5363));
#5436 = SHAPE_DEFINITION_REPRESENTATION(#5437,#5443);
#5437 = PRODUCT_DEFINITION_SHAPE('','',#5438);
#5438 = PRODUCT_DEFINITION('design','',#5439,#5442);
#5439 = PRODUCT_DEFINITION_FORMATION('','',#5440);
#5440 = PRODUCT('Open CASCADE STEP translator 7.9 2.60',
  'Open CASCADE STEP translator 7.9 2.60','',(#5441));
#5441 = PRODUCT_CONTEXT('',#2,'mechanical');
#5442 = PRODUCT_DEFINITION_CONTEXT('part definition',#2,'design');
#5443 = MANIFOLD_SURFACE_SHAPE_REPRESENTATION('',(#11,#5444),#5502);
#5444 = SHELL_BASED_SURFACE_MODEL('',(#5445));
#5445 = OPEN_SHELL('',(#5446));
#5446 = ADVANCED_FACE('',(#5447),#5461,.T.);
#5447 = FACE_BOUND('',#5448,.T.);
#5448 = EDGE_LOOP('',(#5449,#5472,#5488));
#5449 = ORIENTED_EDGE('',*,*,#5450,.F.);
#5450 = EDGE_CURVE('',#5451,#5453,#5455,.T.);
#5451 = VERTEX_POINT('',#5452);
#5452 = CARTESIAN_POINT('',(10.2,0.,343.));
#5453 = VERTEX_POINT('',#5454);
#5454 = CARTESIAN_POINT('',(9.58486,3.4886,338.));
#5455 = SURFACE_CURVE('',#5456,(#5460),.PCURVE_S1.);
#5456 = LINE('',#5457,#5458);
#5457 = CARTESIAN_POINT('',(10.2,0.,343.));
#5458 = VECTOR('',#5459,1.);
#5459 = DIRECTION('',(-0.100386741694,0.569316232198,-0.815966622998));
#5460 = PCURVE('',#5461,#5466);
#5461 = PLANE('',#5462);
#5462 = AXIS2_PLACEMENT_3D('',#5463,#5464,#5465);
#5463 = CARTESIAN_POINT('',(9.58486,3.4886,338.));
#5464 = DIRECTION('',(0.98480747808,0.173649736876,-0.));
#5465 = DIRECTION('',(-0.173649736876,0.98480747808,0.));
#5466 = DEFINITIONAL_REPRESENTATION('',(#5467),#5471);
#5467 = LINE('',#5468,#5469);
#5468 = CARTESIAN_POINT('',(-3.542418267173,5.));
#5469 = VECTOR('',#5470,1.);
#5470 = DIRECTION('',(0.578099014143,-0.815966622998));
#5471 = ( GEOMETRIC_REPRESENTATION_CONTEXT(2) 
PARAMETRIC_REPRESENTATION_CONTEXT() REPRESENTATION_CONTEXT('2D SPACE',''
  ) );
#5472 = ORIENTED_EDGE('',*,*,#5473,.F.);
#5473 = EDGE_CURVE('',#5474,#5451,#5476,.T.);
#5474 = VERTEX_POINT('',#5475);
#5475 = CARTESIAN_POINT('',(10.2,0.,338.));
#5476 = SURFACE_CURVE('',#5477,(#5481),.PCURVE_S1.);
#5477 = LINE('',#5478,#5479);
#5478 = CARTESIAN_POINT('',(10.2,0.,338.));
#5479 = VECTOR('',#5480,1.);
#5480 = DIRECTION('',(0.,0.,1.));
#5481 = PCURVE('',#5461,#5482);
#5482 = DEFINITIONAL_REPRESENTATION('',(#5483),#5487);
#5483 = LINE('',#5484,#5485);
#5484 = CARTESIAN_POINT('',(-3.542418267173,0.));
#5485 = VECTOR('',#5486,1.);
#5486 = DIRECTION('',(0.,1.));
#5487 = ( GEOMETRIC_REPRESENTATION_CONTEXT(2) 
PARAMETRIC_REPRESENTATION_CONTEXT() REPRESENTATION_CONTEXT('2D SPACE',''
  ) );
#5488 = ORIENTED_EDGE('',*,*,#5489,.F.);
#5489 = EDGE_CURVE('',#5453,#5474,#5490,.T.);
#5490 = SURFACE_CURVE('',#5491,(#5495),.PCURVE_S1.);
#5491 = LINE('',#5492,#5493);
#5492 = CARTESIAN_POINT('',(9.58486,3.4886,338.));
#5493 = VECTOR('',#5494,1.);
#5494 = DIRECTION('',(0.173649736876,-0.98480747808,0.));
#5495 = PCURVE('',#5461,#5496);
#5496 = DEFINITIONAL_REPRESENTATION('',(#5497),#5501);
#5497 = LINE('',#5498,#5499);
#5498 = CARTESIAN_POINT('',(0.,0.));
#5499 = VECTOR('',#5500,1.);
#5500 = DIRECTION('',(-1.,0.));
#5501 = ( GEOMETRIC_REPRESENTATION_CONTEXT(2) 
PARAMETRIC_REPRESENTATION_CONTEXT() REPRESENTATION_CONTEXT('2D SPACE',''
  ) );
#5502 = ( GEOMETRIC_REPRESENTATION_CONTEXT(3) 
GLOBAL_UNCERTAINTY_ASSIGNED_CONTEXT((#5506)) 
GLOBAL_UNIT_ASSIGNED_CONTEXT((#5503,#5504,#5505)) REPRESENTATION_CONTEXT
('Context #1','3D Context with UNIT and UNCERTAINTY') );
#5503 = ( LENGTH_UNIT() NAMED_UNIT(*) SI_UNIT(.MILLI.,.METRE.) );
#5504 = ( NAMED_UNIT(*) PLANE_ANGLE_UNIT() SI_UNIT($,.RADIAN.) );
#5505 = ( NAMED_UNIT(*) SI_UNIT($,.STERADIAN.) SOLID_ANGLE_UNIT() );
#5506 = UNCERTAINTY_MEASURE_WITH_UNIT(LENGTH_MEASURE(1.E-07),#5503,
  'distance_accuracy_value','confusion accuracy');
#5507 = CONTEXT_DEPENDENT_SHAPE_REPRESENTATION(#5508,#5510);
#5508 = ( REPRESENTATION_RELATIONSHIP('','',#5443,#10) 
REPRESENTATION_RELATIONSHIP_WITH_TRANSFORMATION(#5509) 
SHAPE_REPRESENTATION_RELATIONSHIP() );
#5509 = ITEM_DEFINED_TRANSFORMATION('','',#11,#251);
#5510 = PRODUCT_DEFINITION_SHAPE('Placement','Placement of an item',
  #5511);
#5511 = NEXT_ASSEMBLY_USAGE_OCCURRENCE('1824','','',#5,#5438,$);
#5512 = PRODUCT_RELATED_PRODUCT_CATEGORY('part',$,(#5440));
#5513 = SHAPE_DEFINITION_REPRESENTATION(#5514,#5520);
#5514 = PRODUCT_DEFINITION_SHAPE('','',#5515);
#5515 = PRODUCT_DEFINITION('design','',#5516,#5519);
#5516 = PRODUCT_DEFINITION_FORMATION('','',#5517);
#5517 = PRODUCT('Open CASCADE STEP translator 7.9 2.61',
  'Open CASCADE STEP translator 7.9 2.61','',(#5518));
#5518 = PRODUCT_CONTEXT('',#2,'mechanical');
#5519 = PRODUCT_DEFINITION_CONTEXT('part definition',#2,'design');
#5520 = MANIFOLD_SURFACE_SHAPE_REPRESENTATION('',(#11,#5521),#5579);
#5521 = SHELL_BASED_SURFACE_MODEL('',(#5522));
#5522 = OPEN_SHELL('',(#5523));
#5523 = ADVANCED_FACE('',(#5524),#5538,.T.);
#5524 = FACE_BOUND('',#5525,.T.);
#5525 = EDGE_LOOP('',(#5526,#5549,#5565));
#5526 = ORIENTED_EDGE('',*,*,#5527,.T.);
#5527 = EDGE_CURVE('',#5528,#5530,#5532,.T.);
#5528 = VERTEX_POINT('',#5529);
#5529 = CARTESIAN_POINT('',(-7.48075,2.72277,338.));
#5530 = VERTEX_POINT('',#5531);
#5531 = CARTESIAN_POINT('',(-9.58486,3.4886,343.));
#5532 = SURFACE_CURVE('',#5533,(#5537),.PCURVE_S1.);
#5533 = LINE('',#5534,#5535);
#5534 = CARTESIAN_POINT('',(-7.48075,2.72277,338.));
#5535 = VECTOR('',#5536,1.);
#5536 = DIRECTION('',(-0.384068007985,0.139788700474,0.912661429262));
#5537 = PCURVE('',#5538,#5543);
#5538 = PLANE('',#5539);
#5539 = AXIS2_PLACEMENT_3D('',#5540,#5541,#5542);
#5540 = CARTESIAN_POINT('',(-7.48075,2.72277,338.));
#5541 = DIRECTION('',(0.342018798718,0.939693110182,-3.0411689073E-17));
#5542 = DIRECTION('',(0.939693110182,-0.342018798718,0.));
#5543 = DEFINITIONAL_REPRESENTATION('',(#5544),#5548);
#5544 = LINE('',#5545,#5546);
#5545 = CARTESIAN_POINT('',(0.,-0.));
#5546 = VECTOR('',#5547,1.);
#5547 = DIRECTION('',(-0.408716424355,-0.912661429262));
#5548 = ( GEOMETRIC_REPRESENTATION_CONTEXT(2) 
PARAMETRIC_REPRESENTATION_CONTEXT() REPRESENTATION_CONTEXT('2D SPACE',''
  ) );
#5549 = ORIENTED_EDGE('',*,*,#5550,.T.);
#5550 = EDGE_CURVE('',#5530,#5551,#5553,.T.);
#5551 = VERTEX_POINT('',#5552);
#5552 = CARTESIAN_POINT('',(-7.48075,2.72277,343.));
#5553 = SURFACE_CURVE('',#5554,(#5558),.PCURVE_S1.);
#5554 = LINE('',#5555,#5556);
#5555 = CARTESIAN_POINT('',(-9.58486,3.4886,343.));
#5556 = VECTOR('',#5557,1.);
#5557 = DIRECTION('',(0.939693110182,-0.342018798718,0.));
#5558 = PCURVE('',#5538,#5559);
#5559 = DEFINITIONAL_REPRESENTATION('',(#5560),#5564);
#5560 = LINE('',#5561,#5562);
#5561 = CARTESIAN_POINT('',(-2.239145926687,-5.));
#5562 = VECTOR('',#5563,1.);
#5563 = DIRECTION('',(1.,0.));
#5564 = ( GEOMETRIC_REPRESENTATION_CONTEXT(2) 
PARAMETRIC_REPRESENTATION_CONTEXT() REPRESENTATION_CONTEXT('2D SPACE',''
  ) );
#5565 = ORIENTED_EDGE('',*,*,#5566,.T.);
#5566 = EDGE_CURVE('',#5551,#5528,#5567,.T.);
#5567 = SURFACE_CURVE('',#5568,(#5572),.PCURVE_S1.);
#5568 = LINE('',#5569,#5570);
#5569 = CARTESIAN_POINT('',(-7.48075,2.72277,343.));
#5570 = VECTOR('',#5571,1.);
#5571 = DIRECTION('',(0.,0.,-1.));
#5572 = PCURVE('',#5538,#5573);
#5573 = DEFINITIONAL_REPRESENTATION('',(#5574),#5578);
#5574 = LINE('',#5575,#5576);
#5575 = CARTESIAN_POINT('',(0.,-5.));
#5576 = VECTOR('',#5577,1.);
#5577 = DIRECTION('',(0.,1.));
#5578 = ( GEOMETRIC_REPRESENTATION_CONTEXT(2) 
PARAMETRIC_REPRESENTATION_CONTEXT() REPRESENTATION_CONTEXT('2D SPACE',''
  ) );
#5579 = ( GEOMETRIC_REPRESENTATION_CONTEXT(3) 
GLOBAL_UNCERTAINTY_ASSIGNED_CONTEXT((#5583)) 
GLOBAL_UNIT_ASSIGNED_CONTEXT((#5580,#5581,#5582)) REPRESENTATION_CONTEXT
('Context #1','3D Context with UNIT and UNCERTAINTY') );
#5580 = ( LENGTH_UNIT() NAMED_UNIT(*) SI_UNIT(.MILLI.,.METRE.) );
#5581 = ( NAMED_UNIT(*) PLANE_ANGLE_UNIT() SI_UNIT($,.RADIAN.) );
#5582 = ( NAMED_UNIT(*) SI_UNIT($,.STERADIAN.) SOLID_ANGLE_UNIT() );
#5583 = UNCERTAINTY_MEASURE_WITH_UNIT(LENGTH_MEASURE(1.E-07),#5580,
  'distance_accuracy_value','confusion accuracy');
#5584 = CONTEXT_DEPENDENT_SHAPE_REPRESENTATION(#5585,#5587);
#5585 = ( REPRESENTATION_RELATIONSHIP('','',#5520,#10) 
REPRESENTATION_RELATIONSHIP_WITH_TRANSFORMATION(#5586) 
SHAPE_REPRESENTATION_RELATIONSHIP() );
#5586 = ITEM_DEFINED_TRANSFORMATION('','',#11,#255);
#5587 = PRODUCT_DEFINITION_SHAPE('Placement','Placement of an item',
  #5588);
#5588 = NEXT_ASSEMBLY_USAGE_OCCURRENCE('1825','','',#5,#5515,$);
#5589 = PRODUCT_RELATED_PRODUCT_CATEGORY('part',$,(#5517));
#5590 = SHAPE_DEFINITION_REPRESENTATION(#5591,#5597);
#5591 = PRODUCT_DEFINITION_SHAPE('','',#5592);
#5592 = PRODUCT_DEFINITION('design','',#5593,#5596);
#5593 = PRODUCT_DEFINITION_FORMATION('','',#5594);
#5594 = PRODUCT('Open CASCADE STEP translator 7.9 2.62',
  'Open CASCADE STEP translator 7.9 2.62','',(#5595));
#5595 = PRODUCT_CONTEXT('',#2,'mechanical');
#5596 = PRODUCT_DEFINITION_CONTEXT('part definition',#2,'design');
#5597 = MANIFOLD_SURFACE_SHAPE_REPRESENTATION('',(#11,#5598),#5656);
#5598 = SHELL_BASED_SURFACE_MODEL('',(#5599));
#5599 = OPEN_SHELL('',(#5600));
#5600 = ADVANCED_FACE('',(#5601),#5615,.T.);
#5601 = FACE_BOUND('',#5602,.T.);
#5602 = EDGE_LOOP('',(#5603,#5626,#5642));
#5603 = ORIENTED_EDGE('',*,*,#5604,.F.);
#5604 = EDGE_CURVE('',#5605,#5607,#5609,.T.);
#5605 = VERTEX_POINT('',#5606);
#5606 = CARTESIAN_POINT('',(-7.48075,2.72277,338.));
#5607 = VERTEX_POINT('',#5608);
#5608 = CARTESIAN_POINT('',(-9.58486,3.4886,343.));
#5609 = SURFACE_CURVE('',#5610,(#5614),.PCURVE_S1.);
#5610 = LINE('',#5611,#5612);
#5611 = CARTESIAN_POINT('',(-7.48075,2.72277,338.));
#5612 = VECTOR('',#5613,1.);
#5613 = DIRECTION('',(-0.384068007985,0.139788700474,0.912661429262));
#5614 = PCURVE('',#5615,#5620);
#5615 = PLANE('',#5616);
#5616 = AXIS2_PLACEMENT_3D('',#5617,#5618,#5619);
#5617 = CARTESIAN_POINT('',(-9.58486,3.4886,343.));
#5618 = DIRECTION('',(0.342018798718,0.939693110182,-3.0411689073E-17));
#5619 = DIRECTION('',(0.939693110182,-0.342018798718,0.));
#5620 = DEFINITIONAL_REPRESENTATION('',(#5621),#5625);
#5621 = LINE('',#5622,#5623);
#5622 = CARTESIAN_POINT('',(2.239145926687,5.));
#5623 = VECTOR('',#5624,1.);
#5624 = DIRECTION('',(-0.408716424355,-0.912661429262));
#5625 = ( GEOMETRIC_REPRESENTATION_CONTEXT(2) 
PARAMETRIC_REPRESENTATION_CONTEXT() REPRESENTATION_CONTEXT('2D SPACE',''
  ) );
#5626 = ORIENTED_EDGE('',*,*,#5627,.T.);
#5627 = EDGE_CURVE('',#5605,#5628,#5630,.T.);
#5628 = VERTEX_POINT('',#5629);
#5629 = CARTESIAN_POINT('',(-9.58486,3.4886,338.));
#5630 = SURFACE_CURVE('',#5631,(#5635),.PCURVE_S1.);
#5631 = LINE('',#5632,#5633);
#5632 = CARTESIAN_POINT('',(-7.48075,2.72277,338.));
#5633 = VECTOR('',#5634,1.);
#5634 = DIRECTION('',(-0.939693110182,0.342018798718,0.));
#5635 = PCURVE('',#5615,#5636);
#5636 = DEFINITIONAL_REPRESENTATION('',(#5637),#5641);
#5637 = LINE('',#5638,#5639);
#5638 = CARTESIAN_POINT('',(2.239145926687,5.));
#5639 = VECTOR('',#5640,1.);
#5640 = DIRECTION('',(-1.,0.));
#5641 = ( GEOMETRIC_REPRESENTATION_CONTEXT(2) 
PARAMETRIC_REPRESENTATION_CONTEXT() REPRESENTATION_CONTEXT('2D SPACE',''
  ) );
#5642 = ORIENTED_EDGE('',*,*,#5643,.T.);
#5643 = EDGE_CURVE('',#5628,#5607,#5644,.T.);
#5644 = SURFACE_CURVE('',#5645,(#5649),.PCURVE_S1.);
#5645 = LINE('',#5646,#5647);
#5646 = CARTESIAN_POINT('',(-9.58486,3.4886,338.));
#5647 = VECTOR('',#5648,1.);
#5648 = DIRECTION('',(0.,0.,1.));
#5649 = PCURVE('',#5615,#5650);
#5650 = DEFINITIONAL_REPRESENTATION('',(#5651),#5655);
#5651 = LINE('',#5652,#5653);
#5652 = CARTESIAN_POINT('',(0.,5.));
#5653 = VECTOR('',#5654,1.);
#5654 = DIRECTION('',(0.,-1.));
#5655 = ( GEOMETRIC_REPRESENTATION_CONTEXT(2) 
PARAMETRIC_REPRESENTATION_CONTEXT() REPRESENTATION_CONTEXT('2D SPACE',''
  ) );
#5656 = ( GEOMETRIC_REPRESENTATION_CONTEXT(3) 
GLOBAL_UNCERTAINTY_ASSIGNED_CONTEXT((#5660)) 
GLOBAL_UNIT_ASSIGNED_CONTEXT((#5657,#5658,#5659)) REPRESENTATION_CONTEXT
('Context #1','3D Context with UNIT and UNCERTAINTY') );
#5657 = ( LENGTH_UNIT() NAMED_UNIT(*) SI_UNIT(.MILLI.,.METRE.) );
#5658 = ( NAMED_UNIT(*) PLANE_ANGLE_UNIT() SI_UNIT($,.RADIAN.) );
#5659 = ( NAMED_UNIT(*) SI_UNIT($,.STERADIAN.) SOLID_ANGLE_UNIT() );
#5660 = UNCERTAINTY_MEASURE_WITH_UNIT(LENGTH_MEASURE(1.E-07),#5657,
  'distance_accuracy_value','confusion accuracy');
#5661 = CONTEXT_DEPENDENT_SHAPE_REPRESENTATION(#5662,#5664);
#5662 = ( REPRESENTATION_RELATIONSHIP('','',#5597,#10) 
REPRESENTATION_RELATIONSHIP_WITH_TRANSFORMATION(#5663) 
SHAPE_REPRESENTATION_RELATIONSHIP() );
#5663 = ITEM_DEFINED_TRANSFORMATION('','',#11,#259);
#5664 = PRODUCT_DEFINITION_SHAPE('Placement','Placement of an item',
  #5665);
#5665 = NEXT_ASSEMBLY_USAGE_OCCURRENCE('1826','','',#5,#5592,$);
#5666 = PRODUCT_RELATED_PRODUCT_CATEGORY('part',$,(#5594));
#5667 = SHAPE_DEFINITION_REPRESENTATION(#5668,#5674);
#5668 = PRODUCT_DEFINITION_SHAPE('','',#5669);
#5669 = PRODUCT_DEFINITION('design','',#5670,#5673);
#5670 = PRODUCT_DEFINITION_FORMATION('','',#5671);
#5671 = PRODUCT('Open CASCADE STEP translator 7.9 2.63',
  'Open CASCADE STEP translator 7.9 2.63','',(#5672));
#5672 = PRODUCT_CONTEXT('',#2,'mechanical');
#5673 = PRODUCT_DEFINITION_CONTEXT('part definition',#2,'design');
#5674 = MANIFOLD_SURFACE_SHAPE_REPRESENTATION('',(#11,#5675),#5733);
#5675 = SHELL_BASED_SURFACE_MODEL('',(#5676));
#5676 = OPEN_SHELL('',(#5677));
#5677 = ADVANCED_FACE('',(#5678),#5692,.T.);
#5678 = FACE_BOUND('',#5679,.T.);
#5679 = EDGE_LOOP('',(#5680,#5703,#5719));
#5680 = ORIENTED_EDGE('',*,*,#5681,.T.);
#5681 = EDGE_CURVE('',#5682,#5684,#5686,.T.);
#5682 = VERTEX_POINT('',#5683);
#5683 = CARTESIAN_POINT('',(-9.58486,-3.4886,338.));
#5684 = VERTEX_POINT('',#5685);
#5685 = CARTESIAN_POINT('',(-7.48075,-2.72277,343.));
#5686 = SURFACE_CURVE('',#5687,(#5691),.PCURVE_S1.);
#5687 = LINE('',#5688,#5689);
#5688 = CARTESIAN_POINT('',(-9.58486,-3.4886,338.));
#5689 = VECTOR('',#5690,1.);
#5690 = DIRECTION('',(0.384068007985,0.139788700474,0.912661429262));
#5691 = PCURVE('',#5692,#5697);
#5692 = PLANE('',#5693);
#5693 = AXIS2_PLACEMENT_3D('',#5694,#5695,#5696);
#5694 = CARTESIAN_POINT('',(-9.58486,-3.4886,338.));
#5695 = DIRECTION('',(0.342018798718,-0.939693110182,3.0411689073E-17));
#5696 = DIRECTION('',(-0.939693110182,-0.342018798718,0.));
#5697 = DEFINITIONAL_REPRESENTATION('',(#5698),#5702);
#5698 = LINE('',#5699,#5700);
#5699 = CARTESIAN_POINT('',(0.,0.));
#5700 = VECTOR('',#5701,1.);
#5701 = DIRECTION('',(-0.408716424355,-0.912661429262));
#5702 = ( GEOMETRIC_REPRESENTATION_CONTEXT(2) 
PARAMETRIC_REPRESENTATION_CONTEXT() REPRESENTATION_CONTEXT('2D SPACE',''
  ) );
#5703 = ORIENTED_EDGE('',*,*,#5704,.T.);
#5704 = EDGE_CURVE('',#5684,#5705,#5707,.T.);
#5705 = VERTEX_POINT('',#5706);
#5706 = CARTESIAN_POINT('',(-9.58486,-3.4886,343.));
#5707 = SURFACE_CURVE('',#5708,(#5712),.PCURVE_S1.);
#5708 = LINE('',#5709,#5710);
#5709 = CARTESIAN_POINT('',(-7.48075,-2.72277,343.));
#5710 = VECTOR('',#5711,1.);
#5711 = DIRECTION('',(-0.939693110182,-0.342018798718,0.));
#5712 = PCURVE('',#5692,#5713);
#5713 = DEFINITIONAL_REPRESENTATION('',(#5714),#5718);
#5714 = LINE('',#5715,#5716);
#5715 = CARTESIAN_POINT('',(-2.239145926687,-5.));
#5716 = VECTOR('',#5717,1.);
#5717 = DIRECTION('',(1.,0.));
#5718 = ( GEOMETRIC_REPRESENTATION_CONTEXT(2) 
PARAMETRIC_REPRESENTATION_CONTEXT() REPRESENTATION_CONTEXT('2D SPACE',''
  ) );
#5719 = ORIENTED_EDGE('',*,*,#5720,.T.);
#5720 = EDGE_CURVE('',#5705,#5682,#5721,.T.);
#5721 = SURFACE_CURVE('',#5722,(#5726),.PCURVE_S1.);
#5722 = LINE('',#5723,#5724);
#5723 = CARTESIAN_POINT('',(-9.58486,-3.4886,343.));
#5724 = VECTOR('',#5725,1.);
#5725 = DIRECTION('',(0.,0.,-1.));
#5726 = PCURVE('',#5692,#5727);
#5727 = DEFINITIONAL_REPRESENTATION('',(#5728),#5732);
#5728 = LINE('',#5729,#5730);
#5729 = CARTESIAN_POINT('',(0.,-5.));
#5730 = VECTOR('',#5731,1.);
#5731 = DIRECTION('',(0.,1.));
#5732 = ( GEOMETRIC_REPRESENTATION_CONTEXT(2) 
PARAMETRIC_REPRESENTATION_CONTEXT() REPRESENTATION_CONTEXT('2D SPACE',''
  ) );
#5733 = ( GEOMETRIC_REPRESENTATION_CONTEXT(3) 
GLOBAL_UNCERTAINTY_ASSIGNED_CONTEXT((#5737)) 
GLOBAL_UNIT_ASSIGNED_CONTEXT((#5734,#5735,#5736)) REPRESENTATION_CONTEXT
('Context #1','3D Context with UNIT and UNCERTAINTY') );
#5734 = ( LENGTH_UNIT() NAMED_UNIT(*) SI_UNIT(.MILLI.,.METRE.) );
#5735 = ( NAMED_UNIT(*) PLANE_ANGLE_UNIT() SI_UNIT($,.RADIAN.) );
#5736 = ( NAMED_UNIT(*) SI_UNIT($,.STERADIAN.) SOLID_ANGLE_UNIT() );
#5737 = UNCERTAINTY_MEASURE_WITH_UNIT(LENGTH_MEASURE(1.E-07),#5734,
  'distance_accuracy_value','confusion accuracy');
#5738 = CONTEXT_DEPENDENT_SHAPE_REPRESENTATION(#5739,#5741);
#5739 = ( REPRESENTATION_RELATIONSHIP('','',#5674,#10) 
REPRESENTATION_RELATIONSHIP_WITH_TRANSFORMATION(#5740) 
SHAPE_REPRESENTATION_RELATIONSHIP() );
#5740 = ITEM_DEFINED_TRANSFORMATION('','',#11,#263);
#5741 = PRODUCT_DEFINITION_SHAPE('Placement','Placement of an item',
  #5742);
#5742 = NEXT_ASSEMBLY_USAGE_OCCURRENCE('1827','','',#5,#5669,$);
#5743 = PRODUCT_RELATED_PRODUCT_CATEGORY('part',$,(#5671));
#5744 = SHAPE_DEFINITION_REPRESENTATION(#5745,#5751);
#5745 = PRODUCT_DEFINITION_SHAPE('','',#5746);
#5746 = PRODUCT_DEFINITION('design','',#5747,#5750);
#5747 = PRODUCT_DEFINITION_FORMATION('','',#5748);
#5748 = PRODUCT('Open CASCADE STEP translator 7.9 2.64',
  'Open CASCADE STEP translator 7.9 2.64','',(#5749));
#5749 = PRODUCT_CONTEXT('',#2,'mechanical');
#5750 = PRODUCT_DEFINITION_CONTEXT('part definition',#2,'design');
#5751 = MANIFOLD_SURFACE_SHAPE_REPRESENTATION('',(#11,#5752),#5810);
#5752 = SHELL_BASED_SURFACE_MODEL('',(#5753));
#5753 = OPEN_SHELL('',(#5754));
#5754 = ADVANCED_FACE('',(#5755),#5769,.T.);
#5755 = FACE_BOUND('',#5756,.T.);
#5756 = EDGE_LOOP('',(#5757,#5780,#5796));
#5757 = ORIENTED_EDGE('',*,*,#5758,.F.);
#5758 = EDGE_CURVE('',#5759,#5761,#5763,.T.);
#5759 = VERTEX_POINT('',#5760);
#5760 = CARTESIAN_POINT('',(-9.58486,-3.4886,338.));
#5761 = VERTEX_POINT('',#5762);
#5762 = CARTESIAN_POINT('',(-7.48075,-2.72277,343.));
#5763 = SURFACE_CURVE('',#5764,(#5768),.PCURVE_S1.);
#5764 = LINE('',#5765,#5766);
#5765 = CARTESIAN_POINT('',(-9.58486,-3.4886,338.));
#5766 = VECTOR('',#5767,1.);
#5767 = DIRECTION('',(0.384068007985,0.139788700474,0.912661429262));
#5768 = PCURVE('',#5769,#5774);
#5769 = PLANE('',#5770);
#5770 = AXIS2_PLACEMENT_3D('',#5771,#5772,#5773);
#5771 = CARTESIAN_POINT('',(-7.48075,-2.72277,343.));
#5772 = DIRECTION('',(0.342018798718,-0.939693110182,3.0411689073E-17));
#5773 = DIRECTION('',(-0.939693110182,-0.342018798718,0.));
#5774 = DEFINITIONAL_REPRESENTATION('',(#5775),#5779);
#5775 = LINE('',#5776,#5777);
#5776 = CARTESIAN_POINT('',(2.239145926687,5.));
#5777 = VECTOR('',#5778,1.);
#5778 = DIRECTION('',(-0.408716424355,-0.912661429262));
#5779 = ( GEOMETRIC_REPRESENTATION_CONTEXT(2) 
PARAMETRIC_REPRESENTATION_CONTEXT() REPRESENTATION_CONTEXT('2D SPACE',''
  ) );
#5780 = ORIENTED_EDGE('',*,*,#5781,.T.);
#5781 = EDGE_CURVE('',#5759,#5782,#5784,.T.);
#5782 = VERTEX_POINT('',#5783);
#5783 = CARTESIAN_POINT('',(-7.48075,-2.72277,338.));
#5784 = SURFACE_CURVE('',#5785,(#5789),.PCURVE_S1.);
#5785 = LINE('',#5786,#5787);
#5786 = CARTESIAN_POINT('',(-9.58486,-3.4886,338.));
#5787 = VECTOR('',#5788,1.);
#5788 = DIRECTION('',(0.939693110182,0.342018798718,0.));
#5789 = PCURVE('',#5769,#5790);
#5790 = DEFINITIONAL_REPRESENTATION('',(#5791),#5795);
#5791 = LINE('',#5792,#5793);
#5792 = CARTESIAN_POINT('',(2.239145926687,5.));
#5793 = VECTOR('',#5794,1.);
#5794 = DIRECTION('',(-1.,0.));
#5795 = ( GEOMETRIC_REPRESENTATION_CONTEXT(2) 
PARAMETRIC_REPRESENTATION_CONTEXT() REPRESENTATION_CONTEXT('2D SPACE',''
  ) );
#5796 = ORIENTED_EDGE('',*,*,#5797,.T.);
#5797 = EDGE_CURVE('',#5782,#5761,#5798,.T.);
#5798 = SURFACE_CURVE('',#5799,(#5803),.PCURVE_S1.);
#5799 = LINE('',#5800,#5801);
#5800 = CARTESIAN_POINT('',(-7.48075,-2.72277,338.));
#5801 = VECTOR('',#5802,1.);
#5802 = DIRECTION('',(0.,0.,1.));
#5803 = PCURVE('',#5769,#5804);
#5804 = DEFINITIONAL_REPRESENTATION('',(#5805),#5809);
#5805 = LINE('',#5806,#5807);
#5806 = CARTESIAN_POINT('',(-0.,5.));
#5807 = VECTOR('',#5808,1.);
#5808 = DIRECTION('',(0.,-1.));
#5809 = ( GEOMETRIC_REPRESENTATION_CONTEXT(2) 
PARAMETRIC_REPRESENTATION_CONTEXT() REPRESENTATION_CONTEXT('2D SPACE',''
  ) );
#5810 = ( GEOMETRIC_REPRESENTATION_CONTEXT(3) 
GLOBAL_UNCERTAINTY_ASSIGNED_CONTEXT((#5814)) 
GLOBAL_UNIT_ASSIGNED_CONTEXT((#5811,#5812,#5813)) REPRESENTATION_CONTEXT
('Context #1','3D Context with UNIT and UNCERTAINTY') );
#5811 = ( LENGTH_UNIT() NAMED_UNIT(*) SI_UNIT(.MILLI.,.METRE.) );
#5812 = ( NAMED_UNIT(*) PLANE_ANGLE_UNIT() SI_UNIT($,.RADIAN.) );
#5813 = ( NAMED_UNIT(*) SI_UNIT($,.STERADIAN.) SOLID_ANGLE_UNIT() );
#5814 = UNCERTAINTY_MEASURE_WITH_UNIT(LENGTH_MEASURE(1.E-07),#5811,
  'distance_accuracy_value','confusion accuracy');
#5815 = CONTEXT_DEPENDENT_SHAPE_REPRESENTATION(#5816,#5818);
#5816 = ( REPRESENTATION_RELATIONSHIP('','',#5751,#10) 
REPRESENTATION_RELATIONSHIP_WITH_TRANSFORMATION(#5817) 
SHAPE_REPRESENTATION_RELATIONSHIP() );
#5817 = ITEM_DEFINED_TRANSFORMATION('','',#11,#267);
#5818 = PRODUCT_DEFINITION_SHAPE('Placement','Placement of an item',
  #5819);
#5819 = NEXT_ASSEMBLY_USAGE_OCCURRENCE('1828','','',#5,#5746,$);
#5820 = PRODUCT_RELATED_PRODUCT_CATEGORY('part',$,(#5748));
#5821 = SHAPE_DEFINITION_REPRESENTATION(#5822,#5828);
#5822 = PRODUCT_DEFINITION_SHAPE('','',#5823);
#5823 = PRODUCT_DEFINITION('design','',#5824,#5827);
#5824 = PRODUCT_DEFINITION_FORMATION('','',#5825);
#5825 = PRODUCT('Open CASCADE STEP translator 7.9 2.65',
  'Open CASCADE STEP translator 7.9 2.65','',(#5826));
#5826 = PRODUCT_CONTEXT('',#2,'mechanical');
#5827 = PRODUCT_DEFINITION_CONTEXT('part definition',#2,'design');
#5828 = MANIFOLD_SURFACE_SHAPE_REPRESENTATION('',(#11,#5829),#5887);
#5829 = SHELL_BASED_SURFACE_MODEL('',(#5830));
#5830 = OPEN_SHELL('',(#5831));
#5831 = ADVANCED_FACE('',(#5832),#5846,.T.);
#5832 = FACE_BOUND('',#5833,.T.);
#5833 = EDGE_LOOP('',(#5834,#5857,#5873));
#5834 = ORIENTED_EDGE('',*,*,#5835,.T.);
#5835 = EDGE_CURVE('',#5836,#5838,#5840,.T.);
#5836 = VERTEX_POINT('',#5837);
#5837 = CARTESIAN_POINT('',(-10.2,0.,338.));
#5838 = VERTEX_POINT('',#5839);
#5839 = CARTESIAN_POINT('',(-9.58486,3.4886,343.));
#5840 = SURFACE_CURVE('',#5841,(#5845),.PCURVE_S1.);
#5841 = LINE('',#5842,#5843);
#5842 = CARTESIAN_POINT('',(-10.2,0.,338.));
#5843 = VECTOR('',#5844,1.);
#5844 = DIRECTION('',(0.100386741694,0.569316232198,0.815966622998));
#5845 = PCURVE('',#5846,#5851);
#5846 = PLANE('',#5847);
#5847 = AXIS2_PLACEMENT_3D('',#5848,#5849,#5850);
#5848 = CARTESIAN_POINT('',(-10.2,0.,338.));
#5849 = DIRECTION('',(-0.98480747808,0.173649736876,-0.));
#5850 = DIRECTION('',(-0.173649736876,-0.98480747808,0.));
#5851 = DEFINITIONAL_REPRESENTATION('',(#5852),#5856);
#5852 = LINE('',#5853,#5854);
#5853 = CARTESIAN_POINT('',(0.,0.));
#5854 = VECTOR('',#5855,1.);
#5855 = DIRECTION('',(-0.578099014143,0.815966622998));
#5856 = ( GEOMETRIC_REPRESENTATION_CONTEXT(2) 
PARAMETRIC_REPRESENTATION_CONTEXT() REPRESENTATION_CONTEXT('2D SPACE',''
  ) );
#5857 = ORIENTED_EDGE('',*,*,#5858,.F.);
#5858 = EDGE_CURVE('',#5859,#5838,#5861,.T.);
#5859 = VERTEX_POINT('',#5860);
#5860 = CARTESIAN_POINT('',(-9.58486,3.4886,338.));
#5861 = SURFACE_CURVE('',#5862,(#5866),.PCURVE_S1.);
#5862 = LINE('',#5863,#5864);
#5863 = CARTESIAN_POINT('',(-9.58486,3.4886,338.));
#5864 = VECTOR('',#5865,1.);
#5865 = DIRECTION('',(0.,0.,1.));
#5866 = PCURVE('',#5846,#5867);
#5867 = DEFINITIONAL_REPRESENTATION('',(#5868),#5872);
#5868 = LINE('',#5869,#5870);
#5869 = CARTESIAN_POINT('',(-3.542418267173,0.));
#5870 = VECTOR('',#5871,1.);
#5871 = DIRECTION('',(0.,1.));
#5872 = ( GEOMETRIC_REPRESENTATION_CONTEXT(2) 
PARAMETRIC_REPRESENTATION_CONTEXT() REPRESENTATION_CONTEXT('2D SPACE',''
  ) );
#5873 = ORIENTED_EDGE('',*,*,#5874,.T.);
#5874 = EDGE_CURVE('',#5859,#5836,#5875,.T.);
#5875 = SURFACE_CURVE('',#5876,(#5880),.PCURVE_S1.);
#5876 = LINE('',#5877,#5878);
#5877 = CARTESIAN_POINT('',(-9.58486,3.4886,338.));
#5878 = VECTOR('',#5879,1.);
#5879 = DIRECTION('',(-0.173649736876,-0.98480747808,0.));
#5880 = PCURVE('',#5846,#5881);
#5881 = DEFINITIONAL_REPRESENTATION('',(#5882),#5886);
#5882 = LINE('',#5883,#5884);
#5883 = CARTESIAN_POINT('',(-3.542418267173,0.));
#5884 = VECTOR('',#5885,1.);
#5885 = DIRECTION('',(1.,0.));
#5886 = ( GEOMETRIC_REPRESENTATION_CONTEXT(2) 
PARAMETRIC_REPRESENTATION_CONTEXT() REPRESENTATION_CONTEXT('2D SPACE',''
  ) );
#5887 = ( GEOMETRIC_REPRESENTATION_CONTEXT(3) 
GLOBAL_UNCERTAINTY_ASSIGNED_CONTEXT((#5891)) 
GLOBAL_UNIT_ASSIGNED_CONTEXT((#5888,#5889,#5890)) REPRESENTATION_CONTEXT
('Context #1','3D Context with UNIT and UNCERTAINTY') );
#5888 = ( LENGTH_UNIT() NAMED_UNIT(*) SI_UNIT(.MILLI.,.METRE.) );
#5889 = ( NAMED_UNIT(*) PLANE_ANGLE_UNIT() SI_UNIT($,.RADIAN.) );
#5890 = ( NAMED_UNIT(*) SI_UNIT($,.STERADIAN.) SOLID_ANGLE_UNIT() );
#5891 = UNCERTAINTY_MEASURE_WITH_UNIT(LENGTH_MEASURE(1.E-07),#5888,
  'distance_accuracy_value','confusion accuracy');
#5892 = CONTEXT_DEPENDENT_SHAPE_REPRESENTATION(#5893,#5895);
#5893 = ( REPRESENTATION_RELATIONSHIP('','',#5828,#10) 
REPRESENTATION_RELATIONSHIP_WITH_TRANSFORMATION(#5894) 
SHAPE_REPRESENTATION_RELATIONSHIP() );
#5894 = ITEM_DEFINED_TRANSFORMATION('','',#11,#271);
#5895 = PRODUCT_DEFINITION_SHAPE('Placement','Placement of an item',
  #5896);
#5896 = NEXT_ASSEMBLY_USAGE_OCCURRENCE('1829','','',#5,#5823,$);
#5897 = PRODUCT_RELATED_PRODUCT_CATEGORY('part',$,(#5825));
#5898 = SHAPE_DEFINITION_REPRESENTATION(#5899,#5905);
#5899 = PRODUCT_DEFINITION_SHAPE('','',#5900);
#5900 = PRODUCT_DEFINITION('design','',#5901,#5904);
#5901 = PRODUCT_DEFINITION_FORMATION('','',#5902);
#5902 = PRODUCT('Open CASCADE STEP translator 7.9 2.66',
  'Open CASCADE STEP translator 7.9 2.66','',(#5903));
#5903 = PRODUCT_CONTEXT('',#2,'mechanical');
#5904 = PRODUCT_DEFINITION_CONTEXT('part definition',#2,'design');
#5905 = MANIFOLD_SURFACE_SHAPE_REPRESENTATION('',(#11,#5906),#5964);
#5906 = SHELL_BASED_SURFACE_MODEL('',(#5907));
#5907 = OPEN_SHELL('',(#5908));
#5908 = ADVANCED_FACE('',(#5909),#5923,.T.);
#5909 = FACE_BOUND('',#5910,.T.);
#5910 = EDGE_LOOP('',(#5911,#5934,#5950));
#5911 = ORIENTED_EDGE('',*,*,#5912,.F.);
#5912 = EDGE_CURVE('',#5913,#5915,#5917,.T.);
#5913 = VERTEX_POINT('',#5914);
#5914 = CARTESIAN_POINT('',(-10.2,0.,338.));
#5915 = VERTEX_POINT('',#5916);
#5916 = CARTESIAN_POINT('',(-9.58486,3.4886,343.));
#5917 = SURFACE_CURVE('',#5918,(#5922),.PCURVE_S1.);
#5918 = LINE('',#5919,#5920);
#5919 = CARTESIAN_POINT('',(-10.2,0.,338.));
#5920 = VECTOR('',#5921,1.);
#5921 = DIRECTION('',(0.100386741694,0.569316232198,0.815966622998));
#5922 = PCURVE('',#5923,#5928);
#5923 = PLANE('',#5924);
#5924 = AXIS2_PLACEMENT_3D('',#5925,#5926,#5927);
#5925 = CARTESIAN_POINT('',(-9.58486,3.4886,343.));
#5926 = DIRECTION('',(-0.98480747808,0.173649736876,-0.));
#5927 = DIRECTION('',(-0.173649736876,-0.98480747808,0.));
#5928 = DEFINITIONAL_REPRESENTATION('',(#5929),#5933);
#5929 = LINE('',#5930,#5931);
#5930 = CARTESIAN_POINT('',(3.542418267173,-5.));
#5931 = VECTOR('',#5932,1.);
#5932 = DIRECTION('',(-0.578099014143,0.815966622998));
#5933 = ( GEOMETRIC_REPRESENTATION_CONTEXT(2) 
PARAMETRIC_REPRESENTATION_CONTEXT() REPRESENTATION_CONTEXT('2D SPACE',''
  ) );
#5934 = ORIENTED_EDGE('',*,*,#5935,.T.);
#5935 = EDGE_CURVE('',#5913,#5936,#5938,.T.);
#5936 = VERTEX_POINT('',#5937);
#5937 = CARTESIAN_POINT('',(-10.2,0.,343.));
#5938 = SURFACE_CURVE('',#5939,(#5943),.PCURVE_S1.);
#5939 = LINE('',#5940,#5941);
#5940 = CARTESIAN_POINT('',(-10.2,0.,338.));
#5941 = VECTOR('',#5942,1.);
#5942 = DIRECTION('',(0.,0.,1.));
#5943 = PCURVE('',#5923,#5944);
#5944 = DEFINITIONAL_REPRESENTATION('',(#5945),#5949);
#5945 = LINE('',#5946,#5947);
#5946 = CARTESIAN_POINT('',(3.542418267173,-5.));
#5947 = VECTOR('',#5948,1.);
#5948 = DIRECTION('',(0.,1.));
#5949 = ( GEOMETRIC_REPRESENTATION_CONTEXT(2) 
PARAMETRIC_REPRESENTATION_CONTEXT() REPRESENTATION_CONTEXT('2D SPACE',''
  ) );
#5950 = ORIENTED_EDGE('',*,*,#5951,.T.);
#5951 = EDGE_CURVE('',#5936,#5915,#5952,.T.);
#5952 = SURFACE_CURVE('',#5953,(#5957),.PCURVE_S1.);
#5953 = LINE('',#5954,#5955);
#5954 = CARTESIAN_POINT('',(-10.2,0.,343.));
#5955 = VECTOR('',#5956,1.);
#5956 = DIRECTION('',(0.173649736876,0.98480747808,0.));
#5957 = PCURVE('',#5923,#5958);
#5958 = DEFINITIONAL_REPRESENTATION('',(#5959),#5963);
#5959 = LINE('',#5960,#5961);
#5960 = CARTESIAN_POINT('',(3.542418267173,0.));
#5961 = VECTOR('',#5962,1.);
#5962 = DIRECTION('',(-1.,0.));
#5963 = ( GEOMETRIC_REPRESENTATION_CONTEXT(2) 
PARAMETRIC_REPRESENTATION_CONTEXT() REPRESENTATION_CONTEXT('2D SPACE',''
  ) );
#5964 = ( GEOMETRIC_REPRESENTATION_CONTEXT(3) 
GLOBAL_UNCERTAINTY_ASSIGNED_CONTEXT((#5968)) 
GLOBAL_UNIT_ASSIGNED_CONTEXT((#5965,#5966,#5967)) REPRESENTATION_CONTEXT
('Context #1','3D Context with UNIT and UNCERTAINTY') );
#5965 = ( LENGTH_UNIT() NAMED_UNIT(*) SI_UNIT(.MILLI.,.METRE.) );
#5966 = ( NAMED_UNIT(*) PLANE_ANGLE_UNIT() SI_UNIT($,.RADIAN.) );
#5967 = ( NAMED_UNIT(*) SI_UNIT($,.STERADIAN.) SOLID_ANGLE_UNIT() );
#5968 = UNCERTAINTY_MEASURE_WITH_UNIT(LENGTH_MEASURE(1.E-07),#5965,
  'distance_accuracy_value','confusion accuracy');
#5969 = CONTEXT_DEPENDENT_SHAPE_REPRESENTATION(#5970,#5972);
#5970 = ( REPRESENTATION_RELATIONSHIP('','',#5905,#10) 
REPRESENTATION_RELATIONSHIP_WITH_TRANSFORMATION(#5971) 
SHAPE_REPRESENTATION_RELATIONSHIP() );
#5971 = ITEM_DEFINED_TRANSFORMATION('','',#11,#275);
#5972 = PRODUCT_DEFINITION_SHAPE('Placement','Placement of an item',
  #5973);
#5973 = NEXT_ASSEMBLY_USAGE_OCCURRENCE('1830','','',#5,#5900,$);
#5974 = PRODUCT_RELATED_PRODUCT_CATEGORY('part',$,(#5902));
#5975 = SHAPE_DEFINITION_REPRESENTATION(#5976,#5982);
#5976 = PRODUCT_DEFINITION_SHAPE('','',#5977);
#5977 = PRODUCT_DEFINITION('design','',#5978,#5981);
#5978 = PRODUCT_DEFINITION_FORMATION('','',#5979);
#5979 = PRODUCT('Open CASCADE STEP translator 7.9 2.67',
  'Open CASCADE STEP translator 7.9 2.67','',(#5980));
#5980 = PRODUCT_CONTEXT('',#2,'mechanical');
#5981 = PRODUCT_DEFINITION_CONTEXT('part definition',#2,'design');
#5982 = MANIFOLD_SURFACE_SHAPE_REPRESENTATION('',(#11,#5983),#6041);
#5983 = SHELL_BASED_SURFACE_MODEL('',(#5984));
#5984 = OPEN_SHELL('',(#5985));
#5985 = ADVANCED_FACE('',(#5986),#6000,.T.);
#5986 = FACE_BOUND('',#5987,.T.);
#5987 = EDGE_LOOP('',(#5988,#6011,#6027));
#5988 = ORIENTED_EDGE('',*,*,#5989,.T.);
#5989 = EDGE_CURVE('',#5990,#5992,#5994,.T.);
#5990 = VERTEX_POINT('',#5991);
#5991 = CARTESIAN_POINT('',(-10.2,0.,338.));
#5992 = VERTEX_POINT('',#5993);
#5993 = CARTESIAN_POINT('',(-7.60845,-2.47214,338.));
#5994 = SURFACE_CURVE('',#5995,(#5999),.PCURVE_S1.);
#5995 = LINE('',#5996,#5997);
#5996 = CARTESIAN_POINT('',(-10.2,0.,338.));
#5997 = VECTOR('',#5998,1.);
#5998 = DIRECTION('',(0.723580341829,-0.690240167564,0.));
#5999 = PCURVE('',#6000,#6005);
#6000 = PLANE('',#6001);
#6001 = AXIS2_PLACEMENT_3D('',#6002,#6003,#6004);
#6002 = CARTESIAN_POINT('',(-10.2,0.,338.));
#6003 = DIRECTION('',(0.,-0.,-1.));
#6004 = DIRECTION('',(-1.,0.,-0.));
#6005 = DEFINITIONAL_REPRESENTATION('',(#6006),#6010);
#6006 = LINE('',#6007,#6008);
#6007 = CARTESIAN_POINT('',(0.,0.));
#6008 = VECTOR('',#6009,1.);
#6009 = DIRECTION('',(-0.723580341829,-0.690240167564));
#6010 = ( GEOMETRIC_REPRESENTATION_CONTEXT(2) 
PARAMETRIC_REPRESENTATION_CONTEXT() REPRESENTATION_CONTEXT('2D SPACE',''
  ) );
#6011 = ORIENTED_EDGE('',*,*,#6012,.T.);
#6012 = EDGE_CURVE('',#5992,#6013,#6015,.T.);
#6013 = VERTEX_POINT('',#6014);
#6014 = CARTESIAN_POINT('',(-9.58486,-3.4886,338.));
#6015 = SURFACE_CURVE('',#6016,(#6020),.PCURVE_S1.);
#6016 = LINE('',#6017,#6018);
#6017 = CARTESIAN_POINT('',(-7.60845,-2.47214,338.));
#6018 = VECTOR('',#6019,1.);
#6019 = DIRECTION('',(-0.889284037704,-0.45735533263,0.));
#6020 = PCURVE('',#6000,#6021);
#6021 = DEFINITIONAL_REPRESENTATION('',(#6022),#6026);
#6022 = LINE('',#6023,#6024);
#6023 = CARTESIAN_POINT('',(-2.59155,-2.47214));
#6024 = VECTOR('',#6025,1.);
#6025 = DIRECTION('',(0.889284037704,-0.45735533263));
#6026 = ( GEOMETRIC_REPRESENTATION_CONTEXT(2) 
PARAMETRIC_REPRESENTATION_CONTEXT() REPRESENTATION_CONTEXT('2D SPACE',''
  ) );
#6027 = ORIENTED_EDGE('',*,*,#6028,.T.);
#6028 = EDGE_CURVE('',#6013,#5990,#6029,.T.);
#6029 = SURFACE_CURVE('',#6030,(#6034),.PCURVE_S1.);
#6030 = LINE('',#6031,#6032);
#6031 = CARTESIAN_POINT('',(-9.58486,-3.4886,338.));
#6032 = VECTOR('',#6033,1.);
#6033 = DIRECTION('',(-0.173649736876,0.98480747808,0.));
#6034 = PCURVE('',#6000,#6035);
#6035 = DEFINITIONAL_REPRESENTATION('',(#6036),#6040);
#6036 = LINE('',#6037,#6038);
#6037 = CARTESIAN_POINT('',(-0.61514,-3.4886));
#6038 = VECTOR('',#6039,1.);
#6039 = DIRECTION('',(0.173649736876,0.98480747808));
#6040 = ( GEOMETRIC_REPRESENTATION_CONTEXT(2) 
PARAMETRIC_REPRESENTATION_CONTEXT() REPRESENTATION_CONTEXT('2D SPACE',''
  ) );
#6041 = ( GEOMETRIC_REPRESENTATION_CONTEXT(3) 
GLOBAL_UNCERTAINTY_ASSIGNED_CONTEXT((#6045)) 
GLOBAL_UNIT_ASSIGNED_CONTEXT((#6042,#6043,#6044)) REPRESENTATION_CONTEXT
('Context #1','3D Context with UNIT and UNCERTAINTY') );
#6042 = ( LENGTH_UNIT() NAMED_UNIT(*) SI_UNIT(.MILLI.,.METRE.) );
#6043 = ( NAMED_UNIT(*) PLANE_ANGLE_UNIT() SI_UNIT($,.RADIAN.) );
#6044 = ( NAMED_UNIT(*) SI_UNIT($,.STERADIAN.) SOLID_ANGLE_UNIT() );
#6045 = UNCERTAINTY_MEASURE_WITH_UNIT(LENGTH_MEASURE(1.E-07),#6042,
  'distance_accuracy_value','confusion accuracy');
#6046 = CONTEXT_DEPENDENT_SHAPE_REPRESENTATION(#6047,#6049);
#6047 = ( REPRESENTATION_RELATIONSHIP('','',#5982,#10) 
REPRESENTATION_RELATIONSHIP_WITH_TRANSFORMATION(#6048) 
SHAPE_REPRESENTATION_RELATIONSHIP() );
#6048 = ITEM_DEFINED_TRANSFORMATION('','',#11,#279);
#6049 = PRODUCT_DEFINITION_SHAPE('Placement','Placement of an item',
  #6050);
#6050 = NEXT_ASSEMBLY_USAGE_OCCURRENCE('1831','','',#5,#5977,$);
#6051 = PRODUCT_RELATED_PRODUCT_CATEGORY('part',$,(#5979));
#6052 = SHAPE_DEFINITION_REPRESENTATION(#6053,#6059);
#6053 = PRODUCT_DEFINITION_SHAPE('','',#6054);
#6054 = PRODUCT_DEFINITION('design','',#6055,#6058);
#6055 = PRODUCT_DEFINITION_FORMATION('','',#6056);
#6056 = PRODUCT('Open CASCADE STEP translator 7.9 2.68',
  'Open CASCADE STEP translator 7.9 2.68','',(#6057));
#6057 = PRODUCT_CONTEXT('',#2,'mechanical');
#6058 = PRODUCT_DEFINITION_CONTEXT('part definition',#2,'design');
#6059 = MANIFOLD_SURFACE_SHAPE_REPRESENTATION('',(#11,#6060),#6118);
#6060 = SHELL_BASED_SURFACE_MODEL('',(#6061));
#6061 = OPEN_SHELL('',(#6062));
#6062 = ADVANCED_FACE('',(#6063),#6077,.T.);
#6063 = FACE_BOUND('',#6064,.T.);
#6064 = EDGE_LOOP('',(#6065,#6088,#6104));
#6065 = ORIENTED_EDGE('',*,*,#6066,.F.);
#6066 = EDGE_CURVE('',#6067,#6069,#6071,.T.);
#6067 = VERTEX_POINT('',#6068);
#6068 = CARTESIAN_POINT('',(-7.60845,-2.47214,338.));
#6069 = VERTEX_POINT('',#6070);
#6070 = CARTESIAN_POINT('',(-9.58486,-3.4886,338.));
#6071 = SURFACE_CURVE('',#6072,(#6076),.PCURVE_S1.);
#6072 = LINE('',#6073,#6074);
#6073 = CARTESIAN_POINT('',(-7.60845,-2.47214,338.));
#6074 = VECTOR('',#6075,1.);
#6075 = DIRECTION('',(-0.889284037704,-0.45735533263,0.));
#6076 = PCURVE('',#6077,#6082);
#6077 = PLANE('',#6078);
#6078 = AXIS2_PLACEMENT_3D('',#6079,#6080,#6081);
#6079 = CARTESIAN_POINT('',(-9.58486,-3.4886,338.));
#6080 = DIRECTION('',(-0.,-0.,-1.));
#6081 = DIRECTION('',(-1.,0.,0.));
#6082 = DEFINITIONAL_REPRESENTATION('',(#6083),#6087);
#6083 = LINE('',#6084,#6085);
#6084 = CARTESIAN_POINT('',(-1.97641,1.01646));
#6085 = VECTOR('',#6086,1.);
#6086 = DIRECTION('',(0.889284037704,-0.45735533263));
#6087 = ( GEOMETRIC_REPRESENTATION_CONTEXT(2) 
PARAMETRIC_REPRESENTATION_CONTEXT() REPRESENTATION_CONTEXT('2D SPACE',''
  ) );
#6088 = ORIENTED_EDGE('',*,*,#6089,.T.);
#6089 = EDGE_CURVE('',#6067,#6090,#6092,.T.);
#6090 = VERTEX_POINT('',#6091);
#6091 = CARTESIAN_POINT('',(-7.48075,-2.72277,338.));
#6092 = SURFACE_CURVE('',#6093,(#6097),.PCURVE_S1.);
#6093 = LINE('',#6094,#6095);
#6094 = CARTESIAN_POINT('',(-7.60845,-2.47214,338.));
#6095 = VECTOR('',#6096,1.);
#6096 = DIRECTION('',(0.45398382936,-0.891009922885,0.));
#6097 = PCURVE('',#6077,#6098);
#6098 = DEFINITIONAL_REPRESENTATION('',(#6099),#6103);
#6099 = LINE('',#6100,#6101);
#6100 = CARTESIAN_POINT('',(-1.97641,1.01646));
#6101 = VECTOR('',#6102,1.);
#6102 = DIRECTION('',(-0.45398382936,-0.891009922885));
#6103 = ( GEOMETRIC_REPRESENTATION_CONTEXT(2) 
PARAMETRIC_REPRESENTATION_CONTEXT() REPRESENTATION_CONTEXT('2D SPACE',''
  ) );
#6104 = ORIENTED_EDGE('',*,*,#6105,.F.);
#6105 = EDGE_CURVE('',#6069,#6090,#6106,.T.);
#6106 = SURFACE_CURVE('',#6107,(#6111),.PCURVE_S1.);
#6107 = LINE('',#6108,#6109);
#6108 = CARTESIAN_POINT('',(-9.58486,-3.4886,338.));
#6109 = VECTOR('',#6110,1.);
#6110 = DIRECTION('',(0.939693110182,0.342018798718,0.));
#6111 = PCURVE('',#6077,#6112);
#6112 = DEFINITIONAL_REPRESENTATION('',(#6113),#6117);
#6113 = LINE('',#6114,#6115);
#6114 = CARTESIAN_POINT('',(0.,0.));
#6115 = VECTOR('',#6116,1.);
#6116 = DIRECTION('',(-0.939693110182,0.342018798718));
#6117 = ( GEOMETRIC_REPRESENTATION_CONTEXT(2) 
PARAMETRIC_REPRESENTATION_CONTEXT() REPRESENTATION_CONTEXT('2D SPACE',''
  ) );
#6118 = ( GEOMETRIC_REPRESENTATION_CONTEXT(3) 
GLOBAL_UNCERTAINTY_ASSIGNED_CONTEXT((#6122)) 
GLOBAL_UNIT_ASSIGNED_CONTEXT((#6119,#6120,#6121)) REPRESENTATION_CONTEXT
('Context #1','3D Context with UNIT and UNCERTAINTY') );
#6119 = ( LENGTH_UNIT() NAMED_UNIT(*) SI_UNIT(.MILLI.,.METRE.) );
#6120 = ( NAMED_UNIT(*) PLANE_ANGLE_UNIT() SI_UNIT($,.RADIAN.) );
#6121 = ( NAMED_UNIT(*) SI_UNIT($,.STERADIAN.) SOLID_ANGLE_UNIT() );
#6122 = UNCERTAINTY_MEASURE_WITH_UNIT(LENGTH_MEASURE(1.E-07),#6119,
  'distance_accuracy_value','confusion accuracy');
#6123 = CONTEXT_DEPENDENT_SHAPE_REPRESENTATION(#6124,#6126);
#6124 = ( REPRESENTATION_RELATIONSHIP('','',#6059,#10) 
REPRESENTATION_RELATIONSHIP_WITH_TRANSFORMATION(#6125) 
SHAPE_REPRESENTATION_RELATIONSHIP() );
#6125 = ITEM_DEFINED_TRANSFORMATION('','',#11,#283);
#6126 = PRODUCT_DEFINITION_SHAPE('Placement','Placement of an item',
  #6127);
#6127 = NEXT_ASSEMBLY_USAGE_OCCURRENCE('1832','','',#5,#6054,$);
#6128 = PRODUCT_RELATED_PRODUCT_CATEGORY('part',$,(#6056));
#6129 = SHAPE_DEFINITION_REPRESENTATION(#6130,#6136);
#6130 = PRODUCT_DEFINITION_SHAPE('','',#6131);
#6131 = PRODUCT_DEFINITION('design','',#6132,#6135);
#6132 = PRODUCT_DEFINITION_FORMATION('','',#6133);
#6133 = PRODUCT('Open CASCADE STEP translator 7.9 2.69',
  'Open CASCADE STEP translator 7.9 2.69','',(#6134));
#6134 = PRODUCT_CONTEXT('',#2,'mechanical');
#6135 = PRODUCT_DEFINITION_CONTEXT('part definition',#2,'design');
#6136 = MANIFOLD_SURFACE_SHAPE_REPRESENTATION('',(#11,#6137),#6195);
#6137 = SHELL_BASED_SURFACE_MODEL('',(#6138));
#6138 = OPEN_SHELL('',(#6139));
#6139 = ADVANCED_FACE('',(#6140),#6154,.T.);
#6140 = FACE_BOUND('',#6141,.T.);
#6141 = EDGE_LOOP('',(#6142,#6165,#6181));
#6142 = ORIENTED_EDGE('',*,*,#6143,.F.);
#6143 = EDGE_CURVE('',#6144,#6146,#6148,.T.);
#6144 = VERTEX_POINT('',#6145);
#6145 = CARTESIAN_POINT('',(-10.2,0.,338.));
#6146 = VERTEX_POINT('',#6147);
#6147 = CARTESIAN_POINT('',(-7.60845,-2.47214,338.));
#6148 = SURFACE_CURVE('',#6149,(#6153),.PCURVE_S1.);
#6149 = LINE('',#6150,#6151);
#6150 = CARTESIAN_POINT('',(-10.2,0.,338.));
#6151 = VECTOR('',#6152,1.);
#6152 = DIRECTION('',(0.723580341829,-0.690240167564,0.));
#6153 = PCURVE('',#6154,#6159);
#6154 = PLANE('',#6155);
#6155 = AXIS2_PLACEMENT_3D('',#6156,#6157,#6158);
#6156 = CARTESIAN_POINT('',(-7.60845,-2.47214,338.));
#6157 = DIRECTION('',(0.,-0.,-1.));
#6158 = DIRECTION('',(-1.,0.,-0.));
#6159 = DEFINITIONAL_REPRESENTATION('',(#6160),#6164);
#6160 = LINE('',#6161,#6162);
#6161 = CARTESIAN_POINT('',(2.59155,2.47214));
#6162 = VECTOR('',#6163,1.);
#6163 = DIRECTION('',(-0.723580341829,-0.690240167564));
#6164 = ( GEOMETRIC_REPRESENTATION_CONTEXT(2) 
PARAMETRIC_REPRESENTATION_CONTEXT() REPRESENTATION_CONTEXT('2D SPACE',''
  ) );
#6165 = ORIENTED_EDGE('',*,*,#6166,.T.);
#6166 = EDGE_CURVE('',#6144,#6167,#6169,.T.);
#6167 = VERTEX_POINT('',#6168);
#6168 = CARTESIAN_POINT('',(-8.,0.,338.));
#6169 = SURFACE_CURVE('',#6170,(#6174),.PCURVE_S1.);
#6170 = LINE('',#6171,#6172);
#6171 = CARTESIAN_POINT('',(-10.2,0.,338.));
#6172 = VECTOR('',#6173,1.);
#6173 = DIRECTION('',(1.,0.,0.));
#6174 = PCURVE('',#6154,#6175);
#6175 = DEFINITIONAL_REPRESENTATION('',(#6176),#6180);
#6176 = LINE('',#6177,#6178);
#6177 = CARTESIAN_POINT('',(2.59155,2.47214));
#6178 = VECTOR('',#6179,1.);
#6179 = DIRECTION('',(-1.,0.));
#6180 = ( GEOMETRIC_REPRESENTATION_CONTEXT(2) 
PARAMETRIC_REPRESENTATION_CONTEXT() REPRESENTATION_CONTEXT('2D SPACE',''
  ) );
#6181 = ORIENTED_EDGE('',*,*,#6182,.T.);
#6182 = EDGE_CURVE('',#6167,#6146,#6183,.T.);
#6183 = SURFACE_CURVE('',#6184,(#6188),.PCURVE_S1.);
#6184 = LINE('',#6185,#6186);
#6185 = CARTESIAN_POINT('',(-8.,0.,338.));
#6186 = VECTOR('',#6187,1.);
#6187 = DIRECTION('',(0.15643504565,-0.987688248635,0.));
#6188 = PCURVE('',#6154,#6189);
#6189 = DEFINITIONAL_REPRESENTATION('',(#6190),#6194);
#6190 = LINE('',#6191,#6192);
#6191 = CARTESIAN_POINT('',(0.39155,2.47214));
#6192 = VECTOR('',#6193,1.);
#6193 = DIRECTION('',(-0.15643504565,-0.987688248635));
#6194 = ( GEOMETRIC_REPRESENTATION_CONTEXT(2) 
PARAMETRIC_REPRESENTATION_CONTEXT() REPRESENTATION_CONTEXT('2D SPACE',''
  ) );
#6195 = ( GEOMETRIC_REPRESENTATION_CONTEXT(3) 
GLOBAL_UNCERTAINTY_ASSIGNED_CONTEXT((#6199)) 
GLOBAL_UNIT_ASSIGNED_CONTEXT((#6196,#6197,#6198)) REPRESENTATION_CONTEXT
('Context #1','3D Context with UNIT and UNCERTAINTY') );
#6196 = ( LENGTH_UNIT() NAMED_UNIT(*) SI_UNIT(.MILLI.,.METRE.) );
#6197 = ( NAMED_UNIT(*) PLANE_ANGLE_UNIT() SI_UNIT($,.RADIAN.) );
#6198 = ( NAMED_UNIT(*) SI_UNIT($,.STERADIAN.) SOLID_ANGLE_UNIT() );
#6199 = UNCERTAINTY_MEASURE_WITH_UNIT(LENGTH_MEASURE(1.E-07),#6196,
  'distance_accuracy_value','confusion accuracy');
#6200 = CONTEXT_DEPENDENT_SHAPE_REPRESENTATION(#6201,#6203);
#6201 = ( REPRESENTATION_RELATIONSHIP('','',#6136,#10) 
REPRESENTATION_RELATIONSHIP_WITH_TRANSFORMATION(#6202) 
SHAPE_REPRESENTATION_RELATIONSHIP() );
#6202 = ITEM_DEFINED_TRANSFORMATION('','',#11,#287);
#6203 = PRODUCT_DEFINITION_SHAPE('Placement','Placement of an item',
  #6204);
#6204 = NEXT_ASSEMBLY_USAGE_OCCURRENCE('1833','','',#5,#6131,$);
#6205 = PRODUCT_RELATED_PRODUCT_CATEGORY('part',$,(#6133));
#6206 = SHAPE_DEFINITION_REPRESENTATION(#6207,#6213);
#6207 = PRODUCT_DEFINITION_SHAPE('','',#6208);
#6208 = PRODUCT_DEFINITION('design','',#6209,#6212);
#6209 = PRODUCT_DEFINITION_FORMATION('','',#6210);
#6210 = PRODUCT('Open CASCADE STEP translator 7.9 2.70',
  'Open CASCADE STEP translator 7.9 2.70','',(#6211));
#6211 = PRODUCT_CONTEXT('',#2,'mechanical');
#6212 = PRODUCT_DEFINITION_CONTEXT('part definition',#2,'design');
#6213 = MANIFOLD_SURFACE_SHAPE_REPRESENTATION('',(#11,#6214),#6272);
#6214 = SHELL_BASED_SURFACE_MODEL('',(#6215));
#6215 = OPEN_SHELL('',(#6216));
#6216 = ADVANCED_FACE('',(#6217),#6231,.T.);
#6217 = FACE_BOUND('',#6218,.T.);
#6218 = EDGE_LOOP('',(#6219,#6242,#6258));
#6219 = ORIENTED_EDGE('',*,*,#6220,.T.);
#6220 = EDGE_CURVE('',#6221,#6223,#6225,.T.);
#6221 = VERTEX_POINT('',#6222);
#6222 = CARTESIAN_POINT('',(-7.60845,2.47214,338.));
#6223 = VERTEX_POINT('',#6224);
#6224 = CARTESIAN_POINT('',(-9.58486,3.4886,338.));
#6225 = SURFACE_CURVE('',#6226,(#6230),.PCURVE_S1.);
#6226 = LINE('',#6227,#6228);
#6227 = CARTESIAN_POINT('',(-7.60845,2.47214,338.));
#6228 = VECTOR('',#6229,1.);
#6229 = DIRECTION('',(-0.889284037704,0.45735533263,0.));
#6230 = PCURVE('',#6231,#6236);
#6231 = PLANE('',#6232);
#6232 = AXIS2_PLACEMENT_3D('',#6233,#6234,#6235);
#6233 = CARTESIAN_POINT('',(-7.60845,2.47214,338.));
#6234 = DIRECTION('',(-0.,-0.,-1.));
#6235 = DIRECTION('',(-1.,0.,0.));
#6236 = DEFINITIONAL_REPRESENTATION('',(#6237),#6241);
#6237 = LINE('',#6238,#6239);
#6238 = CARTESIAN_POINT('',(0.,0.));
#6239 = VECTOR('',#6240,1.);
#6240 = DIRECTION('',(0.889284037704,0.45735533263));
#6241 = ( GEOMETRIC_REPRESENTATION_CONTEXT(2) 
PARAMETRIC_REPRESENTATION_CONTEXT() REPRESENTATION_CONTEXT('2D SPACE',''
  ) );
#6242 = ORIENTED_EDGE('',*,*,#6243,.F.);
#6243 = EDGE_CURVE('',#6244,#6223,#6246,.T.);
#6244 = VERTEX_POINT('',#6245);
#6245 = CARTESIAN_POINT('',(-7.48075,2.72277,338.));
#6246 = SURFACE_CURVE('',#6247,(#6251),.PCURVE_S1.);
#6247 = LINE('',#6248,#6249);
#6248 = CARTESIAN_POINT('',(-7.48075,2.72277,338.));
#6249 = VECTOR('',#6250,1.);
#6250 = DIRECTION('',(-0.939693110182,0.342018798718,0.));
#6251 = PCURVE('',#6231,#6252);
#6252 = DEFINITIONAL_REPRESENTATION('',(#6253),#6257);
#6253 = LINE('',#6254,#6255);
#6254 = CARTESIAN_POINT('',(-0.1277,0.25063));
#6255 = VECTOR('',#6256,1.);
#6256 = DIRECTION('',(0.939693110182,0.342018798718));
#6257 = ( GEOMETRIC_REPRESENTATION_CONTEXT(2) 
PARAMETRIC_REPRESENTATION_CONTEXT() REPRESENTATION_CONTEXT('2D SPACE',''
  ) );
#6258 = ORIENTED_EDGE('',*,*,#6259,.T.);
#6259 = EDGE_CURVE('',#6244,#6221,#6260,.T.);
#6260 = SURFACE_CURVE('',#6261,(#6265),.PCURVE_S1.);
#6261 = LINE('',#6262,#6263);
#6262 = CARTESIAN_POINT('',(-7.48075,2.72277,338.));
#6263 = VECTOR('',#6264,1.);
#6264 = DIRECTION('',(-0.45398382936,-0.891009922885,0.));
#6265 = PCURVE('',#6231,#6266);
#6266 = DEFINITIONAL_REPRESENTATION('',(#6267),#6271);
#6267 = LINE('',#6268,#6269);
#6268 = CARTESIAN_POINT('',(-0.1277,0.25063));
#6269 = VECTOR('',#6270,1.);
#6270 = DIRECTION('',(0.45398382936,-0.891009922885));
#6271 = ( GEOMETRIC_REPRESENTATION_CONTEXT(2) 
PARAMETRIC_REPRESENTATION_CONTEXT() REPRESENTATION_CONTEXT('2D SPACE',''
  ) );
#6272 = ( GEOMETRIC_REPRESENTATION_CONTEXT(3) 
GLOBAL_UNCERTAINTY_ASSIGNED_CONTEXT((#6276)) 
GLOBAL_UNIT_ASSIGNED_CONTEXT((#6273,#6274,#6275)) REPRESENTATION_CONTEXT
('Context #1','3D Context with UNIT and UNCERTAINTY') );
#6273 = ( LENGTH_UNIT() NAMED_UNIT(*) SI_UNIT(.MILLI.,.METRE.) );
#6274 = ( NAMED_UNIT(*) PLANE_ANGLE_UNIT() SI_UNIT($,.RADIAN.) );
#6275 = ( NAMED_UNIT(*) SI_UNIT($,.STERADIAN.) SOLID_ANGLE_UNIT() );
#6276 = UNCERTAINTY_MEASURE_WITH_UNIT(LENGTH_MEASURE(1.E-07),#6273,
  'distance_accuracy_value','confusion accuracy');
#6277 = CONTEXT_DEPENDENT_SHAPE_REPRESENTATION(#6278,#6280);
#6278 = ( REPRESENTATION_RELATIONSHIP('','',#6213,#10) 
REPRESENTATION_RELATIONSHIP_WITH_TRANSFORMATION(#6279) 
SHAPE_REPRESENTATION_RELATIONSHIP() );
#6279 = ITEM_DEFINED_TRANSFORMATION('','',#11,#291);
#6280 = PRODUCT_DEFINITION_SHAPE('Placement','Placement of an item',
  #6281);
#6281 = NEXT_ASSEMBLY_USAGE_OCCURRENCE('1834','','',#5,#6208,$);
#6282 = PRODUCT_RELATED_PRODUCT_CATEGORY('part',$,(#6210));
#6283 = SHAPE_DEFINITION_REPRESENTATION(#6284,#6290);
#6284 = PRODUCT_DEFINITION_SHAPE('','',#6285);
#6285 = PRODUCT_DEFINITION('design','',#6286,#6289);
#6286 = PRODUCT_DEFINITION_FORMATION('','',#6287);
#6287 = PRODUCT('Open CASCADE STEP translator 7.9 2.71',
  'Open CASCADE STEP translator 7.9 2.71','',(#6288));
#6288 = PRODUCT_CONTEXT('',#2,'mechanical');
#6289 = PRODUCT_DEFINITION_CONTEXT('part definition',#2,'design');
#6290 = MANIFOLD_SURFACE_SHAPE_REPRESENTATION('',(#11,#6291),#6349);
#6291 = SHELL_BASED_SURFACE_MODEL('',(#6292));
#6292 = OPEN_SHELL('',(#6293));
#6293 = ADVANCED_FACE('',(#6294),#6308,.T.);
#6294 = FACE_BOUND('',#6295,.T.);
#6295 = EDGE_LOOP('',(#6296,#6319,#6335));
#6296 = ORIENTED_EDGE('',*,*,#6297,.F.);
#6297 = EDGE_CURVE('',#6298,#6300,#6302,.T.);
#6298 = VERTEX_POINT('',#6299);
#6299 = CARTESIAN_POINT('',(-10.2,0.,338.));
#6300 = VERTEX_POINT('',#6301);
#6301 = CARTESIAN_POINT('',(-8.,0.,338.));
#6302 = SURFACE_CURVE('',#6303,(#6307),.PCURVE_S1.);
#6303 = LINE('',#6304,#6305);
#6304 = CARTESIAN_POINT('',(-10.2,0.,338.));
#6305 = VECTOR('',#6306,1.);
#6306 = DIRECTION('',(1.,0.,0.));
#6307 = PCURVE('',#6308,#6313);
#6308 = PLANE('',#6309);
#6309 = AXIS2_PLACEMENT_3D('',#6310,#6311,#6312);
#6310 = CARTESIAN_POINT('',(-8.,0.,338.));
#6311 = DIRECTION('',(-0.,-0.,-1.));
#6312 = DIRECTION('',(-1.,0.,0.));
#6313 = DEFINITIONAL_REPRESENTATION('',(#6314),#6318);
#6314 = LINE('',#6315,#6316);
#6315 = CARTESIAN_POINT('',(2.2,0.));
#6316 = VECTOR('',#6317,1.);
#6317 = DIRECTION('',(-1.,0.));
#6318 = ( GEOMETRIC_REPRESENTATION_CONTEXT(2) 
PARAMETRIC_REPRESENTATION_CONTEXT() REPRESENTATION_CONTEXT('2D SPACE',''
  ) );
#6319 = ORIENTED_EDGE('',*,*,#6320,.T.);
#6320 = EDGE_CURVE('',#6298,#6321,#6323,.T.);
#6321 = VERTEX_POINT('',#6322);
#6322 = CARTESIAN_POINT('',(-7.60845,2.47214,338.));
#6323 = SURFACE_CURVE('',#6324,(#6328),.PCURVE_S1.);
#6324 = LINE('',#6325,#6326);
#6325 = CARTESIAN_POINT('',(-10.2,0.,338.));
#6326 = VECTOR('',#6327,1.);
#6327 = DIRECTION('',(0.723580341829,0.690240167564,0.));
#6328 = PCURVE('',#6308,#6329);
#6329 = DEFINITIONAL_REPRESENTATION('',(#6330),#6334);
#6330 = LINE('',#6331,#6332);
#6331 = CARTESIAN_POINT('',(2.2,0.));
#6332 = VECTOR('',#6333,1.);
#6333 = DIRECTION('',(-0.723580341829,0.690240167564));
#6334 = ( GEOMETRIC_REPRESENTATION_CONTEXT(2) 
PARAMETRIC_REPRESENTATION_CONTEXT() REPRESENTATION_CONTEXT('2D SPACE',''
  ) );
#6335 = ORIENTED_EDGE('',*,*,#6336,.T.);
#6336 = EDGE_CURVE('',#6321,#6300,#6337,.T.);
#6337 = SURFACE_CURVE('',#6338,(#6342),.PCURVE_S1.);
#6338 = LINE('',#6339,#6340);
#6339 = CARTESIAN_POINT('',(-7.60845,2.47214,338.));
#6340 = VECTOR('',#6341,1.);
#6341 = DIRECTION('',(-0.15643504565,-0.987688248635,0.));
#6342 = PCURVE('',#6308,#6343);
#6343 = DEFINITIONAL_REPRESENTATION('',(#6344),#6348);
#6344 = LINE('',#6345,#6346);
#6345 = CARTESIAN_POINT('',(-0.39155,2.47214));
#6346 = VECTOR('',#6347,1.);
#6347 = DIRECTION('',(0.15643504565,-0.987688248635));
#6348 = ( GEOMETRIC_REPRESENTATION_CONTEXT(2) 
PARAMETRIC_REPRESENTATION_CONTEXT() REPRESENTATION_CONTEXT('2D SPACE',''
  ) );
#6349 = ( GEOMETRIC_REPRESENTATION_CONTEXT(3) 
GLOBAL_UNCERTAINTY_ASSIGNED_CONTEXT((#6353)) 
GLOBAL_UNIT_ASSIGNED_CONTEXT((#6350,#6351,#6352)) REPRESENTATION_CONTEXT
('Context #1','3D Context with UNIT and UNCERTAINTY') );
#6350 = ( LENGTH_UNIT() NAMED_UNIT(*) SI_UNIT(.MILLI.,.METRE.) );
#6351 = ( NAMED_UNIT(*) PLANE_ANGLE_UNIT() SI_UNIT($,.RADIAN.) );
#6352 = ( NAMED_UNIT(*) SI_UNIT($,.STERADIAN.) SOLID_ANGLE_UNIT() );
#6353 = UNCERTAINTY_MEASURE_WITH_UNIT(LENGTH_MEASURE(1.E-07),#6350,
  'distance_accuracy_value','confusion accuracy');
#6354 = CONTEXT_DEPENDENT_SHAPE_REPRESENTATION(#6355,#6357);
#6355 = ( REPRESENTATION_RELATIONSHIP('','',#6290,#10) 
REPRESENTATION_RELATIONSHIP_WITH_TRANSFORMATION(#6356) 
SHAPE_REPRESENTATION_RELATIONSHIP() );
#6356 = ITEM_DEFINED_TRANSFORMATION('','',#11,#295);
#6357 = PRODUCT_DEFINITION_SHAPE('Placement','Placement of an item',
  #6358);
#6358 = NEXT_ASSEMBLY_USAGE_OCCURRENCE('1835','','',#5,#6285,$);
#6359 = PRODUCT_RELATED_PRODUCT_CATEGORY('part',$,(#6287));
#6360 = SHAPE_DEFINITION_REPRESENTATION(#6361,#6367);
#6361 = PRODUCT_DEFINITION_SHAPE('','',#6362);
#6362 = PRODUCT_DEFINITION('design','',#6363,#6366);
#6363 = PRODUCT_DEFINITION_FORMATION('','',#6364);
#6364 = PRODUCT('Open CASCADE STEP translator 7.9 2.72',
  'Open CASCADE STEP translator 7.9 2.72','',(#6365));
#6365 = PRODUCT_CONTEXT('',#2,'mechanical');
#6366 = PRODUCT_DEFINITION_CONTEXT('part definition',#2,'design');
#6367 = MANIFOLD_SURFACE_SHAPE_REPRESENTATION('',(#11,#6368),#6426);
#6368 = SHELL_BASED_SURFACE_MODEL('',(#6369));
#6369 = OPEN_SHELL('',(#6370));
#6370 = ADVANCED_FACE('',(#6371),#6385,.T.);
#6371 = FACE_BOUND('',#6372,.T.);
#6372 = EDGE_LOOP('',(#6373,#6396,#6412));
#6373 = ORIENTED_EDGE('',*,*,#6374,.F.);
#6374 = EDGE_CURVE('',#6375,#6377,#6379,.T.);
#6375 = VERTEX_POINT('',#6376);
#6376 = CARTESIAN_POINT('',(-10.2,0.,338.));
#6377 = VERTEX_POINT('',#6378);
#6378 = CARTESIAN_POINT('',(-7.60845,2.47214,338.));
#6379 = SURFACE_CURVE('',#6380,(#6384),.PCURVE_S1.);
#6380 = LINE('',#6381,#6382);
#6381 = CARTESIAN_POINT('',(-10.2,0.,338.));
#6382 = VECTOR('',#6383,1.);
#6383 = DIRECTION('',(0.723580341829,0.690240167564,0.));
#6384 = PCURVE('',#6385,#6390);
#6385 = PLANE('',#6386);
#6386 = AXIS2_PLACEMENT_3D('',#6387,#6388,#6389);
#6387 = CARTESIAN_POINT('',(-7.60845,2.47214,338.));
#6388 = DIRECTION('',(0.,-0.,-1.));
#6389 = DIRECTION('',(-1.,0.,-0.));
#6390 = DEFINITIONAL_REPRESENTATION('',(#6391),#6395);
#6391 = LINE('',#6392,#6393);
#6392 = CARTESIAN_POINT('',(2.59155,-2.47214));
#6393 = VECTOR('',#6394,1.);
#6394 = DIRECTION('',(-0.723580341829,0.690240167564));
#6395 = ( GEOMETRIC_REPRESENTATION_CONTEXT(2) 
PARAMETRIC_REPRESENTATION_CONTEXT() REPRESENTATION_CONTEXT('2D SPACE',''
  ) );
#6396 = ORIENTED_EDGE('',*,*,#6397,.F.);
#6397 = EDGE_CURVE('',#6398,#6375,#6400,.T.);
#6398 = VERTEX_POINT('',#6399);
#6399 = CARTESIAN_POINT('',(-9.58486,3.4886,338.));
#6400 = SURFACE_CURVE('',#6401,(#6405),.PCURVE_S1.);
#6401 = LINE('',#6402,#6403);
#6402 = CARTESIAN_POINT('',(-9.58486,3.4886,338.));
#6403 = VECTOR('',#6404,1.);
#6404 = DIRECTION('',(-0.173649736876,-0.98480747808,0.));
#6405 = PCURVE('',#6385,#6406);
#6406 = DEFINITIONAL_REPRESENTATION('',(#6407),#6411);
#6407 = LINE('',#6408,#6409);
#6408 = CARTESIAN_POINT('',(1.97641,1.01646));
#6409 = VECTOR('',#6410,1.);
#6410 = DIRECTION('',(0.173649736876,-0.98480747808));
#6411 = ( GEOMETRIC_REPRESENTATION_CONTEXT(2) 
PARAMETRIC_REPRESENTATION_CONTEXT() REPRESENTATION_CONTEXT('2D SPACE',''
  ) );
#6412 = ORIENTED_EDGE('',*,*,#6413,.F.);
#6413 = EDGE_CURVE('',#6377,#6398,#6414,.T.);
#6414 = SURFACE_CURVE('',#6415,(#6419),.PCURVE_S1.);
#6415 = LINE('',#6416,#6417);
#6416 = CARTESIAN_POINT('',(-7.60845,2.47214,338.));
#6417 = VECTOR('',#6418,1.);
#6418 = DIRECTION('',(-0.889284037704,0.45735533263,0.));
#6419 = PCURVE('',#6385,#6420);
#6420 = DEFINITIONAL_REPRESENTATION('',(#6421),#6425);
#6421 = LINE('',#6422,#6423);
#6422 = CARTESIAN_POINT('',(0.,0.));
#6423 = VECTOR('',#6424,1.);
#6424 = DIRECTION('',(0.889284037704,0.45735533263));
#6425 = ( GEOMETRIC_REPRESENTATION_CONTEXT(2) 
PARAMETRIC_REPRESENTATION_CONTEXT() REPRESENTATION_CONTEXT('2D SPACE',''
  ) );
#6426 = ( GEOMETRIC_REPRESENTATION_CONTEXT(3) 
GLOBAL_UNCERTAINTY_ASSIGNED_CONTEXT((#6430)) 
GLOBAL_UNIT_ASSIGNED_CONTEXT((#6427,#6428,#6429)) REPRESENTATION_CONTEXT
('Context #1','3D Context with UNIT and UNCERTAINTY') );
#6427 = ( LENGTH_UNIT() NAMED_UNIT(*) SI_UNIT(.MILLI.,.METRE.) );
#6428 = ( NAMED_UNIT(*) PLANE_ANGLE_UNIT() SI_UNIT($,.RADIAN.) );
#6429 = ( NAMED_UNIT(*) SI_UNIT($,.STERADIAN.) SOLID_ANGLE_UNIT() );
#6430 = UNCERTAINTY_MEASURE_WITH_UNIT(LENGTH_MEASURE(1.E-07),#6427,
  'distance_accuracy_value','confusion accuracy');
#6431 = CONTEXT_DEPENDENT_SHAPE_REPRESENTATION(#6432,#6434);
#6432 = ( REPRESENTATION_RELATIONSHIP('','',#6367,#10) 
REPRESENTATION_RELATIONSHIP_WITH_TRANSFORMATION(#6433) 
SHAPE_REPRESENTATION_RELATIONSHIP() );
#6433 = ITEM_DEFINED_TRANSFORMATION('','',#11,#299);
#6434 = PRODUCT_DEFINITION_SHAPE('Placement','Placement of an item',
  #6435);
#6435 = NEXT_ASSEMBLY_USAGE_OCCURRENCE('1836','','',#5,#6362,$);
#6436 = PRODUCT_RELATED_PRODUCT_CATEGORY('part',$,(#6364));
#6437 = SHAPE_DEFINITION_REPRESENTATION(#6438,#6444);
#6438 = PRODUCT_DEFINITION_SHAPE('','',#6439);
#6439 = PRODUCT_DEFINITION('design','',#6440,#6443);
#6440 = PRODUCT_DEFINITION_FORMATION('','',#6441);
#6441 = PRODUCT('Open CASCADE STEP translator 7.9 2.73',
  'Open CASCADE STEP translator 7.9 2.73','',(#6442));
#6442 = PRODUCT_CONTEXT('',#2,'mechanical');
#6443 = PRODUCT_DEFINITION_CONTEXT('part definition',#2,'design');
#6444 = MANIFOLD_SURFACE_SHAPE_REPRESENTATION('',(#11,#6445),#6503);
#6445 = SHELL_BASED_SURFACE_MODEL('',(#6446));
#6446 = OPEN_SHELL('',(#6447));
#6447 = ADVANCED_FACE('',(#6448),#6462,.T.);
#6448 = FACE_BOUND('',#6449,.T.);
#6449 = EDGE_LOOP('',(#6450,#6473,#6489));
#6450 = ORIENTED_EDGE('',*,*,#6451,.T.);
#6451 = EDGE_CURVE('',#6452,#6454,#6456,.T.);
#6452 = VERTEX_POINT('',#6453);
#6453 = CARTESIAN_POINT('',(-10.2,0.,343.));
#6454 = VERTEX_POINT('',#6455);
#6455 = CARTESIAN_POINT('',(-7.60845,2.47214,343.));
#6456 = SURFACE_CURVE('',#6457,(#6461),.PCURVE_S1.);
#6457 = LINE('',#6458,#6459);
#6458 = CARTESIAN_POINT('',(-10.2,0.,343.));
#6459 = VECTOR('',#6460,1.);
#6460 = DIRECTION('',(0.723580341829,0.690240167564,0.));
#6461 = PCURVE('',#6462,#6467);
#6462 = PLANE('',#6463);
#6463 = AXIS2_PLACEMENT_3D('',#6464,#6465,#6466);
#6464 = CARTESIAN_POINT('',(-10.2,0.,343.));
#6465 = DIRECTION('',(0.,-0.,1.));
#6466 = DIRECTION('',(1.,0.,0.));
#6467 = DEFINITIONAL_REPRESENTATION('',(#6468),#6472);
#6468 = LINE('',#6469,#6470);
#6469 = CARTESIAN_POINT('',(0.,0.));
#6470 = VECTOR('',#6471,1.);
#6471 = DIRECTION('',(0.723580341829,0.690240167564));
#6472 = ( GEOMETRIC_REPRESENTATION_CONTEXT(2) 
PARAMETRIC_REPRESENTATION_CONTEXT() REPRESENTATION_CONTEXT('2D SPACE',''
  ) );
#6473 = ORIENTED_EDGE('',*,*,#6474,.T.);
#6474 = EDGE_CURVE('',#6454,#6475,#6477,.T.);
#6475 = VERTEX_POINT('',#6476);
#6476 = CARTESIAN_POINT('',(-9.58486,3.4886,343.));
#6477 = SURFACE_CURVE('',#6478,(#6482),.PCURVE_S1.);
#6478 = LINE('',#6479,#6480);
#6479 = CARTESIAN_POINT('',(-7.60845,2.47214,343.));
#6480 = VECTOR('',#6481,1.);
#6481 = DIRECTION('',(-0.889284037704,0.45735533263,0.));
#6482 = PCURVE('',#6462,#6483);
#6483 = DEFINITIONAL_REPRESENTATION('',(#6484),#6488);
#6484 = LINE('',#6485,#6486);
#6485 = CARTESIAN_POINT('',(2.59155,2.47214));
#6486 = VECTOR('',#6487,1.);
#6487 = DIRECTION('',(-0.889284037704,0.45735533263));
#6488 = ( GEOMETRIC_REPRESENTATION_CONTEXT(2) 
PARAMETRIC_REPRESENTATION_CONTEXT() REPRESENTATION_CONTEXT('2D SPACE',''
  ) );
#6489 = ORIENTED_EDGE('',*,*,#6490,.F.);
#6490 = EDGE_CURVE('',#6452,#6475,#6491,.T.);
#6491 = SURFACE_CURVE('',#6492,(#6496),.PCURVE_S1.);
#6492 = LINE('',#6493,#6494);
#6493 = CARTESIAN_POINT('',(-10.2,0.,343.));
#6494 = VECTOR('',#6495,1.);
#6495 = DIRECTION('',(0.173649736876,0.98480747808,0.));
#6496 = PCURVE('',#6462,#6497);
#6497 = DEFINITIONAL_REPRESENTATION('',(#6498),#6502);
#6498 = LINE('',#6499,#6500);
#6499 = CARTESIAN_POINT('',(0.,0.));
#6500 = VECTOR('',#6501,1.);
#6501 = DIRECTION('',(0.173649736876,0.98480747808));
#6502 = ( GEOMETRIC_REPRESENTATION_CONTEXT(2) 
PARAMETRIC_REPRESENTATION_CONTEXT() REPRESENTATION_CONTEXT('2D SPACE',''
  ) );
#6503 = ( GEOMETRIC_REPRESENTATION_CONTEXT(3) 
GLOBAL_UNCERTAINTY_ASSIGNED_CONTEXT((#6507)) 
GLOBAL_UNIT_ASSIGNED_CONTEXT((#6504,#6505,#6506)) REPRESENTATION_CONTEXT
('Context #1','3D Context with UNIT and UNCERTAINTY') );
#6504 = ( LENGTH_UNIT() NAMED_UNIT(*) SI_UNIT(.MILLI.,.METRE.) );
#6505 = ( NAMED_UNIT(*) PLANE_ANGLE_UNIT() SI_UNIT($,.RADIAN.) );
#6506 = ( NAMED_UNIT(*) SI_UNIT($,.STERADIAN.) SOLID_ANGLE_UNIT() );
#6507 = UNCERTAINTY_MEASURE_WITH_UNIT(LENGTH_MEASURE(1.E-07),#6504,
  'distance_accuracy_value','confusion accuracy');
#6508 = CONTEXT_DEPENDENT_SHAPE_REPRESENTATION(#6509,#6511);
#6509 = ( REPRESENTATION_RELATIONSHIP('','',#6444,#10) 
REPRESENTATION_RELATIONSHIP_WITH_TRANSFORMATION(#6510) 
SHAPE_REPRESENTATION_RELATIONSHIP() );
#6510 = ITEM_DEFINED_TRANSFORMATION('','',#11,#303);
#6511 = PRODUCT_DEFINITION_SHAPE('Placement','Placement of an item',
  #6512);
#6512 = NEXT_ASSEMBLY_USAGE_OCCURRENCE('1837','','',#5,#6439,$);
#6513 = PRODUCT_RELATED_PRODUCT_CATEGORY('part',$,(#6441));
#6514 = SHAPE_DEFINITION_REPRESENTATION(#6515,#6521);
#6515 = PRODUCT_DEFINITION_SHAPE('','',#6516);
#6516 = PRODUCT_DEFINITION('design','',#6517,#6520);
#6517 = PRODUCT_DEFINITION_FORMATION('','',#6518);
#6518 = PRODUCT('Open CASCADE STEP translator 7.9 2.74',
  'Open CASCADE STEP translator 7.9 2.74','',(#6519));
#6519 = PRODUCT_CONTEXT('',#2,'mechanical');
#6520 = PRODUCT_DEFINITION_CONTEXT('part definition',#2,'design');
#6521 = MANIFOLD_SURFACE_SHAPE_REPRESENTATION('',(#11,#6522),#6580);
#6522 = SHELL_BASED_SURFACE_MODEL('',(#6523));
#6523 = OPEN_SHELL('',(#6524));
#6524 = ADVANCED_FACE('',(#6525),#6539,.T.);
#6525 = FACE_BOUND('',#6526,.T.);
#6526 = EDGE_LOOP('',(#6527,#6550,#6566));
#6527 = ORIENTED_EDGE('',*,*,#6528,.F.);
#6528 = EDGE_CURVE('',#6529,#6531,#6533,.T.);
#6529 = VERTEX_POINT('',#6530);
#6530 = CARTESIAN_POINT('',(-7.60845,2.47214,343.));
#6531 = VERTEX_POINT('',#6532);
#6532 = CARTESIAN_POINT('',(-9.58486,3.4886,343.));
#6533 = SURFACE_CURVE('',#6534,(#6538),.PCURVE_S1.);
#6534 = LINE('',#6535,#6536);
#6535 = CARTESIAN_POINT('',(-7.60845,2.47214,343.));
#6536 = VECTOR('',#6537,1.);
#6537 = DIRECTION('',(-0.889284037704,0.45735533263,0.));
#6538 = PCURVE('',#6539,#6544);
#6539 = PLANE('',#6540);
#6540 = AXIS2_PLACEMENT_3D('',#6541,#6542,#6543);
#6541 = CARTESIAN_POINT('',(-9.58486,3.4886,343.));
#6542 = DIRECTION('',(-0.,-0.,1.));
#6543 = DIRECTION('',(1.,0.,0.));
#6544 = DEFINITIONAL_REPRESENTATION('',(#6545),#6549);
#6545 = LINE('',#6546,#6547);
#6546 = CARTESIAN_POINT('',(1.97641,-1.01646));
#6547 = VECTOR('',#6548,1.);
#6548 = DIRECTION('',(-0.889284037704,0.45735533263));
#6549 = ( GEOMETRIC_REPRESENTATION_CONTEXT(2) 
PARAMETRIC_REPRESENTATION_CONTEXT() REPRESENTATION_CONTEXT('2D SPACE',''
  ) );
#6550 = ORIENTED_EDGE('',*,*,#6551,.T.);
#6551 = EDGE_CURVE('',#6529,#6552,#6554,.T.);
#6552 = VERTEX_POINT('',#6553);
#6553 = CARTESIAN_POINT('',(-7.48075,2.72277,343.));
#6554 = SURFACE_CURVE('',#6555,(#6559),.PCURVE_S1.);
#6555 = LINE('',#6556,#6557);
#6556 = CARTESIAN_POINT('',(-7.60845,2.47214,343.));
#6557 = VECTOR('',#6558,1.);
#6558 = DIRECTION('',(0.45398382936,0.891009922885,0.));
#6559 = PCURVE('',#6539,#6560);
#6560 = DEFINITIONAL_REPRESENTATION('',(#6561),#6565);
#6561 = LINE('',#6562,#6563);
#6562 = CARTESIAN_POINT('',(1.97641,-1.01646));
#6563 = VECTOR('',#6564,1.);
#6564 = DIRECTION('',(0.45398382936,0.891009922885));
#6565 = ( GEOMETRIC_REPRESENTATION_CONTEXT(2) 
PARAMETRIC_REPRESENTATION_CONTEXT() REPRESENTATION_CONTEXT('2D SPACE',''
  ) );
#6566 = ORIENTED_EDGE('',*,*,#6567,.F.);
#6567 = EDGE_CURVE('',#6531,#6552,#6568,.T.);
#6568 = SURFACE_CURVE('',#6569,(#6573),.PCURVE_S1.);
#6569 = LINE('',#6570,#6571);
#6570 = CARTESIAN_POINT('',(-9.58486,3.4886,343.));
#6571 = VECTOR('',#6572,1.);
#6572 = DIRECTION('',(0.939693110182,-0.342018798718,0.));
#6573 = PCURVE('',#6539,#6574);
#6574 = DEFINITIONAL_REPRESENTATION('',(#6575),#6579);
#6575 = LINE('',#6576,#6577);
#6576 = CARTESIAN_POINT('',(0.,0.));
#6577 = VECTOR('',#6578,1.);
#6578 = DIRECTION('',(0.939693110182,-0.342018798718));
#6579 = ( GEOMETRIC_REPRESENTATION_CONTEXT(2) 
PARAMETRIC_REPRESENTATION_CONTEXT() REPRESENTATION_CONTEXT('2D SPACE',''
  ) );
#6580 = ( GEOMETRIC_REPRESENTATION_CONTEXT(3) 
GLOBAL_UNCERTAINTY_ASSIGNED_CONTEXT((#6584)) 
GLOBAL_UNIT_ASSIGNED_CONTEXT((#6581,#6582,#6583)) REPRESENTATION_CONTEXT
('Context #1','3D Context with UNIT and UNCERTAINTY') );
#6581 = ( LENGTH_UNIT() NAMED_UNIT(*) SI_UNIT(.MILLI.,.METRE.) );
#6582 = ( NAMED_UNIT(*) PLANE_ANGLE_UNIT() SI_UNIT($,.RADIAN.) );
#6583 = ( NAMED_UNIT(*) SI_UNIT($,.STERADIAN.) SOLID_ANGLE_UNIT() );
#6584 = UNCERTAINTY_MEASURE_WITH_UNIT(LENGTH_MEASURE(1.E-07),#6581,
  'distance_accuracy_value','confusion accuracy');
#6585 = CONTEXT_DEPENDENT_SHAPE_REPRESENTATION(#6586,#6588);
#6586 = ( REPRESENTATION_RELATIONSHIP('','',#6521,#10) 
REPRESENTATION_RELATIONSHIP_WITH_TRANSFORMATION(#6587) 
SHAPE_REPRESENTATION_RELATIONSHIP() );
#6587 = ITEM_DEFINED_TRANSFORMATION('','',#11,#307);
#6588 = PRODUCT_DEFINITION_SHAPE('Placement','Placement of an item',
  #6589);
#6589 = NEXT_ASSEMBLY_USAGE_OCCURRENCE('1838','','',#5,#6516,$);
#6590 = PRODUCT_RELATED_PRODUCT_CATEGORY('part',$,(#6518));
#6591 = SHAPE_DEFINITION_REPRESENTATION(#6592,#6598);
#6592 = PRODUCT_DEFINITION_SHAPE('','',#6593);
#6593 = PRODUCT_DEFINITION('design','',#6594,#6597);
#6594 = PRODUCT_DEFINITION_FORMATION('','',#6595);
#6595 = PRODUCT('Open CASCADE STEP translator 7.9 2.75',
  'Open CASCADE STEP translator 7.9 2.75','',(#6596));
#6596 = PRODUCT_CONTEXT('',#2,'mechanical');
#6597 = PRODUCT_DEFINITION_CONTEXT('part definition',#2,'design');
#6598 = MANIFOLD_SURFACE_SHAPE_REPRESENTATION('',(#11,#6599),#6657);
#6599 = SHELL_BASED_SURFACE_MODEL('',(#6600));
#6600 = OPEN_SHELL('',(#6601));
#6601 = ADVANCED_FACE('',(#6602),#6616,.T.);
#6602 = FACE_BOUND('',#6603,.T.);
#6603 = EDGE_LOOP('',(#6604,#6627,#6643));
#6604 = ORIENTED_EDGE('',*,*,#6605,.F.);
#6605 = EDGE_CURVE('',#6606,#6608,#6610,.T.);
#6606 = VERTEX_POINT('',#6607);
#6607 = CARTESIAN_POINT('',(-10.2,0.,343.));
#6608 = VERTEX_POINT('',#6609);
#6609 = CARTESIAN_POINT('',(-7.60845,2.47214,343.));
#6610 = SURFACE_CURVE('',#6611,(#6615),.PCURVE_S1.);
#6611 = LINE('',#6612,#6613);
#6612 = CARTESIAN_POINT('',(-10.2,0.,343.));
#6613 = VECTOR('',#6614,1.);
#6614 = DIRECTION('',(0.723580341829,0.690240167564,0.));
#6615 = PCURVE('',#6616,#6621);
#6616 = PLANE('',#6617);
#6617 = AXIS2_PLACEMENT_3D('',#6618,#6619,#6620);
#6618 = CARTESIAN_POINT('',(-7.60845,2.47214,343.));
#6619 = DIRECTION('',(-0.,-0.,1.));
#6620 = DIRECTION('',(1.,0.,0.));
#6621 = DEFINITIONAL_REPRESENTATION('',(#6622),#6626);
#6622 = LINE('',#6623,#6624);
#6623 = CARTESIAN_POINT('',(-2.59155,-2.47214));
#6624 = VECTOR('',#6625,1.);
#6625 = DIRECTION('',(0.723580341829,0.690240167564));
#6626 = ( GEOMETRIC_REPRESENTATION_CONTEXT(2) 
PARAMETRIC_REPRESENTATION_CONTEXT() REPRESENTATION_CONTEXT('2D SPACE',''
  ) );
#6627 = ORIENTED_EDGE('',*,*,#6628,.T.);
#6628 = EDGE_CURVE('',#6606,#6629,#6631,.T.);
#6629 = VERTEX_POINT('',#6630);
#6630 = CARTESIAN_POINT('',(-8.,0.,343.));
#6631 = SURFACE_CURVE('',#6632,(#6636),.PCURVE_S1.);
#6632 = LINE('',#6633,#6634);
#6633 = CARTESIAN_POINT('',(-10.2,0.,343.));
#6634 = VECTOR('',#6635,1.);
#6635 = DIRECTION('',(1.,0.,0.));
#6636 = PCURVE('',#6616,#6637);
#6637 = DEFINITIONAL_REPRESENTATION('',(#6638),#6642);
#6638 = LINE('',#6639,#6640);
#6639 = CARTESIAN_POINT('',(-2.59155,-2.47214));
#6640 = VECTOR('',#6641,1.);
#6641 = DIRECTION('',(1.,0.));
#6642 = ( GEOMETRIC_REPRESENTATION_CONTEXT(2) 
PARAMETRIC_REPRESENTATION_CONTEXT() REPRESENTATION_CONTEXT('2D SPACE',''
  ) );
#6643 = ORIENTED_EDGE('',*,*,#6644,.T.);
#6644 = EDGE_CURVE('',#6629,#6608,#6645,.T.);
#6645 = SURFACE_CURVE('',#6646,(#6650),.PCURVE_S1.);
#6646 = LINE('',#6647,#6648);
#6647 = CARTESIAN_POINT('',(-8.,0.,343.));
#6648 = VECTOR('',#6649,1.);
#6649 = DIRECTION('',(0.15643504565,0.987688248635,0.));
#6650 = PCURVE('',#6616,#6651);
#6651 = DEFINITIONAL_REPRESENTATION('',(#6652),#6656);
#6652 = LINE('',#6653,#6654);
#6653 = CARTESIAN_POINT('',(-0.39155,-2.47214));
#6654 = VECTOR('',#6655,1.);
#6655 = DIRECTION('',(0.15643504565,0.987688248635));
#6656 = ( GEOMETRIC_REPRESENTATION_CONTEXT(2) 
PARAMETRIC_REPRESENTATION_CONTEXT() REPRESENTATION_CONTEXT('2D SPACE',''
  ) );
#6657 = ( GEOMETRIC_REPRESENTATION_CONTEXT(3) 
GLOBAL_UNCERTAINTY_ASSIGNED_CONTEXT((#6661)) 
GLOBAL_UNIT_ASSIGNED_CONTEXT((#6658,#6659,#6660)) REPRESENTATION_CONTEXT
('Context #1','3D Context with UNIT and UNCERTAINTY') );
#6658 = ( LENGTH_UNIT() NAMED_UNIT(*) SI_UNIT(.MILLI.,.METRE.) );
#6659 = ( NAMED_UNIT(*) PLANE_ANGLE_UNIT() SI_UNIT($,.RADIAN.) );
#6660 = ( NAMED_UNIT(*) SI_UNIT($,.STERADIAN.) SOLID_ANGLE_UNIT() );
#6661 = UNCERTAINTY_MEASURE_WITH_UNIT(LENGTH_MEASURE(1.E-07),#6658,
  'distance_accuracy_value','confusion accuracy');
#6662 = CONTEXT_DEPENDENT_SHAPE_REPRESENTATION(#6663,#6665);
#6663 = ( REPRESENTATION_RELATIONSHIP('','',#6598,#10) 
REPRESENTATION_RELATIONSHIP_WITH_TRANSFORMATION(#6664) 
SHAPE_REPRESENTATION_RELATIONSHIP() );
#6664 = ITEM_DEFINED_TRANSFORMATION('','',#11,#311);
#6665 = PRODUCT_DEFINITION_SHAPE('Placement','Placement of an item',
  #6666);
#6666 = NEXT_ASSEMBLY_USAGE_OCCURRENCE('1839','','',#5,#6593,$);
#6667 = PRODUCT_RELATED_PRODUCT_CATEGORY('part',$,(#6595));
#6668 = SHAPE_DEFINITION_REPRESENTATION(#6669,#6675);
#6669 = PRODUCT_DEFINITION_SHAPE('','',#6670);
#6670 = PRODUCT_DEFINITION('design','',#6671,#6674);
#6671 = PRODUCT_DEFINITION_FORMATION('','',#6672);
#6672 = PRODUCT('Open CASCADE STEP translator 7.9 2.76',
  'Open CASCADE STEP translator 7.9 2.76','',(#6673));
#6673 = PRODUCT_CONTEXT('',#2,'mechanical');
#6674 = PRODUCT_DEFINITION_CONTEXT('part definition',#2,'design');
#6675 = MANIFOLD_SURFACE_SHAPE_REPRESENTATION('',(#11,#6676),#6734);
#6676 = SHELL_BASED_SURFACE_MODEL('',(#6677));
#6677 = OPEN_SHELL('',(#6678));
#6678 = ADVANCED_FACE('',(#6679),#6693,.T.);
#6679 = FACE_BOUND('',#6680,.T.);
#6680 = EDGE_LOOP('',(#6681,#6704,#6720));
#6681 = ORIENTED_EDGE('',*,*,#6682,.T.);
#6682 = EDGE_CURVE('',#6683,#6685,#6687,.T.);
#6683 = VERTEX_POINT('',#6684);
#6684 = CARTESIAN_POINT('',(-7.60845,-2.47214,343.));
#6685 = VERTEX_POINT('',#6686);
#6686 = CARTESIAN_POINT('',(-9.58486,-3.4886,343.));
#6687 = SURFACE_CURVE('',#6688,(#6692),.PCURVE_S1.);
#6688 = LINE('',#6689,#6690);
#6689 = CARTESIAN_POINT('',(-7.60845,-2.47214,343.));
#6690 = VECTOR('',#6691,1.);
#6691 = DIRECTION('',(-0.889284037704,-0.45735533263,0.));
#6692 = PCURVE('',#6693,#6698);
#6693 = PLANE('',#6694);
#6694 = AXIS2_PLACEMENT_3D('',#6695,#6696,#6697);
#6695 = CARTESIAN_POINT('',(-7.60845,-2.47214,343.));
#6696 = DIRECTION('',(-0.,-0.,1.));
#6697 = DIRECTION('',(1.,0.,0.));
#6698 = DEFINITIONAL_REPRESENTATION('',(#6699),#6703);
#6699 = LINE('',#6700,#6701);
#6700 = CARTESIAN_POINT('',(0.,0.));
#6701 = VECTOR('',#6702,1.);
#6702 = DIRECTION('',(-0.889284037704,-0.45735533263));
#6703 = ( GEOMETRIC_REPRESENTATION_CONTEXT(2) 
PARAMETRIC_REPRESENTATION_CONTEXT() REPRESENTATION_CONTEXT('2D SPACE',''
  ) );
#6704 = ORIENTED_EDGE('',*,*,#6705,.F.);
#6705 = EDGE_CURVE('',#6706,#6685,#6708,.T.);
#6706 = VERTEX_POINT('',#6707);
#6707 = CARTESIAN_POINT('',(-7.48075,-2.72277,343.));
#6708 = SURFACE_CURVE('',#6709,(#6713),.PCURVE_S1.);
#6709 = LINE('',#6710,#6711);
#6710 = CARTESIAN_POINT('',(-7.48075,-2.72277,343.));
#6711 = VECTOR('',#6712,1.);
#6712 = DIRECTION('',(-0.939693110182,-0.342018798718,0.));
#6713 = PCURVE('',#6693,#6714);
#6714 = DEFINITIONAL_REPRESENTATION('',(#6715),#6719);
#6715 = LINE('',#6716,#6717);
#6716 = CARTESIAN_POINT('',(0.1277,-0.25063));
#6717 = VECTOR('',#6718,1.);
#6718 = DIRECTION('',(-0.939693110182,-0.342018798718));
#6719 = ( GEOMETRIC_REPRESENTATION_CONTEXT(2) 
PARAMETRIC_REPRESENTATION_CONTEXT() REPRESENTATION_CONTEXT('2D SPACE',''
  ) );
#6720 = ORIENTED_EDGE('',*,*,#6721,.T.);
#6721 = EDGE_CURVE('',#6706,#6683,#6722,.T.);
#6722 = SURFACE_CURVE('',#6723,(#6727),.PCURVE_S1.);
#6723 = LINE('',#6724,#6725);
#6724 = CARTESIAN_POINT('',(-7.48075,-2.72277,343.));
#6725 = VECTOR('',#6726,1.);
#6726 = DIRECTION('',(-0.45398382936,0.891009922885,0.));
#6727 = PCURVE('',#6693,#6728);
#6728 = DEFINITIONAL_REPRESENTATION('',(#6729),#6733);
#6729 = LINE('',#6730,#6731);
#6730 = CARTESIAN_POINT('',(0.1277,-0.25063));
#6731 = VECTOR('',#6732,1.);
#6732 = DIRECTION('',(-0.45398382936,0.891009922885));
#6733 = ( GEOMETRIC_REPRESENTATION_CONTEXT(2) 
PARAMETRIC_REPRESENTATION_CONTEXT() REPRESENTATION_CONTEXT('2D SPACE',''
  ) );
#6734 = ( GEOMETRIC_REPRESENTATION_CONTEXT(3) 
GLOBAL_UNCERTAINTY_ASSIGNED_CONTEXT((#6738)) 
GLOBAL_UNIT_ASSIGNED_CONTEXT((#6735,#6736,#6737)) REPRESENTATION_CONTEXT
('Context #1','3D Context with UNIT and UNCERTAINTY') );
#6735 = ( LENGTH_UNIT() NAMED_UNIT(*) SI_UNIT(.MILLI.,.METRE.) );
#6736 = ( NAMED_UNIT(*) PLANE_ANGLE_UNIT() SI_UNIT($,.RADIAN.) );
#6737 = ( NAMED_UNIT(*) SI_UNIT($,.STERADIAN.) SOLID_ANGLE_UNIT() );
#6738 = UNCERTAINTY_MEASURE_WITH_UNIT(LENGTH_MEASURE(1.E-07),#6735,
  'distance_accuracy_value','confusion accuracy');
#6739 = CONTEXT_DEPENDENT_SHAPE_REPRESENTATION(#6740,#6742);
#6740 = ( REPRESENTATION_RELATIONSHIP('','',#6675,#10) 
REPRESENTATION_RELATIONSHIP_WITH_TRANSFORMATION(#6741) 
SHAPE_REPRESENTATION_RELATIONSHIP() );
#6741 = ITEM_DEFINED_TRANSFORMATION('','',#11,#315);
#6742 = PRODUCT_DEFINITION_SHAPE('Placement','Placement of an item',
  #6743);
#6743 = NEXT_ASSEMBLY_USAGE_OCCURRENCE('1840','','',#5,#6670,$);
#6744 = PRODUCT_RELATED_PRODUCT_CATEGORY('part',$,(#6672));
#6745 = SHAPE_DEFINITION_REPRESENTATION(#6746,#6752);
#6746 = PRODUCT_DEFINITION_SHAPE('','',#6747);
#6747 = PRODUCT_DEFINITION('design','',#6748,#6751);
#6748 = PRODUCT_DEFINITION_FORMATION('','',#6749);
#6749 = PRODUCT('Open CASCADE STEP translator 7.9 2.77',
  'Open CASCADE STEP translator 7.9 2.77','',(#6750));
#6750 = PRODUCT_CONTEXT('',#2,'mechanical');
#6751 = PRODUCT_DEFINITION_CONTEXT('part definition',#2,'design');
#6752 = MANIFOLD_SURFACE_SHAPE_REPRESENTATION('',(#11,#6753),#6811);
#6753 = SHELL_BASED_SURFACE_MODEL('',(#6754));
#6754 = OPEN_SHELL('',(#6755));
#6755 = ADVANCED_FACE('',(#6756),#6770,.T.);
#6756 = FACE_BOUND('',#6757,.T.);
#6757 = EDGE_LOOP('',(#6758,#6781,#6797));
#6758 = ORIENTED_EDGE('',*,*,#6759,.F.);
#6759 = EDGE_CURVE('',#6760,#6762,#6764,.T.);
#6760 = VERTEX_POINT('',#6761);
#6761 = CARTESIAN_POINT('',(-10.2,0.,343.));
#6762 = VERTEX_POINT('',#6763);
#6763 = CARTESIAN_POINT('',(-8.,0.,343.));
#6764 = SURFACE_CURVE('',#6765,(#6769),.PCURVE_S1.);
#6765 = LINE('',#6766,#6767);
#6766 = CARTESIAN_POINT('',(-10.2,0.,343.));
#6767 = VECTOR('',#6768,1.);
#6768 = DIRECTION('',(1.,0.,0.));
#6769 = PCURVE('',#6770,#6775);
#6770 = PLANE('',#6771);
#6771 = AXIS2_PLACEMENT_3D('',#6772,#6773,#6774);
#6772 = CARTESIAN_POINT('',(-8.,0.,343.));
#6773 = DIRECTION('',(-0.,-0.,1.));
#6774 = DIRECTION('',(1.,0.,0.));
#6775 = DEFINITIONAL_REPRESENTATION('',(#6776),#6780);
#6776 = LINE('',#6777,#6778);
#6777 = CARTESIAN_POINT('',(-2.2,0.));
#6778 = VECTOR('',#6779,1.);
#6779 = DIRECTION('',(1.,0.));
#6780 = ( GEOMETRIC_REPRESENTATION_CONTEXT(2) 
PARAMETRIC_REPRESENTATION_CONTEXT() REPRESENTATION_CONTEXT('2D SPACE',''
  ) );
#6781 = ORIENTED_EDGE('',*,*,#6782,.T.);
#6782 = EDGE_CURVE('',#6760,#6783,#6785,.T.);
#6783 = VERTEX_POINT('',#6784);
#6784 = CARTESIAN_POINT('',(-7.60845,-2.47214,343.));
#6785 = SURFACE_CURVE('',#6786,(#6790),.PCURVE_S1.);
#6786 = LINE('',#6787,#6788);
#6787 = CARTESIAN_POINT('',(-10.2,0.,343.));
#6788 = VECTOR('',#6789,1.);
#6789 = DIRECTION('',(0.723580341829,-0.690240167564,0.));
#6790 = PCURVE('',#6770,#6791);
#6791 = DEFINITIONAL_REPRESENTATION('',(#6792),#6796);
#6792 = LINE('',#6793,#6794);
#6793 = CARTESIAN_POINT('',(-2.2,0.));
#6794 = VECTOR('',#6795,1.);
#6795 = DIRECTION('',(0.723580341829,-0.690240167564));
#6796 = ( GEOMETRIC_REPRESENTATION_CONTEXT(2) 
PARAMETRIC_REPRESENTATION_CONTEXT() REPRESENTATION_CONTEXT('2D SPACE',''
  ) );
#6797 = ORIENTED_EDGE('',*,*,#6798,.T.);
#6798 = EDGE_CURVE('',#6783,#6762,#6799,.T.);
#6799 = SURFACE_CURVE('',#6800,(#6804),.PCURVE_S1.);
#6800 = LINE('',#6801,#6802);
#6801 = CARTESIAN_POINT('',(-7.60845,-2.47214,343.));
#6802 = VECTOR('',#6803,1.);
#6803 = DIRECTION('',(-0.15643504565,0.987688248635,0.));
#6804 = PCURVE('',#6770,#6805);
#6805 = DEFINITIONAL_REPRESENTATION('',(#6806),#6810);
#6806 = LINE('',#6807,#6808);
#6807 = CARTESIAN_POINT('',(0.39155,-2.47214));
#6808 = VECTOR('',#6809,1.);
#6809 = DIRECTION('',(-0.15643504565,0.987688248635));
#6810 = ( GEOMETRIC_REPRESENTATION_CONTEXT(2) 
PARAMETRIC_REPRESENTATION_CONTEXT() REPRESENTATION_CONTEXT('2D SPACE',''
  ) );
#6811 = ( GEOMETRIC_REPRESENTATION_CONTEXT(3) 
GLOBAL_UNCERTAINTY_ASSIGNED_CONTEXT((#6815)) 
GLOBAL_UNIT_ASSIGNED_CONTEXT((#6812,#6813,#6814)) REPRESENTATION_CONTEXT
('Context #1','3D Context with UNIT and UNCERTAINTY') );
#6812 = ( LENGTH_UNIT() NAMED_UNIT(*) SI_UNIT(.MILLI.,.METRE.) );
#6813 = ( NAMED_UNIT(*) PLANE_ANGLE_UNIT() SI_UNIT($,.RADIAN.) );
#6814 = ( NAMED_UNIT(*) SI_UNIT($,.STERADIAN.) SOLID_ANGLE_UNIT() );
#6815 = UNCERTAINTY_MEASURE_WITH_UNIT(LENGTH_MEASURE(1.E-07),#6812,
  'distance_accuracy_value','confusion accuracy');
#6816 = CONTEXT_DEPENDENT_SHAPE_REPRESENTATION(#6817,#6819);
#6817 = ( REPRESENTATION_RELATIONSHIP('','',#6752,#10) 
REPRESENTATION_RELATIONSHIP_WITH_TRANSFORMATION(#6818) 
SHAPE_REPRESENTATION_RELATIONSHIP() );
#6818 = ITEM_DEFINED_TRANSFORMATION('','',#11,#319);
#6819 = PRODUCT_DEFINITION_SHAPE('Placement','Placement of an item',
  #6820);
#6820 = NEXT_ASSEMBLY_USAGE_OCCURRENCE('1841','','',#5,#6747,$);
#6821 = PRODUCT_RELATED_PRODUCT_CATEGORY('part',$,(#6749));
#6822 = SHAPE_DEFINITION_REPRESENTATION(#6823,#6829);
#6823 = PRODUCT_DEFINITION_SHAPE('','',#6824);
#6824 = PRODUCT_DEFINITION('design','',#6825,#6828);
#6825 = PRODUCT_DEFINITION_FORMATION('','',#6826);
#6826 = PRODUCT('Open CASCADE STEP translator 7.9 2.78',
  'Open CASCADE STEP translator 7.9 2.78','',(#6827));
#6827 = PRODUCT_CONTEXT('',#2,'mechanical');
#6828 = PRODUCT_DEFINITION_CONTEXT('part definition',#2,'design');
#6829 = MANIFOLD_SURFACE_SHAPE_REPRESENTATION('',(#11,#6830),#6888);
#6830 = SHELL_BASED_SURFACE_MODEL('',(#6831));
#6831 = OPEN_SHELL('',(#6832));
#6832 = ADVANCED_FACE('',(#6833),#6847,.T.);
#6833 = FACE_BOUND('',#6834,.T.);
#6834 = EDGE_LOOP('',(#6835,#6858,#6874));
#6835 = ORIENTED_EDGE('',*,*,#6836,.F.);
#6836 = EDGE_CURVE('',#6837,#6839,#6841,.T.);
#6837 = VERTEX_POINT('',#6838);
#6838 = CARTESIAN_POINT('',(-10.2,0.,343.));
#6839 = VERTEX_POINT('',#6840);
#6840 = CARTESIAN_POINT('',(-7.60845,-2.47214,343.));
#6841 = SURFACE_CURVE('',#6842,(#6846),.PCURVE_S1.);
#6842 = LINE('',#6843,#6844);
#6843 = CARTESIAN_POINT('',(-10.2,0.,343.));
#6844 = VECTOR('',#6845,1.);
#6845 = DIRECTION('',(0.723580341829,-0.690240167564,0.));
#6846 = PCURVE('',#6847,#6852);
#6847 = PLANE('',#6848);
#6848 = AXIS2_PLACEMENT_3D('',#6849,#6850,#6851);
#6849 = CARTESIAN_POINT('',(-7.60845,-2.47214,343.));
#6850 = DIRECTION('',(-0.,-0.,1.));
#6851 = DIRECTION('',(1.,0.,0.));
#6852 = DEFINITIONAL_REPRESENTATION('',(#6853),#6857);
#6853 = LINE('',#6854,#6855);
#6854 = CARTESIAN_POINT('',(-2.59155,2.47214));
#6855 = VECTOR('',#6856,1.);
#6856 = DIRECTION('',(0.723580341829,-0.690240167564));
#6857 = ( GEOMETRIC_REPRESENTATION_CONTEXT(2) 
PARAMETRIC_REPRESENTATION_CONTEXT() REPRESENTATION_CONTEXT('2D SPACE',''
  ) );
#6858 = ORIENTED_EDGE('',*,*,#6859,.T.);
#6859 = EDGE_CURVE('',#6837,#6860,#6862,.T.);
#6860 = VERTEX_POINT('',#6861);
#6861 = CARTESIAN_POINT('',(-9.58486,-3.4886,343.));
#6862 = SURFACE_CURVE('',#6863,(#6867),.PCURVE_S1.);
#6863 = LINE('',#6864,#6865);
#6864 = CARTESIAN_POINT('',(-10.2,0.,343.));
#6865 = VECTOR('',#6866,1.);
#6866 = DIRECTION('',(0.173649736876,-0.98480747808,0.));
#6867 = PCURVE('',#6847,#6868);
#6868 = DEFINITIONAL_REPRESENTATION('',(#6869),#6873);
#6869 = LINE('',#6870,#6871);
#6870 = CARTESIAN_POINT('',(-2.59155,2.47214));
#6871 = VECTOR('',#6872,1.);
#6872 = DIRECTION('',(0.173649736876,-0.98480747808));
#6873 = ( GEOMETRIC_REPRESENTATION_CONTEXT(2) 
PARAMETRIC_REPRESENTATION_CONTEXT() REPRESENTATION_CONTEXT('2D SPACE',''
  ) );
#6874 = ORIENTED_EDGE('',*,*,#6875,.F.);
#6875 = EDGE_CURVE('',#6839,#6860,#6876,.T.);
#6876 = SURFACE_CURVE('',#6877,(#6881),.PCURVE_S1.);
#6877 = LINE('',#6878,#6879);
#6878 = CARTESIAN_POINT('',(-7.60845,-2.47214,343.));
#6879 = VECTOR('',#6880,1.);
#6880 = DIRECTION('',(-0.889284037704,-0.45735533263,0.));
#6881 = PCURVE('',#6847,#6882);
#6882 = DEFINITIONAL_REPRESENTATION('',(#6883),#6887);
#6883 = LINE('',#6884,#6885);
#6884 = CARTESIAN_POINT('',(0.,0.));
#6885 = VECTOR('',#6886,1.);
#6886 = DIRECTION('',(-0.889284037704,-0.45735533263));
#6887 = ( GEOMETRIC_REPRESENTATION_CONTEXT(2) 
PARAMETRIC_REPRESENTATION_CONTEXT() REPRESENTATION_CONTEXT('2D SPACE',''
  ) );
#6888 = ( GEOMETRIC_REPRESENTATION_CONTEXT(3) 
GLOBAL_UNCERTAINTY_ASSIGNED_CONTEXT((#6892)) 
GLOBAL_UNIT_ASSIGNED_CONTEXT((#6889,#6890,#6891)) REPRESENTATION_CONTEXT
('Context #1','3D Context with UNIT and UNCERTAINTY') );
#6889 = ( LENGTH_UNIT() NAMED_UNIT(*) SI_UNIT(.MILLI.,.METRE.) );
#6890 = ( NAMED_UNIT(*) PLANE_ANGLE_UNIT() SI_UNIT($,.RADIAN.) );
#6891 = ( NAMED_UNIT(*) SI_UNIT($,.STERADIAN.) SOLID_ANGLE_UNIT() );
#6892 = UNCERTAINTY_MEASURE_WITH_UNIT(LENGTH_MEASURE(1.E-07),#6889,
  'distance_accuracy_value','confusion accuracy');
#6893 = CONTEXT_DEPENDENT_SHAPE_REPRESENTATION(#6894,#6896);
#6894 = ( REPRESENTATION_RELATIONSHIP('','',#6829,#10) 
REPRESENTATION_RELATIONSHIP_WITH_TRANSFORMATION(#6895) 
SHAPE_REPRESENTATION_RELATIONSHIP() );
#6895 = ITEM_DEFINED_TRANSFORMATION('','',#11,#323);
#6896 = PRODUCT_DEFINITION_SHAPE('Placement','Placement of an item',
  #6897);
#6897 = NEXT_ASSEMBLY_USAGE_OCCURRENCE('1842','','',#5,#6824,$);
#6898 = PRODUCT_RELATED_PRODUCT_CATEGORY('part',$,(#6826));
#6899 = SHAPE_DEFINITION_REPRESENTATION(#6900,#6906);
#6900 = PRODUCT_DEFINITION_SHAPE('','',#6901);
#6901 = PRODUCT_DEFINITION('design','',#6902,#6905);
#6902 = PRODUCT_DEFINITION_FORMATION('','',#6903);
#6903 = PRODUCT('Open CASCADE STEP translator 7.9 2.79',
  'Open CASCADE STEP translator 7.9 2.79','',(#6904));
#6904 = PRODUCT_CONTEXT('',#2,'mechanical');
#6905 = PRODUCT_DEFINITION_CONTEXT('part definition',#2,'design');
#6906 = MANIFOLD_SURFACE_SHAPE_REPRESENTATION('',(#11,#6907),#6965);
#6907 = SHELL_BASED_SURFACE_MODEL('',(#6908));
#6908 = OPEN_SHELL('',(#6909));
#6909 = ADVANCED_FACE('',(#6910),#6924,.T.);
#6910 = FACE_BOUND('',#6911,.T.);
#6911 = EDGE_LOOP('',(#6912,#6935,#6951));
#6912 = ORIENTED_EDGE('',*,*,#6913,.T.);
#6913 = EDGE_CURVE('',#6914,#6916,#6918,.T.);
#6914 = VERTEX_POINT('',#6915);
#6915 = CARTESIAN_POINT('',(-9.58486,-3.4886,338.));
#6916 = VERTEX_POINT('',#6917);
#6917 = CARTESIAN_POINT('',(-10.2,0.,343.));
#6918 = SURFACE_CURVE('',#6919,(#6923),.PCURVE_S1.);
#6919 = LINE('',#6920,#6921);
#6920 = CARTESIAN_POINT('',(-9.58486,-3.4886,338.));
#6921 = VECTOR('',#6922,1.);
#6922 = DIRECTION('',(-0.100386741694,0.569316232198,0.815966622998));
#6923 = PCURVE('',#6924,#6929);
#6924 = PLANE('',#6925);
#6925 = AXIS2_PLACEMENT_3D('',#6926,#6927,#6928);
#6926 = CARTESIAN_POINT('',(-9.58486,-3.4886,338.));
#6927 = DIRECTION('',(-0.98480747808,-0.173649736876,0.));
#6928 = DIRECTION('',(0.173649736876,-0.98480747808,0.));
#6929 = DEFINITIONAL_REPRESENTATION('',(#6930),#6934);
#6930 = LINE('',#6931,#6932);
#6931 = CARTESIAN_POINT('',(0.,0.));
#6932 = VECTOR('',#6933,1.);
#6933 = DIRECTION('',(-0.578099014143,0.815966622998));
#6934 = ( GEOMETRIC_REPRESENTATION_CONTEXT(2) 
PARAMETRIC_REPRESENTATION_CONTEXT() REPRESENTATION_CONTEXT('2D SPACE',''
  ) );
#6935 = ORIENTED_EDGE('',*,*,#6936,.F.);
#6936 = EDGE_CURVE('',#6937,#6916,#6939,.T.);
#6937 = VERTEX_POINT('',#6938);
#6938 = CARTESIAN_POINT('',(-10.2,0.,338.));
#6939 = SURFACE_CURVE('',#6940,(#6944),.PCURVE_S1.);
#6940 = LINE('',#6941,#6942);
#6941 = CARTESIAN_POINT('',(-10.2,0.,338.));
#6942 = VECTOR('',#6943,1.);
#6943 = DIRECTION('',(0.,0.,1.));
#6944 = PCURVE('',#6924,#6945);
#6945 = DEFINITIONAL_REPRESENTATION('',(#6946),#6950);
#6946 = LINE('',#6947,#6948);
#6947 = CARTESIAN_POINT('',(-3.542418267173,0.));
#6948 = VECTOR('',#6949,1.);
#6949 = DIRECTION('',(0.,1.));
#6950 = ( GEOMETRIC_REPRESENTATION_CONTEXT(2) 
PARAMETRIC_REPRESENTATION_CONTEXT() REPRESENTATION_CONTEXT('2D SPACE',''
  ) );
#6951 = ORIENTED_EDGE('',*,*,#6952,.F.);
#6952 = EDGE_CURVE('',#6914,#6937,#6953,.T.);
#6953 = SURFACE_CURVE('',#6954,(#6958),.PCURVE_S1.);
#6954 = LINE('',#6955,#6956);
#6955 = CARTESIAN_POINT('',(-9.58486,-3.4886,338.));
#6956 = VECTOR('',#6957,1.);
#6957 = DIRECTION('',(-0.173649736876,0.98480747808,0.));
#6958 = PCURVE('',#6924,#6959);
#6959 = DEFINITIONAL_REPRESENTATION('',(#6960),#6964);
#6960 = LINE('',#6961,#6962);
#6961 = CARTESIAN_POINT('',(0.,0.));
#6962 = VECTOR('',#6963,1.);
#6963 = DIRECTION('',(-1.,0.));
#6964 = ( GEOMETRIC_REPRESENTATION_CONTEXT(2) 
PARAMETRIC_REPRESENTATION_CONTEXT() REPRESENTATION_CONTEXT('2D SPACE',''
  ) );
#6965 = ( GEOMETRIC_REPRESENTATION_CONTEXT(3) 
GLOBAL_UNCERTAINTY_ASSIGNED_CONTEXT((#6969)) 
GLOBAL_UNIT_ASSIGNED_CONTEXT((#6966,#6967,#6968)) REPRESENTATION_CONTEXT
('Context #1','3D Context with UNIT and UNCERTAINTY') );
#6966 = ( LENGTH_UNIT() NAMED_UNIT(*) SI_UNIT(.MILLI.,.METRE.) );
#6967 = ( NAMED_UNIT(*) PLANE_ANGLE_UNIT() SI_UNIT($,.RADIAN.) );
#6968 = ( NAMED_UNIT(*) SI_UNIT($,.STERADIAN.) SOLID_ANGLE_UNIT() );
#6969 = UNCERTAINTY_MEASURE_WITH_UNIT(LENGTH_MEASURE(1.E-07),#6966,
  'distance_accuracy_value','confusion accuracy');
#6970 = CONTEXT_DEPENDENT_SHAPE_REPRESENTATION(#6971,#6973);
#6971 = ( REPRESENTATION_RELATIONSHIP('','',#6906,#10) 
REPRESENTATION_RELATIONSHIP_WITH_TRANSFORMATION(#6972) 
SHAPE_REPRESENTATION_RELATIONSHIP() );
#6972 = ITEM_DEFINED_TRANSFORMATION('','',#11,#327);
#6973 = PRODUCT_DEFINITION_SHAPE('Placement','Placement of an item',
  #6974);
#6974 = NEXT_ASSEMBLY_USAGE_OCCURRENCE('1843','','',#5,#6901,$);
#6975 = PRODUCT_RELATED_PRODUCT_CATEGORY('part',$,(#6903));
#6976 = SHAPE_DEFINITION_REPRESENTATION(#6977,#6983);
#6977 = PRODUCT_DEFINITION_SHAPE('','',#6978);
#6978 = PRODUCT_DEFINITION('design','',#6979,#6982);
#6979 = PRODUCT_DEFINITION_FORMATION('','',#6980);
#6980 = PRODUCT('Open CASCADE STEP translator 7.9 2.80',
  'Open CASCADE STEP translator 7.9 2.80','',(#6981));
#6981 = PRODUCT_CONTEXT('',#2,'mechanical');
#6982 = PRODUCT_DEFINITION_CONTEXT('part definition',#2,'design');
#6983 = MANIFOLD_SURFACE_SHAPE_REPRESENTATION('',(#11,#6984),#7042);
#6984 = SHELL_BASED_SURFACE_MODEL('',(#6985));
#6985 = OPEN_SHELL('',(#6986));
#6986 = ADVANCED_FACE('',(#6987),#7001,.T.);
#6987 = FACE_BOUND('',#6988,.T.);
#6988 = EDGE_LOOP('',(#6989,#7012,#7028));
#6989 = ORIENTED_EDGE('',*,*,#6990,.F.);
#6990 = EDGE_CURVE('',#6991,#6993,#6995,.T.);
#6991 = VERTEX_POINT('',#6992);
#6992 = CARTESIAN_POINT('',(-9.58486,-3.4886,338.));
#6993 = VERTEX_POINT('',#6994);
#6994 = CARTESIAN_POINT('',(-10.2,0.,343.));
#6995 = SURFACE_CURVE('',#6996,(#7000),.PCURVE_S1.);
#6996 = LINE('',#6997,#6998);
#6997 = CARTESIAN_POINT('',(-9.58486,-3.4886,338.));
#6998 = VECTOR('',#6999,1.);
#6999 = DIRECTION('',(-0.100386741694,0.569316232198,0.815966622998));
#7000 = PCURVE('',#7001,#7006);
#7001 = PLANE('',#7002);
#7002 = AXIS2_PLACEMENT_3D('',#7003,#7004,#7005);
#7003 = CARTESIAN_POINT('',(-10.2,0.,343.));
#7004 = DIRECTION('',(-0.98480747808,-0.173649736876,-0.));
#7005 = DIRECTION('',(0.173649736876,-0.98480747808,0.));
#7006 = DEFINITIONAL_REPRESENTATION('',(#7007),#7011);
#7007 = LINE('',#7008,#7009);
#7008 = CARTESIAN_POINT('',(3.542418267173,-5.));
#7009 = VECTOR('',#7010,1.);
#7010 = DIRECTION('',(-0.578099014143,0.815966622998));
#7011 = ( GEOMETRIC_REPRESENTATION_CONTEXT(2) 
PARAMETRIC_REPRESENTATION_CONTEXT() REPRESENTATION_CONTEXT('2D SPACE',''
  ) );
#7012 = ORIENTED_EDGE('',*,*,#7013,.F.);
#7013 = EDGE_CURVE('',#7014,#6991,#7016,.T.);
#7014 = VERTEX_POINT('',#7015);
#7015 = CARTESIAN_POINT('',(-9.58486,-3.4886,343.));
#7016 = SURFACE_CURVE('',#7017,(#7021),.PCURVE_S1.);
#7017 = LINE('',#7018,#7019);
#7018 = CARTESIAN_POINT('',(-9.58486,-3.4886,343.));
#7019 = VECTOR('',#7020,1.);
#7020 = DIRECTION('',(0.,0.,-1.));
#7021 = PCURVE('',#7001,#7022);
#7022 = DEFINITIONAL_REPRESENTATION('',(#7023),#7027);
#7023 = LINE('',#7024,#7025);
#7024 = CARTESIAN_POINT('',(3.542418267173,0.));
#7025 = VECTOR('',#7026,1.);
#7026 = DIRECTION('',(0.,-1.));
#7027 = ( GEOMETRIC_REPRESENTATION_CONTEXT(2) 
PARAMETRIC_REPRESENTATION_CONTEXT() REPRESENTATION_CONTEXT('2D SPACE',''
  ) );
#7028 = ORIENTED_EDGE('',*,*,#7029,.F.);
#7029 = EDGE_CURVE('',#6993,#7014,#7030,.T.);
#7030 = SURFACE_CURVE('',#7031,(#7035),.PCURVE_S1.);
#7031 = LINE('',#7032,#7033);
#7032 = CARTESIAN_POINT('',(-10.2,0.,343.));
#7033 = VECTOR('',#7034,1.);
#7034 = DIRECTION('',(0.173649736876,-0.98480747808,0.));
#7035 = PCURVE('',#7001,#7036);
#7036 = DEFINITIONAL_REPRESENTATION('',(#7037),#7041);
#7037 = LINE('',#7038,#7039);
#7038 = CARTESIAN_POINT('',(0.,0.));
#7039 = VECTOR('',#7040,1.);
#7040 = DIRECTION('',(1.,0.));
#7041 = ( GEOMETRIC_REPRESENTATION_CONTEXT(2) 
PARAMETRIC_REPRESENTATION_CONTEXT() REPRESENTATION_CONTEXT('2D SPACE',''
  ) );
#7042 = ( GEOMETRIC_REPRESENTATION_CONTEXT(3) 
GLOBAL_UNCERTAINTY_ASSIGNED_CONTEXT((#7046)) 
GLOBAL_UNIT_ASSIGNED_CONTEXT((#7043,#7044,#7045)) REPRESENTATION_CONTEXT
('Context #1','3D Context with UNIT and UNCERTAINTY') );
#7043 = ( LENGTH_UNIT() NAMED_UNIT(*) SI_UNIT(.MILLI.,.METRE.) );
#7044 = ( NAMED_UNIT(*) PLANE_ANGLE_UNIT() SI_UNIT($,.RADIAN.) );
#7045 = ( NAMED_UNIT(*) SI_UNIT($,.STERADIAN.) SOLID_ANGLE_UNIT() );
#7046 = UNCERTAINTY_MEASURE_WITH_UNIT(LENGTH_MEASURE(1.E-07),#7043,
  'distance_accuracy_value','confusion accuracy');
#7047 = CONTEXT_DEPENDENT_SHAPE_REPRESENTATION(#7048,#7050);
#7048 = ( REPRESENTATION_RELATIONSHIP('','',#6983,#10) 
REPRESENTATION_RELATIONSHIP_WITH_TRANSFORMATION(#7049) 
SHAPE_REPRESENTATION_RELATIONSHIP() );
#7049 = ITEM_DEFINED_TRANSFORMATION('','',#11,#331);
#7050 = PRODUCT_DEFINITION_SHAPE('Placement','Placement of an item',
  #7051);
#7051 = NEXT_ASSEMBLY_USAGE_OCCURRENCE('1844','','',#5,#6978,$);
#7052 = PRODUCT_RELATED_PRODUCT_CATEGORY('part',$,(#6980));
#7053 = SHAPE_DEFINITION_REPRESENTATION(#7054,#7060);
#7054 = PRODUCT_DEFINITION_SHAPE('','',#7055);
#7055 = PRODUCT_DEFINITION('design','',#7056,#7059);
#7056 = PRODUCT_DEFINITION_FORMATION('','',#7057);
#7057 = PRODUCT('Open CASCADE STEP translator 7.9 2.81',
  'Open CASCADE STEP translator 7.9 2.81','',(#7058));
#7058 = PRODUCT_CONTEXT('',#2,'mechanical');
#7059 = PRODUCT_DEFINITION_CONTEXT('part definition',#2,'design');
#7060 = MANIFOLD_SURFACE_SHAPE_REPRESENTATION('',(#11,#7061),#7119);
#7061 = SHELL_BASED_SURFACE_MODEL('',(#7062));
#7062 = OPEN_SHELL('',(#7063));
#7063 = ADVANCED_FACE('',(#7064),#7078,.T.);
#7064 = FACE_BOUND('',#7065,.T.);
#7065 = EDGE_LOOP('',(#7066,#7089,#7105));
#7066 = ORIENTED_EDGE('',*,*,#7067,.T.);
#7067 = EDGE_CURVE('',#7068,#7070,#7072,.T.);
#7068 = VERTEX_POINT('',#7069);
#7069 = CARTESIAN_POINT('',(7.60845,2.47214,338.));
#7070 = VERTEX_POINT('',#7071);
#7071 = CARTESIAN_POINT('',(7.48075,2.72277,12.));
#7072 = SURFACE_CURVE('',#7073,(#7077),.PCURVE_S1.);
#7073 = LINE('',#7074,#7075);
#7074 = CARTESIAN_POINT('',(7.60845,2.47214,338.));
#7075 = VECTOR('',#7076,1.);
#7076 = DIRECTION('',(-3.917176455938E-04,7.688033947938E-04,
    -0.999999627749));
#7077 = PCURVE('',#7078,#7083);
#7078 = PLANE('',#7079);
#7079 = AXIS2_PLACEMENT_3D('',#7080,#7081,#7082);
#7080 = CARTESIAN_POINT('',(7.60845,2.47214,338.));
#7081 = DIRECTION('',(0.891009922885,0.45398382936,-0.));
#7082 = DIRECTION('',(-0.45398382936,0.891009922885,0.));
#7083 = DEFINITIONAL_REPRESENTATION('',(#7084),#7088);
#7084 = LINE('',#7085,#7086);
#7085 = CARTESIAN_POINT('',(0.,0.));
#7086 = VECTOR('',#7087,1.);
#7087 = DIRECTION('',(8.628449302836E-04,-0.999999627749));
#7088 = ( GEOMETRIC_REPRESENTATION_CONTEXT(2) 
PARAMETRIC_REPRESENTATION_CONTEXT() REPRESENTATION_CONTEXT('2D SPACE',''
  ) );
#7089 = ORIENTED_EDGE('',*,*,#7090,.T.);
#7090 = EDGE_CURVE('',#7070,#7091,#7093,.T.);
#7091 = VERTEX_POINT('',#7092);
#7092 = CARTESIAN_POINT('',(7.48075,2.72277,338.));
#7093 = SURFACE_CURVE('',#7094,(#7098),.PCURVE_S1.);
#7094 = LINE('',#7095,#7096);
#7095 = CARTESIAN_POINT('',(7.48075,2.72277,12.));
#7096 = VECTOR('',#7097,1.);
#7097 = DIRECTION('',(0.,0.,1.));
#7098 = PCURVE('',#7078,#7099);
#7099 = DEFINITIONAL_REPRESENTATION('',(#7100),#7104);
#7100 = LINE('',#7101,#7102);
#7101 = CARTESIAN_POINT('',(0.281287551982,-326.));
#7102 = VECTOR('',#7103,1.);
#7103 = DIRECTION('',(0.,1.));
#7104 = ( GEOMETRIC_REPRESENTATION_CONTEXT(2) 
PARAMETRIC_REPRESENTATION_CONTEXT() REPRESENTATION_CONTEXT('2D SPACE',''
  ) );
#7105 = ORIENTED_EDGE('',*,*,#7106,.F.);
#7106 = EDGE_CURVE('',#7068,#7091,#7107,.T.);
#7107 = SURFACE_CURVE('',#7108,(#7112),.PCURVE_S1.);
#7108 = LINE('',#7109,#7110);
#7109 = CARTESIAN_POINT('',(7.60845,2.47214,338.));
#7110 = VECTOR('',#7111,1.);
#7111 = DIRECTION('',(-0.45398382936,0.891009922885,0.));
#7112 = PCURVE('',#7078,#7113);
#7113 = DEFINITIONAL_REPRESENTATION('',(#7114),#7118);
#7114 = LINE('',#7115,#7116);
#7115 = CARTESIAN_POINT('',(0.,0.));
#7116 = VECTOR('',#7117,1.);
#7117 = DIRECTION('',(1.,0.));
#7118 = ( GEOMETRIC_REPRESENTATION_CONTEXT(2) 
PARAMETRIC_REPRESENTATION_CONTEXT() REPRESENTATION_CONTEXT('2D SPACE',''
  ) );
#7119 = ( GEOMETRIC_REPRESENTATION_CONTEXT(3) 
GLOBAL_UNCERTAINTY_ASSIGNED_CONTEXT((#7123)) 
GLOBAL_UNIT_ASSIGNED_CONTEXT((#7120,#7121,#7122)) REPRESENTATION_CONTEXT
('Context #1','3D Context with UNIT and UNCERTAINTY') );
#7120 = ( LENGTH_UNIT() NAMED_UNIT(*) SI_UNIT(.MILLI.,.METRE.) );
#7121 = ( NAMED_UNIT(*) PLANE_ANGLE_UNIT() SI_UNIT($,.RADIAN.) );
#7122 = ( NAMED_UNIT(*) SI_UNIT($,.STERADIAN.) SOLID_ANGLE_UNIT() );
#7123 = UNCERTAINTY_MEASURE_WITH_UNIT(LENGTH_MEASURE(1.E-07),#7120,
  'distance_accuracy_value','confusion accuracy');
#7124 = CONTEXT_DEPENDENT_SHAPE_REPRESENTATION(#7125,#7127);
#7125 = ( REPRESENTATION_RELATIONSHIP('','',#7060,#10) 
REPRESENTATION_RELATIONSHIP_WITH_TRANSFORMATION(#7126) 
SHAPE_REPRESENTATION_RELATIONSHIP() );
#7126 = ITEM_DEFINED_TRANSFORMATION('','',#11,#335);
#7127 = PRODUCT_DEFINITION_SHAPE('Placement','Placement of an item',
  #7128);
#7128 = NEXT_ASSEMBLY_USAGE_OCCURRENCE('1845','','',#5,#7055,$);
#7129 = PRODUCT_RELATED_PRODUCT_CATEGORY('part',$,(#7057));
#7130 = SHAPE_DEFINITION_REPRESENTATION(#7131,#7137);
#7131 = PRODUCT_DEFINITION_SHAPE('','',#7132);
#7132 = PRODUCT_DEFINITION('design','',#7133,#7136);
#7133 = PRODUCT_DEFINITION_FORMATION('','',#7134);
#7134 = PRODUCT('Open CASCADE STEP translator 7.9 2.82',
  'Open CASCADE STEP translator 7.9 2.82','',(#7135));
#7135 = PRODUCT_CONTEXT('',#2,'mechanical');
#7136 = PRODUCT_DEFINITION_CONTEXT('part definition',#2,'design');
#7137 = MANIFOLD_SURFACE_SHAPE_REPRESENTATION('',(#11,#7138),#7196);
#7138 = SHELL_BASED_SURFACE_MODEL('',(#7139));
#7139 = OPEN_SHELL('',(#7140));
#7140 = ADVANCED_FACE('',(#7141),#7155,.T.);
#7141 = FACE_BOUND('',#7142,.T.);
#7142 = EDGE_LOOP('',(#7143,#7166,#7182));
#7143 = ORIENTED_EDGE('',*,*,#7144,.F.);
#7144 = EDGE_CURVE('',#7145,#7147,#7149,.T.);
#7145 = VERTEX_POINT('',#7146);
#7146 = CARTESIAN_POINT('',(7.60845,2.47214,338.));
#7147 = VERTEX_POINT('',#7148);
#7148 = CARTESIAN_POINT('',(7.48075,2.72277,12.));
#7149 = SURFACE_CURVE('',#7150,(#7154),.PCURVE_S1.);
#7150 = LINE('',#7151,#7152);
#7151 = CARTESIAN_POINT('',(7.60845,2.47214,338.));
#7152 = VECTOR('',#7153,1.);
#7153 = DIRECTION('',(-3.917176455938E-04,7.688033947938E-04,
    -0.999999627749));
#7154 = PCURVE('',#7155,#7160);
#7155 = PLANE('',#7156);
#7156 = AXIS2_PLACEMENT_3D('',#7157,#7158,#7159);
#7157 = CARTESIAN_POINT('',(7.48075,2.72277,12.));
#7158 = DIRECTION('',(0.891009922885,0.45398382936,0.));
#7159 = DIRECTION('',(-0.45398382936,0.891009922885,0.));
#7160 = DEFINITIONAL_REPRESENTATION('',(#7161),#7165);
#7161 = LINE('',#7162,#7163);
#7162 = CARTESIAN_POINT('',(-0.281287551982,326.));
#7163 = VECTOR('',#7164,1.);
#7164 = DIRECTION('',(8.628449302836E-04,-0.999999627749));
#7165 = ( GEOMETRIC_REPRESENTATION_CONTEXT(2) 
PARAMETRIC_REPRESENTATION_CONTEXT() REPRESENTATION_CONTEXT('2D SPACE',''
  ) );
#7166 = ORIENTED_EDGE('',*,*,#7167,.T.);
#7167 = EDGE_CURVE('',#7145,#7168,#7170,.T.);
#7168 = VERTEX_POINT('',#7169);
#7169 = CARTESIAN_POINT('',(7.60845,2.47214,12.));
#7170 = SURFACE_CURVE('',#7171,(#7175),.PCURVE_S1.);
#7171 = LINE('',#7172,#7173);
#7172 = CARTESIAN_POINT('',(7.60845,2.47214,338.));
#7173 = VECTOR('',#7174,1.);
#7174 = DIRECTION('',(0.,0.,-1.));
#7175 = PCURVE('',#7155,#7176);
#7176 = DEFINITIONAL_REPRESENTATION('',(#7177),#7181);
#7177 = LINE('',#7178,#7179);
#7178 = CARTESIAN_POINT('',(-0.281287551982,326.));
#7179 = VECTOR('',#7180,1.);
#7180 = DIRECTION('',(0.,-1.));
#7181 = ( GEOMETRIC_REPRESENTATION_CONTEXT(2) 
PARAMETRIC_REPRESENTATION_CONTEXT() REPRESENTATION_CONTEXT('2D SPACE',''
  ) );
#7182 = ORIENTED_EDGE('',*,*,#7183,.F.);
#7183 = EDGE_CURVE('',#7147,#7168,#7184,.T.);
#7184 = SURFACE_CURVE('',#7185,(#7189),.PCURVE_S1.);
#7185 = LINE('',#7186,#7187);
#7186 = CARTESIAN_POINT('',(7.48075,2.72277,12.));
#7187 = VECTOR('',#7188,1.);
#7188 = DIRECTION('',(0.45398382936,-0.891009922885,0.));
#7189 = PCURVE('',#7155,#7190);
#7190 = DEFINITIONAL_REPRESENTATION('',(#7191),#7195);
#7191 = LINE('',#7192,#7193);
#7192 = CARTESIAN_POINT('',(0.,0.));
#7193 = VECTOR('',#7194,1.);
#7194 = DIRECTION('',(-1.,0.));
#7195 = ( GEOMETRIC_REPRESENTATION_CONTEXT(2) 
PARAMETRIC_REPRESENTATION_CONTEXT() REPRESENTATION_CONTEXT('2D SPACE',''
  ) );
#7196 = ( GEOMETRIC_REPRESENTATION_CONTEXT(3) 
GLOBAL_UNCERTAINTY_ASSIGNED_CONTEXT((#7200)) 
GLOBAL_UNIT_ASSIGNED_CONTEXT((#7197,#7198,#7199)) REPRESENTATION_CONTEXT
('Context #1','3D Context with UNIT and UNCERTAINTY') );
#7197 = ( LENGTH_UNIT() NAMED_UNIT(*) SI_UNIT(.MILLI.,.METRE.) );
#7198 = ( NAMED_UNIT(*) PLANE_ANGLE_UNIT() SI_UNIT($,.RADIAN.) );
#7199 = ( NAMED_UNIT(*) SI_UNIT($,.STERADIAN.) SOLID_ANGLE_UNIT() );
#7200 = UNCERTAINTY_MEASURE_WITH_UNIT(LENGTH_MEASURE(1.E-07),#7197,
  'distance_accuracy_value','confusion accuracy');
#7201 = CONTEXT_DEPENDENT_SHAPE_REPRESENTATION(#7202,#7204);
#7202 = ( REPRESENTATION_RELATIONSHIP('','',#7137,#10) 
REPRESENTATION_RELATIONSHIP_WITH_TRANSFORMATION(#7203) 
SHAPE_REPRESENTATION_RELATIONSHIP() );
#7203 = ITEM_DEFINED_TRANSFORMATION('','',#11,#339);
#7204 = PRODUCT_DEFINITION_SHAPE('Placement','Placement of an item',
  #7205);
#7205 = NEXT_ASSEMBLY_USAGE_OCCURRENCE('1846','','',#5,#7132,$);
#7206 = PRODUCT_RELATED_PRODUCT_CATEGORY('part',$,(#7134));
#7207 = SHAPE_DEFINITION_REPRESENTATION(#7208,#7214);
#7208 = PRODUCT_DEFINITION_SHAPE('','',#7209);
#7209 = PRODUCT_DEFINITION('design','',#7210,#7213);
#7210 = PRODUCT_DEFINITION_FORMATION('','',#7211);
#7211 = PRODUCT('Open CASCADE STEP translator 7.9 2.83',
  'Open CASCADE STEP translator 7.9 2.83','',(#7212));
#7212 = PRODUCT_CONTEXT('',#2,'mechanical');
#7213 = PRODUCT_DEFINITION_CONTEXT('part definition',#2,'design');
#7214 = MANIFOLD_SURFACE_SHAPE_REPRESENTATION('',(#11,#7215),#7273);
#7215 = SHELL_BASED_SURFACE_MODEL('',(#7216));
#7216 = OPEN_SHELL('',(#7217));
#7217 = ADVANCED_FACE('',(#7218),#7232,.T.);
#7218 = FACE_BOUND('',#7219,.T.);
#7219 = EDGE_LOOP('',(#7220,#7243,#7259));
#7220 = ORIENTED_EDGE('',*,*,#7221,.T.);
#7221 = EDGE_CURVE('',#7222,#7224,#7226,.T.);
#7222 = VERTEX_POINT('',#7223);
#7223 = CARTESIAN_POINT('',(6.47214,4.70228,349.161));
#7224 = VERTEX_POINT('',#7225);
#7225 = CARTESIAN_POINT('',(7.48075,2.72277,338.));
#7226 = SURFACE_CURVE('',#7227,(#7231),.PCURVE_S1.);
#7227 = LINE('',#7228,#7229);
#7228 = CARTESIAN_POINT('',(6.47214,4.70228,349.161));
#7229 = VECTOR('',#7230,1.);
#7230 = DIRECTION('',(8.863030082191E-02,-0.173946884108,-0.980758457157
    ));
#7231 = PCURVE('',#7232,#7237);
#7232 = PLANE('',#7233);
#7233 = AXIS2_PLACEMENT_3D('',#7234,#7235,#7236);
#7234 = CARTESIAN_POINT('',(6.47214,4.70228,349.161));
#7235 = DIRECTION('',(0.891006655743,0.453990241549,0.));
#7236 = DIRECTION('',(-0.453990241549,0.891006655743,0.));
#7237 = DEFINITIONAL_REPRESENTATION('',(#7238),#7242);
#7238 = LINE('',#7239,#7240);
#7239 = CARTESIAN_POINT('',(0.,0.));
#7240 = VECTOR('',#7241,1.);
#7241 = DIRECTION('',(-0.195225123165,-0.980758457157));
#7242 = ( GEOMETRIC_REPRESENTATION_CONTEXT(2) 
PARAMETRIC_REPRESENTATION_CONTEXT() REPRESENTATION_CONTEXT('2D SPACE',''
  ) );
#7243 = ORIENTED_EDGE('',*,*,#7244,.T.);
#7244 = EDGE_CURVE('',#7224,#7245,#7247,.T.);
#7245 = VERTEX_POINT('',#7246);
#7246 = CARTESIAN_POINT('',(6.47214,4.70228,0.838889));
#7247 = SURFACE_CURVE('',#7248,(#7252),.PCURVE_S1.);
#7248 = LINE('',#7249,#7250);
#7249 = CARTESIAN_POINT('',(7.48075,2.72277,338.));
#7250 = VECTOR('',#7251,1.);
#7251 = DIRECTION('',(-2.991412922346E-03,5.87098263344E-03,
    -0.99997829127));
#7252 = PCURVE('',#7232,#7253);
#7253 = DEFINITIONAL_REPRESENTATION('',(#7254),#7258);
#7254 = LINE('',#7255,#7256);
#7255 = CARTESIAN_POINT('',(-2.221655682639,-11.161));
#7256 = VECTOR('',#7257,1.);
#7257 = DIRECTION('',(6.589156877335E-03,-0.99997829127));
#7258 = ( GEOMETRIC_REPRESENTATION_CONTEXT(2) 
PARAMETRIC_REPRESENTATION_CONTEXT() REPRESENTATION_CONTEXT('2D SPACE',''
  ) );
#7259 = ORIENTED_EDGE('',*,*,#7260,.T.);
#7260 = EDGE_CURVE('',#7245,#7222,#7261,.T.);
#7261 = SURFACE_CURVE('',#7262,(#7266),.PCURVE_S1.);
#7262 = LINE('',#7263,#7264);
#7263 = CARTESIAN_POINT('',(6.47214,4.70228,0.838889));
#7264 = VECTOR('',#7265,1.);
#7265 = DIRECTION('',(0.,0.,1.));
#7266 = PCURVE('',#7232,#7267);
#7267 = DEFINITIONAL_REPRESENTATION('',(#7268),#7272);
#7268 = LINE('',#7269,#7270);
#7269 = CARTESIAN_POINT('',(0.,-348.322111));
#7270 = VECTOR('',#7271,1.);
#7271 = DIRECTION('',(0.,1.));
#7272 = ( GEOMETRIC_REPRESENTATION_CONTEXT(2) 
PARAMETRIC_REPRESENTATION_CONTEXT() REPRESENTATION_CONTEXT('2D SPACE',''
  ) );
#7273 = ( GEOMETRIC_REPRESENTATION_CONTEXT(3) 
GLOBAL_UNCERTAINTY_ASSIGNED_CONTEXT((#7277)) 
GLOBAL_UNIT_ASSIGNED_CONTEXT((#7274,#7275,#7276)) REPRESENTATION_CONTEXT
('Context #1','3D Context with UNIT and UNCERTAINTY') );
#7274 = ( LENGTH_UNIT() NAMED_UNIT(*) SI_UNIT(.MILLI.,.METRE.) );
#7275 = ( NAMED_UNIT(*) PLANE_ANGLE_UNIT() SI_UNIT($,.RADIAN.) );
#7276 = ( NAMED_UNIT(*) SI_UNIT($,.STERADIAN.) SOLID_ANGLE_UNIT() );
#7277 = UNCERTAINTY_MEASURE_WITH_UNIT(LENGTH_MEASURE(1.E-07),#7274,
  'distance_accuracy_value','confusion accuracy');
#7278 = CONTEXT_DEPENDENT_SHAPE_REPRESENTATION(#7279,#7281);
#7279 = ( REPRESENTATION_RELATIONSHIP('','',#7214,#10) 
REPRESENTATION_RELATIONSHIP_WITH_TRANSFORMATION(#7280) 
SHAPE_REPRESENTATION_RELATIONSHIP() );
#7280 = ITEM_DEFINED_TRANSFORMATION('','',#11,#343);
#7281 = PRODUCT_DEFINITION_SHAPE('Placement','Placement of an item',
  #7282);
#7282 = NEXT_ASSEMBLY_USAGE_OCCURRENCE('1847','','',#5,#7209,$);
#7283 = PRODUCT_RELATED_PRODUCT_CATEGORY('part',$,(#7211));
#7284 = SHAPE_DEFINITION_REPRESENTATION(#7285,#7291);
#7285 = PRODUCT_DEFINITION_SHAPE('','',#7286);
#7286 = PRODUCT_DEFINITION('design','',#7287,#7290);
#7287 = PRODUCT_DEFINITION_FORMATION('','',#7288);
#7288 = PRODUCT('Open CASCADE STEP translator 7.9 2.84',
  'Open CASCADE STEP translator 7.9 2.84','',(#7289));
#7289 = PRODUCT_CONTEXT('',#2,'mechanical');
#7290 = PRODUCT_DEFINITION_CONTEXT('part definition',#2,'design');
#7291 = MANIFOLD_SURFACE_SHAPE_REPRESENTATION('',(#11,#7292),#7350);
#7292 = SHELL_BASED_SURFACE_MODEL('',(#7293));
#7293 = OPEN_SHELL('',(#7294));
#7294 = ADVANCED_FACE('',(#7295),#7309,.T.);
#7295 = FACE_BOUND('',#7296,.T.);
#7296 = EDGE_LOOP('',(#7297,#7320,#7336));
#7297 = ORIENTED_EDGE('',*,*,#7298,.T.);
#7298 = EDGE_CURVE('',#7299,#7301,#7303,.T.);
#7299 = VERTEX_POINT('',#7300);
#7300 = CARTESIAN_POINT('',(6.47214,4.70228,349.161));
#7301 = VERTEX_POINT('',#7302);
#7302 = CARTESIAN_POINT('',(7.48075,2.72277,343.));
#7303 = SURFACE_CURVE('',#7304,(#7308),.PCURVE_S1.);
#7304 = LINE('',#7305,#7306);
#7305 = CARTESIAN_POINT('',(6.47214,4.70228,349.161));
#7306 = VECTOR('',#7307,1.);
#7307 = DIRECTION('',(0.154002099443,-0.302246354754,-0.940707443579));
#7308 = PCURVE('',#7309,#7314);
#7309 = PLANE('',#7310);
#7310 = AXIS2_PLACEMENT_3D('',#7311,#7312,#7313);
#7311 = CARTESIAN_POINT('',(6.47214,4.70228,349.161));
#7312 = DIRECTION('',(0.891006655743,0.453990241549,-0.));
#7313 = DIRECTION('',(-0.453990241549,0.891006655743,0.));
#7314 = DEFINITIONAL_REPRESENTATION('',(#7315),#7319);
#7315 = LINE('',#7316,#7317);
#7316 = CARTESIAN_POINT('',(0.,0.));
#7317 = VECTOR('',#7318,1.);
#7318 = DIRECTION('',(-0.339218964085,-0.940707443579));
#7319 = ( GEOMETRIC_REPRESENTATION_CONTEXT(2) 
PARAMETRIC_REPRESENTATION_CONTEXT() REPRESENTATION_CONTEXT('2D SPACE',''
  ) );
#7320 = ORIENTED_EDGE('',*,*,#7321,.F.);
#7321 = EDGE_CURVE('',#7322,#7301,#7324,.T.);
#7322 = VERTEX_POINT('',#7323);
#7323 = CARTESIAN_POINT('',(7.48075,2.72277,338.));
#7324 = SURFACE_CURVE('',#7325,(#7329),.PCURVE_S1.);
#7325 = LINE('',#7326,#7327);
#7326 = CARTESIAN_POINT('',(7.48075,2.72277,338.));
#7327 = VECTOR('',#7328,1.);
#7328 = DIRECTION('',(0.,0.,1.));
#7329 = PCURVE('',#7309,#7330);
#7330 = DEFINITIONAL_REPRESENTATION('',(#7331),#7335);
#7331 = LINE('',#7332,#7333);
#7332 = CARTESIAN_POINT('',(-2.221655682639,-11.161));
#7333 = VECTOR('',#7334,1.);
#7334 = DIRECTION('',(0.,1.));
#7335 = ( GEOMETRIC_REPRESENTATION_CONTEXT(2) 
PARAMETRIC_REPRESENTATION_CONTEXT() REPRESENTATION_CONTEXT('2D SPACE',''
  ) );
#7336 = ORIENTED_EDGE('',*,*,#7337,.F.);
#7337 = EDGE_CURVE('',#7299,#7322,#7338,.T.);
#7338 = SURFACE_CURVE('',#7339,(#7343),.PCURVE_S1.);
#7339 = LINE('',#7340,#7341);
#7340 = CARTESIAN_POINT('',(6.47214,4.70228,349.161));
#7341 = VECTOR('',#7342,1.);
#7342 = DIRECTION('',(8.863030082191E-02,-0.173946884108,-0.980758457157
    ));
#7343 = PCURVE('',#7309,#7344);
#7344 = DEFINITIONAL_REPRESENTATION('',(#7345),#7349);
#7345 = LINE('',#7346,#7347);
#7346 = CARTESIAN_POINT('',(0.,0.));
#7347 = VECTOR('',#7348,1.);
#7348 = DIRECTION('',(-0.195225123165,-0.980758457157));
#7349 = ( GEOMETRIC_REPRESENTATION_CONTEXT(2) 
PARAMETRIC_REPRESENTATION_CONTEXT() REPRESENTATION_CONTEXT('2D SPACE',''
  ) );
#7350 = ( GEOMETRIC_REPRESENTATION_CONTEXT(3) 
GLOBAL_UNCERTAINTY_ASSIGNED_CONTEXT((#7354)) 
GLOBAL_UNIT_ASSIGNED_CONTEXT((#7351,#7352,#7353)) REPRESENTATION_CONTEXT
('Context #1','3D Context with UNIT and UNCERTAINTY') );
#7351 = ( LENGTH_UNIT() NAMED_UNIT(*) SI_UNIT(.MILLI.,.METRE.) );
#7352 = ( NAMED_UNIT(*) PLANE_ANGLE_UNIT() SI_UNIT($,.RADIAN.) );
#7353 = ( NAMED_UNIT(*) SI_UNIT($,.STERADIAN.) SOLID_ANGLE_UNIT() );
#7354 = UNCERTAINTY_MEASURE_WITH_UNIT(LENGTH_MEASURE(1.E-07),#7351,
  'distance_accuracy_value','confusion accuracy');
#7355 = CONTEXT_DEPENDENT_SHAPE_REPRESENTATION(#7356,#7358);
#7356 = ( REPRESENTATION_RELATIONSHIP('','',#7291,#10) 
REPRESENTATION_RELATIONSHIP_WITH_TRANSFORMATION(#7357) 
SHAPE_REPRESENTATION_RELATIONSHIP() );
#7357 = ITEM_DEFINED_TRANSFORMATION('','',#11,#347);
#7358 = PRODUCT_DEFINITION_SHAPE('Placement','Placement of an item',
  #7359);
#7359 = NEXT_ASSEMBLY_USAGE_OCCURRENCE('1848','','',#5,#7286,$);
#7360 = PRODUCT_RELATED_PRODUCT_CATEGORY('part',$,(#7288));
#7361 = SHAPE_DEFINITION_REPRESENTATION(#7362,#7368);
#7362 = PRODUCT_DEFINITION_SHAPE('','',#7363);
#7363 = PRODUCT_DEFINITION('design','',#7364,#7367);
#7364 = PRODUCT_DEFINITION_FORMATION('','',#7365);
#7365 = PRODUCT('Open CASCADE STEP translator 7.9 2.85',
  'Open CASCADE STEP translator 7.9 2.85','',(#7366));
#7366 = PRODUCT_CONTEXT('',#2,'mechanical');
#7367 = PRODUCT_DEFINITION_CONTEXT('part definition',#2,'design');
#7368 = MANIFOLD_SURFACE_SHAPE_REPRESENTATION('',(#11,#7369),#7427);
#7369 = SHELL_BASED_SURFACE_MODEL('',(#7370));
#7370 = OPEN_SHELL('',(#7371));
#7371 = ADVANCED_FACE('',(#7372),#7386,.T.);
#7372 = FACE_BOUND('',#7373,.T.);
#7373 = EDGE_LOOP('',(#7374,#7397,#7413));
#7374 = ORIENTED_EDGE('',*,*,#7375,.T.);
#7375 = EDGE_CURVE('',#7376,#7378,#7380,.T.);
#7376 = VERTEX_POINT('',#7377);
#7377 = CARTESIAN_POINT('',(7.60845,2.47214,349.161));
#7378 = VERTEX_POINT('',#7379);
#7379 = CARTESIAN_POINT('',(7.48075,2.72277,343.));
#7380 = SURFACE_CURVE('',#7381,(#7385),.PCURVE_S1.);
#7381 = LINE('',#7382,#7383);
#7382 = CARTESIAN_POINT('',(7.60845,2.47214,349.161));
#7383 = VECTOR('',#7384,1.);
#7384 = DIRECTION('',(-2.07055856837E-02,4.063775207444E-02,
    -0.998959384474));
#7385 = PCURVE('',#7386,#7391);
#7386 = PLANE('',#7387);
#7387 = AXIS2_PLACEMENT_3D('',#7388,#7389,#7390);
#7388 = CARTESIAN_POINT('',(7.60845,2.47214,349.161));
#7389 = DIRECTION('',(0.891007022915,0.453989520931,2.916417192639E-07)
  );
#7390 = DIRECTION('',(-0.453989520931,0.891007022916,1.323488980085E-23)
  );
#7391 = DEFINITIONAL_REPRESENTATION('',(#7392),#7396);
#7392 = LINE('',#7393,#7394);
#7393 = CARTESIAN_POINT('',(0.,0.));
#7394 = VECTOR('',#7395,1.);
#7395 = DIRECTION('',(4.560864141896E-02,-0.998959384474));
#7396 = ( GEOMETRIC_REPRESENTATION_CONTEXT(2) 
PARAMETRIC_REPRESENTATION_CONTEXT() REPRESENTATION_CONTEXT('2D SPACE',''
  ) );
#7397 = ORIENTED_EDGE('',*,*,#7398,.F.);
#7398 = EDGE_CURVE('',#7399,#7378,#7401,.T.);
#7399 = VERTEX_POINT('',#7400);
#7400 = CARTESIAN_POINT('',(6.47214,4.70228,349.161));
#7401 = SURFACE_CURVE('',#7402,(#7406),.PCURVE_S1.);
#7402 = LINE('',#7403,#7404);
#7403 = CARTESIAN_POINT('',(6.47214,4.70228,349.161));
#7404 = VECTOR('',#7405,1.);
#7405 = DIRECTION('',(0.154002099443,-0.302246354754,-0.940707443579));
#7406 = PCURVE('',#7386,#7407);
#7407 = DEFINITIONAL_REPRESENTATION('',(#7408),#7412);
#7408 = LINE('',#7409,#7410);
#7409 = CARTESIAN_POINT('',(2.502943234614,0.));
#7410 = VECTOR('',#7411,1.);
#7411 = DIRECTION('',(-0.339218964085,-0.940707443579));
#7412 = ( GEOMETRIC_REPRESENTATION_CONTEXT(2) 
PARAMETRIC_REPRESENTATION_CONTEXT() REPRESENTATION_CONTEXT('2D SPACE',''
  ) );
#7413 = ORIENTED_EDGE('',*,*,#7414,.T.);
#7414 = EDGE_CURVE('',#7399,#7376,#7415,.T.);
#7415 = SURFACE_CURVE('',#7416,(#7420),.PCURVE_S1.);
#7416 = LINE('',#7417,#7418);
#7417 = CARTESIAN_POINT('',(6.47214,4.70228,349.161));
#7418 = VECTOR('',#7419,1.);
#7419 = DIRECTION('',(0.453989520931,-0.891007022916,0.));
#7420 = PCURVE('',#7386,#7421);
#7421 = DEFINITIONAL_REPRESENTATION('',(#7422),#7426);
#7422 = LINE('',#7423,#7424);
#7423 = CARTESIAN_POINT('',(2.502943234614,0.));
#7424 = VECTOR('',#7425,1.);
#7425 = DIRECTION('',(-1.,-1.61893675834E-23));
#7426 = ( GEOMETRIC_REPRESENTATION_CONTEXT(2) 
PARAMETRIC_REPRESENTATION_CONTEXT() REPRESENTATION_CONTEXT('2D SPACE',''
  ) );
#7427 = ( GEOMETRIC_REPRESENTATION_CONTEXT(3) 
GLOBAL_UNCERTAINTY_ASSIGNED_CONTEXT((#7431)) 
GLOBAL_UNIT_ASSIGNED_CONTEXT((#7428,#7429,#7430)) REPRESENTATION_CONTEXT
('Context #1','3D Context with UNIT and UNCERTAINTY') );
#7428 = ( LENGTH_UNIT() NAMED_UNIT(*) SI_UNIT(.MILLI.,.METRE.) );
#7429 = ( NAMED_UNIT(*) PLANE_ANGLE_UNIT() SI_UNIT($,.RADIAN.) );
#7430 = ( NAMED_UNIT(*) SI_UNIT($,.STERADIAN.) SOLID_ANGLE_UNIT() );
#7431 = UNCERTAINTY_MEASURE_WITH_UNIT(LENGTH_MEASURE(1.E-07),#7428,
  'distance_accuracy_value','confusion accuracy');
#7432 = CONTEXT_DEPENDENT_SHAPE_REPRESENTATION(#7433,#7435);
#7433 = ( REPRESENTATION_RELATIONSHIP('','',#7368,#10) 
REPRESENTATION_RELATIONSHIP_WITH_TRANSFORMATION(#7434) 
SHAPE_REPRESENTATION_RELATIONSHIP() );
#7434 = ITEM_DEFINED_TRANSFORMATION('','',#11,#351);
#7435 = PRODUCT_DEFINITION_SHAPE('Placement','Placement of an item',
  #7436);
#7436 = NEXT_ASSEMBLY_USAGE_OCCURRENCE('1849','','',#5,#7363,$);
#7437 = PRODUCT_RELATED_PRODUCT_CATEGORY('part',$,(#7365));
#7438 = SHAPE_DEFINITION_REPRESENTATION(#7439,#7445);
#7439 = PRODUCT_DEFINITION_SHAPE('','',#7440);
#7440 = PRODUCT_DEFINITION('design','',#7441,#7444);
#7441 = PRODUCT_DEFINITION_FORMATION('','',#7442);
#7442 = PRODUCT('Open CASCADE STEP translator 7.9 2.86',
  'Open CASCADE STEP translator 7.9 2.86','',(#7443));
#7443 = PRODUCT_CONTEXT('',#2,'mechanical');
#7444 = PRODUCT_DEFINITION_CONTEXT('part definition',#2,'design');
#7445 = MANIFOLD_SURFACE_SHAPE_REPRESENTATION('',(#11,#7446),#7504);
#7446 = SHELL_BASED_SURFACE_MODEL('',(#7447));
#7447 = OPEN_SHELL('',(#7448));
#7448 = ADVANCED_FACE('',(#7449),#7463,.T.);
#7449 = FACE_BOUND('',#7450,.T.);
#7450 = EDGE_LOOP('',(#7451,#7474,#7490));
#7451 = ORIENTED_EDGE('',*,*,#7452,.T.);
#7452 = EDGE_CURVE('',#7453,#7455,#7457,.T.);
#7453 = VERTEX_POINT('',#7454);
#7454 = CARTESIAN_POINT('',(7.60845,2.47214,349.161));
#7455 = VERTEX_POINT('',#7456);
#7456 = CARTESIAN_POINT('',(7.60845,2.47214,343.));
#7457 = SURFACE_CURVE('',#7458,(#7462),.PCURVE_S1.);
#7458 = LINE('',#7459,#7460);
#7459 = CARTESIAN_POINT('',(7.60845,2.47214,349.161));
#7460 = VECTOR('',#7461,1.);
#7461 = DIRECTION('',(0.,0.,-1.));
#7462 = PCURVE('',#7463,#7468);
#7463 = PLANE('',#7464);
#7464 = AXIS2_PLACEMENT_3D('',#7465,#7466,#7467);
#7465 = CARTESIAN_POINT('',(7.60845,2.47214,349.161));
#7466 = DIRECTION('',(0.891009922885,0.45398382936,0.));
#7467 = DIRECTION('',(-0.45398382936,0.891009922885,0.));
#7468 = DEFINITIONAL_REPRESENTATION('',(#7469),#7473);
#7469 = LINE('',#7470,#7471);
#7470 = CARTESIAN_POINT('',(0.,0.));
#7471 = VECTOR('',#7472,1.);
#7472 = DIRECTION('',(0.,-1.));
#7473 = ( GEOMETRIC_REPRESENTATION_CONTEXT(2) 
PARAMETRIC_REPRESENTATION_CONTEXT() REPRESENTATION_CONTEXT('2D SPACE',''
  ) );
#7474 = ORIENTED_EDGE('',*,*,#7475,.F.);
#7475 = EDGE_CURVE('',#7476,#7455,#7478,.T.);
#7476 = VERTEX_POINT('',#7477);
#7477 = CARTESIAN_POINT('',(7.48075,2.72277,343.));
#7478 = SURFACE_CURVE('',#7479,(#7483),.PCURVE_S1.);
#7479 = LINE('',#7480,#7481);
#7480 = CARTESIAN_POINT('',(7.48075,2.72277,343.));
#7481 = VECTOR('',#7482,1.);
#7482 = DIRECTION('',(0.45398382936,-0.891009922885,0.));
#7483 = PCURVE('',#7463,#7484);
#7484 = DEFINITIONAL_REPRESENTATION('',(#7485),#7489);
#7485 = LINE('',#7486,#7487);
#7486 = CARTESIAN_POINT('',(0.281287551982,-6.161));
#7487 = VECTOR('',#7488,1.);
#7488 = DIRECTION('',(-1.,0.));
#7489 = ( GEOMETRIC_REPRESENTATION_CONTEXT(2) 
PARAMETRIC_REPRESENTATION_CONTEXT() REPRESENTATION_CONTEXT('2D SPACE',''
  ) );
#7490 = ORIENTED_EDGE('',*,*,#7491,.F.);
#7491 = EDGE_CURVE('',#7453,#7476,#7492,.T.);
#7492 = SURFACE_CURVE('',#7493,(#7497),.PCURVE_S1.);
#7493 = LINE('',#7494,#7495);
#7494 = CARTESIAN_POINT('',(7.60845,2.47214,349.161));
#7495 = VECTOR('',#7496,1.);
#7496 = DIRECTION('',(-2.07055856837E-02,4.063775207444E-02,
    -0.998959384474));
#7497 = PCURVE('',#7463,#7498);
#7498 = DEFINITIONAL_REPRESENTATION('',(#7499),#7503);
#7499 = LINE('',#7500,#7501);
#7500 = CARTESIAN_POINT('',(0.,0.));
#7501 = VECTOR('',#7502,1.);
#7502 = DIRECTION('',(4.560864141989E-02,-0.998959384474));
#7503 = ( GEOMETRIC_REPRESENTATION_CONTEXT(2) 
PARAMETRIC_REPRESENTATION_CONTEXT() REPRESENTATION_CONTEXT('2D SPACE',''
  ) );
#7504 = ( GEOMETRIC_REPRESENTATION_CONTEXT(3) 
GLOBAL_UNCERTAINTY_ASSIGNED_CONTEXT((#7508)) 
GLOBAL_UNIT_ASSIGNED_CONTEXT((#7505,#7506,#7507)) REPRESENTATION_CONTEXT
('Context #1','3D Context with UNIT and UNCERTAINTY') );
#7505 = ( LENGTH_UNIT() NAMED_UNIT(*) SI_UNIT(.MILLI.,.METRE.) );
#7506 = ( NAMED_UNIT(*) PLANE_ANGLE_UNIT() SI_UNIT($,.RADIAN.) );
#7507 = ( NAMED_UNIT(*) SI_UNIT($,.STERADIAN.) SOLID_ANGLE_UNIT() );
#7508 = UNCERTAINTY_MEASURE_WITH_UNIT(LENGTH_MEASURE(1.E-07),#7505,
  'distance_accuracy_value','confusion accuracy');
#7509 = CONTEXT_DEPENDENT_SHAPE_REPRESENTATION(#7510,#7512);
#7510 = ( REPRESENTATION_RELATIONSHIP('','',#7445,#10) 
REPRESENTATION_RELATIONSHIP_WITH_TRANSFORMATION(#7511) 
SHAPE_REPRESENTATION_RELATIONSHIP() );
#7511 = ITEM_DEFINED_TRANSFORMATION('','',#11,#355);
#7512 = PRODUCT_DEFINITION_SHAPE('Placement','Placement of an item',
  #7513);
#7513 = NEXT_ASSEMBLY_USAGE_OCCURRENCE('1850','','',#5,#7440,$);
#7514 = PRODUCT_RELATED_PRODUCT_CATEGORY('part',$,(#7442));
#7515 = SHAPE_DEFINITION_REPRESENTATION(#7516,#7522);
#7516 = PRODUCT_DEFINITION_SHAPE('','',#7517);
#7517 = PRODUCT_DEFINITION('design','',#7518,#7521);
#7518 = PRODUCT_DEFINITION_FORMATION('','',#7519);
#7519 = PRODUCT('Open CASCADE STEP translator 7.9 2.87',
  'Open CASCADE STEP translator 7.9 2.87','',(#7520));
#7520 = PRODUCT_CONTEXT('',#2,'mechanical');
#7521 = PRODUCT_DEFINITION_CONTEXT('part definition',#2,'design');
#7522 = MANIFOLD_SURFACE_SHAPE_REPRESENTATION('',(#11,#7523),#7581);
#7523 = SHELL_BASED_SURFACE_MODEL('',(#7524));
#7524 = OPEN_SHELL('',(#7525));
#7525 = ADVANCED_FACE('',(#7526),#7540,.T.);
#7526 = FACE_BOUND('',#7527,.T.);
#7527 = EDGE_LOOP('',(#7528,#7551,#7567));
#7528 = ORIENTED_EDGE('',*,*,#7529,.T.);
#7529 = EDGE_CURVE('',#7530,#7532,#7534,.T.);
#7530 = VERTEX_POINT('',#7531);
#7531 = CARTESIAN_POINT('',(7.48075,2.72277,12.));
#7532 = VERTEX_POINT('',#7533);
#7533 = CARTESIAN_POINT('',(6.47214,4.70228,0.838889));
#7534 = SURFACE_CURVE('',#7535,(#7539),.PCURVE_S1.);
#7535 = LINE('',#7536,#7537);
#7536 = CARTESIAN_POINT('',(7.48075,2.72277,12.));
#7537 = VECTOR('',#7538,1.);
#7538 = DIRECTION('',(-8.862945296582E-02,0.173945220095,-0.980758828904
    ));
#7539 = PCURVE('',#7540,#7545);
#7540 = PLANE('',#7541);
#7541 = AXIS2_PLACEMENT_3D('',#7542,#7543,#7544);
#7542 = CARTESIAN_POINT('',(7.48075,2.72277,12.));
#7543 = DIRECTION('',(0.891006655743,0.453990241549,-0.));
#7544 = DIRECTION('',(-0.453990241549,0.891006655743,0.));
#7545 = DEFINITIONAL_REPRESENTATION('',(#7546),#7550);
#7546 = LINE('',#7547,#7548);
#7547 = CARTESIAN_POINT('',(0.,0.));
#7548 = VECTOR('',#7549,1.);
#7549 = DIRECTION('',(0.1952232556,-0.980758828904));
#7550 = ( GEOMETRIC_REPRESENTATION_CONTEXT(2) 
PARAMETRIC_REPRESENTATION_CONTEXT() REPRESENTATION_CONTEXT('2D SPACE',''
  ) );
#7551 = ORIENTED_EDGE('',*,*,#7552,.F.);
#7552 = EDGE_CURVE('',#7553,#7532,#7555,.T.);
#7553 = VERTEX_POINT('',#7554);
#7554 = CARTESIAN_POINT('',(7.48075,2.72277,338.));
#7555 = SURFACE_CURVE('',#7556,(#7560),.PCURVE_S1.);
#7556 = LINE('',#7557,#7558);
#7557 = CARTESIAN_POINT('',(7.48075,2.72277,338.));
#7558 = VECTOR('',#7559,1.);
#7559 = DIRECTION('',(-2.991412922346E-03,5.87098263344E-03,
    -0.99997829127));
#7560 = PCURVE('',#7540,#7561);
#7561 = DEFINITIONAL_REPRESENTATION('',(#7562),#7566);
#7562 = LINE('',#7563,#7564);
#7563 = CARTESIAN_POINT('',(0.,326.));
#7564 = VECTOR('',#7565,1.);
#7565 = DIRECTION('',(6.589156877335E-03,-0.99997829127));
#7566 = ( GEOMETRIC_REPRESENTATION_CONTEXT(2) 
PARAMETRIC_REPRESENTATION_CONTEXT() REPRESENTATION_CONTEXT('2D SPACE',''
  ) );
#7567 = ORIENTED_EDGE('',*,*,#7568,.F.);
#7568 = EDGE_CURVE('',#7530,#7553,#7569,.T.);
#7569 = SURFACE_CURVE('',#7570,(#7574),.PCURVE_S1.);
#7570 = LINE('',#7571,#7572);
#7571 = CARTESIAN_POINT('',(7.48075,2.72277,12.));
#7572 = VECTOR('',#7573,1.);
#7573 = DIRECTION('',(0.,0.,1.));
#7574 = PCURVE('',#7540,#7575);
#7575 = DEFINITIONAL_REPRESENTATION('',(#7576),#7580);
#7576 = LINE('',#7577,#7578);
#7577 = CARTESIAN_POINT('',(0.,0.));
#7578 = VECTOR('',#7579,1.);
#7579 = DIRECTION('',(0.,1.));
#7580 = ( GEOMETRIC_REPRESENTATION_CONTEXT(2) 
PARAMETRIC_REPRESENTATION_CONTEXT() REPRESENTATION_CONTEXT('2D SPACE',''
  ) );
#7581 = ( GEOMETRIC_REPRESENTATION_CONTEXT(3) 
GLOBAL_UNCERTAINTY_ASSIGNED_CONTEXT((#7585)) 
GLOBAL_UNIT_ASSIGNED_CONTEXT((#7582,#7583,#7584)) REPRESENTATION_CONTEXT
('Context #1','3D Context with UNIT and UNCERTAINTY') );
#7582 = ( LENGTH_UNIT() NAMED_UNIT(*) SI_UNIT(.MILLI.,.METRE.) );
#7583 = ( NAMED_UNIT(*) PLANE_ANGLE_UNIT() SI_UNIT($,.RADIAN.) );
#7584 = ( NAMED_UNIT(*) SI_UNIT($,.STERADIAN.) SOLID_ANGLE_UNIT() );
#7585 = UNCERTAINTY_MEASURE_WITH_UNIT(LENGTH_MEASURE(1.E-07),#7582,
  'distance_accuracy_value','confusion accuracy');
#7586 = CONTEXT_DEPENDENT_SHAPE_REPRESENTATION(#7587,#7589);
#7587 = ( REPRESENTATION_RELATIONSHIP('','',#7522,#10) 
REPRESENTATION_RELATIONSHIP_WITH_TRANSFORMATION(#7588) 
SHAPE_REPRESENTATION_RELATIONSHIP() );
#7588 = ITEM_DEFINED_TRANSFORMATION('','',#11,#359);
#7589 = PRODUCT_DEFINITION_SHAPE('Placement','Placement of an item',
  #7590);
#7590 = NEXT_ASSEMBLY_USAGE_OCCURRENCE('1851','','',#5,#7517,$);
#7591 = PRODUCT_RELATED_PRODUCT_CATEGORY('part',$,(#7519));
#7592 = SHAPE_DEFINITION_REPRESENTATION(#7593,#7599);
#7593 = PRODUCT_DEFINITION_SHAPE('','',#7594);
#7594 = PRODUCT_DEFINITION('design','',#7595,#7598);
#7595 = PRODUCT_DEFINITION_FORMATION('','',#7596);
#7596 = PRODUCT('Open CASCADE STEP translator 7.9 2.88',
  'Open CASCADE STEP translator 7.9 2.88','',(#7597));
#7597 = PRODUCT_CONTEXT('',#2,'mechanical');
#7598 = PRODUCT_DEFINITION_CONTEXT('part definition',#2,'design');
#7599 = MANIFOLD_SURFACE_SHAPE_REPRESENTATION('',(#11,#7600),#7658);
#7600 = SHELL_BASED_SURFACE_MODEL('',(#7601));
#7601 = OPEN_SHELL('',(#7602));
#7602 = ADVANCED_FACE('',(#7603),#7617,.T.);
#7603 = FACE_BOUND('',#7604,.T.);
#7604 = EDGE_LOOP('',(#7605,#7628,#7644));
#7605 = ORIENTED_EDGE('',*,*,#7606,.T.);
#7606 = EDGE_CURVE('',#7607,#7609,#7611,.T.);
#7607 = VERTEX_POINT('',#7608);
#7608 = CARTESIAN_POINT('',(7.48075,2.72277,7.));
#7609 = VERTEX_POINT('',#7610);
#7610 = CARTESIAN_POINT('',(6.47214,4.70228,0.838889));
#7611 = SURFACE_CURVE('',#7612,(#7616),.PCURVE_S1.);
#7612 = LINE('',#7613,#7614);
#7613 = CARTESIAN_POINT('',(7.48075,2.72277,7.));
#7614 = VECTOR('',#7615,1.);
#7615 = DIRECTION('',(-0.153999644163,0.302241535991,-0.940709393766));
#7616 = PCURVE('',#7617,#7622);
#7617 = PLANE('',#7618);
#7618 = AXIS2_PLACEMENT_3D('',#7619,#7620,#7621);
#7619 = CARTESIAN_POINT('',(7.48075,2.72277,7.));
#7620 = DIRECTION('',(0.891006655743,0.453990241549,-2.327888895293E-17)
  );
#7621 = DIRECTION('',(-0.453990241549,0.891006655743,0.));
#7622 = DEFINITIONAL_REPRESENTATION('',(#7623),#7627);
#7623 = LINE('',#7624,#7625);
#7624 = CARTESIAN_POINT('',(0.,0.));
#7625 = VECTOR('',#7626,1.);
#7626 = DIRECTION('',(0.339213555862,-0.940709393766));
#7627 = ( GEOMETRIC_REPRESENTATION_CONTEXT(2) 
PARAMETRIC_REPRESENTATION_CONTEXT() REPRESENTATION_CONTEXT('2D SPACE',''
  ) );
#7628 = ORIENTED_EDGE('',*,*,#7629,.F.);
#7629 = EDGE_CURVE('',#7630,#7609,#7632,.T.);
#7630 = VERTEX_POINT('',#7631);
#7631 = CARTESIAN_POINT('',(7.48075,2.72277,12.));
#7632 = SURFACE_CURVE('',#7633,(#7637),.PCURVE_S1.);
#7633 = LINE('',#7634,#7635);
#7634 = CARTESIAN_POINT('',(7.48075,2.72277,12.));
#7635 = VECTOR('',#7636,1.);
#7636 = DIRECTION('',(-8.862945296582E-02,0.173945220095,-0.980758828904
    ));
#7637 = PCURVE('',#7617,#7638);
#7638 = DEFINITIONAL_REPRESENTATION('',(#7639),#7643);
#7639 = LINE('',#7640,#7641);
#7640 = CARTESIAN_POINT('',(0.,5.));
#7641 = VECTOR('',#7642,1.);
#7642 = DIRECTION('',(0.1952232556,-0.980758828904));
#7643 = ( GEOMETRIC_REPRESENTATION_CONTEXT(2) 
PARAMETRIC_REPRESENTATION_CONTEXT() REPRESENTATION_CONTEXT('2D SPACE',''
  ) );
#7644 = ORIENTED_EDGE('',*,*,#7645,.F.);
#7645 = EDGE_CURVE('',#7607,#7630,#7646,.T.);
#7646 = SURFACE_CURVE('',#7647,(#7651),.PCURVE_S1.);
#7647 = LINE('',#7648,#7649);
#7648 = CARTESIAN_POINT('',(7.48075,2.72277,7.));
#7649 = VECTOR('',#7650,1.);
#7650 = DIRECTION('',(0.,0.,1.));
#7651 = PCURVE('',#7617,#7652);
#7652 = DEFINITIONAL_REPRESENTATION('',(#7653),#7657);
#7653 = LINE('',#7654,#7655);
#7654 = CARTESIAN_POINT('',(0.,0.));
#7655 = VECTOR('',#7656,1.);
#7656 = DIRECTION('',(-1.54074395551E-33,1.));
#7657 = ( GEOMETRIC_REPRESENTATION_CONTEXT(2) 
PARAMETRIC_REPRESENTATION_CONTEXT() REPRESENTATION_CONTEXT('2D SPACE',''
  ) );
#7658 = ( GEOMETRIC_REPRESENTATION_CONTEXT(3) 
GLOBAL_UNCERTAINTY_ASSIGNED_CONTEXT((#7662)) 
GLOBAL_UNIT_ASSIGNED_CONTEXT((#7659,#7660,#7661)) REPRESENTATION_CONTEXT
('Context #1','3D Context with UNIT and UNCERTAINTY') );
#7659 = ( LENGTH_UNIT() NAMED_UNIT(*) SI_UNIT(.MILLI.,.METRE.) );
#7660 = ( NAMED_UNIT(*) PLANE_ANGLE_UNIT() SI_UNIT($,.RADIAN.) );
#7661 = ( NAMED_UNIT(*) SI_UNIT($,.STERADIAN.) SOLID_ANGLE_UNIT() );
#7662 = UNCERTAINTY_MEASURE_WITH_UNIT(LENGTH_MEASURE(1.E-07),#7659,
  'distance_accuracy_value','confusion accuracy');
#7663 = CONTEXT_DEPENDENT_SHAPE_REPRESENTATION(#7664,#7666);
#7664 = ( REPRESENTATION_RELATIONSHIP('','',#7599,#10) 
REPRESENTATION_RELATIONSHIP_WITH_TRANSFORMATION(#7665) 
SHAPE_REPRESENTATION_RELATIONSHIP() );
#7665 = ITEM_DEFINED_TRANSFORMATION('','',#11,#363);
#7666 = PRODUCT_DEFINITION_SHAPE('Placement','Placement of an item',
  #7667);
#7667 = NEXT_ASSEMBLY_USAGE_OCCURRENCE('1852','','',#5,#7594,$);
#7668 = PRODUCT_RELATED_PRODUCT_CATEGORY('part',$,(#7596));
#7669 = SHAPE_DEFINITION_REPRESENTATION(#7670,#7676);
#7670 = PRODUCT_DEFINITION_SHAPE('','',#7671);
#7671 = PRODUCT_DEFINITION('design','',#7672,#7675);
#7672 = PRODUCT_DEFINITION_FORMATION('','',#7673);
#7673 = PRODUCT('Open CASCADE STEP translator 7.9 2.89',
  'Open CASCADE STEP translator 7.9 2.89','',(#7674));
#7674 = PRODUCT_CONTEXT('',#2,'mechanical');
#7675 = PRODUCT_DEFINITION_CONTEXT('part definition',#2,'design');
#7676 = MANIFOLD_SURFACE_SHAPE_REPRESENTATION('',(#11,#7677),#7735);
#7677 = SHELL_BASED_SURFACE_MODEL('',(#7678));
#7678 = OPEN_SHELL('',(#7679));
#7679 = ADVANCED_FACE('',(#7680),#7694,.T.);
#7680 = FACE_BOUND('',#7681,.T.);
#7681 = EDGE_LOOP('',(#7682,#7705,#7721));
#7682 = ORIENTED_EDGE('',*,*,#7683,.T.);
#7683 = EDGE_CURVE('',#7684,#7686,#7688,.T.);
#7684 = VERTEX_POINT('',#7685);
#7685 = CARTESIAN_POINT('',(7.48075,2.72277,7.));
#7686 = VERTEX_POINT('',#7687);
#7687 = CARTESIAN_POINT('',(7.60845,2.47214,0.83889));
#7688 = SURFACE_CURVE('',#7689,(#7693),.PCURVE_S1.);
#7689 = LINE('',#7690,#7691);
#7690 = CARTESIAN_POINT('',(7.48075,2.72277,7.));
#7691 = VECTOR('',#7692,1.);
#7692 = DIRECTION('',(2.070521677667E-02,-4.063702804023E-02,
    -0.998959421573));
#7693 = PCURVE('',#7694,#7699);
#7694 = PLANE('',#7695);
#7695 = AXIS2_PLACEMENT_3D('',#7696,#7697,#7698);
#7696 = CARTESIAN_POINT('',(7.48075,2.72277,7.));
#7697 = DIRECTION('',(0.891007022915,0.453989520931,-2.916365123159E-07)
  );
#7698 = DIRECTION('',(-0.453989520931,0.891007022916,-1.323488980085E-23
    ));
#7699 = DEFINITIONAL_REPRESENTATION('',(#7700),#7704);
#7700 = LINE('',#7701,#7702);
#7701 = CARTESIAN_POINT('',(0.,0.));
#7702 = VECTOR('',#7703,1.);
#7703 = DIRECTION('',(-4.560782881948E-02,-0.998959421573));
#7704 = ( GEOMETRIC_REPRESENTATION_CONTEXT(2) 
PARAMETRIC_REPRESENTATION_CONTEXT() REPRESENTATION_CONTEXT('2D SPACE',''
  ) );
#7705 = ORIENTED_EDGE('',*,*,#7706,.T.);
#7706 = EDGE_CURVE('',#7686,#7707,#7709,.T.);
#7707 = VERTEX_POINT('',#7708);
#7708 = CARTESIAN_POINT('',(6.47214,4.70228,0.83889));
#7709 = SURFACE_CURVE('',#7710,(#7714),.PCURVE_S1.);
#7710 = LINE('',#7711,#7712);
#7711 = CARTESIAN_POINT('',(7.60845,2.47214,0.83889));
#7712 = VECTOR('',#7713,1.);
#7713 = DIRECTION('',(-0.453989520931,0.891007022916,0.));
#7714 = PCURVE('',#7694,#7715);
#7715 = DEFINITIONAL_REPRESENTATION('',(#7716),#7720);
#7716 = LINE('',#7717,#7718);
#7717 = CARTESIAN_POINT('',(-0.281287551976,-6.16111));
#7718 = VECTOR('',#7719,1.);
#7719 = DIRECTION('',(1.,0.));
#7720 = ( GEOMETRIC_REPRESENTATION_CONTEXT(2) 
PARAMETRIC_REPRESENTATION_CONTEXT() REPRESENTATION_CONTEXT('2D SPACE',''
  ) );
#7721 = ORIENTED_EDGE('',*,*,#7722,.F.);
#7722 = EDGE_CURVE('',#7684,#7707,#7723,.T.);
#7723 = SURFACE_CURVE('',#7724,(#7728),.PCURVE_S1.);
#7724 = LINE('',#7725,#7726);
#7725 = CARTESIAN_POINT('',(7.48075,2.72277,7.));
#7726 = VECTOR('',#7727,1.);
#7727 = DIRECTION('',(-0.153999666282,0.302241579403,-0.940709376197));
#7728 = PCURVE('',#7694,#7729);
#7729 = DEFINITIONAL_REPRESENTATION('',(#7730),#7734);
#7730 = LINE('',#7731,#7732);
#7731 = CARTESIAN_POINT('',(0.,0.));
#7732 = VECTOR('',#7733,1.);
#7733 = DIRECTION('',(0.339213604584,-0.940709376197));
#7734 = ( GEOMETRIC_REPRESENTATION_CONTEXT(2) 
PARAMETRIC_REPRESENTATION_CONTEXT() REPRESENTATION_CONTEXT('2D SPACE',''
  ) );
#7735 = ( GEOMETRIC_REPRESENTATION_CONTEXT(3) 
GLOBAL_UNCERTAINTY_ASSIGNED_CONTEXT((#7739)) 
GLOBAL_UNIT_ASSIGNED_CONTEXT((#7736,#7737,#7738)) REPRESENTATION_CONTEXT
('Context #1','3D Context with UNIT and UNCERTAINTY') );
#7736 = ( LENGTH_UNIT() NAMED_UNIT(*) SI_UNIT(.MILLI.,.METRE.) );
#7737 = ( NAMED_UNIT(*) PLANE_ANGLE_UNIT() SI_UNIT($,.RADIAN.) );
#7738 = ( NAMED_UNIT(*) SI_UNIT($,.STERADIAN.) SOLID_ANGLE_UNIT() );
#7739 = UNCERTAINTY_MEASURE_WITH_UNIT(LENGTH_MEASURE(1.E-07),#7736,
  'distance_accuracy_value','confusion accuracy');
#7740 = CONTEXT_DEPENDENT_SHAPE_REPRESENTATION(#7741,#7743);
#7741 = ( REPRESENTATION_RELATIONSHIP('','',#7676,#10) 
REPRESENTATION_RELATIONSHIP_WITH_TRANSFORMATION(#7742) 
SHAPE_REPRESENTATION_RELATIONSHIP() );
#7742 = ITEM_DEFINED_TRANSFORMATION('','',#11,#367);
#7743 = PRODUCT_DEFINITION_SHAPE('Placement','Placement of an item',
  #7744);
#7744 = NEXT_ASSEMBLY_USAGE_OCCURRENCE('1853','','',#5,#7671,$);
#7745 = PRODUCT_RELATED_PRODUCT_CATEGORY('part',$,(#7673));
#7746 = SHAPE_DEFINITION_REPRESENTATION(#7747,#7753);
#7747 = PRODUCT_DEFINITION_SHAPE('','',#7748);
#7748 = PRODUCT_DEFINITION('design','',#7749,#7752);
#7749 = PRODUCT_DEFINITION_FORMATION('','',#7750);
#7750 = PRODUCT('Open CASCADE STEP translator 7.9 2.90',
  'Open CASCADE STEP translator 7.9 2.90','',(#7751));
#7751 = PRODUCT_CONTEXT('',#2,'mechanical');
#7752 = PRODUCT_DEFINITION_CONTEXT('part definition',#2,'design');
#7753 = MANIFOLD_SURFACE_SHAPE_REPRESENTATION('',(#11,#7754),#7812);
#7754 = SHELL_BASED_SURFACE_MODEL('',(#7755));
#7755 = OPEN_SHELL('',(#7756));
#7756 = ADVANCED_FACE('',(#7757),#7771,.T.);
#7757 = FACE_BOUND('',#7758,.T.);
#7758 = EDGE_LOOP('',(#7759,#7782,#7798));
#7759 = ORIENTED_EDGE('',*,*,#7760,.T.);
#7760 = EDGE_CURVE('',#7761,#7763,#7765,.T.);
#7761 = VERTEX_POINT('',#7762);
#7762 = CARTESIAN_POINT('',(7.60845,2.47214,7.));
#7763 = VERTEX_POINT('',#7764);
#7764 = CARTESIAN_POINT('',(7.60845,2.47214,0.83889));
#7765 = SURFACE_CURVE('',#7766,(#7770),.PCURVE_S1.);
#7766 = LINE('',#7767,#7768);
#7767 = CARTESIAN_POINT('',(7.60845,2.47214,7.));
#7768 = VECTOR('',#7769,1.);
#7769 = DIRECTION('',(0.,0.,-1.));
#7770 = PCURVE('',#7771,#7776);
#7771 = PLANE('',#7772);
#7772 = AXIS2_PLACEMENT_3D('',#7773,#7774,#7775);
#7773 = CARTESIAN_POINT('',(7.60845,2.47214,7.));
#7774 = DIRECTION('',(0.891009922885,0.45398382936,0.));
#7775 = DIRECTION('',(-0.45398382936,0.891009922885,0.));
#7776 = DEFINITIONAL_REPRESENTATION('',(#7777),#7781);
#7777 = LINE('',#7778,#7779);
#7778 = CARTESIAN_POINT('',(0.,0.));
#7779 = VECTOR('',#7780,1.);
#7780 = DIRECTION('',(0.,-1.));
#7781 = ( GEOMETRIC_REPRESENTATION_CONTEXT(2) 
PARAMETRIC_REPRESENTATION_CONTEXT() REPRESENTATION_CONTEXT('2D SPACE',''
  ) );
#7782 = ORIENTED_EDGE('',*,*,#7783,.F.);
#7783 = EDGE_CURVE('',#7784,#7763,#7786,.T.);
#7784 = VERTEX_POINT('',#7785);
#7785 = CARTESIAN_POINT('',(7.48075,2.72277,7.));
#7786 = SURFACE_CURVE('',#7787,(#7791),.PCURVE_S1.);
#7787 = LINE('',#7788,#7789);
#7788 = CARTESIAN_POINT('',(7.48075,2.72277,7.));
#7789 = VECTOR('',#7790,1.);
#7790 = DIRECTION('',(2.070521677667E-02,-4.063702804023E-02,
    -0.998959421573));
#7791 = PCURVE('',#7771,#7792);
#7792 = DEFINITIONAL_REPRESENTATION('',(#7793),#7797);
#7793 = LINE('',#7794,#7795);
#7794 = CARTESIAN_POINT('',(0.281287551982,0.));
#7795 = VECTOR('',#7796,1.);
#7796 = DIRECTION('',(-4.560782882041E-02,-0.998959421573));
#7797 = ( GEOMETRIC_REPRESENTATION_CONTEXT(2) 
PARAMETRIC_REPRESENTATION_CONTEXT() REPRESENTATION_CONTEXT('2D SPACE',''
  ) );
#7798 = ORIENTED_EDGE('',*,*,#7799,.F.);
#7799 = EDGE_CURVE('',#7761,#7784,#7800,.T.);
#7800 = SURFACE_CURVE('',#7801,(#7805),.PCURVE_S1.);
#7801 = LINE('',#7802,#7803);
#7802 = CARTESIAN_POINT('',(7.60845,2.47214,7.));
#7803 = VECTOR('',#7804,1.);
#7804 = DIRECTION('',(-0.45398382936,0.891009922885,0.));
#7805 = PCURVE('',#7771,#7806);
#7806 = DEFINITIONAL_REPRESENTATION('',(#7807),#7811);
#7807 = LINE('',#7808,#7809);
#7808 = CARTESIAN_POINT('',(0.,0.));
#7809 = VECTOR('',#7810,1.);
#7810 = DIRECTION('',(1.,0.));
#7811 = ( GEOMETRIC_REPRESENTATION_CONTEXT(2) 
PARAMETRIC_REPRESENTATION_CONTEXT() REPRESENTATION_CONTEXT('2D SPACE',''
  ) );
#7812 = ( GEOMETRIC_REPRESENTATION_CONTEXT(3) 
GLOBAL_UNCERTAINTY_ASSIGNED_CONTEXT((#7816)) 
GLOBAL_UNIT_ASSIGNED_CONTEXT((#7813,#7814,#7815)) REPRESENTATION_CONTEXT
('Context #1','3D Context with UNIT and UNCERTAINTY') );
#7813 = ( LENGTH_UNIT() NAMED_UNIT(*) SI_UNIT(.MILLI.,.METRE.) );
#7814 = ( NAMED_UNIT(*) PLANE_ANGLE_UNIT() SI_UNIT($,.RADIAN.) );
#7815 = ( NAMED_UNIT(*) SI_UNIT($,.STERADIAN.) SOLID_ANGLE_UNIT() );
#7816 = UNCERTAINTY_MEASURE_WITH_UNIT(LENGTH_MEASURE(1.E-07),#7813,
  'distance_accuracy_value','confusion accuracy');
#7817 = CONTEXT_DEPENDENT_SHAPE_REPRESENTATION(#7818,#7820);
#7818 = ( REPRESENTATION_RELATIONSHIP('','',#7753,#10) 
REPRESENTATION_RELATIONSHIP_WITH_TRANSFORMATION(#7819) 
SHAPE_REPRESENTATION_RELATIONSHIP() );
#7819 = ITEM_DEFINED_TRANSFORMATION('','',#11,#371);
#7820 = PRODUCT_DEFINITION_SHAPE('Placement','Placement of an item',
  #7821);
#7821 = NEXT_ASSEMBLY_USAGE_OCCURRENCE('1854','','',#5,#7748,$);
#7822 = PRODUCT_RELATED_PRODUCT_CATEGORY('part',$,(#7750));
#7823 = SHAPE_DEFINITION_REPRESENTATION(#7824,#7830);
#7824 = PRODUCT_DEFINITION_SHAPE('','',#7825);
#7825 = PRODUCT_DEFINITION('design','',#7826,#7829);
#7826 = PRODUCT_DEFINITION_FORMATION('','',#7827);
#7827 = PRODUCT('Open CASCADE STEP translator 7.9 2.91',
  'Open CASCADE STEP translator 7.9 2.91','',(#7828));
#7828 = PRODUCT_CONTEXT('',#2,'mechanical');
#7829 = PRODUCT_DEFINITION_CONTEXT('part definition',#2,'design');
#7830 = MANIFOLD_SURFACE_SHAPE_REPRESENTATION('',(#11,#7831),#7889);
#7831 = SHELL_BASED_SURFACE_MODEL('',(#7832));
#7832 = OPEN_SHELL('',(#7833));
#7833 = ADVANCED_FACE('',(#7834),#7848,.T.);
#7834 = FACE_BOUND('',#7835,.T.);
#7835 = EDGE_LOOP('',(#7836,#7859,#7875));
#7836 = ORIENTED_EDGE('',*,*,#7837,.T.);
#7837 = EDGE_CURVE('',#7838,#7840,#7842,.T.);
#7838 = VERTEX_POINT('',#7839);
#7839 = CARTESIAN_POINT('',(8.,0.,338.));
#7840 = VERTEX_POINT('',#7841);
#7841 = CARTESIAN_POINT('',(7.60845,2.47214,12.));
#7842 = SURFACE_CURVE('',#7843,(#7847),.PCURVE_S1.);
#7843 = LINE('',#7844,#7845);
#7844 = CARTESIAN_POINT('',(8.,0.,338.));
#7845 = VECTOR('',#7846,1.);
#7846 = DIRECTION('',(-1.201038220584E-03,7.5830280338E-03,
    -0.999970527162));
#7847 = PCURVE('',#7848,#7853);
#7848 = PLANE('',#7849);
#7849 = AXIS2_PLACEMENT_3D('',#7850,#7851,#7852);
#7850 = CARTESIAN_POINT('',(8.,0.,338.));
#7851 = DIRECTION('',(0.987688248635,0.15643504565,0.));
#7852 = DIRECTION('',(-0.15643504565,0.987688248635,0.));
#7853 = DEFINITIONAL_REPRESENTATION('',(#7854),#7858);
#7854 = LINE('',#7855,#7856);
#7855 = CARTESIAN_POINT('',(0.,0.));
#7856 = VECTOR('',#7857,1.);
#7857 = DIRECTION('',(7.677552146921E-03,-0.999970527162));
#7858 = ( GEOMETRIC_REPRESENTATION_CONTEXT(2) 
PARAMETRIC_REPRESENTATION_CONTEXT() REPRESENTATION_CONTEXT('2D SPACE',''
  ) );
#7859 = ORIENTED_EDGE('',*,*,#7860,.F.);
#7860 = EDGE_CURVE('',#7861,#7840,#7863,.T.);
#7861 = VERTEX_POINT('',#7862);
#7862 = CARTESIAN_POINT('',(7.60845,2.47214,338.));
#7863 = SURFACE_CURVE('',#7864,(#7868),.PCURVE_S1.);
#7864 = LINE('',#7865,#7866);
#7865 = CARTESIAN_POINT('',(7.60845,2.47214,338.));
#7866 = VECTOR('',#7867,1.);
#7867 = DIRECTION('',(0.,0.,-1.));
#7868 = PCURVE('',#7848,#7869);
#7869 = DEFINITIONAL_REPRESENTATION('',(#7870),#7874);
#7870 = LINE('',#7871,#7872);
#7871 = CARTESIAN_POINT('',(2.502955769106,0.));
#7872 = VECTOR('',#7873,1.);
#7873 = DIRECTION('',(0.,-1.));
#7874 = ( GEOMETRIC_REPRESENTATION_CONTEXT(2) 
PARAMETRIC_REPRESENTATION_CONTEXT() REPRESENTATION_CONTEXT('2D SPACE',''
  ) );
#7875 = ORIENTED_EDGE('',*,*,#7876,.F.);
#7876 = EDGE_CURVE('',#7838,#7861,#7877,.T.);
#7877 = SURFACE_CURVE('',#7878,(#7882),.PCURVE_S1.);
#7878 = LINE('',#7879,#7880);
#7879 = CARTESIAN_POINT('',(8.,0.,338.));
#7880 = VECTOR('',#7881,1.);
#7881 = DIRECTION('',(-0.15643504565,0.987688248635,0.));
#7882 = PCURVE('',#7848,#7883);
#7883 = DEFINITIONAL_REPRESENTATION('',(#7884),#7888);
#7884 = LINE('',#7885,#7886);
#7885 = CARTESIAN_POINT('',(0.,0.));
#7886 = VECTOR('',#7887,1.);
#7887 = DIRECTION('',(1.,0.));
#7888 = ( GEOMETRIC_REPRESENTATION_CONTEXT(2) 
PARAMETRIC_REPRESENTATION_CONTEXT() REPRESENTATION_CONTEXT('2D SPACE',''
  ) );
#7889 = ( GEOMETRIC_REPRESENTATION_CONTEXT(3) 
GLOBAL_UNCERTAINTY_ASSIGNED_CONTEXT((#7893)) 
GLOBAL_UNIT_ASSIGNED_CONTEXT((#7890,#7891,#7892)) REPRESENTATION_CONTEXT
('Context #1','3D Context with UNIT and UNCERTAINTY') );
#7890 = ( LENGTH_UNIT() NAMED_UNIT(*) SI_UNIT(.MILLI.,.METRE.) );
#7891 = ( NAMED_UNIT(*) PLANE_ANGLE_UNIT() SI_UNIT($,.RADIAN.) );
#7892 = ( NAMED_UNIT(*) SI_UNIT($,.STERADIAN.) SOLID_ANGLE_UNIT() );
#7893 = UNCERTAINTY_MEASURE_WITH_UNIT(LENGTH_MEASURE(1.E-07),#7890,
  'distance_accuracy_value','confusion accuracy');
#7894 = CONTEXT_DEPENDENT_SHAPE_REPRESENTATION(#7895,#7897);
#7895 = ( REPRESENTATION_RELATIONSHIP('','',#7830,#10) 
REPRESENTATION_RELATIONSHIP_WITH_TRANSFORMATION(#7896) 
SHAPE_REPRESENTATION_RELATIONSHIP() );
#7896 = ITEM_DEFINED_TRANSFORMATION('','',#11,#375);
#7897 = PRODUCT_DEFINITION_SHAPE('Placement','Placement of an item',
  #7898);
#7898 = NEXT_ASSEMBLY_USAGE_OCCURRENCE('1855','','',#5,#7825,$);
#7899 = PRODUCT_RELATED_PRODUCT_CATEGORY('part',$,(#7827));
#7900 = SHAPE_DEFINITION_REPRESENTATION(#7901,#7907);
#7901 = PRODUCT_DEFINITION_SHAPE('','',#7902);
#7902 = PRODUCT_DEFINITION('design','',#7903,#7906);
#7903 = PRODUCT_DEFINITION_FORMATION('','',#7904);
#7904 = PRODUCT('Open CASCADE STEP translator 7.9 2.92',
  'Open CASCADE STEP translator 7.9 2.92','',(#7905));
#7905 = PRODUCT_CONTEXT('',#2,'mechanical');
#7906 = PRODUCT_DEFINITION_CONTEXT('part definition',#2,'design');
#7907 = MANIFOLD_SURFACE_SHAPE_REPRESENTATION('',(#11,#7908),#7966);
#7908 = SHELL_BASED_SURFACE_MODEL('',(#7909));
#7909 = OPEN_SHELL('',(#7910));
#7910 = ADVANCED_FACE('',(#7911),#7925,.T.);
#7911 = FACE_BOUND('',#7912,.T.);
#7912 = EDGE_LOOP('',(#7913,#7936,#7952));
#7913 = ORIENTED_EDGE('',*,*,#7914,.F.);
#7914 = EDGE_CURVE('',#7915,#7917,#7919,.T.);
#7915 = VERTEX_POINT('',#7916);
#7916 = CARTESIAN_POINT('',(8.,0.,338.));
#7917 = VERTEX_POINT('',#7918);
#7918 = CARTESIAN_POINT('',(7.60845,2.47214,12.));
#7919 = SURFACE_CURVE('',#7920,(#7924),.PCURVE_S1.);
#7920 = LINE('',#7921,#7922);
#7921 = CARTESIAN_POINT('',(8.,0.,338.));
#7922 = VECTOR('',#7923,1.);
#7923 = DIRECTION('',(-1.201038220584E-03,7.5830280338E-03,
    -0.999970527162));
#7924 = PCURVE('',#7925,#7930);
#7925 = PLANE('',#7926);
#7926 = AXIS2_PLACEMENT_3D('',#7927,#7928,#7929);
#7927 = CARTESIAN_POINT('',(7.60845,2.47214,12.));
#7928 = DIRECTION('',(0.987688248635,0.15643504565,0.));
#7929 = DIRECTION('',(-0.15643504565,0.987688248635,0.));
#7930 = DEFINITIONAL_REPRESENTATION('',(#7931),#7935);
#7931 = LINE('',#7932,#7933);
#7932 = CARTESIAN_POINT('',(-2.502955769106,326.));
#7933 = VECTOR('',#7934,1.);
#7934 = DIRECTION('',(7.677552146921E-03,-0.999970527162));
#7935 = ( GEOMETRIC_REPRESENTATION_CONTEXT(2) 
PARAMETRIC_REPRESENTATION_CONTEXT() REPRESENTATION_CONTEXT('2D SPACE',''
  ) );
#7936 = ORIENTED_EDGE('',*,*,#7937,.T.);
#7937 = EDGE_CURVE('',#7915,#7938,#7940,.T.);
#7938 = VERTEX_POINT('',#7939);
#7939 = CARTESIAN_POINT('',(8.,0.,12.));
#7940 = SURFACE_CURVE('',#7941,(#7945),.PCURVE_S1.);
#7941 = LINE('',#7942,#7943);
#7942 = CARTESIAN_POINT('',(8.,0.,338.));
#7943 = VECTOR('',#7944,1.);
#7944 = DIRECTION('',(0.,0.,-1.));
#7945 = PCURVE('',#7925,#7946);
#7946 = DEFINITIONAL_REPRESENTATION('',(#7947),#7951);
#7947 = LINE('',#7948,#7949);
#7948 = CARTESIAN_POINT('',(-2.502955769106,326.));
#7949 = VECTOR('',#7950,1.);
#7950 = DIRECTION('',(0.,-1.));
#7951 = ( GEOMETRIC_REPRESENTATION_CONTEXT(2) 
PARAMETRIC_REPRESENTATION_CONTEXT() REPRESENTATION_CONTEXT('2D SPACE',''
  ) );
#7952 = ORIENTED_EDGE('',*,*,#7953,.F.);
#7953 = EDGE_CURVE('',#7917,#7938,#7954,.T.);
#7954 = SURFACE_CURVE('',#7955,(#7959),.PCURVE_S1.);
#7955 = LINE('',#7956,#7957);
#7956 = CARTESIAN_POINT('',(7.60845,2.47214,12.));
#7957 = VECTOR('',#7958,1.);
#7958 = DIRECTION('',(0.15643504565,-0.987688248635,0.));
#7959 = PCURVE('',#7925,#7960);
#7960 = DEFINITIONAL_REPRESENTATION('',(#7961),#7965);
#7961 = LINE('',#7962,#7963);
#7962 = CARTESIAN_POINT('',(0.,0.));
#7963 = VECTOR('',#7964,1.);
#7964 = DIRECTION('',(-1.,0.));
#7965 = ( GEOMETRIC_REPRESENTATION_CONTEXT(2) 
PARAMETRIC_REPRESENTATION_CONTEXT() REPRESENTATION_CONTEXT('2D SPACE',''
  ) );
#7966 = ( GEOMETRIC_REPRESENTATION_CONTEXT(3) 
GLOBAL_UNCERTAINTY_ASSIGNED_CONTEXT((#7970)) 
GLOBAL_UNIT_ASSIGNED_CONTEXT((#7967,#7968,#7969)) REPRESENTATION_CONTEXT
('Context #1','3D Context with UNIT and UNCERTAINTY') );
#7967 = ( LENGTH_UNIT() NAMED_UNIT(*) SI_UNIT(.MILLI.,.METRE.) );
#7968 = ( NAMED_UNIT(*) PLANE_ANGLE_UNIT() SI_UNIT($,.RADIAN.) );
#7969 = ( NAMED_UNIT(*) SI_UNIT($,.STERADIAN.) SOLID_ANGLE_UNIT() );
#7970 = UNCERTAINTY_MEASURE_WITH_UNIT(LENGTH_MEASURE(1.E-07),#7967,
  'distance_accuracy_value','confusion accuracy');
#7971 = CONTEXT_DEPENDENT_SHAPE_REPRESENTATION(#7972,#7974);
#7972 = ( REPRESENTATION_RELATIONSHIP('','',#7907,#10) 
REPRESENTATION_RELATIONSHIP_WITH_TRANSFORMATION(#7973) 
SHAPE_REPRESENTATION_RELATIONSHIP() );
#7973 = ITEM_DEFINED_TRANSFORMATION('','',#11,#379);
#7974 = PRODUCT_DEFINITION_SHAPE('Placement','Placement of an item',
  #7975);
#7975 = NEXT_ASSEMBLY_USAGE_OCCURRENCE('1856','','',#5,#7902,$);
#7976 = PRODUCT_RELATED_PRODUCT_CATEGORY('part',$,(#7904));
#7977 = SHAPE_DEFINITION_REPRESENTATION(#7978,#7984);
#7978 = PRODUCT_DEFINITION_SHAPE('','',#7979);
#7979 = PRODUCT_DEFINITION('design','',#7980,#7983);
#7980 = PRODUCT_DEFINITION_FORMATION('','',#7981);
#7981 = PRODUCT('Open CASCADE STEP translator 7.9 2.93',
  'Open CASCADE STEP translator 7.9 2.93','',(#7982));
#7982 = PRODUCT_CONTEXT('',#2,'mechanical');
#7983 = PRODUCT_DEFINITION_CONTEXT('part definition',#2,'design');
#7984 = MANIFOLD_SURFACE_SHAPE_REPRESENTATION('',(#11,#7985),#8043);
#7985 = SHELL_BASED_SURFACE_MODEL('',(#7986));
#7986 = OPEN_SHELL('',(#7987));
#7987 = ADVANCED_FACE('',(#7988),#8002,.T.);
#7988 = FACE_BOUND('',#7989,.T.);
#7989 = EDGE_LOOP('',(#7990,#8013,#8029));
#7990 = ORIENTED_EDGE('',*,*,#7991,.T.);
#7991 = EDGE_CURVE('',#7992,#7994,#7996,.T.);
#7992 = VERTEX_POINT('',#7993);
#7993 = CARTESIAN_POINT('',(8.,0.,7.));
#7994 = VERTEX_POINT('',#7995);
#7995 = CARTESIAN_POINT('',(7.60845,2.47214,0.83889));
#7996 = SURFACE_CURVE('',#7997,(#8001),.PCURVE_S1.);
#7997 = LINE('',#7998,#7999);
#7998 = CARTESIAN_POINT('',(8.,0.,7.));
#7999 = VECTOR('',#8000,1.);
#8000 = DIRECTION('',(-5.887865807854E-02,0.371743802279,-0.926466323776
    ));
#8001 = PCURVE('',#8002,#8007);
#8002 = PLANE('',#8003);
#8003 = AXIS2_PLACEMENT_3D('',#8004,#8005,#8006);
#8004 = CARTESIAN_POINT('',(8.,0.,7.));
#8005 = DIRECTION('',(0.987688248635,0.15643504565,0.));
#8006 = DIRECTION('',(-0.15643504565,0.987688248635,0.));
#8007 = DEFINITIONAL_REPRESENTATION('',(#8008),#8012);
#8008 = LINE('',#8009,#8010);
#8009 = CARTESIAN_POINT('',(0.,0.));
#8010 = VECTOR('',#8011,1.);
#8011 = DIRECTION('',(0.376377670578,-0.926466323776));
#8012 = ( GEOMETRIC_REPRESENTATION_CONTEXT(2) 
PARAMETRIC_REPRESENTATION_CONTEXT() REPRESENTATION_CONTEXT('2D SPACE',''
  ) );
#8013 = ORIENTED_EDGE('',*,*,#8014,.F.);
#8014 = EDGE_CURVE('',#8015,#7994,#8017,.T.);
#8015 = VERTEX_POINT('',#8016);
#8016 = CARTESIAN_POINT('',(7.60845,2.47214,7.));
#8017 = SURFACE_CURVE('',#8018,(#8022),.PCURVE_S1.);
#8018 = LINE('',#8019,#8020);
#8019 = CARTESIAN_POINT('',(7.60845,2.47214,7.));
#8020 = VECTOR('',#8021,1.);
#8021 = DIRECTION('',(0.,0.,-1.));
#8022 = PCURVE('',#8002,#8023);
#8023 = DEFINITIONAL_REPRESENTATION('',(#8024),#8028);
#8024 = LINE('',#8025,#8026);
#8025 = CARTESIAN_POINT('',(2.502955769106,0.));
#8026 = VECTOR('',#8027,1.);
#8027 = DIRECTION('',(0.,-1.));
#8028 = ( GEOMETRIC_REPRESENTATION_CONTEXT(2) 
PARAMETRIC_REPRESENTATION_CONTEXT() REPRESENTATION_CONTEXT('2D SPACE',''
  ) );
#8029 = ORIENTED_EDGE('',*,*,#8030,.F.);
#8030 = EDGE_CURVE('',#7992,#8015,#8031,.T.);
#8031 = SURFACE_CURVE('',#8032,(#8036),.PCURVE_S1.);
#8032 = LINE('',#8033,#8034);
#8033 = CARTESIAN_POINT('',(8.,0.,7.));
#8034 = VECTOR('',#8035,1.);
#8035 = DIRECTION('',(-0.15643504565,0.987688248635,0.));
#8036 = PCURVE('',#8002,#8037);
#8037 = DEFINITIONAL_REPRESENTATION('',(#8038),#8042);
#8038 = LINE('',#8039,#8040);
#8039 = CARTESIAN_POINT('',(0.,0.));
#8040 = VECTOR('',#8041,1.);
#8041 = DIRECTION('',(1.,0.));
#8042 = ( GEOMETRIC_REPRESENTATION_CONTEXT(2) 
PARAMETRIC_REPRESENTATION_CONTEXT() REPRESENTATION_CONTEXT('2D SPACE',''
  ) );
#8043 = ( GEOMETRIC_REPRESENTATION_CONTEXT(3) 
GLOBAL_UNCERTAINTY_ASSIGNED_CONTEXT((#8047)) 
GLOBAL_UNIT_ASSIGNED_CONTEXT((#8044,#8045,#8046)) REPRESENTATION_CONTEXT
('Context #1','3D Context with UNIT and UNCERTAINTY') );
#8044 = ( LENGTH_UNIT() NAMED_UNIT(*) SI_UNIT(.MILLI.,.METRE.) );
#8045 = ( NAMED_UNIT(*) PLANE_ANGLE_UNIT() SI_UNIT($,.RADIAN.) );
#8046 = ( NAMED_UNIT(*) SI_UNIT($,.STERADIAN.) SOLID_ANGLE_UNIT() );
#8047 = UNCERTAINTY_MEASURE_WITH_UNIT(LENGTH_MEASURE(1.E-07),#8044,
  'distance_accuracy_value','confusion accuracy');
#8048 = CONTEXT_DEPENDENT_SHAPE_REPRESENTATION(#8049,#8051);
#8049 = ( REPRESENTATION_RELATIONSHIP('','',#7984,#10) 
REPRESENTATION_RELATIONSHIP_WITH_TRANSFORMATION(#8050) 
SHAPE_REPRESENTATION_RELATIONSHIP() );
#8050 = ITEM_DEFINED_TRANSFORMATION('','',#11,#383);
#8051 = PRODUCT_DEFINITION_SHAPE('Placement','Placement of an item',
  #8052);
#8052 = NEXT_ASSEMBLY_USAGE_OCCURRENCE('1857','','',#5,#7979,$);
#8053 = PRODUCT_RELATED_PRODUCT_CATEGORY('part',$,(#7981));
#8054 = SHAPE_DEFINITION_REPRESENTATION(#8055,#8061);
#8055 = PRODUCT_DEFINITION_SHAPE('','',#8056);
#8056 = PRODUCT_DEFINITION('design','',#8057,#8060);
#8057 = PRODUCT_DEFINITION_FORMATION('','',#8058);
#8058 = PRODUCT('Open CASCADE STEP translator 7.9 2.94',
  'Open CASCADE STEP translator 7.9 2.94','',(#8059));
#8059 = PRODUCT_CONTEXT('',#2,'mechanical');
#8060 = PRODUCT_DEFINITION_CONTEXT('part definition',#2,'design');
#8061 = MANIFOLD_SURFACE_SHAPE_REPRESENTATION('',(#11,#8062),#8120);
#8062 = SHELL_BASED_SURFACE_MODEL('',(#8063));
#8063 = OPEN_SHELL('',(#8064));
#8064 = ADVANCED_FACE('',(#8065),#8079,.T.);
#8065 = FACE_BOUND('',#8066,.T.);
#8066 = EDGE_LOOP('',(#8067,#8090,#8106));
#8067 = ORIENTED_EDGE('',*,*,#8068,.F.);
#8068 = EDGE_CURVE('',#8069,#8071,#8073,.T.);
#8069 = VERTEX_POINT('',#8070);
#8070 = CARTESIAN_POINT('',(8.,0.,7.));
#8071 = VERTEX_POINT('',#8072);
#8072 = CARTESIAN_POINT('',(7.60845,2.47214,0.83889));
#8073 = SURFACE_CURVE('',#8074,(#8078),.PCURVE_S1.);
#8074 = LINE('',#8075,#8076);
#8075 = CARTESIAN_POINT('',(8.,0.,7.));
#8076 = VECTOR('',#8077,1.);
#8077 = DIRECTION('',(-5.887865807854E-02,0.371743802279,-0.926466323776
    ));
#8078 = PCURVE('',#8079,#8084);
#8079 = PLANE('',#8080);
#8080 = AXIS2_PLACEMENT_3D('',#8081,#8082,#8083);
#8081 = CARTESIAN_POINT('',(7.60845,2.47214,0.83889));
#8082 = DIRECTION('',(0.987688248635,0.15643504565,0.));
#8083 = DIRECTION('',(-0.15643504565,0.987688248635,0.));
#8084 = DEFINITIONAL_REPRESENTATION('',(#8085),#8089);
#8085 = LINE('',#8086,#8087);
#8086 = CARTESIAN_POINT('',(-2.502955769106,6.16111));
#8087 = VECTOR('',#8088,1.);
#8088 = DIRECTION('',(0.376377670578,-0.926466323776));
#8089 = ( GEOMETRIC_REPRESENTATION_CONTEXT(2) 
PARAMETRIC_REPRESENTATION_CONTEXT() REPRESENTATION_CONTEXT('2D SPACE',''
  ) );
#8090 = ORIENTED_EDGE('',*,*,#8091,.T.);
#8091 = EDGE_CURVE('',#8069,#8092,#8094,.T.);
#8092 = VERTEX_POINT('',#8093);
#8093 = CARTESIAN_POINT('',(8.,0.,0.83889));
#8094 = SURFACE_CURVE('',#8095,(#8099),.PCURVE_S1.);
#8095 = LINE('',#8096,#8097);
#8096 = CARTESIAN_POINT('',(8.,0.,7.));
#8097 = VECTOR('',#8098,1.);
#8098 = DIRECTION('',(0.,0.,-1.));
#8099 = PCURVE('',#8079,#8100);
#8100 = DEFINITIONAL_REPRESENTATION('',(#8101),#8105);
#8101 = LINE('',#8102,#8103);
#8102 = CARTESIAN_POINT('',(-2.502955769106,6.16111));
#8103 = VECTOR('',#8104,1.);
#8104 = DIRECTION('',(0.,-1.));
#8105 = ( GEOMETRIC_REPRESENTATION_CONTEXT(2) 
PARAMETRIC_REPRESENTATION_CONTEXT() REPRESENTATION_CONTEXT('2D SPACE',''
  ) );
#8106 = ORIENTED_EDGE('',*,*,#8107,.T.);
#8107 = EDGE_CURVE('',#8092,#8071,#8108,.T.);
#8108 = SURFACE_CURVE('',#8109,(#8113),.PCURVE_S1.);
#8109 = LINE('',#8110,#8111);
#8110 = CARTESIAN_POINT('',(8.,0.,0.83889));
#8111 = VECTOR('',#8112,1.);
#8112 = DIRECTION('',(-0.15643504565,0.987688248635,0.));
#8113 = PCURVE('',#8079,#8114);
#8114 = DEFINITIONAL_REPRESENTATION('',(#8115),#8119);
#8115 = LINE('',#8116,#8117);
#8116 = CARTESIAN_POINT('',(-2.502955769106,0.));
#8117 = VECTOR('',#8118,1.);
#8118 = DIRECTION('',(1.,0.));
#8119 = ( GEOMETRIC_REPRESENTATION_CONTEXT(2) 
PARAMETRIC_REPRESENTATION_CONTEXT() REPRESENTATION_CONTEXT('2D SPACE',''
  ) );
#8120 = ( GEOMETRIC_REPRESENTATION_CONTEXT(3) 
GLOBAL_UNCERTAINTY_ASSIGNED_CONTEXT((#8124)) 
GLOBAL_UNIT_ASSIGNED_CONTEXT((#8121,#8122,#8123)) REPRESENTATION_CONTEXT
('Context #1','3D Context with UNIT and UNCERTAINTY') );
#8121 = ( LENGTH_UNIT() NAMED_UNIT(*) SI_UNIT(.MILLI.,.METRE.) );
#8122 = ( NAMED_UNIT(*) PLANE_ANGLE_UNIT() SI_UNIT($,.RADIAN.) );
#8123 = ( NAMED_UNIT(*) SI_UNIT($,.STERADIAN.) SOLID_ANGLE_UNIT() );
#8124 = UNCERTAINTY_MEASURE_WITH_UNIT(LENGTH_MEASURE(1.E-07),#8121,
  'distance_accuracy_value','confusion accuracy');
#8125 = CONTEXT_DEPENDENT_SHAPE_REPRESENTATION(#8126,#8128);
#8126 = ( REPRESENTATION_RELATIONSHIP('','',#8061,#10) 
REPRESENTATION_RELATIONSHIP_WITH_TRANSFORMATION(#8127) 
SHAPE_REPRESENTATION_RELATIONSHIP() );
#8127 = ITEM_DEFINED_TRANSFORMATION('','',#11,#387);
#8128 = PRODUCT_DEFINITION_SHAPE('Placement','Placement of an item',
  #8129);
#8129 = NEXT_ASSEMBLY_USAGE_OCCURRENCE('1858','','',#5,#8056,$);
#8130 = PRODUCT_RELATED_PRODUCT_CATEGORY('part',$,(#8058));
#8131 = SHAPE_DEFINITION_REPRESENTATION(#8132,#8138);
#8132 = PRODUCT_DEFINITION_SHAPE('','',#8133);
#8133 = PRODUCT_DEFINITION('design','',#8134,#8137);
#8134 = PRODUCT_DEFINITION_FORMATION('','',#8135);
#8135 = PRODUCT('Open CASCADE STEP translator 7.9 2.95',
  'Open CASCADE STEP translator 7.9 2.95','',(#8136));
#8136 = PRODUCT_CONTEXT('',#2,'mechanical');
#8137 = PRODUCT_DEFINITION_CONTEXT('part definition',#2,'design');
#8138 = MANIFOLD_SURFACE_SHAPE_REPRESENTATION('',(#11,#8139),#8197);
#8139 = SHELL_BASED_SURFACE_MODEL('',(#8140));
#8140 = OPEN_SHELL('',(#8141));
#8141 = ADVANCED_FACE('',(#8142),#8156,.T.);
#8142 = FACE_BOUND('',#8143,.T.);
#8143 = EDGE_LOOP('',(#8144,#8167,#8183));
#8144 = ORIENTED_EDGE('',*,*,#8145,.T.);
#8145 = EDGE_CURVE('',#8146,#8148,#8150,.T.);
#8146 = VERTEX_POINT('',#8147);
#8147 = CARTESIAN_POINT('',(8.,0.,349.161));
#8148 = VERTEX_POINT('',#8149);
#8149 = CARTESIAN_POINT('',(7.60845,2.47214,343.));
#8150 = SURFACE_CURVE('',#8151,(#8155),.PCURVE_S1.);
#8151 = LINE('',#8152,#8153);
#8152 = CARTESIAN_POINT('',(8.,0.,349.161));
#8153 = VECTOR('',#8154,1.);
#8154 = DIRECTION('',(-5.887956039111E-02,0.371749499235,-0.926463980512
    ));
#8155 = PCURVE('',#8156,#8161);
#8156 = PLANE('',#8157);
#8157 = AXIS2_PLACEMENT_3D('',#8158,#8159,#8160);
#8158 = CARTESIAN_POINT('',(8.,0.,349.161));
#8159 = DIRECTION('',(0.987688248635,0.15643504565,0.));
#8160 = DIRECTION('',(-0.15643504565,0.987688248635,0.));
#8161 = DEFINITIONAL_REPRESENTATION('',(#8162),#8166);
#8162 = LINE('',#8163,#8164);
#8163 = CARTESIAN_POINT('',(0.,0.));
#8164 = VECTOR('',#8165,1.);
#8165 = DIRECTION('',(0.376383438548,-0.926463980512));
#8166 = ( GEOMETRIC_REPRESENTATION_CONTEXT(2) 
PARAMETRIC_REPRESENTATION_CONTEXT() REPRESENTATION_CONTEXT('2D SPACE',''
  ) );
#8167 = ORIENTED_EDGE('',*,*,#8168,.F.);
#8168 = EDGE_CURVE('',#8169,#8148,#8171,.T.);
#8169 = VERTEX_POINT('',#8170);
#8170 = CARTESIAN_POINT('',(7.60845,2.47214,349.161));
#8171 = SURFACE_CURVE('',#8172,(#8176),.PCURVE_S1.);
#8172 = LINE('',#8173,#8174);
#8173 = CARTESIAN_POINT('',(7.60845,2.47214,349.161));
#8174 = VECTOR('',#8175,1.);
#8175 = DIRECTION('',(0.,0.,-1.));
#8176 = PCURVE('',#8156,#8177);
#8177 = DEFINITIONAL_REPRESENTATION('',(#8178),#8182);
#8178 = LINE('',#8179,#8180);
#8179 = CARTESIAN_POINT('',(2.502955769106,0.));
#8180 = VECTOR('',#8181,1.);
#8181 = DIRECTION('',(0.,-1.));
#8182 = ( GEOMETRIC_REPRESENTATION_CONTEXT(2) 
PARAMETRIC_REPRESENTATION_CONTEXT() REPRESENTATION_CONTEXT('2D SPACE',''
  ) );
#8183 = ORIENTED_EDGE('',*,*,#8184,.T.);
#8184 = EDGE_CURVE('',#8169,#8146,#8185,.T.);
#8185 = SURFACE_CURVE('',#8186,(#8190),.PCURVE_S1.);
#8186 = LINE('',#8187,#8188);
#8187 = CARTESIAN_POINT('',(7.60845,2.47214,349.161));
#8188 = VECTOR('',#8189,1.);
#8189 = DIRECTION('',(0.15643504565,-0.987688248635,0.));
#8190 = PCURVE('',#8156,#8191);
#8191 = DEFINITIONAL_REPRESENTATION('',(#8192),#8196);
#8192 = LINE('',#8193,#8194);
#8193 = CARTESIAN_POINT('',(2.502955769106,0.));
#8194 = VECTOR('',#8195,1.);
#8195 = DIRECTION('',(-1.,0.));
#8196 = ( GEOMETRIC_REPRESENTATION_CONTEXT(2) 
PARAMETRIC_REPRESENTATION_CONTEXT() REPRESENTATION_CONTEXT('2D SPACE',''
  ) );
#8197 = ( GEOMETRIC_REPRESENTATION_CONTEXT(3) 
GLOBAL_UNCERTAINTY_ASSIGNED_CONTEXT((#8201)) 
GLOBAL_UNIT_ASSIGNED_CONTEXT((#8198,#8199,#8200)) REPRESENTATION_CONTEXT
('Context #1','3D Context with UNIT and UNCERTAINTY') );
#8198 = ( LENGTH_UNIT() NAMED_UNIT(*) SI_UNIT(.MILLI.,.METRE.) );
#8199 = ( NAMED_UNIT(*) PLANE_ANGLE_UNIT() SI_UNIT($,.RADIAN.) );
#8200 = ( NAMED_UNIT(*) SI_UNIT($,.STERADIAN.) SOLID_ANGLE_UNIT() );
#8201 = UNCERTAINTY_MEASURE_WITH_UNIT(LENGTH_MEASURE(1.E-07),#8198,
  'distance_accuracy_value','confusion accuracy');
#8202 = CONTEXT_DEPENDENT_SHAPE_REPRESENTATION(#8203,#8205);
#8203 = ( REPRESENTATION_RELATIONSHIP('','',#8138,#10) 
REPRESENTATION_RELATIONSHIP_WITH_TRANSFORMATION(#8204) 
SHAPE_REPRESENTATION_RELATIONSHIP() );
#8204 = ITEM_DEFINED_TRANSFORMATION('','',#11,#391);
#8205 = PRODUCT_DEFINITION_SHAPE('Placement','Placement of an item',
  #8206);
#8206 = NEXT_ASSEMBLY_USAGE_OCCURRENCE('1859','','',#5,#8133,$);
#8207 = PRODUCT_RELATED_PRODUCT_CATEGORY('part',$,(#8135));
#8208 = SHAPE_DEFINITION_REPRESENTATION(#8209,#8215);
#8209 = PRODUCT_DEFINITION_SHAPE('','',#8210);
#8210 = PRODUCT_DEFINITION('design','',#8211,#8214);
#8211 = PRODUCT_DEFINITION_FORMATION('','',#8212);
#8212 = PRODUCT('Open CASCADE STEP translator 7.9 2.96',
  'Open CASCADE STEP translator 7.9 2.96','',(#8213));
#8213 = PRODUCT_CONTEXT('',#2,'mechanical');
#8214 = PRODUCT_DEFINITION_CONTEXT('part definition',#2,'design');
#8215 = MANIFOLD_SURFACE_SHAPE_REPRESENTATION('',(#11,#8216),#8274);
#8216 = SHELL_BASED_SURFACE_MODEL('',(#8217));
#8217 = OPEN_SHELL('',(#8218));
#8218 = ADVANCED_FACE('',(#8219),#8233,.T.);
#8219 = FACE_BOUND('',#8220,.T.);
#8220 = EDGE_LOOP('',(#8221,#8244,#8260));
#8221 = ORIENTED_EDGE('',*,*,#8222,.F.);
#8222 = EDGE_CURVE('',#8223,#8225,#8227,.T.);
#8223 = VERTEX_POINT('',#8224);
#8224 = CARTESIAN_POINT('',(8.,0.,349.161));
#8225 = VERTEX_POINT('',#8226);
#8226 = CARTESIAN_POINT('',(7.60845,2.47214,343.));
#8227 = SURFACE_CURVE('',#8228,(#8232),.PCURVE_S1.);
#8228 = LINE('',#8229,#8230);
#8229 = CARTESIAN_POINT('',(8.,0.,349.161));
#8230 = VECTOR('',#8231,1.);
#8231 = DIRECTION('',(-5.887956039111E-02,0.371749499235,-0.926463980512
    ));
#8232 = PCURVE('',#8233,#8238);
#8233 = PLANE('',#8234);
#8234 = AXIS2_PLACEMENT_3D('',#8235,#8236,#8237);
#8235 = CARTESIAN_POINT('',(7.60845,2.47214,343.));
#8236 = DIRECTION('',(0.987688248635,0.15643504565,0.));
#8237 = DIRECTION('',(-0.15643504565,0.987688248635,0.));
#8238 = DEFINITIONAL_REPRESENTATION('',(#8239),#8243);
#8239 = LINE('',#8240,#8241);
#8240 = CARTESIAN_POINT('',(-2.502955769106,6.161));
#8241 = VECTOR('',#8242,1.);
#8242 = DIRECTION('',(0.376383438548,-0.926463980512));
#8243 = ( GEOMETRIC_REPRESENTATION_CONTEXT(2) 
PARAMETRIC_REPRESENTATION_CONTEXT() REPRESENTATION_CONTEXT('2D SPACE',''
  ) );
#8244 = ORIENTED_EDGE('',*,*,#8245,.T.);
#8245 = EDGE_CURVE('',#8223,#8246,#8248,.T.);
#8246 = VERTEX_POINT('',#8247);
#8247 = CARTESIAN_POINT('',(8.,0.,343.));
#8248 = SURFACE_CURVE('',#8249,(#8253),.PCURVE_S1.);
#8249 = LINE('',#8250,#8251);
#8250 = CARTESIAN_POINT('',(8.,0.,349.161));
#8251 = VECTOR('',#8252,1.);
#8252 = DIRECTION('',(0.,0.,-1.));
#8253 = PCURVE('',#8233,#8254);
#8254 = DEFINITIONAL_REPRESENTATION('',(#8255),#8259);
#8255 = LINE('',#8256,#8257);
#8256 = CARTESIAN_POINT('',(-2.502955769106,6.161));
#8257 = VECTOR('',#8258,1.);
#8258 = DIRECTION('',(0.,-1.));
#8259 = ( GEOMETRIC_REPRESENTATION_CONTEXT(2) 
PARAMETRIC_REPRESENTATION_CONTEXT() REPRESENTATION_CONTEXT('2D SPACE',''
  ) );
#8260 = ORIENTED_EDGE('',*,*,#8261,.F.);
#8261 = EDGE_CURVE('',#8225,#8246,#8262,.T.);
#8262 = SURFACE_CURVE('',#8263,(#8267),.PCURVE_S1.);
#8263 = LINE('',#8264,#8265);
#8264 = CARTESIAN_POINT('',(7.60845,2.47214,343.));
#8265 = VECTOR('',#8266,1.);
#8266 = DIRECTION('',(0.15643504565,-0.987688248635,0.));
#8267 = PCURVE('',#8233,#8268);
#8268 = DEFINITIONAL_REPRESENTATION('',(#8269),#8273);
#8269 = LINE('',#8270,#8271);
#8270 = CARTESIAN_POINT('',(0.,0.));
#8271 = VECTOR('',#8272,1.);
#8272 = DIRECTION('',(-1.,0.));
#8273 = ( GEOMETRIC_REPRESENTATION_CONTEXT(2) 
PARAMETRIC_REPRESENTATION_CONTEXT() REPRESENTATION_CONTEXT('2D SPACE',''
  ) );
#8274 = ( GEOMETRIC_REPRESENTATION_CONTEXT(3) 
GLOBAL_UNCERTAINTY_ASSIGNED_CONTEXT((#8278)) 
GLOBAL_UNIT_ASSIGNED_CONTEXT((#8275,#8276,#8277)) REPRESENTATION_CONTEXT
('Context #1','3D Context with UNIT and UNCERTAINTY') );
#8275 = ( LENGTH_UNIT() NAMED_UNIT(*) SI_UNIT(.MILLI.,.METRE.) );
#8276 = ( NAMED_UNIT(*) PLANE_ANGLE_UNIT() SI_UNIT($,.RADIAN.) );
#8277 = ( NAMED_UNIT(*) SI_UNIT($,.STERADIAN.) SOLID_ANGLE_UNIT() );
#8278 = UNCERTAINTY_MEASURE_WITH_UNIT(LENGTH_MEASURE(1.E-07),#8275,
  'distance_accuracy_value','confusion accuracy');
#8279 = CONTEXT_DEPENDENT_SHAPE_REPRESENTATION(#8280,#8282);
#8280 = ( REPRESENTATION_RELATIONSHIP('','',#8215,#10) 
REPRESENTATION_RELATIONSHIP_WITH_TRANSFORMATION(#8281) 
SHAPE_REPRESENTATION_RELATIONSHIP() );
#8281 = ITEM_DEFINED_TRANSFORMATION('','',#11,#395);
#8282 = PRODUCT_DEFINITION_SHAPE('Placement','Placement of an item',
  #8283);
#8283 = NEXT_ASSEMBLY_USAGE_OCCURRENCE('1860','','',#5,#8210,$);
#8284 = PRODUCT_RELATED_PRODUCT_CATEGORY('part',$,(#8212));
#8285 = SHAPE_DEFINITION_REPRESENTATION(#8286,#8292);
#8286 = PRODUCT_DEFINITION_SHAPE('','',#8287);
#8287 = PRODUCT_DEFINITION('design','',#8288,#8291);
#8288 = PRODUCT_DEFINITION_FORMATION('','',#8289);
#8289 = PRODUCT('Open CASCADE STEP translator 7.9 2.97',
  'Open CASCADE STEP translator 7.9 2.97','',(#8290));
#8290 = PRODUCT_CONTEXT('',#2,'mechanical');
#8291 = PRODUCT_DEFINITION_CONTEXT('part definition',#2,'design');
#8292 = MANIFOLD_SURFACE_SHAPE_REPRESENTATION('',(#11,#8293),#8351);
#8293 = SHELL_BASED_SURFACE_MODEL('',(#8294));
#8294 = OPEN_SHELL('',(#8295));
#8295 = ADVANCED_FACE('',(#8296),#8310,.T.);
#8296 = FACE_BOUND('',#8297,.T.);
#8297 = EDGE_LOOP('',(#8298,#8321,#8337));
#8298 = ORIENTED_EDGE('',*,*,#8299,.T.);
#8299 = EDGE_CURVE('',#8300,#8302,#8304,.T.);
#8300 = VERTEX_POINT('',#8301);
#8301 = CARTESIAN_POINT('',(6.47214,4.70228,349.161));
#8302 = VERTEX_POINT('',#8303);
#8303 = CARTESIAN_POINT('',(4.70228,6.47214,0.838889));
#8304 = SURFACE_CURVE('',#8305,(#8309),.PCURVE_S1.);
#8305 = LINE('',#8306,#8307);
#8306 = CARTESIAN_POINT('',(6.47214,4.70228,349.161));
#8307 = VECTOR('',#8308,1.);
#8308 = DIRECTION('',(-5.080970321305E-03,5.080970321305E-03,
    -0.999974183407));
#8309 = PCURVE('',#8310,#8315);
#8310 = PLANE('',#8311);
#8311 = AXIS2_PLACEMENT_3D('',#8312,#8313,#8314);
#8312 = CARTESIAN_POINT('',(6.47214,4.70228,349.161));
#8313 = DIRECTION('',(0.707106781187,0.707106781187,-0.));
#8314 = DIRECTION('',(0.707106781187,-0.707106781187,0.));
#8315 = DEFINITIONAL_REPRESENTATION('',(#8316),#8320);
#8316 = LINE('',#8317,#8318);
#8317 = CARTESIAN_POINT('',(0.,0.));
#8318 = VECTOR('',#8319,1.);
#8319 = DIRECTION('',(-7.185577138405E-03,0.999974183407));
#8320 = ( GEOMETRIC_REPRESENTATION_CONTEXT(2) 
PARAMETRIC_REPRESENTATION_CONTEXT() REPRESENTATION_CONTEXT('2D SPACE',''
  ) );
#8321 = ORIENTED_EDGE('',*,*,#8322,.T.);
#8322 = EDGE_CURVE('',#8302,#8323,#8325,.T.);
#8323 = VERTEX_POINT('',#8324);
#8324 = CARTESIAN_POINT('',(4.70228,6.47214,349.161));
#8325 = SURFACE_CURVE('',#8326,(#8330),.PCURVE_S1.);
#8326 = LINE('',#8327,#8328);
#8327 = CARTESIAN_POINT('',(4.70228,6.47214,0.838889));
#8328 = VECTOR('',#8329,1.);
#8329 = DIRECTION('',(0.,0.,1.));
#8330 = PCURVE('',#8310,#8331);
#8331 = DEFINITIONAL_REPRESENTATION('',(#8332),#8336);
#8332 = LINE('',#8333,#8334);
#8333 = CARTESIAN_POINT('',(-2.502960015502,348.322111));
#8334 = VECTOR('',#8335,1.);
#8335 = DIRECTION('',(0.,-1.));
#8336 = ( GEOMETRIC_REPRESENTATION_CONTEXT(2) 
PARAMETRIC_REPRESENTATION_CONTEXT() REPRESENTATION_CONTEXT('2D SPACE',''
  ) );
#8337 = ORIENTED_EDGE('',*,*,#8338,.T.);
#8338 = EDGE_CURVE('',#8323,#8300,#8339,.T.);
#8339 = SURFACE_CURVE('',#8340,(#8344),.PCURVE_S1.);
#8340 = LINE('',#8341,#8342);
#8341 = CARTESIAN_POINT('',(4.70228,6.47214,349.161));
#8342 = VECTOR('',#8343,1.);
#8343 = DIRECTION('',(0.707106781187,-0.707106781187,0.));
#8344 = PCURVE('',#8310,#8345);
#8345 = DEFINITIONAL_REPRESENTATION('',(#8346),#8350);
#8346 = LINE('',#8347,#8348);
#8347 = CARTESIAN_POINT('',(-2.502960015502,-0.));
#8348 = VECTOR('',#8349,1.);
#8349 = DIRECTION('',(1.,0.));
#8350 = ( GEOMETRIC_REPRESENTATION_CONTEXT(2) 
PARAMETRIC_REPRESENTATION_CONTEXT() REPRESENTATION_CONTEXT('2D SPACE',''
  ) );
#8351 = ( GEOMETRIC_REPRESENTATION_CONTEXT(3) 
GLOBAL_UNCERTAINTY_ASSIGNED_CONTEXT((#8355)) 
GLOBAL_UNIT_ASSIGNED_CONTEXT((#8352,#8353,#8354)) REPRESENTATION_CONTEXT
('Context #1','3D Context with UNIT and UNCERTAINTY') );
#8352 = ( LENGTH_UNIT() NAMED_UNIT(*) SI_UNIT(.MILLI.,.METRE.) );
#8353 = ( NAMED_UNIT(*) PLANE_ANGLE_UNIT() SI_UNIT($,.RADIAN.) );
#8354 = ( NAMED_UNIT(*) SI_UNIT($,.STERADIAN.) SOLID_ANGLE_UNIT() );
#8355 = UNCERTAINTY_MEASURE_WITH_UNIT(LENGTH_MEASURE(1.E-07),#8352,
  'distance_accuracy_value','confusion accuracy');
#8356 = CONTEXT_DEPENDENT_SHAPE_REPRESENTATION(#8357,#8359);
#8357 = ( REPRESENTATION_RELATIONSHIP('','',#8292,#10) 
REPRESENTATION_RELATIONSHIP_WITH_TRANSFORMATION(#8358) 
SHAPE_REPRESENTATION_RELATIONSHIP() );
#8358 = ITEM_DEFINED_TRANSFORMATION('','',#11,#399);
#8359 = PRODUCT_DEFINITION_SHAPE('Placement','Placement of an item',
  #8360);
#8360 = NEXT_ASSEMBLY_USAGE_OCCURRENCE('1861','','',#5,#8287,$);
#8361 = PRODUCT_RELATED_PRODUCT_CATEGORY('part',$,(#8289));
#8362 = SHAPE_DEFINITION_REPRESENTATION(#8363,#8369);
#8363 = PRODUCT_DEFINITION_SHAPE('','',#8364);
#8364 = PRODUCT_DEFINITION('design','',#8365,#8368);
#8365 = PRODUCT_DEFINITION_FORMATION('','',#8366);
#8366 = PRODUCT('Open CASCADE STEP translator 7.9 2.98',
  'Open CASCADE STEP translator 7.9 2.98','',(#8367));
#8367 = PRODUCT_CONTEXT('',#2,'mechanical');
#8368 = PRODUCT_DEFINITION_CONTEXT('part definition',#2,'design');
#8369 = MANIFOLD_SURFACE_SHAPE_REPRESENTATION('',(#11,#8370),#8428);
#8370 = SHELL_BASED_SURFACE_MODEL('',(#8371));
#8371 = OPEN_SHELL('',(#8372));
#8372 = ADVANCED_FACE('',(#8373),#8387,.T.);
#8373 = FACE_BOUND('',#8374,.T.);
#8374 = EDGE_LOOP('',(#8375,#8398,#8414));
#8375 = ORIENTED_EDGE('',*,*,#8376,.F.);
#8376 = EDGE_CURVE('',#8377,#8379,#8381,.T.);
#8377 = VERTEX_POINT('',#8378);
#8378 = CARTESIAN_POINT('',(6.47214,4.70228,349.161));
#8379 = VERTEX_POINT('',#8380);
#8380 = CARTESIAN_POINT('',(4.70228,6.47214,0.838889));
#8381 = SURFACE_CURVE('',#8382,(#8386),.PCURVE_S1.);
#8382 = LINE('',#8383,#8384);
#8383 = CARTESIAN_POINT('',(6.47214,4.70228,349.161));
#8384 = VECTOR('',#8385,1.);
#8385 = DIRECTION('',(-5.080970321305E-03,5.080970321305E-03,
    -0.999974183407));
#8386 = PCURVE('',#8387,#8392);
#8387 = PLANE('',#8388);
#8388 = AXIS2_PLACEMENT_3D('',#8389,#8390,#8391);
#8389 = CARTESIAN_POINT('',(4.70228,6.47214,0.838889));
#8390 = DIRECTION('',(0.707106781187,0.707106781187,-0.));
#8391 = DIRECTION('',(0.707106781187,-0.707106781187,0.));
#8392 = DEFINITIONAL_REPRESENTATION('',(#8393),#8397);
#8393 = LINE('',#8394,#8395);
#8394 = CARTESIAN_POINT('',(2.502960015502,-348.322111));
#8395 = VECTOR('',#8396,1.);
#8396 = DIRECTION('',(-7.185577138405E-03,0.999974183407));
#8397 = ( GEOMETRIC_REPRESENTATION_CONTEXT(2) 
PARAMETRIC_REPRESENTATION_CONTEXT() REPRESENTATION_CONTEXT('2D SPACE',''
  ) );
#8398 = ORIENTED_EDGE('',*,*,#8399,.F.);
#8399 = EDGE_CURVE('',#8400,#8377,#8402,.T.);
#8400 = VERTEX_POINT('',#8401);
#8401 = CARTESIAN_POINT('',(6.47214,4.70228,0.838889));
#8402 = SURFACE_CURVE('',#8403,(#8407),.PCURVE_S1.);
#8403 = LINE('',#8404,#8405);
#8404 = CARTESIAN_POINT('',(6.47214,4.70228,0.838889));
#8405 = VECTOR('',#8406,1.);
#8406 = DIRECTION('',(0.,0.,1.));
#8407 = PCURVE('',#8387,#8408);
#8408 = DEFINITIONAL_REPRESENTATION('',(#8409),#8413);
#8409 = LINE('',#8410,#8411);
#8410 = CARTESIAN_POINT('',(2.502960015502,0.));
#8411 = VECTOR('',#8412,1.);
#8412 = DIRECTION('',(0.,-1.));
#8413 = ( GEOMETRIC_REPRESENTATION_CONTEXT(2) 
PARAMETRIC_REPRESENTATION_CONTEXT() REPRESENTATION_CONTEXT('2D SPACE',''
  ) );
#8414 = ORIENTED_EDGE('',*,*,#8415,.T.);
#8415 = EDGE_CURVE('',#8400,#8379,#8416,.T.);
#8416 = SURFACE_CURVE('',#8417,(#8421),.PCURVE_S1.);
#8417 = LINE('',#8418,#8419);
#8418 = CARTESIAN_POINT('',(6.47214,4.70228,0.838889));
#8419 = VECTOR('',#8420,1.);
#8420 = DIRECTION('',(-0.707106781187,0.707106781187,0.));
#8421 = PCURVE('',#8387,#8422);
#8422 = DEFINITIONAL_REPRESENTATION('',(#8423),#8427);
#8423 = LINE('',#8424,#8425);
#8424 = CARTESIAN_POINT('',(2.502960015502,0.));
#8425 = VECTOR('',#8426,1.);
#8426 = DIRECTION('',(-1.,-0.));
#8427 = ( GEOMETRIC_REPRESENTATION_CONTEXT(2) 
PARAMETRIC_REPRESENTATION_CONTEXT() REPRESENTATION_CONTEXT('2D SPACE',''
  ) );
#8428 = ( GEOMETRIC_REPRESENTATION_CONTEXT(3) 
GLOBAL_UNCERTAINTY_ASSIGNED_CONTEXT((#8432)) 
GLOBAL_UNIT_ASSIGNED_CONTEXT((#8429,#8430,#8431)) REPRESENTATION_CONTEXT
('Context #1','3D Context with UNIT and UNCERTAINTY') );
#8429 = ( LENGTH_UNIT() NAMED_UNIT(*) SI_UNIT(.MILLI.,.METRE.) );
#8430 = ( NAMED_UNIT(*) PLANE_ANGLE_UNIT() SI_UNIT($,.RADIAN.) );
#8431 = ( NAMED_UNIT(*) SI_UNIT($,.STERADIAN.) SOLID_ANGLE_UNIT() );
#8432 = UNCERTAINTY_MEASURE_WITH_UNIT(LENGTH_MEASURE(1.E-07),#8429,
  'distance_accuracy_value','confusion accuracy');
#8433 = CONTEXT_DEPENDENT_SHAPE_REPRESENTATION(#8434,#8436);
#8434 = ( REPRESENTATION_RELATIONSHIP('','',#8369,#10) 
REPRESENTATION_RELATIONSHIP_WITH_TRANSFORMATION(#8435) 
SHAPE_REPRESENTATION_RELATIONSHIP() );
#8435 = ITEM_DEFINED_TRANSFORMATION('','',#11,#403);
#8436 = PRODUCT_DEFINITION_SHAPE('Placement','Placement of an item',
  #8437);
#8437 = NEXT_ASSEMBLY_USAGE_OCCURRENCE('1862','','',#5,#8364,$);
#8438 = PRODUCT_RELATED_PRODUCT_CATEGORY('part',$,(#8366));
#8439 = SHAPE_DEFINITION_REPRESENTATION(#8440,#8446);
#8440 = PRODUCT_DEFINITION_SHAPE('','',#8441);
#8441 = PRODUCT_DEFINITION('design','',#8442,#8445);
#8442 = PRODUCT_DEFINITION_FORMATION('','',#8443);
#8443 = PRODUCT('Open CASCADE STEP translator 7.9 2.99',
  'Open CASCADE STEP translator 7.9 2.99','',(#8444));
#8444 = PRODUCT_CONTEXT('',#2,'mechanical');
#8445 = PRODUCT_DEFINITION_CONTEXT('part definition',#2,'design');
#8446 = MANIFOLD_SURFACE_SHAPE_REPRESENTATION('',(#11,#8447),#8505);
#8447 = SHELL_BASED_SURFACE_MODEL('',(#8448));
#8448 = OPEN_SHELL('',(#8449));
#8449 = ADVANCED_FACE('',(#8450),#8464,.T.);
#8450 = FACE_BOUND('',#8451,.T.);
#8451 = EDGE_LOOP('',(#8452,#8475,#8491));
#8452 = ORIENTED_EDGE('',*,*,#8453,.T.);
#8453 = EDGE_CURVE('',#8454,#8456,#8458,.T.);
#8454 = VERTEX_POINT('',#8455);
#8455 = CARTESIAN_POINT('',(2.47214,7.60845,0.83889));
#8456 = VERTEX_POINT('',#8457);
#8457 = CARTESIAN_POINT('',(0.,8.,349.161));
#8458 = SURFACE_CURVE('',#8459,(#8463),.PCURVE_S1.);
#8459 = LINE('',#8460,#8461);
#8460 = CARTESIAN_POINT('',(2.47214,7.60845,0.83889));
#8461 = VECTOR('',#8462,1.);
#8462 = DIRECTION('',(-7.097098079662E-03,1.124074183943E-03,
    0.999974183495));
#8463 = PCURVE('',#8464,#8469);
#8464 = PLANE('',#8465);
#8465 = AXIS2_PLACEMENT_3D('',#8466,#8467,#8468);
#8466 = CARTESIAN_POINT('',(2.47214,7.60845,0.83889));
#8467 = DIRECTION('',(0.15643504565,0.987688248635,0.));
#8468 = DIRECTION('',(0.987688248635,-0.15643504565,0.));
#8469 = DEFINITIONAL_REPRESENTATION('',(#8470),#8474);
#8470 = LINE('',#8471,#8472);
#8471 = CARTESIAN_POINT('',(0.,0.));
#8472 = VECTOR('',#8473,1.);
#8473 = DIRECTION('',(-7.185564968974E-03,-0.999974183495));
#8474 = ( GEOMETRIC_REPRESENTATION_CONTEXT(2) 
PARAMETRIC_REPRESENTATION_CONTEXT() REPRESENTATION_CONTEXT('2D SPACE',''
  ) );
#8475 = ORIENTED_EDGE('',*,*,#8476,.T.);
#8476 = EDGE_CURVE('',#8456,#8477,#8479,.T.);
#8477 = VERTEX_POINT('',#8478);
#8478 = CARTESIAN_POINT('',(2.47214,7.60845,349.161));
#8479 = SURFACE_CURVE('',#8480,(#8484),.PCURVE_S1.);
#8480 = LINE('',#8481,#8482);
#8481 = CARTESIAN_POINT('',(0.,8.,349.161));
#8482 = VECTOR('',#8483,1.);
#8483 = DIRECTION('',(0.987688248635,-0.15643504565,0.));
#8484 = PCURVE('',#8464,#8485);
#8485 = DEFINITIONAL_REPRESENTATION('',(#8486),#8490);
#8486 = LINE('',#8487,#8488);
#8487 = CARTESIAN_POINT('',(-2.502955769106,-348.32211));
#8488 = VECTOR('',#8489,1.);
#8489 = DIRECTION('',(1.,0.));
#8490 = ( GEOMETRIC_REPRESENTATION_CONTEXT(2) 
PARAMETRIC_REPRESENTATION_CONTEXT() REPRESENTATION_CONTEXT('2D SPACE',''
  ) );
#8491 = ORIENTED_EDGE('',*,*,#8492,.T.);
#8492 = EDGE_CURVE('',#8477,#8454,#8493,.T.);
#8493 = SURFACE_CURVE('',#8494,(#8498),.PCURVE_S1.);
#8494 = LINE('',#8495,#8496);
#8495 = CARTESIAN_POINT('',(2.47214,7.60845,349.161));
#8496 = VECTOR('',#8497,1.);
#8497 = DIRECTION('',(0.,0.,-1.));
#8498 = PCURVE('',#8464,#8499);
#8499 = DEFINITIONAL_REPRESENTATION('',(#8500),#8504);
#8500 = LINE('',#8501,#8502);
#8501 = CARTESIAN_POINT('',(0.,-348.32211));
#8502 = VECTOR('',#8503,1.);
#8503 = DIRECTION('',(0.,1.));
#8504 = ( GEOMETRIC_REPRESENTATION_CONTEXT(2) 
PARAMETRIC_REPRESENTATION_CONTEXT() REPRESENTATION_CONTEXT('2D SPACE',''
  ) );
#8505 = ( GEOMETRIC_REPRESENTATION_CONTEXT(3) 
GLOBAL_UNCERTAINTY_ASSIGNED_CONTEXT((#8509)) 
GLOBAL_UNIT_ASSIGNED_CONTEXT((#8506,#8507,#8508)) REPRESENTATION_CONTEXT
('Context #1','3D Context with UNIT and UNCERTAINTY') );
#8506 = ( LENGTH_UNIT() NAMED_UNIT(*) SI_UNIT(.MILLI.,.METRE.) );
#8507 = ( NAMED_UNIT(*) PLANE_ANGLE_UNIT() SI_UNIT($,.RADIAN.) );
#8508 = ( NAMED_UNIT(*) SI_UNIT($,.STERADIAN.) SOLID_ANGLE_UNIT() );
#8509 = UNCERTAINTY_MEASURE_WITH_UNIT(LENGTH_MEASURE(1.E-07),#8506,
  'distance_accuracy_value','confusion accuracy');
#8510 = CONTEXT_DEPENDENT_SHAPE_REPRESENTATION(#8511,#8513);
#8511 = ( REPRESENTATION_RELATIONSHIP('','',#8446,#10) 
REPRESENTATION_RELATIONSHIP_WITH_TRANSFORMATION(#8512) 
SHAPE_REPRESENTATION_RELATIONSHIP() );
#8512 = ITEM_DEFINED_TRANSFORMATION('','',#11,#407);
#8513 = PRODUCT_DEFINITION_SHAPE('Placement','Placement of an item',
  #8514);
#8514 = NEXT_ASSEMBLY_USAGE_OCCURRENCE('1863','','',#5,#8441,$);
#8515 = PRODUCT_RELATED_PRODUCT_CATEGORY('part',$,(#8443));
#8516 = SHAPE_DEFINITION_REPRESENTATION(#8517,#8523);
#8517 = PRODUCT_DEFINITION_SHAPE('','',#8518);
#8518 = PRODUCT_DEFINITION('design','',#8519,#8522);
#8519 = PRODUCT_DEFINITION_FORMATION('','',#8520);
#8520 = PRODUCT('Open CASCADE STEP translator 7.9 2.100',
  'Open CASCADE STEP translator 7.9 2.100','',(#8521));
#8521 = PRODUCT_CONTEXT('',#2,'mechanical');
#8522 = PRODUCT_DEFINITION_CONTEXT('part definition',#2,'design');
#8523 = MANIFOLD_SURFACE_SHAPE_REPRESENTATION('',(#11,#8524),#8582);
#8524 = SHELL_BASED_SURFACE_MODEL('',(#8525));
#8525 = OPEN_SHELL('',(#8526));
#8526 = ADVANCED_FACE('',(#8527),#8541,.T.);
#8527 = FACE_BOUND('',#8528,.T.);
#8528 = EDGE_LOOP('',(#8529,#8552,#8568));
#8529 = ORIENTED_EDGE('',*,*,#8530,.F.);
#8530 = EDGE_CURVE('',#8531,#8533,#8535,.T.);
#8531 = VERTEX_POINT('',#8532);
#8532 = CARTESIAN_POINT('',(2.47214,7.60845,0.83889));
#8533 = VERTEX_POINT('',#8534);
#8534 = CARTESIAN_POINT('',(0.,8.,349.161));
#8535 = SURFACE_CURVE('',#8536,(#8540),.PCURVE_S1.);
#8536 = LINE('',#8537,#8538);
#8537 = CARTESIAN_POINT('',(2.47214,7.60845,0.83889));
#8538 = VECTOR('',#8539,1.);
#8539 = DIRECTION('',(-7.097098079662E-03,1.124074183943E-03,
    0.999974183495));
#8540 = PCURVE('',#8541,#8546);
#8541 = PLANE('',#8542);
#8542 = AXIS2_PLACEMENT_3D('',#8543,#8544,#8545);
#8543 = CARTESIAN_POINT('',(0.,8.,349.161));
#8544 = DIRECTION('',(0.15643504565,0.987688248635,-0.));
#8545 = DIRECTION('',(0.987688248635,-0.15643504565,0.));
#8546 = DEFINITIONAL_REPRESENTATION('',(#8547),#8551);
#8547 = LINE('',#8548,#8549);
#8548 = CARTESIAN_POINT('',(2.502955769106,348.32211));
#8549 = VECTOR('',#8550,1.);
#8550 = DIRECTION('',(-7.185564968974E-03,-0.999974183495));
#8551 = ( GEOMETRIC_REPRESENTATION_CONTEXT(2) 
PARAMETRIC_REPRESENTATION_CONTEXT() REPRESENTATION_CONTEXT('2D SPACE',''
  ) );
#8552 = ORIENTED_EDGE('',*,*,#8553,.T.);
#8553 = EDGE_CURVE('',#8531,#8554,#8556,.T.);
#8554 = VERTEX_POINT('',#8555);
#8555 = CARTESIAN_POINT('',(0.,8.,0.83889));
#8556 = SURFACE_CURVE('',#8557,(#8561),.PCURVE_S1.);
#8557 = LINE('',#8558,#8559);
#8558 = CARTESIAN_POINT('',(2.47214,7.60845,0.83889));
#8559 = VECTOR('',#8560,1.);
#8560 = DIRECTION('',(-0.987688248635,0.15643504565,0.));
#8561 = PCURVE('',#8541,#8562);
#8562 = DEFINITIONAL_REPRESENTATION('',(#8563),#8567);
#8563 = LINE('',#8564,#8565);
#8564 = CARTESIAN_POINT('',(2.502955769106,348.32211));
#8565 = VECTOR('',#8566,1.);
#8566 = DIRECTION('',(-1.,-0.));
#8567 = ( GEOMETRIC_REPRESENTATION_CONTEXT(2) 
PARAMETRIC_REPRESENTATION_CONTEXT() REPRESENTATION_CONTEXT('2D SPACE',''
  ) );
#8568 = ORIENTED_EDGE('',*,*,#8569,.T.);
#8569 = EDGE_CURVE('',#8554,#8533,#8570,.T.);
#8570 = SURFACE_CURVE('',#8571,(#8575),.PCURVE_S1.);
#8571 = LINE('',#8572,#8573);
#8572 = CARTESIAN_POINT('',(0.,8.,0.83889));
#8573 = VECTOR('',#8574,1.);
#8574 = DIRECTION('',(0.,0.,1.));
#8575 = PCURVE('',#8541,#8576);
#8576 = DEFINITIONAL_REPRESENTATION('',(#8577),#8581);
#8577 = LINE('',#8578,#8579);
#8578 = CARTESIAN_POINT('',(0.,348.32211));
#8579 = VECTOR('',#8580,1.);
#8580 = DIRECTION('',(0.,-1.));
#8581 = ( GEOMETRIC_REPRESENTATION_CONTEXT(2) 
PARAMETRIC_REPRESENTATION_CONTEXT() REPRESENTATION_CONTEXT('2D SPACE',''
  ) );
#8582 = ( GEOMETRIC_REPRESENTATION_CONTEXT(3) 
GLOBAL_UNCERTAINTY_ASSIGNED_CONTEXT((#8586)) 
GLOBAL_UNIT_ASSIGNED_CONTEXT((#8583,#8584,#8585)) REPRESENTATION_CONTEXT
('Context #1','3D Context with UNIT and UNCERTAINTY') );
#8583 = ( LENGTH_UNIT() NAMED_UNIT(*) SI_UNIT(.MILLI.,.METRE.) );
#8584 = ( NAMED_UNIT(*) PLANE_ANGLE_UNIT() SI_UNIT($,.RADIAN.) );
#8585 = ( NAMED_UNIT(*) SI_UNIT($,.STERADIAN.) SOLID_ANGLE_UNIT() );
#8586 = UNCERTAINTY_MEASURE_WITH_UNIT(LENGTH_MEASURE(1.E-07),#8583,
  'distance_accuracy_value','confusion accuracy');
#8587 = CONTEXT_DEPENDENT_SHAPE_REPRESENTATION(#8588,#8590);
#8588 = ( REPRESENTATION_RELATIONSHIP('','',#8523,#10) 
REPRESENTATION_RELATIONSHIP_WITH_TRANSFORMATION(#8589) 
SHAPE_REPRESENTATION_RELATIONSHIP() );
#8589 = ITEM_DEFINED_TRANSFORMATION('','',#11,#411);
#8590 = PRODUCT_DEFINITION_SHAPE('Placement','Placement of an item',
  #8591);
#8591 = NEXT_ASSEMBLY_USAGE_OCCURRENCE('1864','','',#5,#8518,$);
#8592 = PRODUCT_RELATED_PRODUCT_CATEGORY('part',$,(#8520));
#8593 = SHAPE_DEFINITION_REPRESENTATION(#8594,#8600);
#8594 = PRODUCT_DEFINITION_SHAPE('','',#8595);
#8595 = PRODUCT_DEFINITION('design','',#8596,#8599);
#8596 = PRODUCT_DEFINITION_FORMATION('','',#8597);
#8597 = PRODUCT('Open CASCADE STEP translator 7.9 2.101',
  'Open CASCADE STEP translator 7.9 2.101','',(#8598));
#8598 = PRODUCT_CONTEXT('',#2,'mechanical');
#8599 = PRODUCT_DEFINITION_CONTEXT('part definition',#2,'design');
#8600 = MANIFOLD_SURFACE_SHAPE_REPRESENTATION('',(#11,#8601),#8659);
#8601 = SHELL_BASED_SURFACE_MODEL('',(#8602));
#8602 = OPEN_SHELL('',(#8603));
#8603 = ADVANCED_FACE('',(#8604),#8618,.T.);
#8604 = FACE_BOUND('',#8605,.T.);
#8605 = EDGE_LOOP('',(#8606,#8629,#8645));
#8606 = ORIENTED_EDGE('',*,*,#8607,.T.);
#8607 = EDGE_CURVE('',#8608,#8610,#8612,.T.);
#8608 = VERTEX_POINT('',#8609);
#8609 = CARTESIAN_POINT('',(-8.,0.,0.83889));
#8610 = VERTEX_POINT('',#8611);
#8611 = CARTESIAN_POINT('',(-7.60845,2.47214,7.));
#8612 = SURFACE_CURVE('',#8613,(#8617),.PCURVE_S1.);
#8613 = LINE('',#8614,#8615);
#8614 = CARTESIAN_POINT('',(-8.,0.,0.83889));
#8615 = VECTOR('',#8616,1.);
#8616 = DIRECTION('',(5.887865807854E-02,0.371743802279,0.926466323776)
  );
#8617 = PCURVE('',#8618,#8623);
#8618 = PLANE('',#8619);
#8619 = AXIS2_PLACEMENT_3D('',#8620,#8621,#8622);
#8620 = CARTESIAN_POINT('',(-8.,0.,0.83889));
#8621 = DIRECTION('',(-0.987688248635,0.15643504565,0.));
#8622 = DIRECTION('',(-0.15643504565,-0.987688248635,0.));
#8623 = DEFINITIONAL_REPRESENTATION('',(#8624),#8628);
#8624 = LINE('',#8625,#8626);
#8625 = CARTESIAN_POINT('',(0.,0.));
#8626 = VECTOR('',#8627,1.);
#8627 = DIRECTION('',(-0.376377670578,0.926466323776));
#8628 = ( GEOMETRIC_REPRESENTATION_CONTEXT(2) 
PARAMETRIC_REPRESENTATION_CONTEXT() REPRESENTATION_CONTEXT('2D SPACE',''
  ) );
#8629 = ORIENTED_EDGE('',*,*,#8630,.T.);
#8630 = EDGE_CURVE('',#8610,#8631,#8633,.T.);
#8631 = VERTEX_POINT('',#8632);
#8632 = CARTESIAN_POINT('',(-7.60845,2.47214,0.83889));
#8633 = SURFACE_CURVE('',#8634,(#8638),.PCURVE_S1.);
#8634 = LINE('',#8635,#8636);
#8635 = CARTESIAN_POINT('',(-7.60845,2.47214,7.));
#8636 = VECTOR('',#8637,1.);
#8637 = DIRECTION('',(0.,0.,-1.));
#8638 = PCURVE('',#8618,#8639);
#8639 = DEFINITIONAL_REPRESENTATION('',(#8640),#8644);
#8640 = LINE('',#8641,#8642);
#8641 = CARTESIAN_POINT('',(-2.502955769106,6.16111));
#8642 = VECTOR('',#8643,1.);
#8643 = DIRECTION('',(-0.,-1.));
#8644 = ( GEOMETRIC_REPRESENTATION_CONTEXT(2) 
PARAMETRIC_REPRESENTATION_CONTEXT() REPRESENTATION_CONTEXT('2D SPACE',''
  ) );
#8645 = ORIENTED_EDGE('',*,*,#8646,.T.);
#8646 = EDGE_CURVE('',#8631,#8608,#8647,.T.);
#8647 = SURFACE_CURVE('',#8648,(#8652),.PCURVE_S1.);
#8648 = LINE('',#8649,#8650);
#8649 = CARTESIAN_POINT('',(-7.60845,2.47214,0.83889));
#8650 = VECTOR('',#8651,1.);
#8651 = DIRECTION('',(-0.15643504565,-0.987688248635,0.));
#8652 = PCURVE('',#8618,#8653);
#8653 = DEFINITIONAL_REPRESENTATION('',(#8654),#8658);
#8654 = LINE('',#8655,#8656);
#8655 = CARTESIAN_POINT('',(-2.502955769106,0.));
#8656 = VECTOR('',#8657,1.);
#8657 = DIRECTION('',(1.,0.));
#8658 = ( GEOMETRIC_REPRESENTATION_CONTEXT(2) 
PARAMETRIC_REPRESENTATION_CONTEXT() REPRESENTATION_CONTEXT('2D SPACE',''
  ) );
#8659 = ( GEOMETRIC_REPRESENTATION_CONTEXT(3) 
GLOBAL_UNCERTAINTY_ASSIGNED_CONTEXT((#8663)) 
GLOBAL_UNIT_ASSIGNED_CONTEXT((#8660,#8661,#8662)) REPRESENTATION_CONTEXT
('Context #1','3D Context with UNIT and UNCERTAINTY') );
#8660 = ( LENGTH_UNIT() NAMED_UNIT(*) SI_UNIT(.MILLI.,.METRE.) );
#8661 = ( NAMED_UNIT(*) PLANE_ANGLE_UNIT() SI_UNIT($,.RADIAN.) );
#8662 = ( NAMED_UNIT(*) SI_UNIT($,.STERADIAN.) SOLID_ANGLE_UNIT() );
#8663 = UNCERTAINTY_MEASURE_WITH_UNIT(LENGTH_MEASURE(1.E-07),#8660,
  'distance_accuracy_value','confusion accuracy');
#8664 = CONTEXT_DEPENDENT_SHAPE_REPRESENTATION(#8665,#8667);
#8665 = ( REPRESENTATION_RELATIONSHIP('','',#8600,#10) 
REPRESENTATION_RELATIONSHIP_WITH_TRANSFORMATION(#8666) 
SHAPE_REPRESENTATION_RELATIONSHIP() );
#8666 = ITEM_DEFINED_TRANSFORMATION('','',#11,#415);
#8667 = PRODUCT_DEFINITION_SHAPE('Placement','Placement of an item',
  #8668);
#8668 = NEXT_ASSEMBLY_USAGE_OCCURRENCE('1865','','',#5,#8595,$);
#8669 = PRODUCT_RELATED_PRODUCT_CATEGORY('part',$,(#8597));
#8670 = SHAPE_DEFINITION_REPRESENTATION(#8671,#8677);
#8671 = PRODUCT_DEFINITION_SHAPE('','',#8672);
#8672 = PRODUCT_DEFINITION('design','',#8673,#8676);
#8673 = PRODUCT_DEFINITION_FORMATION('','',#8674);
#8674 = PRODUCT('Open CASCADE STEP translator 7.9 2.102',
  'Open CASCADE STEP translator 7.9 2.102','',(#8675));
#8675 = PRODUCT_CONTEXT('',#2,'mechanical');
#8676 = PRODUCT_DEFINITION_CONTEXT('part definition',#2,'design');
#8677 = MANIFOLD_SURFACE_SHAPE_REPRESENTATION('',(#11,#8678),#8736);
#8678 = SHELL_BASED_SURFACE_MODEL('',(#8679));
#8679 = OPEN_SHELL('',(#8680));
#8680 = ADVANCED_FACE('',(#8681),#8695,.T.);
#8681 = FACE_BOUND('',#8682,.T.);
#8682 = EDGE_LOOP('',(#8683,#8706,#8722));
#8683 = ORIENTED_EDGE('',*,*,#8684,.F.);
#8684 = EDGE_CURVE('',#8685,#8687,#8689,.T.);
#8685 = VERTEX_POINT('',#8686);
#8686 = CARTESIAN_POINT('',(-8.,0.,0.83889));
#8687 = VERTEX_POINT('',#8688);
#8688 = CARTESIAN_POINT('',(-7.60845,2.47214,7.));
#8689 = SURFACE_CURVE('',#8690,(#8694),.PCURVE_S1.);
#8690 = LINE('',#8691,#8692);
#8691 = CARTESIAN_POINT('',(-8.,0.,0.83889));
#8692 = VECTOR('',#8693,1.);
#8693 = DIRECTION('',(5.887865807854E-02,0.371743802279,0.926466323776)
  );
#8694 = PCURVE('',#8695,#8700);
#8695 = PLANE('',#8696);
#8696 = AXIS2_PLACEMENT_3D('',#8697,#8698,#8699);
#8697 = CARTESIAN_POINT('',(-7.60845,2.47214,7.));
#8698 = DIRECTION('',(-0.987688248635,0.15643504565,-0.));
#8699 = DIRECTION('',(-0.15643504565,-0.987688248635,0.));
#8700 = DEFINITIONAL_REPRESENTATION('',(#8701),#8705);
#8701 = LINE('',#8702,#8703);
#8702 = CARTESIAN_POINT('',(2.502955769106,-6.16111));
#8703 = VECTOR('',#8704,1.);
#8704 = DIRECTION('',(-0.376377670578,0.926466323776));
#8705 = ( GEOMETRIC_REPRESENTATION_CONTEXT(2) 
PARAMETRIC_REPRESENTATION_CONTEXT() REPRESENTATION_CONTEXT('2D SPACE',''
  ) );
#8706 = ORIENTED_EDGE('',*,*,#8707,.T.);
#8707 = EDGE_CURVE('',#8685,#8708,#8710,.T.);
#8708 = VERTEX_POINT('',#8709);
#8709 = CARTESIAN_POINT('',(-8.,0.,7.));
#8710 = SURFACE_CURVE('',#8711,(#8715),.PCURVE_S1.);
#8711 = LINE('',#8712,#8713);
#8712 = CARTESIAN_POINT('',(-8.,0.,0.83889));
#8713 = VECTOR('',#8714,1.);
#8714 = DIRECTION('',(0.,0.,1.));
#8715 = PCURVE('',#8695,#8716);
#8716 = DEFINITIONAL_REPRESENTATION('',(#8717),#8721);
#8717 = LINE('',#8718,#8719);
#8718 = CARTESIAN_POINT('',(2.502955769106,-6.16111));
#8719 = VECTOR('',#8720,1.);
#8720 = DIRECTION('',(0.,1.));
#8721 = ( GEOMETRIC_REPRESENTATION_CONTEXT(2) 
PARAMETRIC_REPRESENTATION_CONTEXT() REPRESENTATION_CONTEXT('2D SPACE',''
  ) );
#8722 = ORIENTED_EDGE('',*,*,#8723,.F.);
#8723 = EDGE_CURVE('',#8687,#8708,#8724,.T.);
#8724 = SURFACE_CURVE('',#8725,(#8729),.PCURVE_S1.);
#8725 = LINE('',#8726,#8727);
#8726 = CARTESIAN_POINT('',(-7.60845,2.47214,7.));
#8727 = VECTOR('',#8728,1.);
#8728 = DIRECTION('',(-0.15643504565,-0.987688248635,0.));
#8729 = PCURVE('',#8695,#8730);
#8730 = DEFINITIONAL_REPRESENTATION('',(#8731),#8735);
#8731 = LINE('',#8732,#8733);
#8732 = CARTESIAN_POINT('',(0.,0.));
#8733 = VECTOR('',#8734,1.);
#8734 = DIRECTION('',(1.,0.));
#8735 = ( GEOMETRIC_REPRESENTATION_CONTEXT(2) 
PARAMETRIC_REPRESENTATION_CONTEXT() REPRESENTATION_CONTEXT('2D SPACE',''
  ) );
#8736 = ( GEOMETRIC_REPRESENTATION_CONTEXT(3) 
GLOBAL_UNCERTAINTY_ASSIGNED_CONTEXT((#8740)) 
GLOBAL_UNIT_ASSIGNED_CONTEXT((#8737,#8738,#8739)) REPRESENTATION_CONTEXT
('Context #1','3D Context with UNIT and UNCERTAINTY') );
#8737 = ( LENGTH_UNIT() NAMED_UNIT(*) SI_UNIT(.MILLI.,.METRE.) );
#8738 = ( NAMED_UNIT(*) PLANE_ANGLE_UNIT() SI_UNIT($,.RADIAN.) );
#8739 = ( NAMED_UNIT(*) SI_UNIT($,.STERADIAN.) SOLID_ANGLE_UNIT() );
#8740 = UNCERTAINTY_MEASURE_WITH_UNIT(LENGTH_MEASURE(1.E-07),#8737,
  'distance_accuracy_value','confusion accuracy');
#8741 = CONTEXT_DEPENDENT_SHAPE_REPRESENTATION(#8742,#8744);
#8742 = ( REPRESENTATION_RELATIONSHIP('','',#8677,#10) 
REPRESENTATION_RELATIONSHIP_WITH_TRANSFORMATION(#8743) 
SHAPE_REPRESENTATION_RELATIONSHIP() );
#8743 = ITEM_DEFINED_TRANSFORMATION('','',#11,#419);
#8744 = PRODUCT_DEFINITION_SHAPE('Placement','Placement of an item',
  #8745);
#8745 = NEXT_ASSEMBLY_USAGE_OCCURRENCE('1866','','',#5,#8672,$);
#8746 = PRODUCT_RELATED_PRODUCT_CATEGORY('part',$,(#8674));
#8747 = SHAPE_DEFINITION_REPRESENTATION(#8748,#8754);
#8748 = PRODUCT_DEFINITION_SHAPE('','',#8749);
#8749 = PRODUCT_DEFINITION('design','',#8750,#8753);
#8750 = PRODUCT_DEFINITION_FORMATION('','',#8751);
#8751 = PRODUCT('Open CASCADE STEP translator 7.9 2.103',
  'Open CASCADE STEP translator 7.9 2.103','',(#8752));
#8752 = PRODUCT_CONTEXT('',#2,'mechanical');
#8753 = PRODUCT_DEFINITION_CONTEXT('part definition',#2,'design');
#8754 = MANIFOLD_SURFACE_SHAPE_REPRESENTATION('',(#11,#8755),#8813);
#8755 = SHELL_BASED_SURFACE_MODEL('',(#8756));
#8756 = OPEN_SHELL('',(#8757));
#8757 = ADVANCED_FACE('',(#8758),#8772,.T.);
#8758 = FACE_BOUND('',#8759,.T.);
#8759 = EDGE_LOOP('',(#8760,#8783,#8799));
#8760 = ORIENTED_EDGE('',*,*,#8761,.T.);
#8761 = EDGE_CURVE('',#8762,#8764,#8766,.T.);
#8762 = VERTEX_POINT('',#8763);
#8763 = CARTESIAN_POINT('',(-8.,0.,12.));
#8764 = VERTEX_POINT('',#8765);
#8765 = CARTESIAN_POINT('',(-7.60845,2.47214,338.));
#8766 = SURFACE_CURVE('',#8767,(#8771),.PCURVE_S1.);
#8767 = LINE('',#8768,#8769);
#8768 = CARTESIAN_POINT('',(-8.,0.,12.));
#8769 = VECTOR('',#8770,1.);
#8770 = DIRECTION('',(1.201038220584E-03,7.5830280338E-03,0.999970527162
    ));
#8771 = PCURVE('',#8772,#8777);
#8772 = PLANE('',#8773);
#8773 = AXIS2_PLACEMENT_3D('',#8774,#8775,#8776);
#8774 = CARTESIAN_POINT('',(-8.,0.,12.));
#8775 = DIRECTION('',(-0.987688248635,0.15643504565,0.));
#8776 = DIRECTION('',(-0.15643504565,-0.987688248635,0.));
#8777 = DEFINITIONAL_REPRESENTATION('',(#8778),#8782);
#8778 = LINE('',#8779,#8780);
#8779 = CARTESIAN_POINT('',(0.,0.));
#8780 = VECTOR('',#8781,1.);
#8781 = DIRECTION('',(-7.677552146921E-03,0.999970527162));
#8782 = ( GEOMETRIC_REPRESENTATION_CONTEXT(2) 
PARAMETRIC_REPRESENTATION_CONTEXT() REPRESENTATION_CONTEXT('2D SPACE',''
  ) );
#8783 = ORIENTED_EDGE('',*,*,#8784,.T.);
#8784 = EDGE_CURVE('',#8764,#8785,#8787,.T.);
#8785 = VERTEX_POINT('',#8786);
#8786 = CARTESIAN_POINT('',(-7.60845,2.47214,12.));
#8787 = SURFACE_CURVE('',#8788,(#8792),.PCURVE_S1.);
#8788 = LINE('',#8789,#8790);
#8789 = CARTESIAN_POINT('',(-7.60845,2.47214,338.));
#8790 = VECTOR('',#8791,1.);
#8791 = DIRECTION('',(0.,0.,-1.));
#8792 = PCURVE('',#8772,#8793);
#8793 = DEFINITIONAL_REPRESENTATION('',(#8794),#8798);
#8794 = LINE('',#8795,#8796);
#8795 = CARTESIAN_POINT('',(-2.502955769106,326.));
#8796 = VECTOR('',#8797,1.);
#8797 = DIRECTION('',(-0.,-1.));
#8798 = ( GEOMETRIC_REPRESENTATION_CONTEXT(2) 
PARAMETRIC_REPRESENTATION_CONTEXT() REPRESENTATION_CONTEXT('2D SPACE',''
  ) );
#8799 = ORIENTED_EDGE('',*,*,#8800,.F.);
#8800 = EDGE_CURVE('',#8762,#8785,#8801,.T.);
#8801 = SURFACE_CURVE('',#8802,(#8806),.PCURVE_S1.);
#8802 = LINE('',#8803,#8804);
#8803 = CARTESIAN_POINT('',(-8.,0.,12.));
#8804 = VECTOR('',#8805,1.);
#8805 = DIRECTION('',(0.15643504565,0.987688248635,0.));
#8806 = PCURVE('',#8772,#8807);
#8807 = DEFINITIONAL_REPRESENTATION('',(#8808),#8812);
#8808 = LINE('',#8809,#8810);
#8809 = CARTESIAN_POINT('',(0.,0.));
#8810 = VECTOR('',#8811,1.);
#8811 = DIRECTION('',(-1.,0.));
#8812 = ( GEOMETRIC_REPRESENTATION_CONTEXT(2) 
PARAMETRIC_REPRESENTATION_CONTEXT() REPRESENTATION_CONTEXT('2D SPACE',''
  ) );
#8813 = ( GEOMETRIC_REPRESENTATION_CONTEXT(3) 
GLOBAL_UNCERTAINTY_ASSIGNED_CONTEXT((#8817)) 
GLOBAL_UNIT_ASSIGNED_CONTEXT((#8814,#8815,#8816)) REPRESENTATION_CONTEXT
('Context #1','3D Context with UNIT and UNCERTAINTY') );
#8814 = ( LENGTH_UNIT() NAMED_UNIT(*) SI_UNIT(.MILLI.,.METRE.) );
#8815 = ( NAMED_UNIT(*) PLANE_ANGLE_UNIT() SI_UNIT($,.RADIAN.) );
#8816 = ( NAMED_UNIT(*) SI_UNIT($,.STERADIAN.) SOLID_ANGLE_UNIT() );
#8817 = UNCERTAINTY_MEASURE_WITH_UNIT(LENGTH_MEASURE(1.E-07),#8814,
  'distance_accuracy_value','confusion accuracy');
#8818 = CONTEXT_DEPENDENT_SHAPE_REPRESENTATION(#8819,#8821);
#8819 = ( REPRESENTATION_RELATIONSHIP('','',#8754,#10) 
REPRESENTATION_RELATIONSHIP_WITH_TRANSFORMATION(#8820) 
SHAPE_REPRESENTATION_RELATIONSHIP() );
#8820 = ITEM_DEFINED_TRANSFORMATION('','',#11,#423);
#8821 = PRODUCT_DEFINITION_SHAPE('Placement','Placement of an item',
  #8822);
#8822 = NEXT_ASSEMBLY_USAGE_OCCURRENCE('1867','','',#5,#8749,$);
#8823 = PRODUCT_RELATED_PRODUCT_CATEGORY('part',$,(#8751));
#8824 = SHAPE_DEFINITION_REPRESENTATION(#8825,#8831);
#8825 = PRODUCT_DEFINITION_SHAPE('','',#8826);
#8826 = PRODUCT_DEFINITION('design','',#8827,#8830);
#8827 = PRODUCT_DEFINITION_FORMATION('','',#8828);
#8828 = PRODUCT('Open CASCADE STEP translator 7.9 2.104',
  'Open CASCADE STEP translator 7.9 2.104','',(#8829));
#8829 = PRODUCT_CONTEXT('',#2,'mechanical');
#8830 = PRODUCT_DEFINITION_CONTEXT('part definition',#2,'design');
#8831 = MANIFOLD_SURFACE_SHAPE_REPRESENTATION('',(#11,#8832),#8890);
#8832 = SHELL_BASED_SURFACE_MODEL('',(#8833));
#8833 = OPEN_SHELL('',(#8834));
#8834 = ADVANCED_FACE('',(#8835),#8849,.T.);
#8835 = FACE_BOUND('',#8836,.T.);
#8836 = EDGE_LOOP('',(#8837,#8860,#8876));
#8837 = ORIENTED_EDGE('',*,*,#8838,.F.);
#8838 = EDGE_CURVE('',#8839,#8841,#8843,.T.);
#8839 = VERTEX_POINT('',#8840);
#8840 = CARTESIAN_POINT('',(-8.,0.,12.));
#8841 = VERTEX_POINT('',#8842);
#8842 = CARTESIAN_POINT('',(-7.60845,2.47214,338.));
#8843 = SURFACE_CURVE('',#8844,(#8848),.PCURVE_S1.);
#8844 = LINE('',#8845,#8846);
#8845 = CARTESIAN_POINT('',(-8.,0.,12.));
#8846 = VECTOR('',#8847,1.);
#8847 = DIRECTION('',(1.201038220584E-03,7.5830280338E-03,0.999970527162
    ));
#8848 = PCURVE('',#8849,#8854);
#8849 = PLANE('',#8850);
#8850 = AXIS2_PLACEMENT_3D('',#8851,#8852,#8853);
#8851 = CARTESIAN_POINT('',(-7.60845,2.47214,338.));
#8852 = DIRECTION('',(-0.987688248635,0.15643504565,-0.));
#8853 = DIRECTION('',(-0.15643504565,-0.987688248635,0.));
#8854 = DEFINITIONAL_REPRESENTATION('',(#8855),#8859);
#8855 = LINE('',#8856,#8857);
#8856 = CARTESIAN_POINT('',(2.502955769106,-326.));
#8857 = VECTOR('',#8858,1.);
#8858 = DIRECTION('',(-7.677552146921E-03,0.999970527162));
#8859 = ( GEOMETRIC_REPRESENTATION_CONTEXT(2) 
PARAMETRIC_REPRESENTATION_CONTEXT() REPRESENTATION_CONTEXT('2D SPACE',''
  ) );
#8860 = ORIENTED_EDGE('',*,*,#8861,.T.);
#8861 = EDGE_CURVE('',#8839,#8862,#8864,.T.);
#8862 = VERTEX_POINT('',#8863);
#8863 = CARTESIAN_POINT('',(-8.,0.,338.));
#8864 = SURFACE_CURVE('',#8865,(#8869),.PCURVE_S1.);
#8865 = LINE('',#8866,#8867);
#8866 = CARTESIAN_POINT('',(-8.,0.,12.));
#8867 = VECTOR('',#8868,1.);
#8868 = DIRECTION('',(0.,0.,1.));
#8869 = PCURVE('',#8849,#8870);
#8870 = DEFINITIONAL_REPRESENTATION('',(#8871),#8875);
#8871 = LINE('',#8872,#8873);
#8872 = CARTESIAN_POINT('',(2.502955769106,-326.));
#8873 = VECTOR('',#8874,1.);
#8874 = DIRECTION('',(0.,1.));
#8875 = ( GEOMETRIC_REPRESENTATION_CONTEXT(2) 
PARAMETRIC_REPRESENTATION_CONTEXT() REPRESENTATION_CONTEXT('2D SPACE',''
  ) );
#8876 = ORIENTED_EDGE('',*,*,#8877,.F.);
#8877 = EDGE_CURVE('',#8841,#8862,#8878,.T.);
#8878 = SURFACE_CURVE('',#8879,(#8883),.PCURVE_S1.);
#8879 = LINE('',#8880,#8881);
#8880 = CARTESIAN_POINT('',(-7.60845,2.47214,338.));
#8881 = VECTOR('',#8882,1.);
#8882 = DIRECTION('',(-0.15643504565,-0.987688248635,0.));
#8883 = PCURVE('',#8849,#8884);
#8884 = DEFINITIONAL_REPRESENTATION('',(#8885),#8889);
#8885 = LINE('',#8886,#8887);
#8886 = CARTESIAN_POINT('',(0.,0.));
#8887 = VECTOR('',#8888,1.);
#8888 = DIRECTION('',(1.,0.));
#8889 = ( GEOMETRIC_REPRESENTATION_CONTEXT(2) 
PARAMETRIC_REPRESENTATION_CONTEXT() REPRESENTATION_CONTEXT('2D SPACE',''
  ) );
#8890 = ( GEOMETRIC_REPRESENTATION_CONTEXT(3) 
GLOBAL_UNCERTAINTY_ASSIGNED_CONTEXT((#8894)) 
GLOBAL_UNIT_ASSIGNED_CONTEXT((#8891,#8892,#8893)) REPRESENTATION_CONTEXT
('Context #1','3D Context with UNIT and UNCERTAINTY') );
#8891 = ( LENGTH_UNIT() NAMED_UNIT(*) SI_UNIT(.MILLI.,.METRE.) );
#8892 = ( NAMED_UNIT(*) PLANE_ANGLE_UNIT() SI_UNIT($,.RADIAN.) );
#8893 = ( NAMED_UNIT(*) SI_UNIT($,.STERADIAN.) SOLID_ANGLE_UNIT() );
#8894 = UNCERTAINTY_MEASURE_WITH_UNIT(LENGTH_MEASURE(1.E-07),#8891,
  'distance_accuracy_value','confusion accuracy');
#8895 = CONTEXT_DEPENDENT_SHAPE_REPRESENTATION(#8896,#8898);
#8896 = ( REPRESENTATION_RELATIONSHIP('','',#8831,#10) 
REPRESENTATION_RELATIONSHIP_WITH_TRANSFORMATION(#8897) 
SHAPE_REPRESENTATION_RELATIONSHIP() );
#8897 = ITEM_DEFINED_TRANSFORMATION('','',#11,#427);
#8898 = PRODUCT_DEFINITION_SHAPE('Placement','Placement of an item',
  #8899);
#8899 = NEXT_ASSEMBLY_USAGE_OCCURRENCE('1868','','',#5,#8826,$);
#8900 = PRODUCT_RELATED_PRODUCT_CATEGORY('part',$,(#8828));
#8901 = SHAPE_DEFINITION_REPRESENTATION(#8902,#8908);
#8902 = PRODUCT_DEFINITION_SHAPE('','',#8903);
#8903 = PRODUCT_DEFINITION('design','',#8904,#8907);
#8904 = PRODUCT_DEFINITION_FORMATION('','',#8905);
#8905 = PRODUCT('Open CASCADE STEP translator 7.9 2.105',
  'Open CASCADE STEP translator 7.9 2.105','',(#8906));
#8906 = PRODUCT_CONTEXT('',#2,'mechanical');
#8907 = PRODUCT_DEFINITION_CONTEXT('part definition',#2,'design');
#8908 = MANIFOLD_SURFACE_SHAPE_REPRESENTATION('',(#11,#8909),#8967);
#8909 = SHELL_BASED_SURFACE_MODEL('',(#8910));
#8910 = OPEN_SHELL('',(#8911));
#8911 = ADVANCED_FACE('',(#8912),#8926,.T.);
#8912 = FACE_BOUND('',#8913,.T.);
#8913 = EDGE_LOOP('',(#8914,#8937,#8953));
#8914 = ORIENTED_EDGE('',*,*,#8915,.T.);
#8915 = EDGE_CURVE('',#8916,#8918,#8920,.T.);
#8916 = VERTEX_POINT('',#8917);
#8917 = CARTESIAN_POINT('',(-8.,0.,343.));
#8918 = VERTEX_POINT('',#8919);
#8919 = CARTESIAN_POINT('',(-7.60845,2.47214,349.161));
#8920 = SURFACE_CURVE('',#8921,(#8925),.PCURVE_S1.);
#8921 = LINE('',#8922,#8923);
#8922 = CARTESIAN_POINT('',(-8.,0.,343.));
#8923 = VECTOR('',#8924,1.);
#8924 = DIRECTION('',(5.887956039111E-02,0.371749499235,0.926463980512)
  );
#8925 = PCURVE('',#8926,#8931);
#8926 = PLANE('',#8927);
#8927 = AXIS2_PLACEMENT_3D('',#8928,#8929,#8930);
#8928 = CARTESIAN_POINT('',(-8.,0.,343.));
#8929 = DIRECTION('',(-0.987688248635,0.15643504565,0.));
#8930 = DIRECTION('',(-0.15643504565,-0.987688248635,0.));
#8931 = DEFINITIONAL_REPRESENTATION('',(#8932),#8936);
#8932 = LINE('',#8933,#8934);
#8933 = CARTESIAN_POINT('',(0.,0.));
#8934 = VECTOR('',#8935,1.);
#8935 = DIRECTION('',(-0.376383438548,0.926463980512));
#8936 = ( GEOMETRIC_REPRESENTATION_CONTEXT(2) 
PARAMETRIC_REPRESENTATION_CONTEXT() REPRESENTATION_CONTEXT('2D SPACE',''
  ) );
#8937 = ORIENTED_EDGE('',*,*,#8938,.T.);
#8938 = EDGE_CURVE('',#8918,#8939,#8941,.T.);
#8939 = VERTEX_POINT('',#8940);
#8940 = CARTESIAN_POINT('',(-7.60845,2.47214,343.));
#8941 = SURFACE_CURVE('',#8942,(#8946),.PCURVE_S1.);
#8942 = LINE('',#8943,#8944);
#8943 = CARTESIAN_POINT('',(-7.60845,2.47214,349.161));
#8944 = VECTOR('',#8945,1.);
#8945 = DIRECTION('',(0.,0.,-1.));
#8946 = PCURVE('',#8926,#8947);
#8947 = DEFINITIONAL_REPRESENTATION('',(#8948),#8952);
#8948 = LINE('',#8949,#8950);
#8949 = CARTESIAN_POINT('',(-2.502955769106,6.161));
#8950 = VECTOR('',#8951,1.);
#8951 = DIRECTION('',(-0.,-1.));
#8952 = ( GEOMETRIC_REPRESENTATION_CONTEXT(2) 
PARAMETRIC_REPRESENTATION_CONTEXT() REPRESENTATION_CONTEXT('2D SPACE',''
  ) );
#8953 = ORIENTED_EDGE('',*,*,#8954,.F.);
#8954 = EDGE_CURVE('',#8916,#8939,#8955,.T.);
#8955 = SURFACE_CURVE('',#8956,(#8960),.PCURVE_S1.);
#8956 = LINE('',#8957,#8958);
#8957 = CARTESIAN_POINT('',(-8.,0.,343.));
#8958 = VECTOR('',#8959,1.);
#8959 = DIRECTION('',(0.15643504565,0.987688248635,0.));
#8960 = PCURVE('',#8926,#8961);
#8961 = DEFINITIONAL_REPRESENTATION('',(#8962),#8966);
#8962 = LINE('',#8963,#8964);
#8963 = CARTESIAN_POINT('',(0.,0.));
#8964 = VECTOR('',#8965,1.);
#8965 = DIRECTION('',(-1.,0.));
#8966 = ( GEOMETRIC_REPRESENTATION_CONTEXT(2) 
PARAMETRIC_REPRESENTATION_CONTEXT() REPRESENTATION_CONTEXT('2D SPACE',''
  ) );
#8967 = ( GEOMETRIC_REPRESENTATION_CONTEXT(3) 
GLOBAL_UNCERTAINTY_ASSIGNED_CONTEXT((#8971)) 
GLOBAL_UNIT_ASSIGNED_CONTEXT((#8968,#8969,#8970)) REPRESENTATION_CONTEXT
('Context #1','3D Context with UNIT and UNCERTAINTY') );
#8968 = ( LENGTH_UNIT() NAMED_UNIT(*) SI_UNIT(.MILLI.,.METRE.) );
#8969 = ( NAMED_UNIT(*) PLANE_ANGLE_UNIT() SI_UNIT($,.RADIAN.) );
#8970 = ( NAMED_UNIT(*) SI_UNIT($,.STERADIAN.) SOLID_ANGLE_UNIT() );
#8971 = UNCERTAINTY_MEASURE_WITH_UNIT(LENGTH_MEASURE(1.E-07),#8968,
  'distance_accuracy_value','confusion accuracy');
#8972 = CONTEXT_DEPENDENT_SHAPE_REPRESENTATION(#8973,#8975);
#8973 = ( REPRESENTATION_RELATIONSHIP('','',#8908,#10) 
REPRESENTATION_RELATIONSHIP_WITH_TRANSFORMATION(#8974) 
SHAPE_REPRESENTATION_RELATIONSHIP() );
#8974 = ITEM_DEFINED_TRANSFORMATION('','',#11,#431);
#8975 = PRODUCT_DEFINITION_SHAPE('Placement','Placement of an item',
  #8976);
#8976 = NEXT_ASSEMBLY_USAGE_OCCURRENCE('1869','','',#5,#8903,$);
#8977 = PRODUCT_RELATED_PRODUCT_CATEGORY('part',$,(#8905));
#8978 = SHAPE_DEFINITION_REPRESENTATION(#8979,#8985);
#8979 = PRODUCT_DEFINITION_SHAPE('','',#8980);
#8980 = PRODUCT_DEFINITION('design','',#8981,#8984);
#8981 = PRODUCT_DEFINITION_FORMATION('','',#8982);
#8982 = PRODUCT('Open CASCADE STEP translator 7.9 2.106',
  'Open CASCADE STEP translator 7.9 2.106','',(#8983));
#8983 = PRODUCT_CONTEXT('',#2,'mechanical');
#8984 = PRODUCT_DEFINITION_CONTEXT('part definition',#2,'design');
#8985 = MANIFOLD_SURFACE_SHAPE_REPRESENTATION('',(#11,#8986),#9044);
#8986 = SHELL_BASED_SURFACE_MODEL('',(#8987));
#8987 = OPEN_SHELL('',(#8988));
#8988 = ADVANCED_FACE('',(#8989),#9003,.T.);
#8989 = FACE_BOUND('',#8990,.T.);
#8990 = EDGE_LOOP('',(#8991,#9014,#9030));
#8991 = ORIENTED_EDGE('',*,*,#8992,.F.);
#8992 = EDGE_CURVE('',#8993,#8995,#8997,.T.);
#8993 = VERTEX_POINT('',#8994);
#8994 = CARTESIAN_POINT('',(-8.,0.,343.));
#8995 = VERTEX_POINT('',#8996);
#8996 = CARTESIAN_POINT('',(-7.60845,2.47214,349.161));
#8997 = SURFACE_CURVE('',#8998,(#9002),.PCURVE_S1.);
#8998 = LINE('',#8999,#9000);
#8999 = CARTESIAN_POINT('',(-8.,0.,343.));
#9000 = VECTOR('',#9001,1.);
#9001 = DIRECTION('',(5.887956039111E-02,0.371749499235,0.926463980512)
  );
#9002 = PCURVE('',#9003,#9008);
#9003 = PLANE('',#9004);
#9004 = AXIS2_PLACEMENT_3D('',#9005,#9006,#9007);
#9005 = CARTESIAN_POINT('',(-7.60845,2.47214,349.161));
#9006 = DIRECTION('',(-0.987688248635,0.15643504565,-0.));
#9007 = DIRECTION('',(-0.15643504565,-0.987688248635,0.));
#9008 = DEFINITIONAL_REPRESENTATION('',(#9009),#9013);
#9009 = LINE('',#9010,#9011);
#9010 = CARTESIAN_POINT('',(2.502955769106,-6.161));
#9011 = VECTOR('',#9012,1.);
#9012 = DIRECTION('',(-0.376383438548,0.926463980512));
#9013 = ( GEOMETRIC_REPRESENTATION_CONTEXT(2) 
PARAMETRIC_REPRESENTATION_CONTEXT() REPRESENTATION_CONTEXT('2D SPACE',''
  ) );
#9014 = ORIENTED_EDGE('',*,*,#9015,.T.);
#9015 = EDGE_CURVE('',#8993,#9016,#9018,.T.);
#9016 = VERTEX_POINT('',#9017);
#9017 = CARTESIAN_POINT('',(-8.,0.,349.161));
#9018 = SURFACE_CURVE('',#9019,(#9023),.PCURVE_S1.);
#9019 = LINE('',#9020,#9021);
#9020 = CARTESIAN_POINT('',(-8.,0.,343.));
#9021 = VECTOR('',#9022,1.);
#9022 = DIRECTION('',(0.,0.,1.));
#9023 = PCURVE('',#9003,#9024);
#9024 = DEFINITIONAL_REPRESENTATION('',(#9025),#9029);
#9025 = LINE('',#9026,#9027);
#9026 = CARTESIAN_POINT('',(2.502955769106,-6.161));
#9027 = VECTOR('',#9028,1.);
#9028 = DIRECTION('',(0.,1.));
#9029 = ( GEOMETRIC_REPRESENTATION_CONTEXT(2) 
PARAMETRIC_REPRESENTATION_CONTEXT() REPRESENTATION_CONTEXT('2D SPACE',''
  ) );
#9030 = ORIENTED_EDGE('',*,*,#9031,.T.);
#9031 = EDGE_CURVE('',#9016,#8995,#9032,.T.);
#9032 = SURFACE_CURVE('',#9033,(#9037),.PCURVE_S1.);
#9033 = LINE('',#9034,#9035);
#9034 = CARTESIAN_POINT('',(-8.,0.,349.161));
#9035 = VECTOR('',#9036,1.);
#9036 = DIRECTION('',(0.15643504565,0.987688248635,0.));
#9037 = PCURVE('',#9003,#9038);
#9038 = DEFINITIONAL_REPRESENTATION('',(#9039),#9043);
#9039 = LINE('',#9040,#9041);
#9040 = CARTESIAN_POINT('',(2.502955769106,0.));
#9041 = VECTOR('',#9042,1.);
#9042 = DIRECTION('',(-1.,0.));
#9043 = ( GEOMETRIC_REPRESENTATION_CONTEXT(2) 
PARAMETRIC_REPRESENTATION_CONTEXT() REPRESENTATION_CONTEXT('2D SPACE',''
  ) );
#9044 = ( GEOMETRIC_REPRESENTATION_CONTEXT(3) 
GLOBAL_UNCERTAINTY_ASSIGNED_CONTEXT((#9048)) 
GLOBAL_UNIT_ASSIGNED_CONTEXT((#9045,#9046,#9047)) REPRESENTATION_CONTEXT
('Context #1','3D Context with UNIT and UNCERTAINTY') );
#9045 = ( LENGTH_UNIT() NAMED_UNIT(*) SI_UNIT(.MILLI.,.METRE.) );
#9046 = ( NAMED_UNIT(*) PLANE_ANGLE_UNIT() SI_UNIT($,.RADIAN.) );
#9047 = ( NAMED_UNIT(*) SI_UNIT($,.STERADIAN.) SOLID_ANGLE_UNIT() );
#9048 = UNCERTAINTY_MEASURE_WITH_UNIT(LENGTH_MEASURE(1.E-07),#9045,
  'distance_accuracy_value','confusion accuracy');
#9049 = CONTEXT_DEPENDENT_SHAPE_REPRESENTATION(#9050,#9052);
#9050 = ( REPRESENTATION_RELATIONSHIP('','',#8985,#10) 
REPRESENTATION_RELATIONSHIP_WITH_TRANSFORMATION(#9051) 
SHAPE_REPRESENTATION_RELATIONSHIP() );
#9051 = ITEM_DEFINED_TRANSFORMATION('','',#11,#435);
#9052 = PRODUCT_DEFINITION_SHAPE('Placement','Placement of an item',
  #9053);
#9053 = NEXT_ASSEMBLY_USAGE_OCCURRENCE('1870','','',#5,#8980,$);
#9054 = PRODUCT_RELATED_PRODUCT_CATEGORY('part',$,(#8982));
#9055 = SHAPE_DEFINITION_REPRESENTATION(#9056,#9062);
#9056 = PRODUCT_DEFINITION_SHAPE('','',#9057);
#9057 = PRODUCT_DEFINITION('design','',#9058,#9061);
#9058 = PRODUCT_DEFINITION_FORMATION('','',#9059);
#9059 = PRODUCT('Open CASCADE STEP translator 7.9 2.107',
  'Open CASCADE STEP translator 7.9 2.107','',(#9060));
#9060 = PRODUCT_CONTEXT('',#2,'mechanical');
#9061 = PRODUCT_DEFINITION_CONTEXT('part definition',#2,'design');
#9062 = MANIFOLD_SURFACE_SHAPE_REPRESENTATION('',(#11,#9063),#9121);
#9063 = SHELL_BASED_SURFACE_MODEL('',(#9064));
#9064 = OPEN_SHELL('',(#9065));
#9065 = ADVANCED_FACE('',(#9066),#9080,.T.);
#9066 = FACE_BOUND('',#9067,.T.);
#9067 = EDGE_LOOP('',(#9068,#9091,#9107));
#9068 = ORIENTED_EDGE('',*,*,#9069,.T.);
#9069 = EDGE_CURVE('',#9070,#9072,#9074,.T.);
#9070 = VERTEX_POINT('',#9071);
#9071 = CARTESIAN_POINT('',(4.70228,6.47214,349.161));
#9072 = VERTEX_POINT('',#9073);
#9073 = CARTESIAN_POINT('',(2.47214,7.60845,0.83889));
#9074 = SURFACE_CURVE('',#9075,(#9079),.PCURVE_S1.);
#9075 = LINE('',#9076,#9077);
#9076 = CARTESIAN_POINT('',(4.70228,6.47214,349.161));
#9077 = VECTOR('',#9078,1.);
#9078 = DIRECTION('',(-6.402356790259E-03,3.262154862178E-03,
    -0.999974183753));
#9079 = PCURVE('',#9080,#9085);
#9080 = PLANE('',#9081);
#9081 = AXIS2_PLACEMENT_3D('',#9082,#9083,#9084);
#9082 = CARTESIAN_POINT('',(4.70228,6.47214,349.161));
#9083 = DIRECTION('',(0.453989520931,0.891007022916,0.));
#9084 = DIRECTION('',(0.891007022916,-0.453989520931,0.));
#9085 = DEFINITIONAL_REPRESENTATION('',(#9086),#9090);
#9086 = LINE('',#9087,#9088);
#9087 = CARTESIAN_POINT('',(0.,0.));
#9088 = VECTOR('',#9089,1.);
#9089 = DIRECTION('',(-7.185528986415E-03,0.999974183753));
#9090 = ( GEOMETRIC_REPRESENTATION_CONTEXT(2) 
PARAMETRIC_REPRESENTATION_CONTEXT() REPRESENTATION_CONTEXT('2D SPACE',''
  ) );
#9091 = ORIENTED_EDGE('',*,*,#9092,.F.);
#9092 = EDGE_CURVE('',#9093,#9072,#9095,.T.);
#9093 = VERTEX_POINT('',#9094);
#9094 = CARTESIAN_POINT('',(2.47214,7.60845,349.161));
#9095 = SURFACE_CURVE('',#9096,(#9100),.PCURVE_S1.);
#9096 = LINE('',#9097,#9098);
#9097 = CARTESIAN_POINT('',(2.47214,7.60845,349.161));
#9098 = VECTOR('',#9099,1.);
#9099 = DIRECTION('',(0.,0.,-1.));
#9100 = PCURVE('',#9080,#9101);
#9101 = DEFINITIONAL_REPRESENTATION('',(#9102),#9106);
#9102 = LINE('',#9103,#9104);
#9103 = CARTESIAN_POINT('',(-2.502943234614,0.));
#9104 = VECTOR('',#9105,1.);
#9105 = DIRECTION('',(0.,1.));
#9106 = ( GEOMETRIC_REPRESENTATION_CONTEXT(2) 
PARAMETRIC_REPRESENTATION_CONTEXT() REPRESENTATION_CONTEXT('2D SPACE',''
  ) );
#9107 = ORIENTED_EDGE('',*,*,#9108,.T.);
#9108 = EDGE_CURVE('',#9093,#9070,#9109,.T.);
#9109 = SURFACE_CURVE('',#9110,(#9114),.PCURVE_S1.);
#9110 = LINE('',#9111,#9112);
#9111 = CARTESIAN_POINT('',(2.47214,7.60845,349.161));
#9112 = VECTOR('',#9113,1.);
#9113 = DIRECTION('',(0.891007022916,-0.453989520931,0.));
#9114 = PCURVE('',#9080,#9115);
#9115 = DEFINITIONAL_REPRESENTATION('',(#9116),#9120);
#9116 = LINE('',#9117,#9118);
#9117 = CARTESIAN_POINT('',(-2.502943234614,0.));
#9118 = VECTOR('',#9119,1.);
#9119 = DIRECTION('',(1.,0.));
#9120 = ( GEOMETRIC_REPRESENTATION_CONTEXT(2) 
PARAMETRIC_REPRESENTATION_CONTEXT() REPRESENTATION_CONTEXT('2D SPACE',''
  ) );
#9121 = ( GEOMETRIC_REPRESENTATION_CONTEXT(3) 
GLOBAL_UNCERTAINTY_ASSIGNED_CONTEXT((#9125)) 
GLOBAL_UNIT_ASSIGNED_CONTEXT((#9122,#9123,#9124)) REPRESENTATION_CONTEXT
('Context #1','3D Context with UNIT and UNCERTAINTY') );
#9122 = ( LENGTH_UNIT() NAMED_UNIT(*) SI_UNIT(.MILLI.,.METRE.) );
#9123 = ( NAMED_UNIT(*) PLANE_ANGLE_UNIT() SI_UNIT($,.RADIAN.) );
#9124 = ( NAMED_UNIT(*) SI_UNIT($,.STERADIAN.) SOLID_ANGLE_UNIT() );
#9125 = UNCERTAINTY_MEASURE_WITH_UNIT(LENGTH_MEASURE(1.E-07),#9122,
  'distance_accuracy_value','confusion accuracy');
#9126 = CONTEXT_DEPENDENT_SHAPE_REPRESENTATION(#9127,#9129);
#9127 = ( REPRESENTATION_RELATIONSHIP('','',#9062,#10) 
REPRESENTATION_RELATIONSHIP_WITH_TRANSFORMATION(#9128) 
SHAPE_REPRESENTATION_RELATIONSHIP() );
#9128 = ITEM_DEFINED_TRANSFORMATION('','',#11,#439);
#9129 = PRODUCT_DEFINITION_SHAPE('Placement','Placement of an item',
  #9130);
#9130 = NEXT_ASSEMBLY_USAGE_OCCURRENCE('1871','','',#5,#9057,$);
#9131 = PRODUCT_RELATED_PRODUCT_CATEGORY('part',$,(#9059));
#9132 = SHAPE_DEFINITION_REPRESENTATION(#9133,#9139);
#9133 = PRODUCT_DEFINITION_SHAPE('','',#9134);
#9134 = PRODUCT_DEFINITION('design','',#9135,#9138);
#9135 = PRODUCT_DEFINITION_FORMATION('','',#9136);
#9136 = PRODUCT('Open CASCADE STEP translator 7.9 2.108',
  'Open CASCADE STEP translator 7.9 2.108','',(#9137));
#9137 = PRODUCT_CONTEXT('',#2,'mechanical');
#9138 = PRODUCT_DEFINITION_CONTEXT('part definition',#2,'design');
#9139 = MANIFOLD_SURFACE_SHAPE_REPRESENTATION('',(#11,#9140),#9198);
#9140 = SHELL_BASED_SURFACE_MODEL('',(#9141));
#9141 = OPEN_SHELL('',(#9142));
#9142 = ADVANCED_FACE('',(#9143),#9157,.T.);
#9143 = FACE_BOUND('',#9144,.T.);
#9144 = EDGE_LOOP('',(#9145,#9168,#9184));
#9145 = ORIENTED_EDGE('',*,*,#9146,.T.);
#9146 = EDGE_CURVE('',#9147,#9149,#9151,.T.);
#9147 = VERTEX_POINT('',#9148);
#9148 = CARTESIAN_POINT('',(4.70228,6.47214,349.161));
#9149 = VERTEX_POINT('',#9150);
#9150 = CARTESIAN_POINT('',(4.70228,6.47214,0.83889));
#9151 = SURFACE_CURVE('',#9152,(#9156),.PCURVE_S1.);
#9152 = LINE('',#9153,#9154);
#9153 = CARTESIAN_POINT('',(4.70228,6.47214,349.161));
#9154 = VECTOR('',#9155,1.);
#9155 = DIRECTION('',(0.,0.,-1.));
#9156 = PCURVE('',#9157,#9162);
#9157 = PLANE('',#9158);
#9158 = AXIS2_PLACEMENT_3D('',#9159,#9160,#9161);
#9159 = CARTESIAN_POINT('',(4.70228,6.47214,349.161));
#9160 = DIRECTION('',(0.453989520931,0.891007022916,0.));
#9161 = DIRECTION('',(0.891007022916,-0.453989520931,0.));
#9162 = DEFINITIONAL_REPRESENTATION('',(#9163),#9167);
#9163 = LINE('',#9164,#9165);
#9164 = CARTESIAN_POINT('',(0.,0.));
#9165 = VECTOR('',#9166,1.);
#9166 = DIRECTION('',(0.,1.));
#9167 = ( GEOMETRIC_REPRESENTATION_CONTEXT(2) 
PARAMETRIC_REPRESENTATION_CONTEXT() REPRESENTATION_CONTEXT('2D SPACE',''
  ) );
#9168 = ORIENTED_EDGE('',*,*,#9169,.T.);
#9169 = EDGE_CURVE('',#9149,#9170,#9172,.T.);
#9170 = VERTEX_POINT('',#9171);
#9171 = CARTESIAN_POINT('',(2.47214,7.60845,0.83889));
#9172 = SURFACE_CURVE('',#9173,(#9177),.PCURVE_S1.);
#9173 = LINE('',#9174,#9175);
#9174 = CARTESIAN_POINT('',(4.70228,6.47214,0.83889));
#9175 = VECTOR('',#9176,1.);
#9176 = DIRECTION('',(-0.891007022916,0.453989520931,0.));
#9177 = PCURVE('',#9157,#9178);
#9178 = DEFINITIONAL_REPRESENTATION('',(#9179),#9183);
#9179 = LINE('',#9180,#9181);
#9180 = CARTESIAN_POINT('',(0.,348.32211));
#9181 = VECTOR('',#9182,1.);
#9182 = DIRECTION('',(-1.,0.));
#9183 = ( GEOMETRIC_REPRESENTATION_CONTEXT(2) 
PARAMETRIC_REPRESENTATION_CONTEXT() REPRESENTATION_CONTEXT('2D SPACE',''
  ) );
#9184 = ORIENTED_EDGE('',*,*,#9185,.F.);
#9185 = EDGE_CURVE('',#9147,#9170,#9186,.T.);
#9186 = SURFACE_CURVE('',#9187,(#9191),.PCURVE_S1.);
#9187 = LINE('',#9188,#9189);
#9188 = CARTESIAN_POINT('',(4.70228,6.47214,349.161));
#9189 = VECTOR('',#9190,1.);
#9190 = DIRECTION('',(-6.402356790259E-03,3.262154862178E-03,
    -0.999974183753));
#9191 = PCURVE('',#9157,#9192);
#9192 = DEFINITIONAL_REPRESENTATION('',(#9193),#9197);
#9193 = LINE('',#9194,#9195);
#9194 = CARTESIAN_POINT('',(0.,0.));
#9195 = VECTOR('',#9196,1.);
#9196 = DIRECTION('',(-7.185528986415E-03,0.999974183753));
#9197 = ( GEOMETRIC_REPRESENTATION_CONTEXT(2) 
PARAMETRIC_REPRESENTATION_CONTEXT() REPRESENTATION_CONTEXT('2D SPACE',''
  ) );
#9198 = ( GEOMETRIC_REPRESENTATION_CONTEXT(3) 
GLOBAL_UNCERTAINTY_ASSIGNED_CONTEXT((#9202)) 
GLOBAL_UNIT_ASSIGNED_CONTEXT((#9199,#9200,#9201)) REPRESENTATION_CONTEXT
('Context #1','3D Context with UNIT and UNCERTAINTY') );
#9199 = ( LENGTH_UNIT() NAMED_UNIT(*) SI_UNIT(.MILLI.,.METRE.) );
#9200 = ( NAMED_UNIT(*) PLANE_ANGLE_UNIT() SI_UNIT($,.RADIAN.) );
#9201 = ( NAMED_UNIT(*) SI_UNIT($,.STERADIAN.) SOLID_ANGLE_UNIT() );
#9202 = UNCERTAINTY_MEASURE_WITH_UNIT(LENGTH_MEASURE(1.E-07),#9199,
  'distance_accuracy_value','confusion accuracy');
#9203 = CONTEXT_DEPENDENT_SHAPE_REPRESENTATION(#9204,#9206);
#9204 = ( REPRESENTATION_RELATIONSHIP('','',#9139,#10) 
REPRESENTATION_RELATIONSHIP_WITH_TRANSFORMATION(#9205) 
SHAPE_REPRESENTATION_RELATIONSHIP() );
#9205 = ITEM_DEFINED_TRANSFORMATION('','',#11,#443);
#9206 = PRODUCT_DEFINITION_SHAPE('Placement','Placement of an item',
  #9207);
#9207 = NEXT_ASSEMBLY_USAGE_OCCURRENCE('1872','','',#5,#9134,$);
#9208 = PRODUCT_RELATED_PRODUCT_CATEGORY('part',$,(#9136));
#9209 = SHAPE_DEFINITION_REPRESENTATION(#9210,#9216);
#9210 = PRODUCT_DEFINITION_SHAPE('','',#9211);
#9211 = PRODUCT_DEFINITION('design','',#9212,#9215);
#9212 = PRODUCT_DEFINITION_FORMATION('','',#9213);
#9213 = PRODUCT('Open CASCADE STEP translator 7.9 2.109',
  'Open CASCADE STEP translator 7.9 2.109','',(#9214));
#9214 = PRODUCT_CONTEXT('',#2,'mechanical');
#9215 = PRODUCT_DEFINITION_CONTEXT('part definition',#2,'design');
#9216 = MANIFOLD_SURFACE_SHAPE_REPRESENTATION('',(#11,#9217),#9275);
#9217 = SHELL_BASED_SURFACE_MODEL('',(#9218));
#9218 = OPEN_SHELL('',(#9219));
#9219 = ADVANCED_FACE('',(#9220),#9234,.T.);
#9220 = FACE_BOUND('',#9221,.T.);
#9221 = EDGE_LOOP('',(#9222,#9245,#9261));
#9222 = ORIENTED_EDGE('',*,*,#9223,.T.);
#9223 = EDGE_CURVE('',#9224,#9226,#9228,.T.);
#9224 = VERTEX_POINT('',#9225);
#9225 = CARTESIAN_POINT('',(-2.47214,7.60845,349.161));
#9226 = VERTEX_POINT('',#9227);
#9227 = CARTESIAN_POINT('',(-2.47214,7.60845,0.83889));
#9228 = SURFACE_CURVE('',#9229,(#9233),.PCURVE_S1.);
#9229 = LINE('',#9230,#9231);
#9230 = CARTESIAN_POINT('',(-2.47214,7.60845,349.161));
#9231 = VECTOR('',#9232,1.);
#9232 = DIRECTION('',(0.,0.,-1.));
#9233 = PCURVE('',#9234,#9239);
#9234 = PLANE('',#9235);
#9235 = AXIS2_PLACEMENT_3D('',#9236,#9237,#9238);
#9236 = CARTESIAN_POINT('',(-2.47214,7.60845,349.161));
#9237 = DIRECTION('',(-0.453989520931,0.891007022916,0.));
#9238 = DIRECTION('',(0.891007022916,0.453989520931,0.));
#9239 = DEFINITIONAL_REPRESENTATION('',(#9240),#9244);
#9240 = LINE('',#9241,#9242);
#9241 = CARTESIAN_POINT('',(0.,0.));
#9242 = VECTOR('',#9243,1.);
#9243 = DIRECTION('',(0.,1.));
#9244 = ( GEOMETRIC_REPRESENTATION_CONTEXT(2) 
PARAMETRIC_REPRESENTATION_CONTEXT() REPRESENTATION_CONTEXT('2D SPACE',''
  ) );
#9245 = ORIENTED_EDGE('',*,*,#9246,.T.);
#9246 = EDGE_CURVE('',#9226,#9247,#9249,.T.);
#9247 = VERTEX_POINT('',#9248);
#9248 = CARTESIAN_POINT('',(-4.70228,6.47214,349.161));
#9249 = SURFACE_CURVE('',#9250,(#9254),.PCURVE_S1.);
#9250 = LINE('',#9251,#9252);
#9251 = CARTESIAN_POINT('',(-2.47214,7.60845,0.83889));
#9252 = VECTOR('',#9253,1.);
#9253 = DIRECTION('',(-6.402356790259E-03,-3.262154862178E-03,
    0.999974183753));
#9254 = PCURVE('',#9234,#9255);
#9255 = DEFINITIONAL_REPRESENTATION('',(#9256),#9260);
#9256 = LINE('',#9257,#9258);
#9257 = CARTESIAN_POINT('',(0.,348.32211));
#9258 = VECTOR('',#9259,1.);
#9259 = DIRECTION('',(-7.185528986415E-03,-0.999974183753));
#9260 = ( GEOMETRIC_REPRESENTATION_CONTEXT(2) 
PARAMETRIC_REPRESENTATION_CONTEXT() REPRESENTATION_CONTEXT('2D SPACE',''
  ) );
#9261 = ORIENTED_EDGE('',*,*,#9262,.T.);
#9262 = EDGE_CURVE('',#9247,#9224,#9263,.T.);
#9263 = SURFACE_CURVE('',#9264,(#9268),.PCURVE_S1.);
#9264 = LINE('',#9265,#9266);
#9265 = CARTESIAN_POINT('',(-4.70228,6.47214,349.161));
#9266 = VECTOR('',#9267,1.);
#9267 = DIRECTION('',(0.891007022916,0.453989520931,0.));
#9268 = PCURVE('',#9234,#9269);
#9269 = DEFINITIONAL_REPRESENTATION('',(#9270),#9274);
#9270 = LINE('',#9271,#9272);
#9271 = CARTESIAN_POINT('',(-2.502943234614,-0.));
#9272 = VECTOR('',#9273,1.);
#9273 = DIRECTION('',(1.,0.));
#9274 = ( GEOMETRIC_REPRESENTATION_CONTEXT(2) 
PARAMETRIC_REPRESENTATION_CONTEXT() REPRESENTATION_CONTEXT('2D SPACE',''
  ) );
#9275 = ( GEOMETRIC_REPRESENTATION_CONTEXT(3) 
GLOBAL_UNCERTAINTY_ASSIGNED_CONTEXT((#9279)) 
GLOBAL_UNIT_ASSIGNED_CONTEXT((#9276,#9277,#9278)) REPRESENTATION_CONTEXT
('Context #1','3D Context with UNIT and UNCERTAINTY') );
#9276 = ( LENGTH_UNIT() NAMED_UNIT(*) SI_UNIT(.MILLI.,.METRE.) );
#9277 = ( NAMED_UNIT(*) PLANE_ANGLE_UNIT() SI_UNIT($,.RADIAN.) );
#9278 = ( NAMED_UNIT(*) SI_UNIT($,.STERADIAN.) SOLID_ANGLE_UNIT() );
#9279 = UNCERTAINTY_MEASURE_WITH_UNIT(LENGTH_MEASURE(1.E-07),#9276,
  'distance_accuracy_value','confusion accuracy');
#9280 = CONTEXT_DEPENDENT_SHAPE_REPRESENTATION(#9281,#9283);
#9281 = ( REPRESENTATION_RELATIONSHIP('','',#9216,#10) 
REPRESENTATION_RELATIONSHIP_WITH_TRANSFORMATION(#9282) 
SHAPE_REPRESENTATION_RELATIONSHIP() );
#9282 = ITEM_DEFINED_TRANSFORMATION('','',#11,#447);
#9283 = PRODUCT_DEFINITION_SHAPE('Placement','Placement of an item',
  #9284);
#9284 = NEXT_ASSEMBLY_USAGE_OCCURRENCE('1873','','',#5,#9211,$);
#9285 = PRODUCT_RELATED_PRODUCT_CATEGORY('part',$,(#9213));
#9286 = SHAPE_DEFINITION_REPRESENTATION(#9287,#9293);
#9287 = PRODUCT_DEFINITION_SHAPE('','',#9288);
#9288 = PRODUCT_DEFINITION('design','',#9289,#9292);
#9289 = PRODUCT_DEFINITION_FORMATION('','',#9290);
#9290 = PRODUCT('Open CASCADE STEP translator 7.9 2.110',
  'Open CASCADE STEP translator 7.9 2.110','',(#9291));
#9291 = PRODUCT_CONTEXT('',#2,'mechanical');
#9292 = PRODUCT_DEFINITION_CONTEXT('part definition',#2,'design');
#9293 = MANIFOLD_SURFACE_SHAPE_REPRESENTATION('',(#11,#9294),#9352);
#9294 = SHELL_BASED_SURFACE_MODEL('',(#9295));
#9295 = OPEN_SHELL('',(#9296));
#9296 = ADVANCED_FACE('',(#9297),#9311,.T.);
#9297 = FACE_BOUND('',#9298,.T.);
#9298 = EDGE_LOOP('',(#9299,#9322,#9338));
#9299 = ORIENTED_EDGE('',*,*,#9300,.T.);
#9300 = EDGE_CURVE('',#9301,#9303,#9305,.T.);
#9301 = VERTEX_POINT('',#9302);
#9302 = CARTESIAN_POINT('',(-4.70228,6.47214,0.83889));
#9303 = VERTEX_POINT('',#9304);
#9304 = CARTESIAN_POINT('',(-4.70228,6.47214,349.161));
#9305 = SURFACE_CURVE('',#9306,(#9310),.PCURVE_S1.);
#9306 = LINE('',#9307,#9308);
#9307 = CARTESIAN_POINT('',(-4.70228,6.47214,0.83889));
#9308 = VECTOR('',#9309,1.);
#9309 = DIRECTION('',(0.,0.,1.));
#9310 = PCURVE('',#9311,#9316);
#9311 = PLANE('',#9312);
#9312 = AXIS2_PLACEMENT_3D('',#9313,#9314,#9315);
#9313 = CARTESIAN_POINT('',(-4.70228,6.47214,0.83889));
#9314 = DIRECTION('',(-0.453989520931,0.891007022916,-0.));
#9315 = DIRECTION('',(0.891007022916,0.453989520931,0.));
#9316 = DEFINITIONAL_REPRESENTATION('',(#9317),#9321);
#9317 = LINE('',#9318,#9319);
#9318 = CARTESIAN_POINT('',(0.,0.));
#9319 = VECTOR('',#9320,1.);
#9320 = DIRECTION('',(0.,-1.));
#9321 = ( GEOMETRIC_REPRESENTATION_CONTEXT(2) 
PARAMETRIC_REPRESENTATION_CONTEXT() REPRESENTATION_CONTEXT('2D SPACE',''
  ) );
#9322 = ORIENTED_EDGE('',*,*,#9323,.F.);
#9323 = EDGE_CURVE('',#9324,#9303,#9326,.T.);
#9324 = VERTEX_POINT('',#9325);
#9325 = CARTESIAN_POINT('',(-2.47214,7.60845,0.83889));
#9326 = SURFACE_CURVE('',#9327,(#9331),.PCURVE_S1.);
#9327 = LINE('',#9328,#9329);
#9328 = CARTESIAN_POINT('',(-2.47214,7.60845,0.83889));
#9329 = VECTOR('',#9330,1.);
#9330 = DIRECTION('',(-6.402356790259E-03,-3.262154862178E-03,
    0.999974183753));
#9331 = PCURVE('',#9311,#9332);
#9332 = DEFINITIONAL_REPRESENTATION('',(#9333),#9337);
#9333 = LINE('',#9334,#9335);
#9334 = CARTESIAN_POINT('',(2.502943234614,0.));
#9335 = VECTOR('',#9336,1.);
#9336 = DIRECTION('',(-7.185528986415E-03,-0.999974183753));
#9337 = ( GEOMETRIC_REPRESENTATION_CONTEXT(2) 
PARAMETRIC_REPRESENTATION_CONTEXT() REPRESENTATION_CONTEXT('2D SPACE',''
  ) );
#9338 = ORIENTED_EDGE('',*,*,#9339,.T.);
#9339 = EDGE_CURVE('',#9324,#9301,#9340,.T.);
#9340 = SURFACE_CURVE('',#9341,(#9345),.PCURVE_S1.);
#9341 = LINE('',#9342,#9343);
#9342 = CARTESIAN_POINT('',(-2.47214,7.60845,0.83889));
#9343 = VECTOR('',#9344,1.);
#9344 = DIRECTION('',(-0.891007022916,-0.453989520931,0.));
#9345 = PCURVE('',#9311,#9346);
#9346 = DEFINITIONAL_REPRESENTATION('',(#9347),#9351);
#9347 = LINE('',#9348,#9349);
#9348 = CARTESIAN_POINT('',(2.502943234614,0.));
#9349 = VECTOR('',#9350,1.);
#9350 = DIRECTION('',(-1.,-0.));
#9351 = ( GEOMETRIC_REPRESENTATION_CONTEXT(2) 
PARAMETRIC_REPRESENTATION_CONTEXT() REPRESENTATION_CONTEXT('2D SPACE',''
  ) );
#9352 = ( GEOMETRIC_REPRESENTATION_CONTEXT(3) 
GLOBAL_UNCERTAINTY_ASSIGNED_CONTEXT((#9356)) 
GLOBAL_UNIT_ASSIGNED_CONTEXT((#9353,#9354,#9355)) REPRESENTATION_CONTEXT
('Context #1','3D Context with UNIT and UNCERTAINTY') );
#9353 = ( LENGTH_UNIT() NAMED_UNIT(*) SI_UNIT(.MILLI.,.METRE.) );
#9354 = ( NAMED_UNIT(*) PLANE_ANGLE_UNIT() SI_UNIT($,.RADIAN.) );
#9355 = ( NAMED_UNIT(*) SI_UNIT($,.STERADIAN.) SOLID_ANGLE_UNIT() );
#9356 = UNCERTAINTY_MEASURE_WITH_UNIT(LENGTH_MEASURE(1.E-07),#9353,
  'distance_accuracy_value','confusion accuracy');
#9357 = CONTEXT_DEPENDENT_SHAPE_REPRESENTATION(#9358,#9360);
#9358 = ( REPRESENTATION_RELATIONSHIP('','',#9293,#10) 
REPRESENTATION_RELATIONSHIP_WITH_TRANSFORMATION(#9359) 
SHAPE_REPRESENTATION_RELATIONSHIP() );
#9359 = ITEM_DEFINED_TRANSFORMATION('','',#11,#451);
#9360 = PRODUCT_DEFINITION_SHAPE('Placement','Placement of an item',
  #9361);
#9361 = NEXT_ASSEMBLY_USAGE_OCCURRENCE('1874','','',#5,#9288,$);
#9362 = PRODUCT_RELATED_PRODUCT_CATEGORY('part',$,(#9290));
#9363 = SHAPE_DEFINITION_REPRESENTATION(#9364,#9370);
#9364 = PRODUCT_DEFINITION_SHAPE('','',#9365);
#9365 = PRODUCT_DEFINITION('design','',#9366,#9369);
#9366 = PRODUCT_DEFINITION_FORMATION('','',#9367);
#9367 = PRODUCT('Open CASCADE STEP translator 7.9 2.111',
  'Open CASCADE STEP translator 7.9 2.111','',(#9368));
#9368 = PRODUCT_CONTEXT('',#2,'mechanical');
#9369 = PRODUCT_DEFINITION_CONTEXT('part definition',#2,'design');
#9370 = MANIFOLD_SURFACE_SHAPE_REPRESENTATION('',(#11,#9371),#9429);
#9371 = SHELL_BASED_SURFACE_MODEL('',(#9372));
#9372 = OPEN_SHELL('',(#9373));
#9373 = ADVANCED_FACE('',(#9374),#9388,.T.);
#9374 = FACE_BOUND('',#9375,.T.);
#9375 = EDGE_LOOP('',(#9376,#9399,#9415));
#9376 = ORIENTED_EDGE('',*,*,#9377,.T.);
#9377 = EDGE_CURVE('',#9378,#9380,#9382,.T.);
#9378 = VERTEX_POINT('',#9379);
#9379 = CARTESIAN_POINT('',(-2.47214,-7.60845,0.83889));
#9380 = VERTEX_POINT('',#9381);
#9381 = CARTESIAN_POINT('',(0.,-8.,349.161));
#9382 = SURFACE_CURVE('',#9383,(#9387),.PCURVE_S1.);
#9383 = LINE('',#9384,#9385);
#9384 = CARTESIAN_POINT('',(-2.47214,-7.60845,0.83889));
#9385 = VECTOR('',#9386,1.);
#9386 = DIRECTION('',(7.097098079662E-03,-1.124074183943E-03,
    0.999974183495));
#9387 = PCURVE('',#9388,#9393);
#9388 = PLANE('',#9389);
#9389 = AXIS2_PLACEMENT_3D('',#9390,#9391,#9392);
#9390 = CARTESIAN_POINT('',(-2.47214,-7.60845,0.83889));
#9391 = DIRECTION('',(-0.15643504565,-0.987688248635,0.));
#9392 = DIRECTION('',(-0.987688248635,0.15643504565,0.));
#9393 = DEFINITIONAL_REPRESENTATION('',(#9394),#9398);
#9394 = LINE('',#9395,#9396);
#9395 = CARTESIAN_POINT('',(0.,0.));
#9396 = VECTOR('',#9397,1.);
#9397 = DIRECTION('',(-7.185564968974E-03,-0.999974183495));
#9398 = ( GEOMETRIC_REPRESENTATION_CONTEXT(2) 
PARAMETRIC_REPRESENTATION_CONTEXT() REPRESENTATION_CONTEXT('2D SPACE',''
  ) );
#9399 = ORIENTED_EDGE('',*,*,#9400,.T.);
#9400 = EDGE_CURVE('',#9380,#9401,#9403,.T.);
#9401 = VERTEX_POINT('',#9402);
#9402 = CARTESIAN_POINT('',(-2.47214,-7.60845,349.161));
#9403 = SURFACE_CURVE('',#9404,(#9408),.PCURVE_S1.);
#9404 = LINE('',#9405,#9406);
#9405 = CARTESIAN_POINT('',(0.,-8.,349.161));
#9406 = VECTOR('',#9407,1.);
#9407 = DIRECTION('',(-0.987688248635,0.15643504565,0.));
#9408 = PCURVE('',#9388,#9409);
#9409 = DEFINITIONAL_REPRESENTATION('',(#9410),#9414);
#9410 = LINE('',#9411,#9412);
#9411 = CARTESIAN_POINT('',(-2.502955769106,-348.32211));
#9412 = VECTOR('',#9413,1.);
#9413 = DIRECTION('',(1.,0.));
#9414 = ( GEOMETRIC_REPRESENTATION_CONTEXT(2) 
PARAMETRIC_REPRESENTATION_CONTEXT() REPRESENTATION_CONTEXT('2D SPACE',''
  ) );
#9415 = ORIENTED_EDGE('',*,*,#9416,.T.);
#9416 = EDGE_CURVE('',#9401,#9378,#9417,.T.);
#9417 = SURFACE_CURVE('',#9418,(#9422),.PCURVE_S1.);
#9418 = LINE('',#9419,#9420);
#9419 = CARTESIAN_POINT('',(-2.47214,-7.60845,349.161));
#9420 = VECTOR('',#9421,1.);
#9421 = DIRECTION('',(0.,0.,-1.));
#9422 = PCURVE('',#9388,#9423);
#9423 = DEFINITIONAL_REPRESENTATION('',(#9424),#9428);
#9424 = LINE('',#9425,#9426);
#9425 = CARTESIAN_POINT('',(0.,-348.32211));
#9426 = VECTOR('',#9427,1.);
#9427 = DIRECTION('',(0.,1.));
#9428 = ( GEOMETRIC_REPRESENTATION_CONTEXT(2) 
PARAMETRIC_REPRESENTATION_CONTEXT() REPRESENTATION_CONTEXT('2D SPACE',''
  ) );
#9429 = ( GEOMETRIC_REPRESENTATION_CONTEXT(3) 
GLOBAL_UNCERTAINTY_ASSIGNED_CONTEXT((#9433)) 
GLOBAL_UNIT_ASSIGNED_CONTEXT((#9430,#9431,#9432)) REPRESENTATION_CONTEXT
('Context #1','3D Context with UNIT and UNCERTAINTY') );
#9430 = ( LENGTH_UNIT() NAMED_UNIT(*) SI_UNIT(.MILLI.,.METRE.) );
#9431 = ( NAMED_UNIT(*) PLANE_ANGLE_UNIT() SI_UNIT($,.RADIAN.) );
#9432 = ( NAMED_UNIT(*) SI_UNIT($,.STERADIAN.) SOLID_ANGLE_UNIT() );
#9433 = UNCERTAINTY_MEASURE_WITH_UNIT(LENGTH_MEASURE(1.E-07),#9430,
  'distance_accuracy_value','confusion accuracy');
#9434 = CONTEXT_DEPENDENT_SHAPE_REPRESENTATION(#9435,#9437);
#9435 = ( REPRESENTATION_RELATIONSHIP('','',#9370,#10) 
REPRESENTATION_RELATIONSHIP_WITH_TRANSFORMATION(#9436) 
SHAPE_REPRESENTATION_RELATIONSHIP() );
#9436 = ITEM_DEFINED_TRANSFORMATION('','',#11,#455);
#9437 = PRODUCT_DEFINITION_SHAPE('Placement','Placement of an item',
  #9438);
#9438 = NEXT_ASSEMBLY_USAGE_OCCURRENCE('1875','','',#5,#9365,$);
#9439 = PRODUCT_RELATED_PRODUCT_CATEGORY('part',$,(#9367));
#9440 = SHAPE_DEFINITION_REPRESENTATION(#9441,#9447);
#9441 = PRODUCT_DEFINITION_SHAPE('','',#9442);
#9442 = PRODUCT_DEFINITION('design','',#9443,#9446);
#9443 = PRODUCT_DEFINITION_FORMATION('','',#9444);
#9444 = PRODUCT('Open CASCADE STEP translator 7.9 2.112',
  'Open CASCADE STEP translator 7.9 2.112','',(#9445));
#9445 = PRODUCT_CONTEXT('',#2,'mechanical');
#9446 = PRODUCT_DEFINITION_CONTEXT('part definition',#2,'design');
#9447 = MANIFOLD_SURFACE_SHAPE_REPRESENTATION('',(#11,#9448),#9506);
#9448 = SHELL_BASED_SURFACE_MODEL('',(#9449));
#9449 = OPEN_SHELL('',(#9450));
#9450 = ADVANCED_FACE('',(#9451),#9465,.T.);
#9451 = FACE_BOUND('',#9452,.T.);
#9452 = EDGE_LOOP('',(#9453,#9476,#9492));
#9453 = ORIENTED_EDGE('',*,*,#9454,.F.);
#9454 = EDGE_CURVE('',#9455,#9457,#9459,.T.);
#9455 = VERTEX_POINT('',#9456);
#9456 = CARTESIAN_POINT('',(-2.47214,-7.60845,0.83889));
#9457 = VERTEX_POINT('',#9458);
#9458 = CARTESIAN_POINT('',(0.,-8.,349.161));
#9459 = SURFACE_CURVE('',#9460,(#9464),.PCURVE_S1.);
#9460 = LINE('',#9461,#9462);
#9461 = CARTESIAN_POINT('',(-2.47214,-7.60845,0.83889));
#9462 = VECTOR('',#9463,1.);
#9463 = DIRECTION('',(7.097098079662E-03,-1.124074183943E-03,
    0.999974183495));
#9464 = PCURVE('',#9465,#9470);
#9465 = PLANE('',#9466);
#9466 = AXIS2_PLACEMENT_3D('',#9467,#9468,#9469);
#9467 = CARTESIAN_POINT('',(0.,-8.,349.161));
#9468 = DIRECTION('',(-0.15643504565,-0.987688248635,-0.));
#9469 = DIRECTION('',(-0.987688248635,0.15643504565,0.));
#9470 = DEFINITIONAL_REPRESENTATION('',(#9471),#9475);
#9471 = LINE('',#9472,#9473);
#9472 = CARTESIAN_POINT('',(2.502955769106,348.32211));
#9473 = VECTOR('',#9474,1.);
#9474 = DIRECTION('',(-7.185564968974E-03,-0.999974183495));
#9475 = ( GEOMETRIC_REPRESENTATION_CONTEXT(2) 
PARAMETRIC_REPRESENTATION_CONTEXT() REPRESENTATION_CONTEXT('2D SPACE',''
  ) );
#9476 = ORIENTED_EDGE('',*,*,#9477,.T.);
#9477 = EDGE_CURVE('',#9455,#9478,#9480,.T.);
#9478 = VERTEX_POINT('',#9479);
#9479 = CARTESIAN_POINT('',(0.,-8.,0.83889));
#9480 = SURFACE_CURVE('',#9481,(#9485),.PCURVE_S1.);
#9481 = LINE('',#9482,#9483);
#9482 = CARTESIAN_POINT('',(-2.47214,-7.60845,0.83889));
#9483 = VECTOR('',#9484,1.);
#9484 = DIRECTION('',(0.987688248635,-0.15643504565,0.));
#9485 = PCURVE('',#9465,#9486);
#9486 = DEFINITIONAL_REPRESENTATION('',(#9487),#9491);
#9487 = LINE('',#9488,#9489);
#9488 = CARTESIAN_POINT('',(2.502955769106,348.32211));
#9489 = VECTOR('',#9490,1.);
#9490 = DIRECTION('',(-1.,0.));
#9491 = ( GEOMETRIC_REPRESENTATION_CONTEXT(2) 
PARAMETRIC_REPRESENTATION_CONTEXT() REPRESENTATION_CONTEXT('2D SPACE',''
  ) );
#9492 = ORIENTED_EDGE('',*,*,#9493,.T.);
#9493 = EDGE_CURVE('',#9478,#9457,#9494,.T.);
#9494 = SURFACE_CURVE('',#9495,(#9499),.PCURVE_S1.);
#9495 = LINE('',#9496,#9497);
#9496 = CARTESIAN_POINT('',(0.,-8.,0.83889));
#9497 = VECTOR('',#9498,1.);
#9498 = DIRECTION('',(0.,0.,1.));
#9499 = PCURVE('',#9465,#9500);
#9500 = DEFINITIONAL_REPRESENTATION('',(#9501),#9505);
#9501 = LINE('',#9502,#9503);
#9502 = CARTESIAN_POINT('',(0.,348.32211));
#9503 = VECTOR('',#9504,1.);
#9504 = DIRECTION('',(0.,-1.));
#9505 = ( GEOMETRIC_REPRESENTATION_CONTEXT(2) 
PARAMETRIC_REPRESENTATION_CONTEXT() REPRESENTATION_CONTEXT('2D SPACE',''
  ) );
#9506 = ( GEOMETRIC_REPRESENTATION_CONTEXT(3) 
GLOBAL_UNCERTAINTY_ASSIGNED_CONTEXT((#9510)) 
GLOBAL_UNIT_ASSIGNED_CONTEXT((#9507,#9508,#9509)) REPRESENTATION_CONTEXT
('Context #1','3D Context with UNIT and UNCERTAINTY') );
#9507 = ( LENGTH_UNIT() NAMED_UNIT(*) SI_UNIT(.MILLI.,.METRE.) );
#9508 = ( NAMED_UNIT(*) PLANE_ANGLE_UNIT() SI_UNIT($,.RADIAN.) );
#9509 = ( NAMED_UNIT(*) SI_UNIT($,.STERADIAN.) SOLID_ANGLE_UNIT() );
#9510 = UNCERTAINTY_MEASURE_WITH_UNIT(LENGTH_MEASURE(1.E-07),#9507,
  'distance_accuracy_value','confusion accuracy');
#9511 = CONTEXT_DEPENDENT_SHAPE_REPRESENTATION(#9512,#9514);
#9512 = ( REPRESENTATION_RELATIONSHIP('','',#9447,#10) 
REPRESENTATION_RELATIONSHIP_WITH_TRANSFORMATION(#9513) 
SHAPE_REPRESENTATION_RELATIONSHIP() );
#9513 = ITEM_DEFINED_TRANSFORMATION('','',#11,#459);
#9514 = PRODUCT_DEFINITION_SHAPE('Placement','Placement of an item',
  #9515);
#9515 = NEXT_ASSEMBLY_USAGE_OCCURRENCE('1876','','',#5,#9442,$);
#9516 = PRODUCT_RELATED_PRODUCT_CATEGORY('part',$,(#9444));
#9517 = SHAPE_DEFINITION_REPRESENTATION(#9518,#9524);
#9518 = PRODUCT_DEFINITION_SHAPE('','',#9519);
#9519 = PRODUCT_DEFINITION('design','',#9520,#9523);
#9520 = PRODUCT_DEFINITION_FORMATION('','',#9521);
#9521 = PRODUCT('Open CASCADE STEP translator 7.9 2.113',
  'Open CASCADE STEP translator 7.9 2.113','',(#9522));
#9522 = PRODUCT_CONTEXT('',#2,'mechanical');
#9523 = PRODUCT_DEFINITION_CONTEXT('part definition',#2,'design');
#9524 = MANIFOLD_SURFACE_SHAPE_REPRESENTATION('',(#11,#9525),#9583);
#9525 = SHELL_BASED_SURFACE_MODEL('',(#9526));
#9526 = OPEN_SHELL('',(#9527));
#9527 = ADVANCED_FACE('',(#9528),#9542,.T.);
#9528 = FACE_BOUND('',#9529,.T.);
#9529 = EDGE_LOOP('',(#9530,#9553,#9569));
#9530 = ORIENTED_EDGE('',*,*,#9531,.T.);
#9531 = EDGE_CURVE('',#9532,#9534,#9536,.T.);
#9532 = VERTEX_POINT('',#9533);
#9533 = CARTESIAN_POINT('',(4.70228,-6.47214,349.161));
#9534 = VERTEX_POINT('',#9535);
#9535 = CARTESIAN_POINT('',(6.47214,-4.70228,0.838889));
#9536 = SURFACE_CURVE('',#9537,(#9541),.PCURVE_S1.);
#9537 = LINE('',#9538,#9539);
#9538 = CARTESIAN_POINT('',(4.70228,-6.47214,349.161));
#9539 = VECTOR('',#9540,1.);
#9540 = DIRECTION('',(5.080970321305E-03,5.080970321305E-03,
    -0.999974183407));
#9541 = PCURVE('',#9542,#9547);
#9542 = PLANE('',#9543);
#9543 = AXIS2_PLACEMENT_3D('',#9544,#9545,#9546);
#9544 = CARTESIAN_POINT('',(4.70228,-6.47214,349.161));
#9545 = DIRECTION('',(0.707106781187,-0.707106781187,0.));
#9546 = DIRECTION('',(-0.707106781187,-0.707106781187,0.));
#9547 = DEFINITIONAL_REPRESENTATION('',(#9548),#9552);
#9548 = LINE('',#9549,#9550);
#9549 = CARTESIAN_POINT('',(0.,0.));
#9550 = VECTOR('',#9551,1.);
#9551 = DIRECTION('',(-7.185577138405E-03,0.999974183407));
#9552 = ( GEOMETRIC_REPRESENTATION_CONTEXT(2) 
PARAMETRIC_REPRESENTATION_CONTEXT() REPRESENTATION_CONTEXT('2D SPACE',''
  ) );
#9553 = ORIENTED_EDGE('',*,*,#9554,.T.);
#9554 = EDGE_CURVE('',#9534,#9555,#9557,.T.);
#9555 = VERTEX_POINT('',#9556);
#9556 = CARTESIAN_POINT('',(6.47214,-4.70228,349.161));
#9557 = SURFACE_CURVE('',#9558,(#9562),.PCURVE_S1.);
#9558 = LINE('',#9559,#9560);
#9559 = CARTESIAN_POINT('',(6.47214,-4.70228,0.838889));
#9560 = VECTOR('',#9561,1.);
#9561 = DIRECTION('',(0.,0.,1.));
#9562 = PCURVE('',#9542,#9563);
#9563 = DEFINITIONAL_REPRESENTATION('',(#9564),#9568);
#9564 = LINE('',#9565,#9566);
#9565 = CARTESIAN_POINT('',(-2.502960015502,348.322111));
#9566 = VECTOR('',#9567,1.);
#9567 = DIRECTION('',(0.,-1.));
#9568 = ( GEOMETRIC_REPRESENTATION_CONTEXT(2) 
PARAMETRIC_REPRESENTATION_CONTEXT() REPRESENTATION_CONTEXT('2D SPACE',''
  ) );
#9569 = ORIENTED_EDGE('',*,*,#9570,.T.);
#9570 = EDGE_CURVE('',#9555,#9532,#9571,.T.);
#9571 = SURFACE_CURVE('',#9572,(#9576),.PCURVE_S1.);
#9572 = LINE('',#9573,#9574);
#9573 = CARTESIAN_POINT('',(6.47214,-4.70228,349.161));
#9574 = VECTOR('',#9575,1.);
#9575 = DIRECTION('',(-0.707106781187,-0.707106781187,0.));
#9576 = PCURVE('',#9542,#9577);
#9577 = DEFINITIONAL_REPRESENTATION('',(#9578),#9582);
#9578 = LINE('',#9579,#9580);
#9579 = CARTESIAN_POINT('',(-2.502960015502,0.));
#9580 = VECTOR('',#9581,1.);
#9581 = DIRECTION('',(1.,0.));
#9582 = ( GEOMETRIC_REPRESENTATION_CONTEXT(2) 
PARAMETRIC_REPRESENTATION_CONTEXT() REPRESENTATION_CONTEXT('2D SPACE',''
  ) );
#9583 = ( GEOMETRIC_REPRESENTATION_CONTEXT(3) 
GLOBAL_UNCERTAINTY_ASSIGNED_CONTEXT((#9587)) 
GLOBAL_UNIT_ASSIGNED_CONTEXT((#9584,#9585,#9586)) REPRESENTATION_CONTEXT
('Context #1','3D Context with UNIT and UNCERTAINTY') );
#9584 = ( LENGTH_UNIT() NAMED_UNIT(*) SI_UNIT(.MILLI.,.METRE.) );
#9585 = ( NAMED_UNIT(*) PLANE_ANGLE_UNIT() SI_UNIT($,.RADIAN.) );
#9586 = ( NAMED_UNIT(*) SI_UNIT($,.STERADIAN.) SOLID_ANGLE_UNIT() );
#9587 = UNCERTAINTY_MEASURE_WITH_UNIT(LENGTH_MEASURE(1.E-07),#9584,
  'distance_accuracy_value','confusion accuracy');
#9588 = CONTEXT_DEPENDENT_SHAPE_REPRESENTATION(#9589,#9591);
#9589 = ( REPRESENTATION_RELATIONSHIP('','',#9524,#10) 
REPRESENTATION_RELATIONSHIP_WITH_TRANSFORMATION(#9590) 
SHAPE_REPRESENTATION_RELATIONSHIP() );
#9590 = ITEM_DEFINED_TRANSFORMATION('','',#11,#463);
#9591 = PRODUCT_DEFINITION_SHAPE('Placement','Placement of an item',
  #9592);
#9592 = NEXT_ASSEMBLY_USAGE_OCCURRENCE('1877','','',#5,#9519,$);
#9593 = PRODUCT_RELATED_PRODUCT_CATEGORY('part',$,(#9521));
#9594 = SHAPE_DEFINITION_REPRESENTATION(#9595,#9601);
#9595 = PRODUCT_DEFINITION_SHAPE('','',#9596);
#9596 = PRODUCT_DEFINITION('design','',#9597,#9600);
#9597 = PRODUCT_DEFINITION_FORMATION('','',#9598);
#9598 = PRODUCT('Open CASCADE STEP translator 7.9 2.114',
  'Open CASCADE STEP translator 7.9 2.114','',(#9599));
#9599 = PRODUCT_CONTEXT('',#2,'mechanical');
#9600 = PRODUCT_DEFINITION_CONTEXT('part definition',#2,'design');
#9601 = MANIFOLD_SURFACE_SHAPE_REPRESENTATION('',(#11,#9602),#9660);
#9602 = SHELL_BASED_SURFACE_MODEL('',(#9603));
#9603 = OPEN_SHELL('',(#9604));
#9604 = ADVANCED_FACE('',(#9605),#9619,.T.);
#9605 = FACE_BOUND('',#9606,.T.);
#9606 = EDGE_LOOP('',(#9607,#9630,#9646));
#9607 = ORIENTED_EDGE('',*,*,#9608,.F.);
#9608 = EDGE_CURVE('',#9609,#9611,#9613,.T.);
#9609 = VERTEX_POINT('',#9610);
#9610 = CARTESIAN_POINT('',(4.70228,-6.47214,349.161));
#9611 = VERTEX_POINT('',#9612);
#9612 = CARTESIAN_POINT('',(6.47214,-4.70228,0.838889));
#9613 = SURFACE_CURVE('',#9614,(#9618),.PCURVE_S1.);
#9614 = LINE('',#9615,#9616);
#9615 = CARTESIAN_POINT('',(4.70228,-6.47214,349.161));
#9616 = VECTOR('',#9617,1.);
#9617 = DIRECTION('',(5.080970321305E-03,5.080970321305E-03,
    -0.999974183407));
#9618 = PCURVE('',#9619,#9624);
#9619 = PLANE('',#9620);
#9620 = AXIS2_PLACEMENT_3D('',#9621,#9622,#9623);
#9621 = CARTESIAN_POINT('',(6.47214,-4.70228,0.838889));
#9622 = DIRECTION('',(0.707106781187,-0.707106781187,-0.));
#9623 = DIRECTION('',(-0.707106781187,-0.707106781187,0.));
#9624 = DEFINITIONAL_REPRESENTATION('',(#9625),#9629);
#9625 = LINE('',#9626,#9627);
#9626 = CARTESIAN_POINT('',(2.502960015502,-348.322111));
#9627 = VECTOR('',#9628,1.);
#9628 = DIRECTION('',(-7.185577138405E-03,0.999974183407));
#9629 = ( GEOMETRIC_REPRESENTATION_CONTEXT(2) 
PARAMETRIC_REPRESENTATION_CONTEXT() REPRESENTATION_CONTEXT('2D SPACE',''
  ) );
#9630 = ORIENTED_EDGE('',*,*,#9631,.T.);
#9631 = EDGE_CURVE('',#9609,#9632,#9634,.T.);
#9632 = VERTEX_POINT('',#9633);
#9633 = CARTESIAN_POINT('',(4.70228,-6.47214,0.838889));
#9634 = SURFACE_CURVE('',#9635,(#9639),.PCURVE_S1.);
#9635 = LINE('',#9636,#9637);
#9636 = CARTESIAN_POINT('',(4.70228,-6.47214,349.161));
#9637 = VECTOR('',#9638,1.);
#9638 = DIRECTION('',(0.,0.,-1.));
#9639 = PCURVE('',#9619,#9640);
#9640 = DEFINITIONAL_REPRESENTATION('',(#9641),#9645);
#9641 = LINE('',#9642,#9643);
#9642 = CARTESIAN_POINT('',(2.502960015502,-348.322111));
#9643 = VECTOR('',#9644,1.);
#9644 = DIRECTION('',(-0.,1.));
#9645 = ( GEOMETRIC_REPRESENTATION_CONTEXT(2) 
PARAMETRIC_REPRESENTATION_CONTEXT() REPRESENTATION_CONTEXT('2D SPACE',''
  ) );
#9646 = ORIENTED_EDGE('',*,*,#9647,.T.);
#9647 = EDGE_CURVE('',#9632,#9611,#9648,.T.);
#9648 = SURFACE_CURVE('',#9649,(#9653),.PCURVE_S1.);
#9649 = LINE('',#9650,#9651);
#9650 = CARTESIAN_POINT('',(4.70228,-6.47214,0.838889));
#9651 = VECTOR('',#9652,1.);
#9652 = DIRECTION('',(0.707106781187,0.707106781187,0.));
#9653 = PCURVE('',#9619,#9654);
#9654 = DEFINITIONAL_REPRESENTATION('',(#9655),#9659);
#9655 = LINE('',#9656,#9657);
#9656 = CARTESIAN_POINT('',(2.502960015502,0.));
#9657 = VECTOR('',#9658,1.);
#9658 = DIRECTION('',(-1.,0.));
#9659 = ( GEOMETRIC_REPRESENTATION_CONTEXT(2) 
PARAMETRIC_REPRESENTATION_CONTEXT() REPRESENTATION_CONTEXT('2D SPACE',''
  ) );
#9660 = ( GEOMETRIC_REPRESENTATION_CONTEXT(3) 
GLOBAL_UNCERTAINTY_ASSIGNED_CONTEXT((#9664)) 
GLOBAL_UNIT_ASSIGNED_CONTEXT((#9661,#9662,#9663)) REPRESENTATION_CONTEXT
('Context #1','3D Context with UNIT and UNCERTAINTY') );
#9661 = ( LENGTH_UNIT() NAMED_UNIT(*) SI_UNIT(.MILLI.,.METRE.) );
#9662 = ( NAMED_UNIT(*) PLANE_ANGLE_UNIT() SI_UNIT($,.RADIAN.) );
#9663 = ( NAMED_UNIT(*) SI_UNIT($,.STERADIAN.) SOLID_ANGLE_UNIT() );
#9664 = UNCERTAINTY_MEASURE_WITH_UNIT(LENGTH_MEASURE(1.E-07),#9661,
  'distance_accuracy_value','confusion accuracy');
#9665 = CONTEXT_DEPENDENT_SHAPE_REPRESENTATION(#9666,#9668);
#9666 = ( REPRESENTATION_RELATIONSHIP('','',#9601,#10) 
REPRESENTATION_RELATIONSHIP_WITH_TRANSFORMATION(#9667) 
SHAPE_REPRESENTATION_RELATIONSHIP() );
#9667 = ITEM_DEFINED_TRANSFORMATION('','',#11,#467);
#9668 = PRODUCT_DEFINITION_SHAPE('Placement','Placement of an item',
  #9669);
#9669 = NEXT_ASSEMBLY_USAGE_OCCURRENCE('1878','','',#5,#9596,$);
#9670 = PRODUCT_RELATED_PRODUCT_CATEGORY('part',$,(#9598));
#9671 = SHAPE_DEFINITION_REPRESENTATION(#9672,#9678);
#9672 = PRODUCT_DEFINITION_SHAPE('','',#9673);
#9673 = PRODUCT_DEFINITION('design','',#9674,#9677);
#9674 = PRODUCT_DEFINITION_FORMATION('','',#9675);
#9675 = PRODUCT('Open CASCADE STEP translator 7.9 2.115',
  'Open CASCADE STEP translator 7.9 2.115','',(#9676));
#9676 = PRODUCT_CONTEXT('',#2,'mechanical');
#9677 = PRODUCT_DEFINITION_CONTEXT('part definition',#2,'design');
#9678 = MANIFOLD_SURFACE_SHAPE_REPRESENTATION('',(#11,#9679),#9737);
#9679 = SHELL_BASED_SURFACE_MODEL('',(#9680));
#9680 = OPEN_SHELL('',(#9681));
#9681 = ADVANCED_FACE('',(#9682),#9696,.T.);
#9682 = FACE_BOUND('',#9683,.T.);
#9683 = EDGE_LOOP('',(#9684,#9707,#9723));
#9684 = ORIENTED_EDGE('',*,*,#9685,.T.);
#9685 = EDGE_CURVE('',#9686,#9688,#9690,.T.);
#9686 = VERTEX_POINT('',#9687);
#9687 = CARTESIAN_POINT('',(-7.60845,-2.47214,0.83889));
#9688 = VERTEX_POINT('',#9689);
#9689 = CARTESIAN_POINT('',(-7.48075,-2.72277,7.));
#9690 = SURFACE_CURVE('',#9691,(#9695),.PCURVE_S1.);
#9691 = LINE('',#9692,#9693);
#9692 = CARTESIAN_POINT('',(-7.60845,-2.47214,0.83889));
#9693 = VECTOR('',#9694,1.);
#9694 = DIRECTION('',(2.070521677667E-02,-4.063702804023E-02,
    0.998959421573));
#9695 = PCURVE('',#9696,#9701);
#9696 = PLANE('',#9697);
#9697 = AXIS2_PLACEMENT_3D('',#9698,#9699,#9700);
#9698 = CARTESIAN_POINT('',(-7.60845,-2.47214,0.83889));
#9699 = DIRECTION('',(-0.891009922885,-0.45398382936,-0.));
#9700 = DIRECTION('',(0.45398382936,-0.891009922885,0.));
#9701 = DEFINITIONAL_REPRESENTATION('',(#9702),#9706);
#9702 = LINE('',#9703,#9704);
#9703 = CARTESIAN_POINT('',(0.,0.));
#9704 = VECTOR('',#9705,1.);
#9705 = DIRECTION('',(4.560782882041E-02,0.998959421573));
#9706 = ( GEOMETRIC_REPRESENTATION_CONTEXT(2) 
PARAMETRIC_REPRESENTATION_CONTEXT() REPRESENTATION_CONTEXT('2D SPACE',''
  ) );
#9707 = ORIENTED_EDGE('',*,*,#9708,.F.);
#9708 = EDGE_CURVE('',#9709,#9688,#9711,.T.);
#9709 = VERTEX_POINT('',#9710);
#9710 = CARTESIAN_POINT('',(-7.60845,-2.47214,7.));
#9711 = SURFACE_CURVE('',#9712,(#9716),.PCURVE_S1.);
#9712 = LINE('',#9713,#9714);
#9713 = CARTESIAN_POINT('',(-7.60845,-2.47214,7.));
#9714 = VECTOR('',#9715,1.);
#9715 = DIRECTION('',(0.45398382936,-0.891009922885,0.));
#9716 = PCURVE('',#9696,#9717);
#9717 = DEFINITIONAL_REPRESENTATION('',(#9718),#9722);
#9718 = LINE('',#9719,#9720);
#9719 = CARTESIAN_POINT('',(0.,6.16111));
#9720 = VECTOR('',#9721,1.);
#9721 = DIRECTION('',(1.,0.));
#9722 = ( GEOMETRIC_REPRESENTATION_CONTEXT(2) 
PARAMETRIC_REPRESENTATION_CONTEXT() REPRESENTATION_CONTEXT('2D SPACE',''
  ) );
#9723 = ORIENTED_EDGE('',*,*,#9724,.T.);
#9724 = EDGE_CURVE('',#9709,#9686,#9725,.T.);
#9725 = SURFACE_CURVE('',#9726,(#9730),.PCURVE_S1.);
#9726 = LINE('',#9727,#9728);
#9727 = CARTESIAN_POINT('',(-7.60845,-2.47214,7.));
#9728 = VECTOR('',#9729,1.);
#9729 = DIRECTION('',(0.,0.,-1.));
#9730 = PCURVE('',#9696,#9731);
#9731 = DEFINITIONAL_REPRESENTATION('',(#9732),#9736);
#9732 = LINE('',#9733,#9734);
#9733 = CARTESIAN_POINT('',(0.,6.16111));
#9734 = VECTOR('',#9735,1.);
#9735 = DIRECTION('',(0.,-1.));
#9736 = ( GEOMETRIC_REPRESENTATION_CONTEXT(2) 
PARAMETRIC_REPRESENTATION_CONTEXT() REPRESENTATION_CONTEXT('2D SPACE',''
  ) );
#9737 = ( GEOMETRIC_REPRESENTATION_CONTEXT(3) 
GLOBAL_UNCERTAINTY_ASSIGNED_CONTEXT((#9741)) 
GLOBAL_UNIT_ASSIGNED_CONTEXT((#9738,#9739,#9740)) REPRESENTATION_CONTEXT
('Context #1','3D Context with UNIT and UNCERTAINTY') );
#9738 = ( LENGTH_UNIT() NAMED_UNIT(*) SI_UNIT(.MILLI.,.METRE.) );
#9739 = ( NAMED_UNIT(*) PLANE_ANGLE_UNIT() SI_UNIT($,.RADIAN.) );
#9740 = ( NAMED_UNIT(*) SI_UNIT($,.STERADIAN.) SOLID_ANGLE_UNIT() );
#9741 = UNCERTAINTY_MEASURE_WITH_UNIT(LENGTH_MEASURE(1.E-07),#9738,
  'distance_accuracy_value','confusion accuracy');
#9742 = CONTEXT_DEPENDENT_SHAPE_REPRESENTATION(#9743,#9745);
#9743 = ( REPRESENTATION_RELATIONSHIP('','',#9678,#10) 
REPRESENTATION_RELATIONSHIP_WITH_TRANSFORMATION(#9744) 
SHAPE_REPRESENTATION_RELATIONSHIP() );
#9744 = ITEM_DEFINED_TRANSFORMATION('','',#11,#471);
#9745 = PRODUCT_DEFINITION_SHAPE('Placement','Placement of an item',
  #9746);
#9746 = NEXT_ASSEMBLY_USAGE_OCCURRENCE('1879','','',#5,#9673,$);
#9747 = PRODUCT_RELATED_PRODUCT_CATEGORY('part',$,(#9675));
#9748 = SHAPE_DEFINITION_REPRESENTATION(#9749,#9755);
#9749 = PRODUCT_DEFINITION_SHAPE('','',#9750);
#9750 = PRODUCT_DEFINITION('design','',#9751,#9754);
#9751 = PRODUCT_DEFINITION_FORMATION('','',#9752);
#9752 = PRODUCT('Open CASCADE STEP translator 7.9 2.116',
  'Open CASCADE STEP translator 7.9 2.116','',(#9753));
#9753 = PRODUCT_CONTEXT('',#2,'mechanical');
#9754 = PRODUCT_DEFINITION_CONTEXT('part definition',#2,'design');
#9755 = MANIFOLD_SURFACE_SHAPE_REPRESENTATION('',(#11,#9756),#9814);
#9756 = SHELL_BASED_SURFACE_MODEL('',(#9757));
#9757 = OPEN_SHELL('',(#9758));
#9758 = ADVANCED_FACE('',(#9759),#9773,.T.);
#9759 = FACE_BOUND('',#9760,.T.);
#9760 = EDGE_LOOP('',(#9761,#9784,#9800));
#9761 = ORIENTED_EDGE('',*,*,#9762,.T.);
#9762 = EDGE_CURVE('',#9763,#9765,#9767,.T.);
#9763 = VERTEX_POINT('',#9764);
#9764 = CARTESIAN_POINT('',(-6.47214,-4.70228,0.838889));
#9765 = VERTEX_POINT('',#9766);
#9766 = CARTESIAN_POINT('',(-7.48075,-2.72277,12.));
#9767 = SURFACE_CURVE('',#9768,(#9772),.PCURVE_S1.);
#9768 = LINE('',#9769,#9770);
#9769 = CARTESIAN_POINT('',(-6.47214,-4.70228,0.838889));
#9770 = VECTOR('',#9771,1.);
#9771 = DIRECTION('',(-8.862945296582E-02,0.173945220095,0.980758828904)
  );
#9772 = PCURVE('',#9773,#9778);
#9773 = PLANE('',#9774);
#9774 = AXIS2_PLACEMENT_3D('',#9775,#9776,#9777);
#9775 = CARTESIAN_POINT('',(-6.47214,-4.70228,0.838889));
#9776 = DIRECTION('',(-0.891006655743,-0.453990241549,0.));
#9777 = DIRECTION('',(0.453990241549,-0.891006655743,0.));
#9778 = DEFINITIONAL_REPRESENTATION('',(#9779),#9783);
#9779 = LINE('',#9780,#9781);
#9780 = CARTESIAN_POINT('',(0.,0.));
#9781 = VECTOR('',#9782,1.);
#9782 = DIRECTION('',(-0.1952232556,0.980758828904));
#9783 = ( GEOMETRIC_REPRESENTATION_CONTEXT(2) 
PARAMETRIC_REPRESENTATION_CONTEXT() REPRESENTATION_CONTEXT('2D SPACE',''
  ) );
#9784 = ORIENTED_EDGE('',*,*,#9785,.F.);
#9785 = EDGE_CURVE('',#9786,#9765,#9788,.T.);
#9786 = VERTEX_POINT('',#9787);
#9787 = CARTESIAN_POINT('',(-7.48075,-2.72277,7.));
#9788 = SURFACE_CURVE('',#9789,(#9793),.PCURVE_S1.);
#9789 = LINE('',#9790,#9791);
#9790 = CARTESIAN_POINT('',(-7.48075,-2.72277,7.));
#9791 = VECTOR('',#9792,1.);
#9792 = DIRECTION('',(0.,0.,1.));
#9793 = PCURVE('',#9773,#9794);
#9794 = DEFINITIONAL_REPRESENTATION('',(#9795),#9799);
#9795 = LINE('',#9796,#9797);
#9796 = CARTESIAN_POINT('',(-2.221655682639,6.161111));
#9797 = VECTOR('',#9798,1.);
#9798 = DIRECTION('',(0.,1.));
#9799 = ( GEOMETRIC_REPRESENTATION_CONTEXT(2) 
PARAMETRIC_REPRESENTATION_CONTEXT() REPRESENTATION_CONTEXT('2D SPACE',''
  ) );
#9800 = ORIENTED_EDGE('',*,*,#9801,.T.);
#9801 = EDGE_CURVE('',#9786,#9763,#9802,.T.);
#9802 = SURFACE_CURVE('',#9803,(#9807),.PCURVE_S1.);
#9803 = LINE('',#9804,#9805);
#9804 = CARTESIAN_POINT('',(-7.48075,-2.72277,7.));
#9805 = VECTOR('',#9806,1.);
#9806 = DIRECTION('',(0.153999644163,-0.302241535991,-0.940709393766));
#9807 = PCURVE('',#9773,#9808);
#9808 = DEFINITIONAL_REPRESENTATION('',(#9809),#9813);
#9809 = LINE('',#9810,#9811);
#9810 = CARTESIAN_POINT('',(-2.221655682639,6.161111));
#9811 = VECTOR('',#9812,1.);
#9812 = DIRECTION('',(0.339213555862,-0.940709393766));
#9813 = ( GEOMETRIC_REPRESENTATION_CONTEXT(2) 
PARAMETRIC_REPRESENTATION_CONTEXT() REPRESENTATION_CONTEXT('2D SPACE',''
  ) );
#9814 = ( GEOMETRIC_REPRESENTATION_CONTEXT(3) 
GLOBAL_UNCERTAINTY_ASSIGNED_CONTEXT((#9818)) 
GLOBAL_UNIT_ASSIGNED_CONTEXT((#9815,#9816,#9817)) REPRESENTATION_CONTEXT
('Context #1','3D Context with UNIT and UNCERTAINTY') );
#9815 = ( LENGTH_UNIT() NAMED_UNIT(*) SI_UNIT(.MILLI.,.METRE.) );
#9816 = ( NAMED_UNIT(*) PLANE_ANGLE_UNIT() SI_UNIT($,.RADIAN.) );
#9817 = ( NAMED_UNIT(*) SI_UNIT($,.STERADIAN.) SOLID_ANGLE_UNIT() );
#9818 = UNCERTAINTY_MEASURE_WITH_UNIT(LENGTH_MEASURE(1.E-07),#9815,
  'distance_accuracy_value','confusion accuracy');
#9819 = CONTEXT_DEPENDENT_SHAPE_REPRESENTATION(#9820,#9822);
#9820 = ( REPRESENTATION_RELATIONSHIP('','',#9755,#10) 
REPRESENTATION_RELATIONSHIP_WITH_TRANSFORMATION(#9821) 
SHAPE_REPRESENTATION_RELATIONSHIP() );
#9821 = ITEM_DEFINED_TRANSFORMATION('','',#11,#475);
#9822 = PRODUCT_DEFINITION_SHAPE('Placement','Placement of an item',
  #9823);
#9823 = NEXT_ASSEMBLY_USAGE_OCCURRENCE('1880','','',#5,#9750,$);
#9824 = PRODUCT_RELATED_PRODUCT_CATEGORY('part',$,(#9752));
#9825 = SHAPE_DEFINITION_REPRESENTATION(#9826,#9832);
#9826 = PRODUCT_DEFINITION_SHAPE('','',#9827);
#9827 = PRODUCT_DEFINITION('design','',#9828,#9831);
#9828 = PRODUCT_DEFINITION_FORMATION('','',#9829);
#9829 = PRODUCT('Open CASCADE STEP translator 7.9 2.117',
  'Open CASCADE STEP translator 7.9 2.117','',(#9830));
#9830 = PRODUCT_CONTEXT('',#2,'mechanical');
#9831 = PRODUCT_DEFINITION_CONTEXT('part definition',#2,'design');
#9832 = MANIFOLD_SURFACE_SHAPE_REPRESENTATION('',(#11,#9833),#9891);
#9833 = SHELL_BASED_SURFACE_MODEL('',(#9834));
#9834 = OPEN_SHELL('',(#9835));
#9835 = ADVANCED_FACE('',(#9836),#9850,.T.);
#9836 = FACE_BOUND('',#9837,.T.);
#9837 = EDGE_LOOP('',(#9838,#9861,#9877));
#9838 = ORIENTED_EDGE('',*,*,#9839,.F.);
#9839 = EDGE_CURVE('',#9840,#9842,#9844,.T.);
#9840 = VERTEX_POINT('',#9841);
#9841 = CARTESIAN_POINT('',(-6.47214,-4.70228,0.838889));
#9842 = VERTEX_POINT('',#9843);
#9843 = CARTESIAN_POINT('',(-7.48075,-2.72277,12.));
#9844 = SURFACE_CURVE('',#9845,(#9849),.PCURVE_S1.);
#9845 = LINE('',#9846,#9847);
#9846 = CARTESIAN_POINT('',(-6.47214,-4.70228,0.838889));
#9847 = VECTOR('',#9848,1.);
#9848 = DIRECTION('',(-8.862945296582E-02,0.173945220095,0.980758828904)
  );
#9849 = PCURVE('',#9850,#9855);
#9850 = PLANE('',#9851);
#9851 = AXIS2_PLACEMENT_3D('',#9852,#9853,#9854);
#9852 = CARTESIAN_POINT('',(-7.48075,-2.72277,12.));
#9853 = DIRECTION('',(-0.891006655743,-0.453990241549,-0.));
#9854 = DIRECTION('',(0.453990241549,-0.891006655743,0.));
#9855 = DEFINITIONAL_REPRESENTATION('',(#9856),#9860);
#9856 = LINE('',#9857,#9858);
#9857 = CARTESIAN_POINT('',(2.221655682639,-11.161111));
#9858 = VECTOR('',#9859,1.);
#9859 = DIRECTION('',(-0.1952232556,0.980758828904));
#9860 = ( GEOMETRIC_REPRESENTATION_CONTEXT(2) 
PARAMETRIC_REPRESENTATION_CONTEXT() REPRESENTATION_CONTEXT('2D SPACE',''
  ) );
#9861 = ORIENTED_EDGE('',*,*,#9862,.T.);
#9862 = EDGE_CURVE('',#9840,#9863,#9865,.T.);
#9863 = VERTEX_POINT('',#9864);
#9864 = CARTESIAN_POINT('',(-7.48075,-2.72277,338.));
#9865 = SURFACE_CURVE('',#9866,(#9870),.PCURVE_S1.);
#9866 = LINE('',#9867,#9868);
#9867 = CARTESIAN_POINT('',(-6.47214,-4.70228,0.838889));
#9868 = VECTOR('',#9869,1.);
#9869 = DIRECTION('',(-2.991412922346E-03,5.87098263344E-03,
    0.99997829127));
#9870 = PCURVE('',#9850,#9871);
#9871 = DEFINITIONAL_REPRESENTATION('',(#9872),#9876);
#9872 = LINE('',#9873,#9874);
#9873 = CARTESIAN_POINT('',(2.221655682639,-11.161111));
#9874 = VECTOR('',#9875,1.);
#9875 = DIRECTION('',(-6.589156877335E-03,0.99997829127));
#9876 = ( GEOMETRIC_REPRESENTATION_CONTEXT(2) 
PARAMETRIC_REPRESENTATION_CONTEXT() REPRESENTATION_CONTEXT('2D SPACE',''
  ) );
#9877 = ORIENTED_EDGE('',*,*,#9878,.T.);
#9878 = EDGE_CURVE('',#9863,#9842,#9879,.T.);
#9879 = SURFACE_CURVE('',#9880,(#9884),.PCURVE_S1.);
#9880 = LINE('',#9881,#9882);
#9881 = CARTESIAN_POINT('',(-7.48075,-2.72277,338.));
#9882 = VECTOR('',#9883,1.);
#9883 = DIRECTION('',(0.,0.,-1.));
#9884 = PCURVE('',#9850,#9885);
#9885 = DEFINITIONAL_REPRESENTATION('',(#9886),#9890);
#9886 = LINE('',#9887,#9888);
#9887 = CARTESIAN_POINT('',(0.,326.));
#9888 = VECTOR('',#9889,1.);
#9889 = DIRECTION('',(0.,-1.));
#9890 = ( GEOMETRIC_REPRESENTATION_CONTEXT(2) 
PARAMETRIC_REPRESENTATION_CONTEXT() REPRESENTATION_CONTEXT('2D SPACE',''
  ) );
#9891 = ( GEOMETRIC_REPRESENTATION_CONTEXT(3) 
GLOBAL_UNCERTAINTY_ASSIGNED_CONTEXT((#9895)) 
GLOBAL_UNIT_ASSIGNED_CONTEXT((#9892,#9893,#9894)) REPRESENTATION_CONTEXT
('Context #1','3D Context with UNIT and UNCERTAINTY') );
#9892 = ( LENGTH_UNIT() NAMED_UNIT(*) SI_UNIT(.MILLI.,.METRE.) );
#9893 = ( NAMED_UNIT(*) PLANE_ANGLE_UNIT() SI_UNIT($,.RADIAN.) );
#9894 = ( NAMED_UNIT(*) SI_UNIT($,.STERADIAN.) SOLID_ANGLE_UNIT() );
#9895 = UNCERTAINTY_MEASURE_WITH_UNIT(LENGTH_MEASURE(1.E-07),#9892,
  'distance_accuracy_value','confusion accuracy');
#9896 = CONTEXT_DEPENDENT_SHAPE_REPRESENTATION(#9897,#9899);
#9897 = ( REPRESENTATION_RELATIONSHIP('','',#9832,#10) 
REPRESENTATION_RELATIONSHIP_WITH_TRANSFORMATION(#9898) 
SHAPE_REPRESENTATION_RELATIONSHIP() );
#9898 = ITEM_DEFINED_TRANSFORMATION('','',#11,#479);
#9899 = PRODUCT_DEFINITION_SHAPE('Placement','Placement of an item',
  #9900);
#9900 = NEXT_ASSEMBLY_USAGE_OCCURRENCE('1881','','',#5,#9827,$);
#9901 = PRODUCT_RELATED_PRODUCT_CATEGORY('part',$,(#9829));
#9902 = SHAPE_DEFINITION_REPRESENTATION(#9903,#9909);
#9903 = PRODUCT_DEFINITION_SHAPE('','',#9904);
#9904 = PRODUCT_DEFINITION('design','',#9905,#9908);
#9905 = PRODUCT_DEFINITION_FORMATION('','',#9906);
#9906 = PRODUCT('Open CASCADE STEP translator 7.9 2.118',
  'Open CASCADE STEP translator 7.9 2.118','',(#9907));
#9907 = PRODUCT_CONTEXT('',#2,'mechanical');
#9908 = PRODUCT_DEFINITION_CONTEXT('part definition',#2,'design');
#9909 = MANIFOLD_SURFACE_SHAPE_REPRESENTATION('',(#11,#9910),#9968);
#9910 = SHELL_BASED_SURFACE_MODEL('',(#9911));
#9911 = OPEN_SHELL('',(#9912));
#9912 = ADVANCED_FACE('',(#9913),#9927,.T.);
#9913 = FACE_BOUND('',#9914,.T.);
#9914 = EDGE_LOOP('',(#9915,#9938,#9954));
#9915 = ORIENTED_EDGE('',*,*,#9916,.F.);
#9916 = EDGE_CURVE('',#9917,#9919,#9921,.T.);
#9917 = VERTEX_POINT('',#9918);
#9918 = CARTESIAN_POINT('',(-7.48075,-2.72277,7.));
#9919 = VERTEX_POINT('',#9920);
#9920 = CARTESIAN_POINT('',(-6.47214,-4.70228,0.83889));
#9921 = SURFACE_CURVE('',#9922,(#9926),.PCURVE_S1.);
#9922 = LINE('',#9923,#9924);
#9923 = CARTESIAN_POINT('',(-7.48075,-2.72277,7.));
#9924 = VECTOR('',#9925,1.);
#9925 = DIRECTION('',(0.153999666282,-0.302241579403,-0.940709376197));
#9926 = PCURVE('',#9927,#9932);
#9927 = PLANE('',#9928);
#9928 = AXIS2_PLACEMENT_3D('',#9929,#9930,#9931);
#9929 = CARTESIAN_POINT('',(-6.47214,-4.70228,0.83889));
#9930 = DIRECTION('',(-0.891007022915,-0.453989520931,
    -2.916365123146E-07));
#9931 = DIRECTION('',(0.453989520931,-0.891007022916,0.));
#9932 = DEFINITIONAL_REPRESENTATION('',(#9933),#9937);
#9933 = LINE('',#9934,#9935);
#9934 = CARTESIAN_POINT('',(-2.221655682638,6.16111));
#9935 = VECTOR('',#9936,1.);
#9936 = DIRECTION('',(0.339213604584,-0.940709376197));
#9937 = ( GEOMETRIC_REPRESENTATION_CONTEXT(2) 
PARAMETRIC_REPRESENTATION_CONTEXT() REPRESENTATION_CONTEXT('2D SPACE',''
  ) );
#9938 = ORIENTED_EDGE('',*,*,#9939,.F.);
#9939 = EDGE_CURVE('',#9940,#9917,#9942,.T.);
#9940 = VERTEX_POINT('',#9941);
#9941 = CARTESIAN_POINT('',(-7.60845,-2.47214,0.83889));
#9942 = SURFACE_CURVE('',#9943,(#9947),.PCURVE_S1.);
#9943 = LINE('',#9944,#9945);
#9944 = CARTESIAN_POINT('',(-7.60845,-2.47214,0.83889));
#9945 = VECTOR('',#9946,1.);
#9946 = DIRECTION('',(2.070521677667E-02,-4.063702804023E-02,
    0.998959421573));
#9947 = PCURVE('',#9927,#9948);
#9948 = DEFINITIONAL_REPRESENTATION('',(#9949),#9953);
#9949 = LINE('',#9950,#9951);
#9950 = CARTESIAN_POINT('',(-2.502943234614,0.));
#9951 = VECTOR('',#9952,1.);
#9952 = DIRECTION('',(4.560782881948E-02,0.998959421573));
#9953 = ( GEOMETRIC_REPRESENTATION_CONTEXT(2) 
PARAMETRIC_REPRESENTATION_CONTEXT() REPRESENTATION_CONTEXT('2D SPACE',''
  ) );
#9954 = ORIENTED_EDGE('',*,*,#9955,.T.);
#9955 = EDGE_CURVE('',#9940,#9919,#9956,.T.);
#9956 = SURFACE_CURVE('',#9957,(#9961),.PCURVE_S1.);
#9957 = LINE('',#9958,#9959);
#9958 = CARTESIAN_POINT('',(-7.60845,-2.47214,0.83889));
#9959 = VECTOR('',#9960,1.);
#9960 = DIRECTION('',(0.453989520931,-0.891007022916,0.));
#9961 = PCURVE('',#9927,#9962);
#9962 = DEFINITIONAL_REPRESENTATION('',(#9963),#9967);
#9963 = LINE('',#9964,#9965);
#9964 = CARTESIAN_POINT('',(-2.502943234614,0.));
#9965 = VECTOR('',#9966,1.);
#9966 = DIRECTION('',(1.,-1.323488980085E-23));
#9967 = ( GEOMETRIC_REPRESENTATION_CONTEXT(2) 
PARAMETRIC_REPRESENTATION_CONTEXT() REPRESENTATION_CONTEXT('2D SPACE',''
  ) );
#9968 = ( GEOMETRIC_REPRESENTATION_CONTEXT(3) 
GLOBAL_UNCERTAINTY_ASSIGNED_CONTEXT((#9972)) 
GLOBAL_UNIT_ASSIGNED_CONTEXT((#9969,#9970,#9971)) REPRESENTATION_CONTEXT
('Context #1','3D Context with UNIT and UNCERTAINTY') );
#9969 = ( LENGTH_UNIT() NAMED_UNIT(*) SI_UNIT(.MILLI.,.METRE.) );
#9970 = ( NAMED_UNIT(*) PLANE_ANGLE_UNIT() SI_UNIT($,.RADIAN.) );
#9971 = ( NAMED_UNIT(*) SI_UNIT($,.STERADIAN.) SOLID_ANGLE_UNIT() );
#9972 = UNCERTAINTY_MEASURE_WITH_UNIT(LENGTH_MEASURE(1.E-07),#9969,
  'distance_accuracy_value','confusion accuracy');
#9973 = CONTEXT_DEPENDENT_SHAPE_REPRESENTATION(#9974,#9976);
#9974 = ( REPRESENTATION_RELATIONSHIP('','',#9909,#10) 
REPRESENTATION_RELATIONSHIP_WITH_TRANSFORMATION(#9975) 
SHAPE_REPRESENTATION_RELATIONSHIP() );
#9975 = ITEM_DEFINED_TRANSFORMATION('','',#11,#483);
#9976 = PRODUCT_DEFINITION_SHAPE('Placement','Placement of an item',
  #9977);
#9977 = NEXT_ASSEMBLY_USAGE_OCCURRENCE('1882','','',#5,#9904,$);
#9978 = PRODUCT_RELATED_PRODUCT_CATEGORY('part',$,(#9906));
#9979 = SHAPE_DEFINITION_REPRESENTATION(#9980,#9986);
#9980 = PRODUCT_DEFINITION_SHAPE('','',#9981);
#9981 = PRODUCT_DEFINITION('design','',#9982,#9985);
#9982 = PRODUCT_DEFINITION_FORMATION('','',#9983);
#9983 = PRODUCT('Open CASCADE STEP translator 7.9 2.119',
  'Open CASCADE STEP translator 7.9 2.119','',(#9984));
#9984 = PRODUCT_CONTEXT('',#2,'mechanical');
#9985 = PRODUCT_DEFINITION_CONTEXT('part definition',#2,'design');
#9986 = MANIFOLD_SURFACE_SHAPE_REPRESENTATION('',(#11,#9987),#10045);
#9987 = SHELL_BASED_SURFACE_MODEL('',(#9988));
#9988 = OPEN_SHELL('',(#9989));
#9989 = ADVANCED_FACE('',(#9990),#10004,.T.);
#9990 = FACE_BOUND('',#9991,.T.);
#9991 = EDGE_LOOP('',(#9992,#10015,#10031));
#9992 = ORIENTED_EDGE('',*,*,#9993,.T.);
#9993 = EDGE_CURVE('',#9994,#9996,#9998,.T.);
#9994 = VERTEX_POINT('',#9995);
#9995 = CARTESIAN_POINT('',(-7.48075,-2.72277,12.));
#9996 = VERTEX_POINT('',#9997);
#9997 = CARTESIAN_POINT('',(-7.60845,-2.47214,338.));
#9998 = SURFACE_CURVE('',#9999,(#10003),.PCURVE_S1.);
#9999 = LINE('',#10000,#10001);
#10000 = CARTESIAN_POINT('',(-7.48075,-2.72277,12.));
#10001 = VECTOR('',#10002,1.);
#10002 = DIRECTION('',(-3.917176455938E-04,7.688033947938E-04,
    0.999999627749));
#10003 = PCURVE('',#10004,#10009);
#10004 = PLANE('',#10005);
#10005 = AXIS2_PLACEMENT_3D('',#10006,#10007,#10008);
#10006 = CARTESIAN_POINT('',(-7.48075,-2.72277,12.));
#10007 = DIRECTION('',(-0.891009922885,-0.45398382936,-0.));
#10008 = DIRECTION('',(0.45398382936,-0.891009922885,0.));
#10009 = DEFINITIONAL_REPRESENTATION('',(#10010),#10014);
#10010 = LINE('',#10011,#10012);
#10011 = CARTESIAN_POINT('',(0.,0.));
#10012 = VECTOR('',#10013,1.);
#10013 = DIRECTION('',(-8.628449302836E-04,0.999999627749));
#10014 = ( GEOMETRIC_REPRESENTATION_CONTEXT(2) 
PARAMETRIC_REPRESENTATION_CONTEXT() REPRESENTATION_CONTEXT('2D SPACE',''
  ) );
#10015 = ORIENTED_EDGE('',*,*,#10016,.T.);
#10016 = EDGE_CURVE('',#9996,#10017,#10019,.T.);
#10017 = VERTEX_POINT('',#10018);
#10018 = CARTESIAN_POINT('',(-7.60845,-2.47214,12.));
#10019 = SURFACE_CURVE('',#10020,(#10024),.PCURVE_S1.);
#10020 = LINE('',#10021,#10022);
#10021 = CARTESIAN_POINT('',(-7.60845,-2.47214,338.));
#10022 = VECTOR('',#10023,1.);
#10023 = DIRECTION('',(0.,0.,-1.));
#10024 = PCURVE('',#10004,#10025);
#10025 = DEFINITIONAL_REPRESENTATION('',(#10026),#10030);
#10026 = LINE('',#10027,#10028);
#10027 = CARTESIAN_POINT('',(-0.281287551982,326.));
#10028 = VECTOR('',#10029,1.);
#10029 = DIRECTION('',(0.,-1.));
#10030 = ( GEOMETRIC_REPRESENTATION_CONTEXT(2) 
PARAMETRIC_REPRESENTATION_CONTEXT() REPRESENTATION_CONTEXT('2D SPACE',''
  ) );
#10031 = ORIENTED_EDGE('',*,*,#10032,.F.);
#10032 = EDGE_CURVE('',#9994,#10017,#10033,.T.);
#10033 = SURFACE_CURVE('',#10034,(#10038),.PCURVE_S1.);
#10034 = LINE('',#10035,#10036);
#10035 = CARTESIAN_POINT('',(-7.48075,-2.72277,12.));
#10036 = VECTOR('',#10037,1.);
#10037 = DIRECTION('',(-0.45398382936,0.891009922885,0.));
#10038 = PCURVE('',#10004,#10039);
#10039 = DEFINITIONAL_REPRESENTATION('',(#10040),#10044);
#10040 = LINE('',#10041,#10042);
#10041 = CARTESIAN_POINT('',(0.,0.));
#10042 = VECTOR('',#10043,1.);
#10043 = DIRECTION('',(-1.,0.));
#10044 = ( GEOMETRIC_REPRESENTATION_CONTEXT(2) 
PARAMETRIC_REPRESENTATION_CONTEXT() REPRESENTATION_CONTEXT('2D SPACE',''
  ) );
#10045 = ( GEOMETRIC_REPRESENTATION_CONTEXT(3) 
GLOBAL_UNCERTAINTY_ASSIGNED_CONTEXT((#10049)) 
GLOBAL_UNIT_ASSIGNED_CONTEXT((#10046,#10047,#10048)) 
REPRESENTATION_CONTEXT('Context #1',
  '3D Context with UNIT and UNCERTAINTY') );
#10046 = ( LENGTH_UNIT() NAMED_UNIT(*) SI_UNIT(.MILLI.,.METRE.) );
#10047 = ( NAMED_UNIT(*) PLANE_ANGLE_UNIT() SI_UNIT($,.RADIAN.) );
#10048 = ( NAMED_UNIT(*) SI_UNIT($,.STERADIAN.) SOLID_ANGLE_UNIT() );
#10049 = UNCERTAINTY_MEASURE_WITH_UNIT(LENGTH_MEASURE(1.E-07),#10046,
  'distance_accuracy_value','confusion accuracy');
#10050 = CONTEXT_DEPENDENT_SHAPE_REPRESENTATION(#10051,#10053);
#10051 = ( REPRESENTATION_RELATIONSHIP('','',#9986,#10) 
REPRESENTATION_RELATIONSHIP_WITH_TRANSFORMATION(#10052) 
SHAPE_REPRESENTATION_RELATIONSHIP() );
#10052 = ITEM_DEFINED_TRANSFORMATION('','',#11,#487);
#10053 = PRODUCT_DEFINITION_SHAPE('Placement','Placement of an item',
  #10054);
#10054 = NEXT_ASSEMBLY_USAGE_OCCURRENCE('1883','','',#5,#9981,$);
#10055 = PRODUCT_RELATED_PRODUCT_CATEGORY('part',$,(#9983));
#10056 = SHAPE_DEFINITION_REPRESENTATION(#10057,#10063);
#10057 = PRODUCT_DEFINITION_SHAPE('','',#10058);
#10058 = PRODUCT_DEFINITION('design','',#10059,#10062);
#10059 = PRODUCT_DEFINITION_FORMATION('','',#10060);
#10060 = PRODUCT('Open CASCADE STEP translator 7.9 2.120',
  'Open CASCADE STEP translator 7.9 2.120','',(#10061));
#10061 = PRODUCT_CONTEXT('',#2,'mechanical');
#10062 = PRODUCT_DEFINITION_CONTEXT('part definition',#2,'design');
#10063 = MANIFOLD_SURFACE_SHAPE_REPRESENTATION('',(#11,#10064),#10122);
#10064 = SHELL_BASED_SURFACE_MODEL('',(#10065));
#10065 = OPEN_SHELL('',(#10066));
#10066 = ADVANCED_FACE('',(#10067),#10081,.T.);
#10067 = FACE_BOUND('',#10068,.T.);
#10068 = EDGE_LOOP('',(#10069,#10092,#10108));
#10069 = ORIENTED_EDGE('',*,*,#10070,.F.);
#10070 = EDGE_CURVE('',#10071,#10073,#10075,.T.);
#10071 = VERTEX_POINT('',#10072);
#10072 = CARTESIAN_POINT('',(-7.48075,-2.72277,12.));
#10073 = VERTEX_POINT('',#10074);
#10074 = CARTESIAN_POINT('',(-7.60845,-2.47214,338.));
#10075 = SURFACE_CURVE('',#10076,(#10080),.PCURVE_S1.);
#10076 = LINE('',#10077,#10078);
#10077 = CARTESIAN_POINT('',(-7.48075,-2.72277,12.));
#10078 = VECTOR('',#10079,1.);
#10079 = DIRECTION('',(-3.917176455938E-04,7.688033947938E-04,
    0.999999627749));
#10080 = PCURVE('',#10081,#10086);
#10081 = PLANE('',#10082);
#10082 = AXIS2_PLACEMENT_3D('',#10083,#10084,#10085);
#10083 = CARTESIAN_POINT('',(-7.60845,-2.47214,338.));
#10084 = DIRECTION('',(-0.891009922885,-0.45398382936,-0.));
#10085 = DIRECTION('',(0.45398382936,-0.891009922885,0.));
#10086 = DEFINITIONAL_REPRESENTATION('',(#10087),#10091);
#10087 = LINE('',#10088,#10089);
#10088 = CARTESIAN_POINT('',(0.281287551982,-326.));
#10089 = VECTOR('',#10090,1.);
#10090 = DIRECTION('',(-8.628449302836E-04,0.999999627749));
#10091 = ( GEOMETRIC_REPRESENTATION_CONTEXT(2) 
PARAMETRIC_REPRESENTATION_CONTEXT() REPRESENTATION_CONTEXT('2D SPACE',''
  ) );
#10092 = ORIENTED_EDGE('',*,*,#10093,.F.);
#10093 = EDGE_CURVE('',#10094,#10071,#10096,.T.);
#10094 = VERTEX_POINT('',#10095);
#10095 = CARTESIAN_POINT('',(-7.48075,-2.72277,338.));
#10096 = SURFACE_CURVE('',#10097,(#10101),.PCURVE_S1.);
#10097 = LINE('',#10098,#10099);
#10098 = CARTESIAN_POINT('',(-7.48075,-2.72277,338.));
#10099 = VECTOR('',#10100,1.);
#10100 = DIRECTION('',(0.,0.,-1.));
#10101 = PCURVE('',#10081,#10102);
#10102 = DEFINITIONAL_REPRESENTATION('',(#10103),#10107);
#10103 = LINE('',#10104,#10105);
#10104 = CARTESIAN_POINT('',(0.281287551982,0.));
#10105 = VECTOR('',#10106,1.);
#10106 = DIRECTION('',(0.,-1.));
#10107 = ( GEOMETRIC_REPRESENTATION_CONTEXT(2) 
PARAMETRIC_REPRESENTATION_CONTEXT() REPRESENTATION_CONTEXT('2D SPACE',''
  ) );
#10108 = ORIENTED_EDGE('',*,*,#10109,.F.);
#10109 = EDGE_CURVE('',#10073,#10094,#10110,.T.);
#10110 = SURFACE_CURVE('',#10111,(#10115),.PCURVE_S1.);
#10111 = LINE('',#10112,#10113);
#10112 = CARTESIAN_POINT('',(-7.60845,-2.47214,338.));
#10113 = VECTOR('',#10114,1.);
#10114 = DIRECTION('',(0.45398382936,-0.891009922885,0.));
#10115 = PCURVE('',#10081,#10116);
#10116 = DEFINITIONAL_REPRESENTATION('',(#10117),#10121);
#10117 = LINE('',#10118,#10119);
#10118 = CARTESIAN_POINT('',(0.,0.));
#10119 = VECTOR('',#10120,1.);
#10120 = DIRECTION('',(1.,0.));
#10121 = ( GEOMETRIC_REPRESENTATION_CONTEXT(2) 
PARAMETRIC_REPRESENTATION_CONTEXT() REPRESENTATION_CONTEXT('2D SPACE',''
  ) );
#10122 = ( GEOMETRIC_REPRESENTATION_CONTEXT(3) 
GLOBAL_UNCERTAINTY_ASSIGNED_CONTEXT((#10126)) 
GLOBAL_UNIT_ASSIGNED_CONTEXT((#10123,#10124,#10125)) 
REPRESENTATION_CONTEXT('Context #1',
  '3D Context with UNIT and UNCERTAINTY') );
#10123 = ( LENGTH_UNIT() NAMED_UNIT(*) SI_UNIT(.MILLI.,.METRE.) );
#10124 = ( NAMED_UNIT(*) PLANE_ANGLE_UNIT() SI_UNIT($,.RADIAN.) );
#10125 = ( NAMED_UNIT(*) SI_UNIT($,.STERADIAN.) SOLID_ANGLE_UNIT() );
#10126 = UNCERTAINTY_MEASURE_WITH_UNIT(LENGTH_MEASURE(1.E-07),#10123,
  'distance_accuracy_value','confusion accuracy');
#10127 = CONTEXT_DEPENDENT_SHAPE_REPRESENTATION(#10128,#10130);
#10128 = ( REPRESENTATION_RELATIONSHIP('','',#10063,#10) 
REPRESENTATION_RELATIONSHIP_WITH_TRANSFORMATION(#10129) 
SHAPE_REPRESENTATION_RELATIONSHIP() );
#10129 = ITEM_DEFINED_TRANSFORMATION('','',#11,#491);
#10130 = PRODUCT_DEFINITION_SHAPE('Placement','Placement of an item',
  #10131);
#10131 = NEXT_ASSEMBLY_USAGE_OCCURRENCE('1884','','',#5,#10058,$);
#10132 = PRODUCT_RELATED_PRODUCT_CATEGORY('part',$,(#10060));
#10133 = SHAPE_DEFINITION_REPRESENTATION(#10134,#10140);
#10134 = PRODUCT_DEFINITION_SHAPE('','',#10135);
#10135 = PRODUCT_DEFINITION('design','',#10136,#10139);
#10136 = PRODUCT_DEFINITION_FORMATION('','',#10137);
#10137 = PRODUCT('Open CASCADE STEP translator 7.9 2.121',
  'Open CASCADE STEP translator 7.9 2.121','',(#10138));
#10138 = PRODUCT_CONTEXT('',#2,'mechanical');
#10139 = PRODUCT_DEFINITION_CONTEXT('part definition',#2,'design');
#10140 = MANIFOLD_SURFACE_SHAPE_REPRESENTATION('',(#11,#10141),#10199);
#10141 = SHELL_BASED_SURFACE_MODEL('',(#10142));
#10142 = OPEN_SHELL('',(#10143));
#10143 = ADVANCED_FACE('',(#10144),#10158,.T.);
#10144 = FACE_BOUND('',#10145,.T.);
#10145 = EDGE_LOOP('',(#10146,#10169,#10185));
#10146 = ORIENTED_EDGE('',*,*,#10147,.T.);
#10147 = EDGE_CURVE('',#10148,#10150,#10152,.T.);
#10148 = VERTEX_POINT('',#10149);
#10149 = CARTESIAN_POINT('',(-7.48075,-2.72277,343.));
#10150 = VERTEX_POINT('',#10151);
#10151 = CARTESIAN_POINT('',(-7.60845,-2.47214,349.161));
#10152 = SURFACE_CURVE('',#10153,(#10157),.PCURVE_S1.);
#10153 = LINE('',#10154,#10155);
#10154 = CARTESIAN_POINT('',(-7.48075,-2.72277,343.));
#10155 = VECTOR('',#10156,1.);
#10156 = DIRECTION('',(-2.07055856837E-02,4.063775207444E-02,
    0.998959384474));
#10157 = PCURVE('',#10158,#10163);
#10158 = PLANE('',#10159);
#10159 = AXIS2_PLACEMENT_3D('',#10160,#10161,#10162);
#10160 = CARTESIAN_POINT('',(-7.48075,-2.72277,343.));
#10161 = DIRECTION('',(-0.891009922885,-0.45398382936,-0.));
#10162 = DIRECTION('',(0.45398382936,-0.891009922885,0.));
#10163 = DEFINITIONAL_REPRESENTATION('',(#10164),#10168);
#10164 = LINE('',#10165,#10166);
#10165 = CARTESIAN_POINT('',(0.,0.));
#10166 = VECTOR('',#10167,1.);
#10167 = DIRECTION('',(-4.560864141989E-02,0.998959384474));
#10168 = ( GEOMETRIC_REPRESENTATION_CONTEXT(2) 
PARAMETRIC_REPRESENTATION_CONTEXT() REPRESENTATION_CONTEXT('2D SPACE',''
  ) );
#10169 = ORIENTED_EDGE('',*,*,#10170,.T.);
#10170 = EDGE_CURVE('',#10150,#10171,#10173,.T.);
#10171 = VERTEX_POINT('',#10172);
#10172 = CARTESIAN_POINT('',(-7.60845,-2.47214,343.));
#10173 = SURFACE_CURVE('',#10174,(#10178),.PCURVE_S1.);
#10174 = LINE('',#10175,#10176);
#10175 = CARTESIAN_POINT('',(-7.60845,-2.47214,349.161));
#10176 = VECTOR('',#10177,1.);
#10177 = DIRECTION('',(0.,0.,-1.));
#10178 = PCURVE('',#10158,#10179);
#10179 = DEFINITIONAL_REPRESENTATION('',(#10180),#10184);
#10180 = LINE('',#10181,#10182);
#10181 = CARTESIAN_POINT('',(-0.281287551982,6.161));
#10182 = VECTOR('',#10183,1.);
#10183 = DIRECTION('',(0.,-1.));
#10184 = ( GEOMETRIC_REPRESENTATION_CONTEXT(2) 
PARAMETRIC_REPRESENTATION_CONTEXT() REPRESENTATION_CONTEXT('2D SPACE',''
  ) );
#10185 = ORIENTED_EDGE('',*,*,#10186,.F.);
#10186 = EDGE_CURVE('',#10148,#10171,#10187,.T.);
#10187 = SURFACE_CURVE('',#10188,(#10192),.PCURVE_S1.);
#10188 = LINE('',#10189,#10190);
#10189 = CARTESIAN_POINT('',(-7.48075,-2.72277,343.));
#10190 = VECTOR('',#10191,1.);
#10191 = DIRECTION('',(-0.45398382936,0.891009922885,0.));
#10192 = PCURVE('',#10158,#10193);
#10193 = DEFINITIONAL_REPRESENTATION('',(#10194),#10198);
#10194 = LINE('',#10195,#10196);
#10195 = CARTESIAN_POINT('',(0.,0.));
#10196 = VECTOR('',#10197,1.);
#10197 = DIRECTION('',(-1.,0.));
#10198 = ( GEOMETRIC_REPRESENTATION_CONTEXT(2) 
PARAMETRIC_REPRESENTATION_CONTEXT() REPRESENTATION_CONTEXT('2D SPACE',''
  ) );
#10199 = ( GEOMETRIC_REPRESENTATION_CONTEXT(3) 
GLOBAL_UNCERTAINTY_ASSIGNED_CONTEXT((#10203)) 
GLOBAL_UNIT_ASSIGNED_CONTEXT((#10200,#10201,#10202)) 
REPRESENTATION_CONTEXT('Context #1',
  '3D Context with UNIT and UNCERTAINTY') );
#10200 = ( LENGTH_UNIT() NAMED_UNIT(*) SI_UNIT(.MILLI.,.METRE.) );
#10201 = ( NAMED_UNIT(*) PLANE_ANGLE_UNIT() SI_UNIT($,.RADIAN.) );
#10202 = ( NAMED_UNIT(*) SI_UNIT($,.STERADIAN.) SOLID_ANGLE_UNIT() );
#10203 = UNCERTAINTY_MEASURE_WITH_UNIT(LENGTH_MEASURE(1.E-07),#10200,
  'distance_accuracy_value','confusion accuracy');
#10204 = CONTEXT_DEPENDENT_SHAPE_REPRESENTATION(#10205,#10207);
#10205 = ( REPRESENTATION_RELATIONSHIP('','',#10140,#10) 
REPRESENTATION_RELATIONSHIP_WITH_TRANSFORMATION(#10206) 
SHAPE_REPRESENTATION_RELATIONSHIP() );
#10206 = ITEM_DEFINED_TRANSFORMATION('','',#11,#495);
#10207 = PRODUCT_DEFINITION_SHAPE('Placement','Placement of an item',
  #10208);
#10208 = NEXT_ASSEMBLY_USAGE_OCCURRENCE('1885','','',#5,#10135,$);
#10209 = PRODUCT_RELATED_PRODUCT_CATEGORY('part',$,(#10137));
#10210 = SHAPE_DEFINITION_REPRESENTATION(#10211,#10217);
#10211 = PRODUCT_DEFINITION_SHAPE('','',#10212);
#10212 = PRODUCT_DEFINITION('design','',#10213,#10216);
#10213 = PRODUCT_DEFINITION_FORMATION('','',#10214);
#10214 = PRODUCT('Open CASCADE STEP translator 7.9 2.122',
  'Open CASCADE STEP translator 7.9 2.122','',(#10215));
#10215 = PRODUCT_CONTEXT('',#2,'mechanical');
#10216 = PRODUCT_DEFINITION_CONTEXT('part definition',#2,'design');
#10217 = MANIFOLD_SURFACE_SHAPE_REPRESENTATION('',(#11,#10218),#10276);
#10218 = SHELL_BASED_SURFACE_MODEL('',(#10219));
#10219 = OPEN_SHELL('',(#10220));
#10220 = ADVANCED_FACE('',(#10221),#10235,.T.);
#10221 = FACE_BOUND('',#10222,.T.);
#10222 = EDGE_LOOP('',(#10223,#10246,#10262));
#10223 = ORIENTED_EDGE('',*,*,#10224,.T.);
#10224 = EDGE_CURVE('',#10225,#10227,#10229,.T.);
#10225 = VERTEX_POINT('',#10226);
#10226 = CARTESIAN_POINT('',(-7.48075,-2.72277,343.));
#10227 = VERTEX_POINT('',#10228);
#10228 = CARTESIAN_POINT('',(-6.47214,-4.70228,349.161));
#10229 = SURFACE_CURVE('',#10230,(#10234),.PCURVE_S1.);
#10230 = LINE('',#10231,#10232);
#10231 = CARTESIAN_POINT('',(-7.48075,-2.72277,343.));
#10232 = VECTOR('',#10233,1.);
#10233 = DIRECTION('',(0.154002099443,-0.302246354754,0.940707443579));
#10234 = PCURVE('',#10235,#10240);
#10235 = PLANE('',#10236);
#10236 = AXIS2_PLACEMENT_3D('',#10237,#10238,#10239);
#10237 = CARTESIAN_POINT('',(-7.48075,-2.72277,343.));
#10238 = DIRECTION('',(-0.891007022915,-0.453989520931,
    2.916417192371E-07));
#10239 = DIRECTION('',(0.453989520931,-0.891007022916,2.64697796017E-23)
  );
#10240 = DEFINITIONAL_REPRESENTATION('',(#10241),#10245);
#10241 = LINE('',#10242,#10243);
#10242 = CARTESIAN_POINT('',(0.,0.));
#10243 = VECTOR('',#10244,1.);
#10244 = DIRECTION('',(0.339218964085,0.940707443579));
#10245 = ( GEOMETRIC_REPRESENTATION_CONTEXT(2) 
PARAMETRIC_REPRESENTATION_CONTEXT() REPRESENTATION_CONTEXT('2D SPACE',''
  ) );
#10246 = ORIENTED_EDGE('',*,*,#10247,.T.);
#10247 = EDGE_CURVE('',#10227,#10248,#10250,.T.);
#10248 = VERTEX_POINT('',#10249);
#10249 = CARTESIAN_POINT('',(-7.60845,-2.47214,349.161));
#10250 = SURFACE_CURVE('',#10251,(#10255),.PCURVE_S1.);
#10251 = LINE('',#10252,#10253);
#10252 = CARTESIAN_POINT('',(-6.47214,-4.70228,349.161));
#10253 = VECTOR('',#10254,1.);
#10254 = DIRECTION('',(-0.453989520931,0.891007022916,0.));
#10255 = PCURVE('',#10235,#10256);
#10256 = DEFINITIONAL_REPRESENTATION('',(#10257),#10261);
#10257 = LINE('',#10258,#10259);
#10258 = CARTESIAN_POINT('',(2.221655682638,6.161));
#10259 = VECTOR('',#10260,1.);
#10260 = DIRECTION('',(-1.,1.323488980085E-23));
#10261 = ( GEOMETRIC_REPRESENTATION_CONTEXT(2) 
PARAMETRIC_REPRESENTATION_CONTEXT() REPRESENTATION_CONTEXT('2D SPACE',''
  ) );
#10262 = ORIENTED_EDGE('',*,*,#10263,.F.);
#10263 = EDGE_CURVE('',#10225,#10248,#10264,.T.);
#10264 = SURFACE_CURVE('',#10265,(#10269),.PCURVE_S1.);
#10265 = LINE('',#10266,#10267);
#10266 = CARTESIAN_POINT('',(-7.48075,-2.72277,343.));
#10267 = VECTOR('',#10268,1.);
#10268 = DIRECTION('',(-2.07055856837E-02,4.063775207444E-02,
    0.998959384474));
#10269 = PCURVE('',#10235,#10270);
#10270 = DEFINITIONAL_REPRESENTATION('',(#10271),#10275);
#10271 = LINE('',#10272,#10273);
#10272 = CARTESIAN_POINT('',(0.,0.));
#10273 = VECTOR('',#10274,1.);
#10274 = DIRECTION('',(-4.560864141896E-02,0.998959384474));
#10275 = ( GEOMETRIC_REPRESENTATION_CONTEXT(2) 
PARAMETRIC_REPRESENTATION_CONTEXT() REPRESENTATION_CONTEXT('2D SPACE',''
  ) );
#10276 = ( GEOMETRIC_REPRESENTATION_CONTEXT(3) 
GLOBAL_UNCERTAINTY_ASSIGNED_CONTEXT((#10280)) 
GLOBAL_UNIT_ASSIGNED_CONTEXT((#10277,#10278,#10279)) 
REPRESENTATION_CONTEXT('Context #1',
  '3D Context with UNIT and UNCERTAINTY') );
#10277 = ( LENGTH_UNIT() NAMED_UNIT(*) SI_UNIT(.MILLI.,.METRE.) );
#10278 = ( NAMED_UNIT(*) PLANE_ANGLE_UNIT() SI_UNIT($,.RADIAN.) );
#10279 = ( NAMED_UNIT(*) SI_UNIT($,.STERADIAN.) SOLID_ANGLE_UNIT() );
#10280 = UNCERTAINTY_MEASURE_WITH_UNIT(LENGTH_MEASURE(1.E-07),#10277,
  'distance_accuracy_value','confusion accuracy');
#10281 = CONTEXT_DEPENDENT_SHAPE_REPRESENTATION(#10282,#10284);
#10282 = ( REPRESENTATION_RELATIONSHIP('','',#10217,#10) 
REPRESENTATION_RELATIONSHIP_WITH_TRANSFORMATION(#10283) 
SHAPE_REPRESENTATION_RELATIONSHIP() );
#10283 = ITEM_DEFINED_TRANSFORMATION('','',#11,#499);
#10284 = PRODUCT_DEFINITION_SHAPE('Placement','Placement of an item',
  #10285);
#10285 = NEXT_ASSEMBLY_USAGE_OCCURRENCE('1886','','',#5,#10212,$);
#10286 = PRODUCT_RELATED_PRODUCT_CATEGORY('part',$,(#10214));
#10287 = SHAPE_DEFINITION_REPRESENTATION(#10288,#10294);
#10288 = PRODUCT_DEFINITION_SHAPE('','',#10289);
#10289 = PRODUCT_DEFINITION('design','',#10290,#10293);
#10290 = PRODUCT_DEFINITION_FORMATION('','',#10291);
#10291 = PRODUCT('Open CASCADE STEP translator 7.9 2.123',
  'Open CASCADE STEP translator 7.9 2.123','',(#10292));
#10292 = PRODUCT_CONTEXT('',#2,'mechanical');
#10293 = PRODUCT_DEFINITION_CONTEXT('part definition',#2,'design');
#10294 = MANIFOLD_SURFACE_SHAPE_REPRESENTATION('',(#11,#10295),#10353);
#10295 = SHELL_BASED_SURFACE_MODEL('',(#10296));
#10296 = OPEN_SHELL('',(#10297));
#10297 = ADVANCED_FACE('',(#10298),#10312,.T.);
#10298 = FACE_BOUND('',#10299,.T.);
#10299 = EDGE_LOOP('',(#10300,#10323,#10339));
#10300 = ORIENTED_EDGE('',*,*,#10301,.T.);
#10301 = EDGE_CURVE('',#10302,#10304,#10306,.T.);
#10302 = VERTEX_POINT('',#10303);
#10303 = CARTESIAN_POINT('',(-6.47214,-4.70228,349.161));
#10304 = VERTEX_POINT('',#10305);
#10305 = CARTESIAN_POINT('',(-7.48075,-2.72277,338.));
#10306 = SURFACE_CURVE('',#10307,(#10311),.PCURVE_S1.);
#10307 = LINE('',#10308,#10309);
#10308 = CARTESIAN_POINT('',(-6.47214,-4.70228,349.161));
#10309 = VECTOR('',#10310,1.);
#10310 = DIRECTION('',(-8.863030082191E-02,0.173946884108,
    -0.980758457157));
#10311 = PCURVE('',#10312,#10317);
#10312 = PLANE('',#10313);
#10313 = AXIS2_PLACEMENT_3D('',#10314,#10315,#10316);
#10314 = CARTESIAN_POINT('',(-6.47214,-4.70228,349.161));
#10315 = DIRECTION('',(-0.891006655743,-0.453990241549,-0.));
#10316 = DIRECTION('',(0.453990241549,-0.891006655743,0.));
#10317 = DEFINITIONAL_REPRESENTATION('',(#10318),#10322);
#10318 = LINE('',#10319,#10320);
#10319 = CARTESIAN_POINT('',(0.,0.));
#10320 = VECTOR('',#10321,1.);
#10321 = DIRECTION('',(-0.195225123165,-0.980758457157));
#10322 = ( GEOMETRIC_REPRESENTATION_CONTEXT(2) 
PARAMETRIC_REPRESENTATION_CONTEXT() REPRESENTATION_CONTEXT('2D SPACE',''
  ) );
#10323 = ORIENTED_EDGE('',*,*,#10324,.F.);
#10324 = EDGE_CURVE('',#10325,#10304,#10327,.T.);
#10325 = VERTEX_POINT('',#10326);
#10326 = CARTESIAN_POINT('',(-6.47214,-4.70228,0.838889));
#10327 = SURFACE_CURVE('',#10328,(#10332),.PCURVE_S1.);
#10328 = LINE('',#10329,#10330);
#10329 = CARTESIAN_POINT('',(-6.47214,-4.70228,0.838889));
#10330 = VECTOR('',#10331,1.);
#10331 = DIRECTION('',(-2.991412922346E-03,5.87098263344E-03,
    0.99997829127));
#10332 = PCURVE('',#10312,#10333);
#10333 = DEFINITIONAL_REPRESENTATION('',(#10334),#10338);
#10334 = LINE('',#10335,#10336);
#10335 = CARTESIAN_POINT('',(0.,-348.322111));
#10336 = VECTOR('',#10337,1.);
#10337 = DIRECTION('',(-6.589156877335E-03,0.99997829127));
#10338 = ( GEOMETRIC_REPRESENTATION_CONTEXT(2) 
PARAMETRIC_REPRESENTATION_CONTEXT() REPRESENTATION_CONTEXT('2D SPACE',''
  ) );
#10339 = ORIENTED_EDGE('',*,*,#10340,.T.);
#10340 = EDGE_CURVE('',#10325,#10302,#10341,.T.);
#10341 = SURFACE_CURVE('',#10342,(#10346),.PCURVE_S1.);
#10342 = LINE('',#10343,#10344);
#10343 = CARTESIAN_POINT('',(-6.47214,-4.70228,0.838889));
#10344 = VECTOR('',#10345,1.);
#10345 = DIRECTION('',(0.,0.,1.));
#10346 = PCURVE('',#10312,#10347);
#10347 = DEFINITIONAL_REPRESENTATION('',(#10348),#10352);
#10348 = LINE('',#10349,#10350);
#10349 = CARTESIAN_POINT('',(0.,-348.322111));
#10350 = VECTOR('',#10351,1.);
#10351 = DIRECTION('',(0.,1.));
#10352 = ( GEOMETRIC_REPRESENTATION_CONTEXT(2) 
PARAMETRIC_REPRESENTATION_CONTEXT() REPRESENTATION_CONTEXT('2D SPACE',''
  ) );
#10353 = ( GEOMETRIC_REPRESENTATION_CONTEXT(3) 
GLOBAL_UNCERTAINTY_ASSIGNED_CONTEXT((#10357)) 
GLOBAL_UNIT_ASSIGNED_CONTEXT((#10354,#10355,#10356)) 
REPRESENTATION_CONTEXT('Context #1',
  '3D Context with UNIT and UNCERTAINTY') );
#10354 = ( LENGTH_UNIT() NAMED_UNIT(*) SI_UNIT(.MILLI.,.METRE.) );
#10355 = ( NAMED_UNIT(*) PLANE_ANGLE_UNIT() SI_UNIT($,.RADIAN.) );
#10356 = ( NAMED_UNIT(*) SI_UNIT($,.STERADIAN.) SOLID_ANGLE_UNIT() );
#10357 = UNCERTAINTY_MEASURE_WITH_UNIT(LENGTH_MEASURE(1.E-07),#10354,
  'distance_accuracy_value','confusion accuracy');
#10358 = CONTEXT_DEPENDENT_SHAPE_REPRESENTATION(#10359,#10361);
#10359 = ( REPRESENTATION_RELATIONSHIP('','',#10294,#10) 
REPRESENTATION_RELATIONSHIP_WITH_TRANSFORMATION(#10360) 
SHAPE_REPRESENTATION_RELATIONSHIP() );
#10360 = ITEM_DEFINED_TRANSFORMATION('','',#11,#503);
#10361 = PRODUCT_DEFINITION_SHAPE('Placement','Placement of an item',
  #10362);
#10362 = NEXT_ASSEMBLY_USAGE_OCCURRENCE('1887','','',#5,#10289,$);
#10363 = PRODUCT_RELATED_PRODUCT_CATEGORY('part',$,(#10291));
#10364 = SHAPE_DEFINITION_REPRESENTATION(#10365,#10371);
#10365 = PRODUCT_DEFINITION_SHAPE('','',#10366);
#10366 = PRODUCT_DEFINITION('design','',#10367,#10370);
#10367 = PRODUCT_DEFINITION_FORMATION('','',#10368);
#10368 = PRODUCT('Open CASCADE STEP translator 7.9 2.124',
  'Open CASCADE STEP translator 7.9 2.124','',(#10369));
#10369 = PRODUCT_CONTEXT('',#2,'mechanical');
#10370 = PRODUCT_DEFINITION_CONTEXT('part definition',#2,'design');
#10371 = MANIFOLD_SURFACE_SHAPE_REPRESENTATION('',(#11,#10372),#10430);
#10372 = SHELL_BASED_SURFACE_MODEL('',(#10373));
#10373 = OPEN_SHELL('',(#10374));
#10374 = ADVANCED_FACE('',(#10375),#10389,.T.);
#10375 = FACE_BOUND('',#10376,.T.);
#10376 = EDGE_LOOP('',(#10377,#10400,#10416));
#10377 = ORIENTED_EDGE('',*,*,#10378,.F.);
#10378 = EDGE_CURVE('',#10379,#10381,#10383,.T.);
#10379 = VERTEX_POINT('',#10380);
#10380 = CARTESIAN_POINT('',(-6.47214,-4.70228,349.161));
#10381 = VERTEX_POINT('',#10382);
#10382 = CARTESIAN_POINT('',(-7.48075,-2.72277,338.));
#10383 = SURFACE_CURVE('',#10384,(#10388),.PCURVE_S1.);
#10384 = LINE('',#10385,#10386);
#10385 = CARTESIAN_POINT('',(-6.47214,-4.70228,349.161));
#10386 = VECTOR('',#10387,1.);
#10387 = DIRECTION('',(-8.863030082191E-02,0.173946884108,
    -0.980758457157));
#10388 = PCURVE('',#10389,#10394);
#10389 = PLANE('',#10390);
#10390 = AXIS2_PLACEMENT_3D('',#10391,#10392,#10393);
#10391 = CARTESIAN_POINT('',(-7.48075,-2.72277,338.));
#10392 = DIRECTION('',(-0.891006655743,-0.453990241549,0.));
#10393 = DIRECTION('',(0.453990241549,-0.891006655743,0.));
#10394 = DEFINITIONAL_REPRESENTATION('',(#10395),#10399);
#10395 = LINE('',#10396,#10397);
#10396 = CARTESIAN_POINT('',(2.221655682639,11.161));
#10397 = VECTOR('',#10398,1.);
#10398 = DIRECTION('',(-0.195225123165,-0.980758457157));
#10399 = ( GEOMETRIC_REPRESENTATION_CONTEXT(2) 
PARAMETRIC_REPRESENTATION_CONTEXT() REPRESENTATION_CONTEXT('2D SPACE',''
  ) );
#10400 = ORIENTED_EDGE('',*,*,#10401,.F.);
#10401 = EDGE_CURVE('',#10402,#10379,#10404,.T.);
#10402 = VERTEX_POINT('',#10403);
#10403 = CARTESIAN_POINT('',(-7.48075,-2.72277,343.));
#10404 = SURFACE_CURVE('',#10405,(#10409),.PCURVE_S1.);
#10405 = LINE('',#10406,#10407);
#10406 = CARTESIAN_POINT('',(-7.48075,-2.72277,343.));
#10407 = VECTOR('',#10408,1.);
#10408 = DIRECTION('',(0.154002099443,-0.302246354754,0.940707443579));
#10409 = PCURVE('',#10389,#10410);
#10410 = DEFINITIONAL_REPRESENTATION('',(#10411),#10415);
#10411 = LINE('',#10412,#10413);
#10412 = CARTESIAN_POINT('',(0.,5.));
#10413 = VECTOR('',#10414,1.);
#10414 = DIRECTION('',(0.339218964085,0.940707443579));
#10415 = ( GEOMETRIC_REPRESENTATION_CONTEXT(2) 
PARAMETRIC_REPRESENTATION_CONTEXT() REPRESENTATION_CONTEXT('2D SPACE',''
  ) );
#10416 = ORIENTED_EDGE('',*,*,#10417,.F.);
#10417 = EDGE_CURVE('',#10381,#10402,#10418,.T.);
#10418 = SURFACE_CURVE('',#10419,(#10423),.PCURVE_S1.);
#10419 = LINE('',#10420,#10421);
#10420 = CARTESIAN_POINT('',(-7.48075,-2.72277,338.));
#10421 = VECTOR('',#10422,1.);
#10422 = DIRECTION('',(0.,0.,1.));
#10423 = PCURVE('',#10389,#10424);
#10424 = DEFINITIONAL_REPRESENTATION('',(#10425),#10429);
#10425 = LINE('',#10426,#10427);
#10426 = CARTESIAN_POINT('',(0.,0.));
#10427 = VECTOR('',#10428,1.);
#10428 = DIRECTION('',(0.,1.));
#10429 = ( GEOMETRIC_REPRESENTATION_CONTEXT(2) 
PARAMETRIC_REPRESENTATION_CONTEXT() REPRESENTATION_CONTEXT('2D SPACE',''
  ) );
#10430 = ( GEOMETRIC_REPRESENTATION_CONTEXT(3) 
GLOBAL_UNCERTAINTY_ASSIGNED_CONTEXT((#10434)) 
GLOBAL_UNIT_ASSIGNED_CONTEXT((#10431,#10432,#10433)) 
REPRESENTATION_CONTEXT('Context #1',
  '3D Context with UNIT and UNCERTAINTY') );
#10431 = ( LENGTH_UNIT() NAMED_UNIT(*) SI_UNIT(.MILLI.,.METRE.) );
#10432 = ( NAMED_UNIT(*) PLANE_ANGLE_UNIT() SI_UNIT($,.RADIAN.) );
#10433 = ( NAMED_UNIT(*) SI_UNIT($,.STERADIAN.) SOLID_ANGLE_UNIT() );
#10434 = UNCERTAINTY_MEASURE_WITH_UNIT(LENGTH_MEASURE(1.E-07),#10431,
  'distance_accuracy_value','confusion accuracy');
#10435 = CONTEXT_DEPENDENT_SHAPE_REPRESENTATION(#10436,#10438);
#10436 = ( REPRESENTATION_RELATIONSHIP('','',#10371,#10) 
REPRESENTATION_RELATIONSHIP_WITH_TRANSFORMATION(#10437) 
SHAPE_REPRESENTATION_RELATIONSHIP() );
#10437 = ITEM_DEFINED_TRANSFORMATION('','',#11,#507);
#10438 = PRODUCT_DEFINITION_SHAPE('Placement','Placement of an item',
  #10439);
#10439 = NEXT_ASSEMBLY_USAGE_OCCURRENCE('1888','','',#5,#10366,$);
#10440 = PRODUCT_RELATED_PRODUCT_CATEGORY('part',$,(#10368));
#10441 = SHAPE_DEFINITION_REPRESENTATION(#10442,#10448);
#10442 = PRODUCT_DEFINITION_SHAPE('','',#10443);
#10443 = PRODUCT_DEFINITION('design','',#10444,#10447);
#10444 = PRODUCT_DEFINITION_FORMATION('','',#10445);
#10445 = PRODUCT('Open CASCADE STEP translator 7.9 2.125',
  'Open CASCADE STEP translator 7.9 2.125','',(#10446));
#10446 = PRODUCT_CONTEXT('',#2,'mechanical');
#10447 = PRODUCT_DEFINITION_CONTEXT('part definition',#2,'design');
#10448 = MANIFOLD_SURFACE_SHAPE_REPRESENTATION('',(#11,#10449),#10507);
#10449 = SHELL_BASED_SURFACE_MODEL('',(#10450));
#10450 = OPEN_SHELL('',(#10451));
#10451 = ADVANCED_FACE('',(#10452),#10466,.T.);
#10452 = FACE_BOUND('',#10453,.T.);
#10453 = EDGE_LOOP('',(#10454,#10477,#10493));
#10454 = ORIENTED_EDGE('',*,*,#10455,.T.);
#10455 = EDGE_CURVE('',#10456,#10458,#10460,.T.);
#10456 = VERTEX_POINT('',#10457);
#10457 = CARTESIAN_POINT('',(0.,8.,349.161));
#10458 = VERTEX_POINT('',#10459);
#10459 = CARTESIAN_POINT('',(-2.47214,7.60845,0.83889));
#10460 = SURFACE_CURVE('',#10461,(#10465),.PCURVE_S1.);
#10461 = LINE('',#10462,#10463);
#10462 = CARTESIAN_POINT('',(0.,8.,349.161));
#10463 = VECTOR('',#10464,1.);
#10464 = DIRECTION('',(-7.097098079662E-03,-1.124074183943E-03,
    -0.999974183495));
#10465 = PCURVE('',#10466,#10471);
#10466 = PLANE('',#10467);
#10467 = AXIS2_PLACEMENT_3D('',#10468,#10469,#10470);
#10468 = CARTESIAN_POINT('',(0.,8.,349.161));
#10469 = DIRECTION('',(-0.15643504565,0.987688248635,-0.));
#10470 = DIRECTION('',(0.987688248635,0.15643504565,0.));
#10471 = DEFINITIONAL_REPRESENTATION('',(#10472),#10476);
#10472 = LINE('',#10473,#10474);
#10473 = CARTESIAN_POINT('',(0.,0.));
#10474 = VECTOR('',#10475,1.);
#10475 = DIRECTION('',(-7.185564968974E-03,0.999974183495));
#10476 = ( GEOMETRIC_REPRESENTATION_CONTEXT(2) 
PARAMETRIC_REPRESENTATION_CONTEXT() REPRESENTATION_CONTEXT('2D SPACE',''
  ) );
#10477 = ORIENTED_EDGE('',*,*,#10478,.F.);
#10478 = EDGE_CURVE('',#10479,#10458,#10481,.T.);
#10479 = VERTEX_POINT('',#10480);
#10480 = CARTESIAN_POINT('',(-2.47214,7.60845,349.161));
#10481 = SURFACE_CURVE('',#10482,(#10486),.PCURVE_S1.);
#10482 = LINE('',#10483,#10484);
#10483 = CARTESIAN_POINT('',(-2.47214,7.60845,349.161));
#10484 = VECTOR('',#10485,1.);
#10485 = DIRECTION('',(0.,0.,-1.));
#10486 = PCURVE('',#10466,#10487);
#10487 = DEFINITIONAL_REPRESENTATION('',(#10488),#10492);
#10488 = LINE('',#10489,#10490);
#10489 = CARTESIAN_POINT('',(-2.502955769106,-0.));
#10490 = VECTOR('',#10491,1.);
#10491 = DIRECTION('',(0.,1.));
#10492 = ( GEOMETRIC_REPRESENTATION_CONTEXT(2) 
PARAMETRIC_REPRESENTATION_CONTEXT() REPRESENTATION_CONTEXT('2D SPACE',''
  ) );
#10493 = ORIENTED_EDGE('',*,*,#10494,.T.);
#10494 = EDGE_CURVE('',#10479,#10456,#10495,.T.);
#10495 = SURFACE_CURVE('',#10496,(#10500),.PCURVE_S1.);
#10496 = LINE('',#10497,#10498);
#10497 = CARTESIAN_POINT('',(-2.47214,7.60845,349.161));
#10498 = VECTOR('',#10499,1.);
#10499 = DIRECTION('',(0.987688248635,0.15643504565,0.));
#10500 = PCURVE('',#10466,#10501);
#10501 = DEFINITIONAL_REPRESENTATION('',(#10502),#10506);
#10502 = LINE('',#10503,#10504);
#10503 = CARTESIAN_POINT('',(-2.502955769106,-0.));
#10504 = VECTOR('',#10505,1.);
#10505 = DIRECTION('',(1.,0.));
#10506 = ( GEOMETRIC_REPRESENTATION_CONTEXT(2) 
PARAMETRIC_REPRESENTATION_CONTEXT() REPRESENTATION_CONTEXT('2D SPACE',''
  ) );
#10507 = ( GEOMETRIC_REPRESENTATION_CONTEXT(3) 
GLOBAL_UNCERTAINTY_ASSIGNED_CONTEXT((#10511)) 
GLOBAL_UNIT_ASSIGNED_CONTEXT((#10508,#10509,#10510)) 
REPRESENTATION_CONTEXT('Context #1',
  '3D Context with UNIT and UNCERTAINTY') );
#10508 = ( LENGTH_UNIT() NAMED_UNIT(*) SI_UNIT(.MILLI.,.METRE.) );
#10509 = ( NAMED_UNIT(*) PLANE_ANGLE_UNIT() SI_UNIT($,.RADIAN.) );
#10510 = ( NAMED_UNIT(*) SI_UNIT($,.STERADIAN.) SOLID_ANGLE_UNIT() );
#10511 = UNCERTAINTY_MEASURE_WITH_UNIT(LENGTH_MEASURE(1.E-07),#10508,
  'distance_accuracy_value','confusion accuracy');
#10512 = CONTEXT_DEPENDENT_SHAPE_REPRESENTATION(#10513,#10515);
#10513 = ( REPRESENTATION_RELATIONSHIP('','',#10448,#10) 
REPRESENTATION_RELATIONSHIP_WITH_TRANSFORMATION(#10514) 
SHAPE_REPRESENTATION_RELATIONSHIP() );
#10514 = ITEM_DEFINED_TRANSFORMATION('','',#11,#511);
#10515 = PRODUCT_DEFINITION_SHAPE('Placement','Placement of an item',
  #10516);
#10516 = NEXT_ASSEMBLY_USAGE_OCCURRENCE('1889','','',#5,#10443,$);
#10517 = PRODUCT_RELATED_PRODUCT_CATEGORY('part',$,(#10445));
#10518 = SHAPE_DEFINITION_REPRESENTATION(#10519,#10525);
#10519 = PRODUCT_DEFINITION_SHAPE('','',#10520);
#10520 = PRODUCT_DEFINITION('design','',#10521,#10524);
#10521 = PRODUCT_DEFINITION_FORMATION('','',#10522);
#10522 = PRODUCT('Open CASCADE STEP translator 7.9 2.126',
  'Open CASCADE STEP translator 7.9 2.126','',(#10523));
#10523 = PRODUCT_CONTEXT('',#2,'mechanical');
#10524 = PRODUCT_DEFINITION_CONTEXT('part definition',#2,'design');
#10525 = MANIFOLD_SURFACE_SHAPE_REPRESENTATION('',(#11,#10526),#10584);
#10526 = SHELL_BASED_SURFACE_MODEL('',(#10527));
#10527 = OPEN_SHELL('',(#10528));
#10528 = ADVANCED_FACE('',(#10529),#10543,.T.);
#10529 = FACE_BOUND('',#10530,.T.);
#10530 = EDGE_LOOP('',(#10531,#10554,#10570));
#10531 = ORIENTED_EDGE('',*,*,#10532,.F.);
#10532 = EDGE_CURVE('',#10533,#10535,#10537,.T.);
#10533 = VERTEX_POINT('',#10534);
#10534 = CARTESIAN_POINT('',(0.,8.,349.161));
#10535 = VERTEX_POINT('',#10536);
#10536 = CARTESIAN_POINT('',(-2.47214,7.60845,0.83889));
#10537 = SURFACE_CURVE('',#10538,(#10542),.PCURVE_S1.);
#10538 = LINE('',#10539,#10540);
#10539 = CARTESIAN_POINT('',(0.,8.,349.161));
#10540 = VECTOR('',#10541,1.);
#10541 = DIRECTION('',(-7.097098079662E-03,-1.124074183943E-03,
    -0.999974183495));
#10542 = PCURVE('',#10543,#10548);
#10543 = PLANE('',#10544);
#10544 = AXIS2_PLACEMENT_3D('',#10545,#10546,#10547);
#10545 = CARTESIAN_POINT('',(-2.47214,7.60845,0.83889));
#10546 = DIRECTION('',(-0.15643504565,0.987688248635,0.));
#10547 = DIRECTION('',(0.987688248635,0.15643504565,0.));
#10548 = DEFINITIONAL_REPRESENTATION('',(#10549),#10553);
#10549 = LINE('',#10550,#10551);
#10550 = CARTESIAN_POINT('',(2.502955769106,-348.32211));
#10551 = VECTOR('',#10552,1.);
#10552 = DIRECTION('',(-7.185564968974E-03,0.999974183495));
#10553 = ( GEOMETRIC_REPRESENTATION_CONTEXT(2) 
PARAMETRIC_REPRESENTATION_CONTEXT() REPRESENTATION_CONTEXT('2D SPACE',''
  ) );
#10554 = ORIENTED_EDGE('',*,*,#10555,.F.);
#10555 = EDGE_CURVE('',#10556,#10533,#10558,.T.);
#10556 = VERTEX_POINT('',#10557);
#10557 = CARTESIAN_POINT('',(0.,8.,0.83889));
#10558 = SURFACE_CURVE('',#10559,(#10563),.PCURVE_S1.);
#10559 = LINE('',#10560,#10561);
#10560 = CARTESIAN_POINT('',(0.,8.,0.83889));
#10561 = VECTOR('',#10562,1.);
#10562 = DIRECTION('',(0.,0.,1.));
#10563 = PCURVE('',#10543,#10564);
#10564 = DEFINITIONAL_REPRESENTATION('',(#10565),#10569);
#10565 = LINE('',#10566,#10567);
#10566 = CARTESIAN_POINT('',(2.502955769106,0.));
#10567 = VECTOR('',#10568,1.);
#10568 = DIRECTION('',(0.,-1.));
#10569 = ( GEOMETRIC_REPRESENTATION_CONTEXT(2) 
PARAMETRIC_REPRESENTATION_CONTEXT() REPRESENTATION_CONTEXT('2D SPACE',''
  ) );
#10570 = ORIENTED_EDGE('',*,*,#10571,.T.);
#10571 = EDGE_CURVE('',#10556,#10535,#10572,.T.);
#10572 = SURFACE_CURVE('',#10573,(#10577),.PCURVE_S1.);
#10573 = LINE('',#10574,#10575);
#10574 = CARTESIAN_POINT('',(0.,8.,0.83889));
#10575 = VECTOR('',#10576,1.);
#10576 = DIRECTION('',(-0.987688248635,-0.15643504565,0.));
#10577 = PCURVE('',#10543,#10578);
#10578 = DEFINITIONAL_REPRESENTATION('',(#10579),#10583);
#10579 = LINE('',#10580,#10581);
#10580 = CARTESIAN_POINT('',(2.502955769106,0.));
#10581 = VECTOR('',#10582,1.);
#10582 = DIRECTION('',(-1.,-0.));
#10583 = ( GEOMETRIC_REPRESENTATION_CONTEXT(2) 
PARAMETRIC_REPRESENTATION_CONTEXT() REPRESENTATION_CONTEXT('2D SPACE',''
  ) );
#10584 = ( GEOMETRIC_REPRESENTATION_CONTEXT(3) 
GLOBAL_UNCERTAINTY_ASSIGNED_CONTEXT((#10588)) 
GLOBAL_UNIT_ASSIGNED_CONTEXT((#10585,#10586,#10587)) 
REPRESENTATION_CONTEXT('Context #1',
  '3D Context with UNIT and UNCERTAINTY') );
#10585 = ( LENGTH_UNIT() NAMED_UNIT(*) SI_UNIT(.MILLI.,.METRE.) );
#10586 = ( NAMED_UNIT(*) PLANE_ANGLE_UNIT() SI_UNIT($,.RADIAN.) );
#10587 = ( NAMED_UNIT(*) SI_UNIT($,.STERADIAN.) SOLID_ANGLE_UNIT() );
#10588 = UNCERTAINTY_MEASURE_WITH_UNIT(LENGTH_MEASURE(1.E-07),#10585,
  'distance_accuracy_value','confusion accuracy');
#10589 = CONTEXT_DEPENDENT_SHAPE_REPRESENTATION(#10590,#10592);
#10590 = ( REPRESENTATION_RELATIONSHIP('','',#10525,#10) 
REPRESENTATION_RELATIONSHIP_WITH_TRANSFORMATION(#10591) 
SHAPE_REPRESENTATION_RELATIONSHIP() );
#10591 = ITEM_DEFINED_TRANSFORMATION('','',#11,#515);
#10592 = PRODUCT_DEFINITION_SHAPE('Placement','Placement of an item',
  #10593);
#10593 = NEXT_ASSEMBLY_USAGE_OCCURRENCE('1890','','',#5,#10520,$);
#10594 = PRODUCT_RELATED_PRODUCT_CATEGORY('part',$,(#10522));
#10595 = SHAPE_DEFINITION_REPRESENTATION(#10596,#10602);
#10596 = PRODUCT_DEFINITION_SHAPE('','',#10597);
#10597 = PRODUCT_DEFINITION('design','',#10598,#10601);
#10598 = PRODUCT_DEFINITION_FORMATION('','',#10599);
#10599 = PRODUCT('Open CASCADE STEP translator 7.9 2.127',
  'Open CASCADE STEP translator 7.9 2.127','',(#10600));
#10600 = PRODUCT_CONTEXT('',#2,'mechanical');
#10601 = PRODUCT_DEFINITION_CONTEXT('part definition',#2,'design');
#10602 = MANIFOLD_SURFACE_SHAPE_REPRESENTATION('',(#11,#10603),#10661);
#10603 = SHELL_BASED_SURFACE_MODEL('',(#10604));
#10604 = OPEN_SHELL('',(#10605));
#10605 = ADVANCED_FACE('',(#10606),#10620,.T.);
#10606 = FACE_BOUND('',#10607,.T.);
#10607 = EDGE_LOOP('',(#10608,#10631,#10647));
#10608 = ORIENTED_EDGE('',*,*,#10609,.T.);
#10609 = EDGE_CURVE('',#10610,#10612,#10614,.T.);
#10610 = VERTEX_POINT('',#10611);
#10611 = CARTESIAN_POINT('',(2.47214,-7.60845,349.161));
#10612 = VERTEX_POINT('',#10613);
#10613 = CARTESIAN_POINT('',(2.47214,-7.60845,0.83889));
#10614 = SURFACE_CURVE('',#10615,(#10619),.PCURVE_S1.);
#10615 = LINE('',#10616,#10617);
#10616 = CARTESIAN_POINT('',(2.47214,-7.60845,349.161));
#10617 = VECTOR('',#10618,1.);
#10618 = DIRECTION('',(0.,0.,-1.));
#10619 = PCURVE('',#10620,#10625);
#10620 = PLANE('',#10621);
#10621 = AXIS2_PLACEMENT_3D('',#10622,#10623,#10624);
#10622 = CARTESIAN_POINT('',(2.47214,-7.60845,349.161));
#10623 = DIRECTION('',(0.453989520931,-0.891007022916,0.));
#10624 = DIRECTION('',(-0.891007022916,-0.453989520931,0.));
#10625 = DEFINITIONAL_REPRESENTATION('',(#10626),#10630);
#10626 = LINE('',#10627,#10628);
#10627 = CARTESIAN_POINT('',(0.,0.));
#10628 = VECTOR('',#10629,1.);
#10629 = DIRECTION('',(-0.,1.));
#10630 = ( GEOMETRIC_REPRESENTATION_CONTEXT(2) 
PARAMETRIC_REPRESENTATION_CONTEXT() REPRESENTATION_CONTEXT('2D SPACE',''
  ) );
#10631 = ORIENTED_EDGE('',*,*,#10632,.T.);
#10632 = EDGE_CURVE('',#10612,#10633,#10635,.T.);
#10633 = VERTEX_POINT('',#10634);
#10634 = CARTESIAN_POINT('',(4.70228,-6.47214,349.161));
#10635 = SURFACE_CURVE('',#10636,(#10640),.PCURVE_S1.);
#10636 = LINE('',#10637,#10638);
#10637 = CARTESIAN_POINT('',(2.47214,-7.60845,0.83889));
#10638 = VECTOR('',#10639,1.);
#10639 = DIRECTION('',(6.402356790259E-03,3.262154862178E-03,
    0.999974183753));
#10640 = PCURVE('',#10620,#10641);
#10641 = DEFINITIONAL_REPRESENTATION('',(#10642),#10646);
#10642 = LINE('',#10643,#10644);
#10643 = CARTESIAN_POINT('',(-0.,348.32211));
#10644 = VECTOR('',#10645,1.);
#10645 = DIRECTION('',(-7.185528986415E-03,-0.999974183753));
#10646 = ( GEOMETRIC_REPRESENTATION_CONTEXT(2) 
PARAMETRIC_REPRESENTATION_CONTEXT() REPRESENTATION_CONTEXT('2D SPACE',''
  ) );
#10647 = ORIENTED_EDGE('',*,*,#10648,.T.);
#10648 = EDGE_CURVE('',#10633,#10610,#10649,.T.);
#10649 = SURFACE_CURVE('',#10650,(#10654),.PCURVE_S1.);
#10650 = LINE('',#10651,#10652);
#10651 = CARTESIAN_POINT('',(4.70228,-6.47214,349.161));
#10652 = VECTOR('',#10653,1.);
#10653 = DIRECTION('',(-0.891007022916,-0.453989520931,0.));
#10654 = PCURVE('',#10620,#10655);
#10655 = DEFINITIONAL_REPRESENTATION('',(#10656),#10660);
#10656 = LINE('',#10657,#10658);
#10657 = CARTESIAN_POINT('',(-2.502943234614,0.));
#10658 = VECTOR('',#10659,1.);
#10659 = DIRECTION('',(1.,0.));
#10660 = ( GEOMETRIC_REPRESENTATION_CONTEXT(2) 
PARAMETRIC_REPRESENTATION_CONTEXT() REPRESENTATION_CONTEXT('2D SPACE',''
  ) );
#10661 = ( GEOMETRIC_REPRESENTATION_CONTEXT(3) 
GLOBAL_UNCERTAINTY_ASSIGNED_CONTEXT((#10665)) 
GLOBAL_UNIT_ASSIGNED_CONTEXT((#10662,#10663,#10664)) 
REPRESENTATION_CONTEXT('Context #1',
  '3D Context with UNIT and UNCERTAINTY') );
#10662 = ( LENGTH_UNIT() NAMED_UNIT(*) SI_UNIT(.MILLI.,.METRE.) );
#10663 = ( NAMED_UNIT(*) PLANE_ANGLE_UNIT() SI_UNIT($,.RADIAN.) );
#10664 = ( NAMED_UNIT(*) SI_UNIT($,.STERADIAN.) SOLID_ANGLE_UNIT() );
#10665 = UNCERTAINTY_MEASURE_WITH_UNIT(LENGTH_MEASURE(1.E-07),#10662,
  'distance_accuracy_value','confusion accuracy');
#10666 = CONTEXT_DEPENDENT_SHAPE_REPRESENTATION(#10667,#10669);
#10667 = ( REPRESENTATION_RELATIONSHIP('','',#10602,#10) 
REPRESENTATION_RELATIONSHIP_WITH_TRANSFORMATION(#10668) 
SHAPE_REPRESENTATION_RELATIONSHIP() );
#10668 = ITEM_DEFINED_TRANSFORMATION('','',#11,#519);
#10669 = PRODUCT_DEFINITION_SHAPE('Placement','Placement of an item',
  #10670);
#10670 = NEXT_ASSEMBLY_USAGE_OCCURRENCE('1891','','',#5,#10597,$);
#10671 = PRODUCT_RELATED_PRODUCT_CATEGORY('part',$,(#10599));
#10672 = SHAPE_DEFINITION_REPRESENTATION(#10673,#10679);
#10673 = PRODUCT_DEFINITION_SHAPE('','',#10674);
#10674 = PRODUCT_DEFINITION('design','',#10675,#10678);
#10675 = PRODUCT_DEFINITION_FORMATION('','',#10676);
#10676 = PRODUCT('Open CASCADE STEP translator 7.9 2.128',
  'Open CASCADE STEP translator 7.9 2.128','',(#10677));
#10677 = PRODUCT_CONTEXT('',#2,'mechanical');
#10678 = PRODUCT_DEFINITION_CONTEXT('part definition',#2,'design');
#10679 = MANIFOLD_SURFACE_SHAPE_REPRESENTATION('',(#11,#10680),#10738);
#10680 = SHELL_BASED_SURFACE_MODEL('',(#10681));
#10681 = OPEN_SHELL('',(#10682));
#10682 = ADVANCED_FACE('',(#10683),#10697,.T.);
#10683 = FACE_BOUND('',#10684,.T.);
#10684 = EDGE_LOOP('',(#10685,#10708,#10724));
#10685 = ORIENTED_EDGE('',*,*,#10686,.T.);
#10686 = EDGE_CURVE('',#10687,#10689,#10691,.T.);
#10687 = VERTEX_POINT('',#10688);
#10688 = CARTESIAN_POINT('',(4.70228,-6.47214,0.83889));
#10689 = VERTEX_POINT('',#10690);
#10690 = CARTESIAN_POINT('',(4.70228,-6.47214,349.161));
#10691 = SURFACE_CURVE('',#10692,(#10696),.PCURVE_S1.);
#10692 = LINE('',#10693,#10694);
#10693 = CARTESIAN_POINT('',(4.70228,-6.47214,0.83889));
#10694 = VECTOR('',#10695,1.);
#10695 = DIRECTION('',(0.,0.,1.));
#10696 = PCURVE('',#10697,#10702);
#10697 = PLANE('',#10698);
#10698 = AXIS2_PLACEMENT_3D('',#10699,#10700,#10701);
#10699 = CARTESIAN_POINT('',(4.70228,-6.47214,0.83889));
#10700 = DIRECTION('',(0.453989520931,-0.891007022916,-0.));
#10701 = DIRECTION('',(-0.891007022916,-0.453989520931,0.));
#10702 = DEFINITIONAL_REPRESENTATION('',(#10703),#10707);
#10703 = LINE('',#10704,#10705);
#10704 = CARTESIAN_POINT('',(0.,0.));
#10705 = VECTOR('',#10706,1.);
#10706 = DIRECTION('',(0.,-1.));
#10707 = ( GEOMETRIC_REPRESENTATION_CONTEXT(2) 
PARAMETRIC_REPRESENTATION_CONTEXT() REPRESENTATION_CONTEXT('2D SPACE',''
  ) );
#10708 = ORIENTED_EDGE('',*,*,#10709,.F.);
#10709 = EDGE_CURVE('',#10710,#10689,#10712,.T.);
#10710 = VERTEX_POINT('',#10711);
#10711 = CARTESIAN_POINT('',(2.47214,-7.60845,0.83889));
#10712 = SURFACE_CURVE('',#10713,(#10717),.PCURVE_S1.);
#10713 = LINE('',#10714,#10715);
#10714 = CARTESIAN_POINT('',(2.47214,-7.60845,0.83889));
#10715 = VECTOR('',#10716,1.);
#10716 = DIRECTION('',(6.402356790259E-03,3.262154862178E-03,
    0.999974183753));
#10717 = PCURVE('',#10697,#10718);
#10718 = DEFINITIONAL_REPRESENTATION('',(#10719),#10723);
#10719 = LINE('',#10720,#10721);
#10720 = CARTESIAN_POINT('',(2.502943234614,0.));
#10721 = VECTOR('',#10722,1.);
#10722 = DIRECTION('',(-7.185528986415E-03,-0.999974183753));
#10723 = ( GEOMETRIC_REPRESENTATION_CONTEXT(2) 
PARAMETRIC_REPRESENTATION_CONTEXT() REPRESENTATION_CONTEXT('2D SPACE',''
  ) );
#10724 = ORIENTED_EDGE('',*,*,#10725,.T.);
#10725 = EDGE_CURVE('',#10710,#10687,#10726,.T.);
#10726 = SURFACE_CURVE('',#10727,(#10731),.PCURVE_S1.);
#10727 = LINE('',#10728,#10729);
#10728 = CARTESIAN_POINT('',(2.47214,-7.60845,0.83889));
#10729 = VECTOR('',#10730,1.);
#10730 = DIRECTION('',(0.891007022916,0.453989520931,0.));
#10731 = PCURVE('',#10697,#10732);
#10732 = DEFINITIONAL_REPRESENTATION('',(#10733),#10737);
#10733 = LINE('',#10734,#10735);
#10734 = CARTESIAN_POINT('',(2.502943234614,0.));
#10735 = VECTOR('',#10736,1.);
#10736 = DIRECTION('',(-1.,0.));
#10737 = ( GEOMETRIC_REPRESENTATION_CONTEXT(2) 
PARAMETRIC_REPRESENTATION_CONTEXT() REPRESENTATION_CONTEXT('2D SPACE',''
  ) );
#10738 = ( GEOMETRIC_REPRESENTATION_CONTEXT(3) 
GLOBAL_UNCERTAINTY_ASSIGNED_CONTEXT((#10742)) 
GLOBAL_UNIT_ASSIGNED_CONTEXT((#10739,#10740,#10741)) 
REPRESENTATION_CONTEXT('Context #1',
  '3D Context with UNIT and UNCERTAINTY') );
#10739 = ( LENGTH_UNIT() NAMED_UNIT(*) SI_UNIT(.MILLI.,.METRE.) );
#10740 = ( NAMED_UNIT(*) PLANE_ANGLE_UNIT() SI_UNIT($,.RADIAN.) );
#10741 = ( NAMED_UNIT(*) SI_UNIT($,.STERADIAN.) SOLID_ANGLE_UNIT() );
#10742 = UNCERTAINTY_MEASURE_WITH_UNIT(LENGTH_MEASURE(1.E-07),#10739,
  'distance_accuracy_value','confusion accuracy');
#10743 = CONTEXT_DEPENDENT_SHAPE_REPRESENTATION(#10744,#10746);
#10744 = ( REPRESENTATION_RELATIONSHIP('','',#10679,#10) 
REPRESENTATION_RELATIONSHIP_WITH_TRANSFORMATION(#10745) 
SHAPE_REPRESENTATION_RELATIONSHIP() );
#10745 = ITEM_DEFINED_TRANSFORMATION('','',#11,#523);
#10746 = PRODUCT_DEFINITION_SHAPE('Placement','Placement of an item',
  #10747);
#10747 = NEXT_ASSEMBLY_USAGE_OCCURRENCE('1892','','',#5,#10674,$);
#10748 = PRODUCT_RELATED_PRODUCT_CATEGORY('part',$,(#10676));
#10749 = SHAPE_DEFINITION_REPRESENTATION(#10750,#10756);
#10750 = PRODUCT_DEFINITION_SHAPE('','',#10751);
#10751 = PRODUCT_DEFINITION('design','',#10752,#10755);
#10752 = PRODUCT_DEFINITION_FORMATION('','',#10753);
#10753 = PRODUCT('Open CASCADE STEP translator 7.9 2.129',
  'Open CASCADE STEP translator 7.9 2.129','',(#10754));
#10754 = PRODUCT_CONTEXT('',#2,'mechanical');
#10755 = PRODUCT_DEFINITION_CONTEXT('part definition',#2,'design');
#10756 = MANIFOLD_SURFACE_SHAPE_REPRESENTATION('',(#11,#10757),#10815);
#10757 = SHELL_BASED_SURFACE_MODEL('',(#10758));
#10758 = OPEN_SHELL('',(#10759));
#10759 = ADVANCED_FACE('',(#10760),#10774,.T.);
#10760 = FACE_BOUND('',#10761,.T.);
#10761 = EDGE_LOOP('',(#10762,#10785,#10801));
#10762 = ORIENTED_EDGE('',*,*,#10763,.T.);
#10763 = EDGE_CURVE('',#10764,#10766,#10768,.T.);
#10764 = VERTEX_POINT('',#10765);
#10765 = CARTESIAN_POINT('',(0.,-8.,349.161));
#10766 = VERTEX_POINT('',#10767);
#10767 = CARTESIAN_POINT('',(2.47214,-7.60845,0.83889));
#10768 = SURFACE_CURVE('',#10769,(#10773),.PCURVE_S1.);
#10769 = LINE('',#10770,#10771);
#10770 = CARTESIAN_POINT('',(0.,-8.,349.161));
#10771 = VECTOR('',#10772,1.);
#10772 = DIRECTION('',(7.097098079662E-03,1.124074183943E-03,
    -0.999974183495));
#10773 = PCURVE('',#10774,#10779);
#10774 = PLANE('',#10775);
#10775 = AXIS2_PLACEMENT_3D('',#10776,#10777,#10778);
#10776 = CARTESIAN_POINT('',(0.,-8.,349.161));
#10777 = DIRECTION('',(0.15643504565,-0.987688248635,-0.));
#10778 = DIRECTION('',(-0.987688248635,-0.15643504565,0.));
#10779 = DEFINITIONAL_REPRESENTATION('',(#10780),#10784);
#10780 = LINE('',#10781,#10782);
#10781 = CARTESIAN_POINT('',(0.,0.));
#10782 = VECTOR('',#10783,1.);
#10783 = DIRECTION('',(-7.185564968974E-03,0.999974183495));
#10784 = ( GEOMETRIC_REPRESENTATION_CONTEXT(2) 
PARAMETRIC_REPRESENTATION_CONTEXT() REPRESENTATION_CONTEXT('2D SPACE',''
  ) );
#10785 = ORIENTED_EDGE('',*,*,#10786,.F.);
#10786 = EDGE_CURVE('',#10787,#10766,#10789,.T.);
#10787 = VERTEX_POINT('',#10788);
#10788 = CARTESIAN_POINT('',(2.47214,-7.60845,349.161));
#10789 = SURFACE_CURVE('',#10790,(#10794),.PCURVE_S1.);
#10790 = LINE('',#10791,#10792);
#10791 = CARTESIAN_POINT('',(2.47214,-7.60845,349.161));
#10792 = VECTOR('',#10793,1.);
#10793 = DIRECTION('',(0.,0.,-1.));
#10794 = PCURVE('',#10774,#10795);
#10795 = DEFINITIONAL_REPRESENTATION('',(#10796),#10800);
#10796 = LINE('',#10797,#10798);
#10797 = CARTESIAN_POINT('',(-2.502955769106,0.));
#10798 = VECTOR('',#10799,1.);
#10799 = DIRECTION('',(-0.,1.));
#10800 = ( GEOMETRIC_REPRESENTATION_CONTEXT(2) 
PARAMETRIC_REPRESENTATION_CONTEXT() REPRESENTATION_CONTEXT('2D SPACE',''
  ) );
#10801 = ORIENTED_EDGE('',*,*,#10802,.T.);
#10802 = EDGE_CURVE('',#10787,#10764,#10803,.T.);
#10803 = SURFACE_CURVE('',#10804,(#10808),.PCURVE_S1.);
#10804 = LINE('',#10805,#10806);
#10805 = CARTESIAN_POINT('',(2.47214,-7.60845,349.161));
#10806 = VECTOR('',#10807,1.);
#10807 = DIRECTION('',(-0.987688248635,-0.15643504565,0.));
#10808 = PCURVE('',#10774,#10809);
#10809 = DEFINITIONAL_REPRESENTATION('',(#10810),#10814);
#10810 = LINE('',#10811,#10812);
#10811 = CARTESIAN_POINT('',(-2.502955769106,0.));
#10812 = VECTOR('',#10813,1.);
#10813 = DIRECTION('',(1.,0.));
#10814 = ( GEOMETRIC_REPRESENTATION_CONTEXT(2) 
PARAMETRIC_REPRESENTATION_CONTEXT() REPRESENTATION_CONTEXT('2D SPACE',''
  ) );
#10815 = ( GEOMETRIC_REPRESENTATION_CONTEXT(3) 
GLOBAL_UNCERTAINTY_ASSIGNED_CONTEXT((#10819)) 
GLOBAL_UNIT_ASSIGNED_CONTEXT((#10816,#10817,#10818)) 
REPRESENTATION_CONTEXT('Context #1',
  '3D Context with UNIT and UNCERTAINTY') );
#10816 = ( LENGTH_UNIT() NAMED_UNIT(*) SI_UNIT(.MILLI.,.METRE.) );
#10817 = ( NAMED_UNIT(*) PLANE_ANGLE_UNIT() SI_UNIT($,.RADIAN.) );
#10818 = ( NAMED_UNIT(*) SI_UNIT($,.STERADIAN.) SOLID_ANGLE_UNIT() );
#10819 = UNCERTAINTY_MEASURE_WITH_UNIT(LENGTH_MEASURE(1.E-07),#10816,
  'distance_accuracy_value','confusion accuracy');
#10820 = CONTEXT_DEPENDENT_SHAPE_REPRESENTATION(#10821,#10823);
#10821 = ( REPRESENTATION_RELATIONSHIP('','',#10756,#10) 
REPRESENTATION_RELATIONSHIP_WITH_TRANSFORMATION(#10822) 
SHAPE_REPRESENTATION_RELATIONSHIP() );
#10822 = ITEM_DEFINED_TRANSFORMATION('','',#11,#527);
#10823 = PRODUCT_DEFINITION_SHAPE('Placement','Placement of an item',
  #10824);
#10824 = NEXT_ASSEMBLY_USAGE_OCCURRENCE('1893','','',#5,#10751,$);
#10825 = PRODUCT_RELATED_PRODUCT_CATEGORY('part',$,(#10753));
#10826 = SHAPE_DEFINITION_REPRESENTATION(#10827,#10833);
#10827 = PRODUCT_DEFINITION_SHAPE('','',#10828);
#10828 = PRODUCT_DEFINITION('design','',#10829,#10832);
#10829 = PRODUCT_DEFINITION_FORMATION('','',#10830);
#10830 = PRODUCT('Open CASCADE STEP translator 7.9 2.130',
  'Open CASCADE STEP translator 7.9 2.130','',(#10831));
#10831 = PRODUCT_CONTEXT('',#2,'mechanical');
#10832 = PRODUCT_DEFINITION_CONTEXT('part definition',#2,'design');
#10833 = MANIFOLD_SURFACE_SHAPE_REPRESENTATION('',(#11,#10834),#10892);
#10834 = SHELL_BASED_SURFACE_MODEL('',(#10835));
#10835 = OPEN_SHELL('',(#10836));
#10836 = ADVANCED_FACE('',(#10837),#10851,.T.);
#10837 = FACE_BOUND('',#10838,.T.);
#10838 = EDGE_LOOP('',(#10839,#10862,#10878));
#10839 = ORIENTED_EDGE('',*,*,#10840,.F.);
#10840 = EDGE_CURVE('',#10841,#10843,#10845,.T.);
#10841 = VERTEX_POINT('',#10842);
#10842 = CARTESIAN_POINT('',(0.,-8.,349.161));
#10843 = VERTEX_POINT('',#10844);
#10844 = CARTESIAN_POINT('',(2.47214,-7.60845,0.83889));
#10845 = SURFACE_CURVE('',#10846,(#10850),.PCURVE_S1.);
#10846 = LINE('',#10847,#10848);
#10847 = CARTESIAN_POINT('',(0.,-8.,349.161));
#10848 = VECTOR('',#10849,1.);
#10849 = DIRECTION('',(7.097098079662E-03,1.124074183943E-03,
    -0.999974183495));
#10850 = PCURVE('',#10851,#10856);
#10851 = PLANE('',#10852);
#10852 = AXIS2_PLACEMENT_3D('',#10853,#10854,#10855);
#10853 = CARTESIAN_POINT('',(2.47214,-7.60845,0.83889));
#10854 = DIRECTION('',(0.15643504565,-0.987688248635,0.));
#10855 = DIRECTION('',(-0.987688248635,-0.15643504565,0.));
#10856 = DEFINITIONAL_REPRESENTATION('',(#10857),#10861);
#10857 = LINE('',#10858,#10859);
#10858 = CARTESIAN_POINT('',(2.502955769106,-348.32211));
#10859 = VECTOR('',#10860,1.);
#10860 = DIRECTION('',(-7.185564968974E-03,0.999974183495));
#10861 = ( GEOMETRIC_REPRESENTATION_CONTEXT(2) 
PARAMETRIC_REPRESENTATION_CONTEXT() REPRESENTATION_CONTEXT('2D SPACE',''
  ) );
#10862 = ORIENTED_EDGE('',*,*,#10863,.F.);
#10863 = EDGE_CURVE('',#10864,#10841,#10866,.T.);
#10864 = VERTEX_POINT('',#10865);
#10865 = CARTESIAN_POINT('',(0.,-8.,0.83889));
#10866 = SURFACE_CURVE('',#10867,(#10871),.PCURVE_S1.);
#10867 = LINE('',#10868,#10869);
#10868 = CARTESIAN_POINT('',(0.,-8.,0.83889));
#10869 = VECTOR('',#10870,1.);
#10870 = DIRECTION('',(0.,0.,1.));
#10871 = PCURVE('',#10851,#10872);
#10872 = DEFINITIONAL_REPRESENTATION('',(#10873),#10877);
#10873 = LINE('',#10874,#10875);
#10874 = CARTESIAN_POINT('',(2.502955769106,0.));
#10875 = VECTOR('',#10876,1.);
#10876 = DIRECTION('',(0.,-1.));
#10877 = ( GEOMETRIC_REPRESENTATION_CONTEXT(2) 
PARAMETRIC_REPRESENTATION_CONTEXT() REPRESENTATION_CONTEXT('2D SPACE',''
  ) );
#10878 = ORIENTED_EDGE('',*,*,#10879,.T.);
#10879 = EDGE_CURVE('',#10864,#10843,#10880,.T.);
#10880 = SURFACE_CURVE('',#10881,(#10885),.PCURVE_S1.);
#10881 = LINE('',#10882,#10883);
#10882 = CARTESIAN_POINT('',(0.,-8.,0.83889));
#10883 = VECTOR('',#10884,1.);
#10884 = DIRECTION('',(0.987688248635,0.15643504565,0.));
#10885 = PCURVE('',#10851,#10886);
#10886 = DEFINITIONAL_REPRESENTATION('',(#10887),#10891);
#10887 = LINE('',#10888,#10889);
#10888 = CARTESIAN_POINT('',(2.502955769106,0.));
#10889 = VECTOR('',#10890,1.);
#10890 = DIRECTION('',(-1.,0.));
#10891 = ( GEOMETRIC_REPRESENTATION_CONTEXT(2) 
PARAMETRIC_REPRESENTATION_CONTEXT() REPRESENTATION_CONTEXT('2D SPACE',''
  ) );
#10892 = ( GEOMETRIC_REPRESENTATION_CONTEXT(3) 
GLOBAL_UNCERTAINTY_ASSIGNED_CONTEXT((#10896)) 
GLOBAL_UNIT_ASSIGNED_CONTEXT((#10893,#10894,#10895)) 
REPRESENTATION_CONTEXT('Context #1',
  '3D Context with UNIT and UNCERTAINTY') );
#10893 = ( LENGTH_UNIT() NAMED_UNIT(*) SI_UNIT(.MILLI.,.METRE.) );
#10894 = ( NAMED_UNIT(*) PLANE_ANGLE_UNIT() SI_UNIT($,.RADIAN.) );
#10895 = ( NAMED_UNIT(*) SI_UNIT($,.STERADIAN.) SOLID_ANGLE_UNIT() );
#10896 = UNCERTAINTY_MEASURE_WITH_UNIT(LENGTH_MEASURE(1.E-07),#10893,
  'distance_accuracy_value','confusion accuracy');
#10897 = CONTEXT_DEPENDENT_SHAPE_REPRESENTATION(#10898,#10900);
#10898 = ( REPRESENTATION_RELATIONSHIP('','',#10833,#10) 
REPRESENTATION_RELATIONSHIP_WITH_TRANSFORMATION(#10899) 
SHAPE_REPRESENTATION_RELATIONSHIP() );
#10899 = ITEM_DEFINED_TRANSFORMATION('','',#11,#531);
#10900 = PRODUCT_DEFINITION_SHAPE('Placement','Placement of an item',
  #10901);
#10901 = NEXT_ASSEMBLY_USAGE_OCCURRENCE('1894','','',#5,#10828,$);
#10902 = PRODUCT_RELATED_PRODUCT_CATEGORY('part',$,(#10830));
#10903 = SHAPE_DEFINITION_REPRESENTATION(#10904,#10910);
#10904 = PRODUCT_DEFINITION_SHAPE('','',#10905);
#10905 = PRODUCT_DEFINITION('design','',#10906,#10909);
#10906 = PRODUCT_DEFINITION_FORMATION('','',#10907);
#10907 = PRODUCT('Open CASCADE STEP translator 7.9 2.131',
  'Open CASCADE STEP translator 7.9 2.131','',(#10908));
#10908 = PRODUCT_CONTEXT('',#2,'mechanical');
#10909 = PRODUCT_DEFINITION_CONTEXT('part definition',#2,'design');
#10910 = MANIFOLD_SURFACE_SHAPE_REPRESENTATION('',(#11,#10911),#10969);
#10911 = SHELL_BASED_SURFACE_MODEL('',(#10912));
#10912 = OPEN_SHELL('',(#10913));
#10913 = ADVANCED_FACE('',(#10914),#10928,.T.);
#10914 = FACE_BOUND('',#10915,.T.);
#10915 = EDGE_LOOP('',(#10916,#10939,#10955));
#10916 = ORIENTED_EDGE('',*,*,#10917,.T.);
#10917 = EDGE_CURVE('',#10918,#10920,#10922,.T.);
#10918 = VERTEX_POINT('',#10919);
#10919 = CARTESIAN_POINT('',(-7.60845,-2.47214,0.83889));
#10920 = VERTEX_POINT('',#10921);
#10921 = CARTESIAN_POINT('',(-8.,0.,7.));
#10922 = SURFACE_CURVE('',#10923,(#10927),.PCURVE_S1.);
#10923 = LINE('',#10924,#10925);
#10924 = CARTESIAN_POINT('',(-7.60845,-2.47214,0.83889));
#10925 = VECTOR('',#10926,1.);
#10926 = DIRECTION('',(-5.887865807854E-02,0.371743802279,0.926466323776
    ));
#10927 = PCURVE('',#10928,#10933);
#10928 = PLANE('',#10929);
#10929 = AXIS2_PLACEMENT_3D('',#10930,#10931,#10932);
#10930 = CARTESIAN_POINT('',(-7.60845,-2.47214,0.83889));
#10931 = DIRECTION('',(-0.987688248635,-0.15643504565,0.));
#10932 = DIRECTION('',(0.15643504565,-0.987688248635,0.));
#10933 = DEFINITIONAL_REPRESENTATION('',(#10934),#10938);
#10934 = LINE('',#10935,#10936);
#10935 = CARTESIAN_POINT('',(0.,0.));
#10936 = VECTOR('',#10937,1.);
#10937 = DIRECTION('',(-0.376377670578,0.926466323776));
#10938 = ( GEOMETRIC_REPRESENTATION_CONTEXT(2) 
PARAMETRIC_REPRESENTATION_CONTEXT() REPRESENTATION_CONTEXT('2D SPACE',''
  ) );
#10939 = ORIENTED_EDGE('',*,*,#10940,.F.);
#10940 = EDGE_CURVE('',#10941,#10920,#10943,.T.);
#10941 = VERTEX_POINT('',#10942);
#10942 = CARTESIAN_POINT('',(-8.,0.,0.83889));
#10943 = SURFACE_CURVE('',#10944,(#10948),.PCURVE_S1.);
#10944 = LINE('',#10945,#10946);
#10945 = CARTESIAN_POINT('',(-8.,0.,0.83889));
#10946 = VECTOR('',#10947,1.);
#10947 = DIRECTION('',(0.,0.,1.));
#10948 = PCURVE('',#10928,#10949);
#10949 = DEFINITIONAL_REPRESENTATION('',(#10950),#10954);
#10950 = LINE('',#10951,#10952);
#10951 = CARTESIAN_POINT('',(-2.502955769106,0.));
#10952 = VECTOR('',#10953,1.);
#10953 = DIRECTION('',(0.,1.));
#10954 = ( GEOMETRIC_REPRESENTATION_CONTEXT(2) 
PARAMETRIC_REPRESENTATION_CONTEXT() REPRESENTATION_CONTEXT('2D SPACE',''
  ) );
#10955 = ORIENTED_EDGE('',*,*,#10956,.T.);
#10956 = EDGE_CURVE('',#10941,#10918,#10957,.T.);
#10957 = SURFACE_CURVE('',#10958,(#10962),.PCURVE_S1.);
#10958 = LINE('',#10959,#10960);
#10959 = CARTESIAN_POINT('',(-8.,0.,0.83889));
#10960 = VECTOR('',#10961,1.);
#10961 = DIRECTION('',(0.15643504565,-0.987688248635,0.));
#10962 = PCURVE('',#10928,#10963);
#10963 = DEFINITIONAL_REPRESENTATION('',(#10964),#10968);
#10964 = LINE('',#10965,#10966);
#10965 = CARTESIAN_POINT('',(-2.502955769106,0.));
#10966 = VECTOR('',#10967,1.);
#10967 = DIRECTION('',(1.,0.));
#10968 = ( GEOMETRIC_REPRESENTATION_CONTEXT(2) 
PARAMETRIC_REPRESENTATION_CONTEXT() REPRESENTATION_CONTEXT('2D SPACE',''
  ) );
#10969 = ( GEOMETRIC_REPRESENTATION_CONTEXT(3) 
GLOBAL_UNCERTAINTY_ASSIGNED_CONTEXT((#10973)) 
GLOBAL_UNIT_ASSIGNED_CONTEXT((#10970,#10971,#10972)) 
REPRESENTATION_CONTEXT('Context #1',
  '3D Context with UNIT and UNCERTAINTY') );
#10970 = ( LENGTH_UNIT() NAMED_UNIT(*) SI_UNIT(.MILLI.,.METRE.) );
#10971 = ( NAMED_UNIT(*) PLANE_ANGLE_UNIT() SI_UNIT($,.RADIAN.) );
#10972 = ( NAMED_UNIT(*) SI_UNIT($,.STERADIAN.) SOLID_ANGLE_UNIT() );
#10973 = UNCERTAINTY_MEASURE_WITH_UNIT(LENGTH_MEASURE(1.E-07),#10970,
  'distance_accuracy_value','confusion accuracy');
#10974 = CONTEXT_DEPENDENT_SHAPE_REPRESENTATION(#10975,#10977);
#10975 = ( REPRESENTATION_RELATIONSHIP('','',#10910,#10) 
REPRESENTATION_RELATIONSHIP_WITH_TRANSFORMATION(#10976) 
SHAPE_REPRESENTATION_RELATIONSHIP() );
#10976 = ITEM_DEFINED_TRANSFORMATION('','',#11,#535);
#10977 = PRODUCT_DEFINITION_SHAPE('Placement','Placement of an item',
  #10978);
#10978 = NEXT_ASSEMBLY_USAGE_OCCURRENCE('1895','','',#5,#10905,$);
#10979 = PRODUCT_RELATED_PRODUCT_CATEGORY('part',$,(#10907));
#10980 = SHAPE_DEFINITION_REPRESENTATION(#10981,#10987);
#10981 = PRODUCT_DEFINITION_SHAPE('','',#10982);
#10982 = PRODUCT_DEFINITION('design','',#10983,#10986);
#10983 = PRODUCT_DEFINITION_FORMATION('','',#10984);
#10984 = PRODUCT('Open CASCADE STEP translator 7.9 2.132',
  'Open CASCADE STEP translator 7.9 2.132','',(#10985));
#10985 = PRODUCT_CONTEXT('',#2,'mechanical');
#10986 = PRODUCT_DEFINITION_CONTEXT('part definition',#2,'design');
#10987 = MANIFOLD_SURFACE_SHAPE_REPRESENTATION('',(#11,#10988),#11046);
#10988 = SHELL_BASED_SURFACE_MODEL('',(#10989));
#10989 = OPEN_SHELL('',(#10990));
#10990 = ADVANCED_FACE('',(#10991),#11005,.T.);
#10991 = FACE_BOUND('',#10992,.T.);
#10992 = EDGE_LOOP('',(#10993,#11016,#11032));
#10993 = ORIENTED_EDGE('',*,*,#10994,.F.);
#10994 = EDGE_CURVE('',#10995,#10997,#10999,.T.);
#10995 = VERTEX_POINT('',#10996);
#10996 = CARTESIAN_POINT('',(-7.60845,-2.47214,0.83889));
#10997 = VERTEX_POINT('',#10998);
#10998 = CARTESIAN_POINT('',(-8.,0.,7.));
#10999 = SURFACE_CURVE('',#11000,(#11004),.PCURVE_S1.);
#11000 = LINE('',#11001,#11002);
#11001 = CARTESIAN_POINT('',(-7.60845,-2.47214,0.83889));
#11002 = VECTOR('',#11003,1.);
#11003 = DIRECTION('',(-5.887865807854E-02,0.371743802279,0.926466323776
    ));
#11004 = PCURVE('',#11005,#11010);
#11005 = PLANE('',#11006);
#11006 = AXIS2_PLACEMENT_3D('',#11007,#11008,#11009);
#11007 = CARTESIAN_POINT('',(-8.,0.,7.));
#11008 = DIRECTION('',(-0.987688248635,-0.15643504565,-0.));
#11009 = DIRECTION('',(0.15643504565,-0.987688248635,0.));
#11010 = DEFINITIONAL_REPRESENTATION('',(#11011),#11015);
#11011 = LINE('',#11012,#11013);
#11012 = CARTESIAN_POINT('',(2.502955769106,-6.16111));
#11013 = VECTOR('',#11014,1.);
#11014 = DIRECTION('',(-0.376377670578,0.926466323776));
#11015 = ( GEOMETRIC_REPRESENTATION_CONTEXT(2) 
PARAMETRIC_REPRESENTATION_CONTEXT() REPRESENTATION_CONTEXT('2D SPACE',''
  ) );
#11016 = ORIENTED_EDGE('',*,*,#11017,.F.);
#11017 = EDGE_CURVE('',#11018,#10995,#11020,.T.);
#11018 = VERTEX_POINT('',#11019);
#11019 = CARTESIAN_POINT('',(-7.60845,-2.47214,7.));
#11020 = SURFACE_CURVE('',#11021,(#11025),.PCURVE_S1.);
#11021 = LINE('',#11022,#11023);
#11022 = CARTESIAN_POINT('',(-7.60845,-2.47214,7.));
#11023 = VECTOR('',#11024,1.);
#11024 = DIRECTION('',(0.,0.,-1.));
#11025 = PCURVE('',#11005,#11026);
#11026 = DEFINITIONAL_REPRESENTATION('',(#11027),#11031);
#11027 = LINE('',#11028,#11029);
#11028 = CARTESIAN_POINT('',(2.502955769106,0.));
#11029 = VECTOR('',#11030,1.);
#11030 = DIRECTION('',(0.,-1.));
#11031 = ( GEOMETRIC_REPRESENTATION_CONTEXT(2) 
PARAMETRIC_REPRESENTATION_CONTEXT() REPRESENTATION_CONTEXT('2D SPACE',''
  ) );
#11032 = ORIENTED_EDGE('',*,*,#11033,.F.);
#11033 = EDGE_CURVE('',#10997,#11018,#11034,.T.);
#11034 = SURFACE_CURVE('',#11035,(#11039),.PCURVE_S1.);
#11035 = LINE('',#11036,#11037);
#11036 = CARTESIAN_POINT('',(-8.,0.,7.));
#11037 = VECTOR('',#11038,1.);
#11038 = DIRECTION('',(0.15643504565,-0.987688248635,0.));
#11039 = PCURVE('',#11005,#11040);
#11040 = DEFINITIONAL_REPRESENTATION('',(#11041),#11045);
#11041 = LINE('',#11042,#11043);
#11042 = CARTESIAN_POINT('',(0.,0.));
#11043 = VECTOR('',#11044,1.);
#11044 = DIRECTION('',(1.,0.));
#11045 = ( GEOMETRIC_REPRESENTATION_CONTEXT(2) 
PARAMETRIC_REPRESENTATION_CONTEXT() REPRESENTATION_CONTEXT('2D SPACE',''
  ) );
#11046 = ( GEOMETRIC_REPRESENTATION_CONTEXT(3) 
GLOBAL_UNCERTAINTY_ASSIGNED_CONTEXT((#11050)) 
GLOBAL_UNIT_ASSIGNED_CONTEXT((#11047,#11048,#11049)) 
REPRESENTATION_CONTEXT('Context #1',
  '3D Context with UNIT and UNCERTAINTY') );
#11047 = ( LENGTH_UNIT() NAMED_UNIT(*) SI_UNIT(.MILLI.,.METRE.) );
#11048 = ( NAMED_UNIT(*) PLANE_ANGLE_UNIT() SI_UNIT($,.RADIAN.) );
#11049 = ( NAMED_UNIT(*) SI_UNIT($,.STERADIAN.) SOLID_ANGLE_UNIT() );
#11050 = UNCERTAINTY_MEASURE_WITH_UNIT(LENGTH_MEASURE(1.E-07),#11047,
  'distance_accuracy_value','confusion accuracy');
#11051 = CONTEXT_DEPENDENT_SHAPE_REPRESENTATION(#11052,#11054);
#11052 = ( REPRESENTATION_RELATIONSHIP('','',#10987,#10) 
REPRESENTATION_RELATIONSHIP_WITH_TRANSFORMATION(#11053) 
SHAPE_REPRESENTATION_RELATIONSHIP() );
#11053 = ITEM_DEFINED_TRANSFORMATION('','',#11,#539);
#11054 = PRODUCT_DEFINITION_SHAPE('Placement','Placement of an item',
  #11055);
#11055 = NEXT_ASSEMBLY_USAGE_OCCURRENCE('1896','','',#5,#10982,$);
#11056 = PRODUCT_RELATED_PRODUCT_CATEGORY('part',$,(#10984));
#11057 = SHAPE_DEFINITION_REPRESENTATION(#11058,#11064);
#11058 = PRODUCT_DEFINITION_SHAPE('','',#11059);
#11059 = PRODUCT_DEFINITION('design','',#11060,#11063);
#11060 = PRODUCT_DEFINITION_FORMATION('','',#11061);
#11061 = PRODUCT('Open CASCADE STEP translator 7.9 2.133',
  'Open CASCADE STEP translator 7.9 2.133','',(#11062));
#11062 = PRODUCT_CONTEXT('',#2,'mechanical');
#11063 = PRODUCT_DEFINITION_CONTEXT('part definition',#2,'design');
#11064 = MANIFOLD_SURFACE_SHAPE_REPRESENTATION('',(#11,#11065),#11123);
#11065 = SHELL_BASED_SURFACE_MODEL('',(#11066));
#11066 = OPEN_SHELL('',(#11067));
#11067 = ADVANCED_FACE('',(#11068),#11082,.T.);
#11068 = FACE_BOUND('',#11069,.T.);
#11069 = EDGE_LOOP('',(#11070,#11093,#11109));
#11070 = ORIENTED_EDGE('',*,*,#11071,.T.);
#11071 = EDGE_CURVE('',#11072,#11074,#11076,.T.);
#11072 = VERTEX_POINT('',#11073);
#11073 = CARTESIAN_POINT('',(-7.60845,-2.47214,12.));
#11074 = VERTEX_POINT('',#11075);
#11075 = CARTESIAN_POINT('',(-8.,0.,338.));
#11076 = SURFACE_CURVE('',#11077,(#11081),.PCURVE_S1.);
#11077 = LINE('',#11078,#11079);
#11078 = CARTESIAN_POINT('',(-7.60845,-2.47214,12.));
#11079 = VECTOR('',#11080,1.);
#11080 = DIRECTION('',(-1.201038220584E-03,7.5830280338E-03,
    0.999970527162));
#11081 = PCURVE('',#11082,#11087);
#11082 = PLANE('',#11083);
#11083 = AXIS2_PLACEMENT_3D('',#11084,#11085,#11086);
#11084 = CARTESIAN_POINT('',(-7.60845,-2.47214,12.));
#11085 = DIRECTION('',(-0.987688248635,-0.15643504565,0.));
#11086 = DIRECTION('',(0.15643504565,-0.987688248635,0.));
#11087 = DEFINITIONAL_REPRESENTATION('',(#11088),#11092);
#11088 = LINE('',#11089,#11090);
#11089 = CARTESIAN_POINT('',(0.,0.));
#11090 = VECTOR('',#11091,1.);
#11091 = DIRECTION('',(-7.677552146921E-03,0.999970527162));
#11092 = ( GEOMETRIC_REPRESENTATION_CONTEXT(2) 
PARAMETRIC_REPRESENTATION_CONTEXT() REPRESENTATION_CONTEXT('2D SPACE',''
  ) );
#11093 = ORIENTED_EDGE('',*,*,#11094,.F.);
#11094 = EDGE_CURVE('',#11095,#11074,#11097,.T.);
#11095 = VERTEX_POINT('',#11096);
#11096 = CARTESIAN_POINT('',(-8.,0.,12.));
#11097 = SURFACE_CURVE('',#11098,(#11102),.PCURVE_S1.);
#11098 = LINE('',#11099,#11100);
#11099 = CARTESIAN_POINT('',(-8.,0.,12.));
#11100 = VECTOR('',#11101,1.);
#11101 = DIRECTION('',(0.,0.,1.));
#11102 = PCURVE('',#11082,#11103);
#11103 = DEFINITIONAL_REPRESENTATION('',(#11104),#11108);
#11104 = LINE('',#11105,#11106);
#11105 = CARTESIAN_POINT('',(-2.502955769106,0.));
#11106 = VECTOR('',#11107,1.);
#11107 = DIRECTION('',(0.,1.));
#11108 = ( GEOMETRIC_REPRESENTATION_CONTEXT(2) 
PARAMETRIC_REPRESENTATION_CONTEXT() REPRESENTATION_CONTEXT('2D SPACE',''
  ) );
#11109 = ORIENTED_EDGE('',*,*,#11110,.F.);
#11110 = EDGE_CURVE('',#11072,#11095,#11111,.T.);
#11111 = SURFACE_CURVE('',#11112,(#11116),.PCURVE_S1.);
#11112 = LINE('',#11113,#11114);
#11113 = CARTESIAN_POINT('',(-7.60845,-2.47214,12.));
#11114 = VECTOR('',#11115,1.);
#11115 = DIRECTION('',(-0.15643504565,0.987688248635,0.));
#11116 = PCURVE('',#11082,#11117);
#11117 = DEFINITIONAL_REPRESENTATION('',(#11118),#11122);
#11118 = LINE('',#11119,#11120);
#11119 = CARTESIAN_POINT('',(0.,0.));
#11120 = VECTOR('',#11121,1.);
#11121 = DIRECTION('',(-1.,0.));
#11122 = ( GEOMETRIC_REPRESENTATION_CONTEXT(2) 
PARAMETRIC_REPRESENTATION_CONTEXT() REPRESENTATION_CONTEXT('2D SPACE',''
  ) );
#11123 = ( GEOMETRIC_REPRESENTATION_CONTEXT(3) 
GLOBAL_UNCERTAINTY_ASSIGNED_CONTEXT((#11127)) 
GLOBAL_UNIT_ASSIGNED_CONTEXT((#11124,#11125,#11126)) 
REPRESENTATION_CONTEXT('Context #1',
  '3D Context with UNIT and UNCERTAINTY') );
#11124 = ( LENGTH_UNIT() NAMED_UNIT(*) SI_UNIT(.MILLI.,.METRE.) );
#11125 = ( NAMED_UNIT(*) PLANE_ANGLE_UNIT() SI_UNIT($,.RADIAN.) );
#11126 = ( NAMED_UNIT(*) SI_UNIT($,.STERADIAN.) SOLID_ANGLE_UNIT() );
#11127 = UNCERTAINTY_MEASURE_WITH_UNIT(LENGTH_MEASURE(1.E-07),#11124,
  'distance_accuracy_value','confusion accuracy');
#11128 = CONTEXT_DEPENDENT_SHAPE_REPRESENTATION(#11129,#11131);
#11129 = ( REPRESENTATION_RELATIONSHIP('','',#11064,#10) 
REPRESENTATION_RELATIONSHIP_WITH_TRANSFORMATION(#11130) 
SHAPE_REPRESENTATION_RELATIONSHIP() );
#11130 = ITEM_DEFINED_TRANSFORMATION('','',#11,#543);
#11131 = PRODUCT_DEFINITION_SHAPE('Placement','Placement of an item',
  #11132);
#11132 = NEXT_ASSEMBLY_USAGE_OCCURRENCE('1897','','',#5,#11059,$);
#11133 = PRODUCT_RELATED_PRODUCT_CATEGORY('part',$,(#11061));
#11134 = SHAPE_DEFINITION_REPRESENTATION(#11135,#11141);
#11135 = PRODUCT_DEFINITION_SHAPE('','',#11136);
#11136 = PRODUCT_DEFINITION('design','',#11137,#11140);
#11137 = PRODUCT_DEFINITION_FORMATION('','',#11138);
#11138 = PRODUCT('Open CASCADE STEP translator 7.9 2.134',
  'Open CASCADE STEP translator 7.9 2.134','',(#11139));
#11139 = PRODUCT_CONTEXT('',#2,'mechanical');
#11140 = PRODUCT_DEFINITION_CONTEXT('part definition',#2,'design');
#11141 = MANIFOLD_SURFACE_SHAPE_REPRESENTATION('',(#11,#11142),#11200);
#11142 = SHELL_BASED_SURFACE_MODEL('',(#11143));
#11143 = OPEN_SHELL('',(#11144));
#11144 = ADVANCED_FACE('',(#11145),#11159,.T.);
#11145 = FACE_BOUND('',#11146,.T.);
#11146 = EDGE_LOOP('',(#11147,#11170,#11186));
#11147 = ORIENTED_EDGE('',*,*,#11148,.F.);
#11148 = EDGE_CURVE('',#11149,#11151,#11153,.T.);
#11149 = VERTEX_POINT('',#11150);
#11150 = CARTESIAN_POINT('',(-7.60845,-2.47214,12.));
#11151 = VERTEX_POINT('',#11152);
#11152 = CARTESIAN_POINT('',(-8.,0.,338.));
#11153 = SURFACE_CURVE('',#11154,(#11158),.PCURVE_S1.);
#11154 = LINE('',#11155,#11156);
#11155 = CARTESIAN_POINT('',(-7.60845,-2.47214,12.));
#11156 = VECTOR('',#11157,1.);
#11157 = DIRECTION('',(-1.201038220584E-03,7.5830280338E-03,
    0.999970527162));
#11158 = PCURVE('',#11159,#11164);
#11159 = PLANE('',#11160);
#11160 = AXIS2_PLACEMENT_3D('',#11161,#11162,#11163);
#11161 = CARTESIAN_POINT('',(-8.,0.,338.));
#11162 = DIRECTION('',(-0.987688248635,-0.15643504565,-0.));
#11163 = DIRECTION('',(0.15643504565,-0.987688248635,0.));
#11164 = DEFINITIONAL_REPRESENTATION('',(#11165),#11169);
#11165 = LINE('',#11166,#11167);
#11166 = CARTESIAN_POINT('',(2.502955769106,-326.));
#11167 = VECTOR('',#11168,1.);
#11168 = DIRECTION('',(-7.677552146921E-03,0.999970527162));
#11169 = ( GEOMETRIC_REPRESENTATION_CONTEXT(2) 
PARAMETRIC_REPRESENTATION_CONTEXT() REPRESENTATION_CONTEXT('2D SPACE',''
  ) );
#11170 = ORIENTED_EDGE('',*,*,#11171,.F.);
#11171 = EDGE_CURVE('',#11172,#11149,#11174,.T.);
#11172 = VERTEX_POINT('',#11173);
#11173 = CARTESIAN_POINT('',(-7.60845,-2.47214,338.));
#11174 = SURFACE_CURVE('',#11175,(#11179),.PCURVE_S1.);
#11175 = LINE('',#11176,#11177);
#11176 = CARTESIAN_POINT('',(-7.60845,-2.47214,338.));
#11177 = VECTOR('',#11178,1.);
#11178 = DIRECTION('',(0.,0.,-1.));
#11179 = PCURVE('',#11159,#11180);
#11180 = DEFINITIONAL_REPRESENTATION('',(#11181),#11185);
#11181 = LINE('',#11182,#11183);
#11182 = CARTESIAN_POINT('',(2.502955769106,0.));
#11183 = VECTOR('',#11184,1.);
#11184 = DIRECTION('',(0.,-1.));
#11185 = ( GEOMETRIC_REPRESENTATION_CONTEXT(2) 
PARAMETRIC_REPRESENTATION_CONTEXT() REPRESENTATION_CONTEXT('2D SPACE',''
  ) );
#11186 = ORIENTED_EDGE('',*,*,#11187,.F.);
#11187 = EDGE_CURVE('',#11151,#11172,#11188,.T.);
#11188 = SURFACE_CURVE('',#11189,(#11193),.PCURVE_S1.);
#11189 = LINE('',#11190,#11191);
#11190 = CARTESIAN_POINT('',(-8.,0.,338.));
#11191 = VECTOR('',#11192,1.);
#11192 = DIRECTION('',(0.15643504565,-0.987688248635,0.));
#11193 = PCURVE('',#11159,#11194);
#11194 = DEFINITIONAL_REPRESENTATION('',(#11195),#11199);
#11195 = LINE('',#11196,#11197);
#11196 = CARTESIAN_POINT('',(0.,0.));
#11197 = VECTOR('',#11198,1.);
#11198 = DIRECTION('',(1.,0.));
#11199 = ( GEOMETRIC_REPRESENTATION_CONTEXT(2) 
PARAMETRIC_REPRESENTATION_CONTEXT() REPRESENTATION_CONTEXT('2D SPACE',''
  ) );
#11200 = ( GEOMETRIC_REPRESENTATION_CONTEXT(3) 
GLOBAL_UNCERTAINTY_ASSIGNED_CONTEXT((#11204)) 
GLOBAL_UNIT_ASSIGNED_CONTEXT((#11201,#11202,#11203)) 
REPRESENTATION_CONTEXT('Context #1',
  '3D Context with UNIT and UNCERTAINTY') );
#11201 = ( LENGTH_UNIT() NAMED_UNIT(*) SI_UNIT(.MILLI.,.METRE.) );
#11202 = ( NAMED_UNIT(*) PLANE_ANGLE_UNIT() SI_UNIT($,.RADIAN.) );
#11203 = ( NAMED_UNIT(*) SI_UNIT($,.STERADIAN.) SOLID_ANGLE_UNIT() );
#11204 = UNCERTAINTY_MEASURE_WITH_UNIT(LENGTH_MEASURE(1.E-07),#11201,
  'distance_accuracy_value','confusion accuracy');
#11205 = CONTEXT_DEPENDENT_SHAPE_REPRESENTATION(#11206,#11208);
#11206 = ( REPRESENTATION_RELATIONSHIP('','',#11141,#10) 
REPRESENTATION_RELATIONSHIP_WITH_TRANSFORMATION(#11207) 
SHAPE_REPRESENTATION_RELATIONSHIP() );
#11207 = ITEM_DEFINED_TRANSFORMATION('','',#11,#547);
#11208 = PRODUCT_DEFINITION_SHAPE('Placement','Placement of an item',
  #11209);
#11209 = NEXT_ASSEMBLY_USAGE_OCCURRENCE('1898','','',#5,#11136,$);
#11210 = PRODUCT_RELATED_PRODUCT_CATEGORY('part',$,(#11138));
#11211 = SHAPE_DEFINITION_REPRESENTATION(#11212,#11218);
#11212 = PRODUCT_DEFINITION_SHAPE('','',#11213);
#11213 = PRODUCT_DEFINITION('design','',#11214,#11217);
#11214 = PRODUCT_DEFINITION_FORMATION('','',#11215);
#11215 = PRODUCT('Open CASCADE STEP translator 7.9 2.135',
  'Open CASCADE STEP translator 7.9 2.135','',(#11216));
#11216 = PRODUCT_CONTEXT('',#2,'mechanical');
#11217 = PRODUCT_DEFINITION_CONTEXT('part definition',#2,'design');
#11218 = MANIFOLD_SURFACE_SHAPE_REPRESENTATION('',(#11,#11219),#11277);
#11219 = SHELL_BASED_SURFACE_MODEL('',(#11220));
#11220 = OPEN_SHELL('',(#11221));
#11221 = ADVANCED_FACE('',(#11222),#11236,.T.);
#11222 = FACE_BOUND('',#11223,.T.);
#11223 = EDGE_LOOP('',(#11224,#11247,#11263));
#11224 = ORIENTED_EDGE('',*,*,#11225,.T.);
#11225 = EDGE_CURVE('',#11226,#11228,#11230,.T.);
#11226 = VERTEX_POINT('',#11227);
#11227 = CARTESIAN_POINT('',(-7.60845,-2.47214,343.));
#11228 = VERTEX_POINT('',#11229);
#11229 = CARTESIAN_POINT('',(-8.,0.,349.161));
#11230 = SURFACE_CURVE('',#11231,(#11235),.PCURVE_S1.);
#11231 = LINE('',#11232,#11233);
#11232 = CARTESIAN_POINT('',(-7.60845,-2.47214,343.));
#11233 = VECTOR('',#11234,1.);
#11234 = DIRECTION('',(-5.887956039111E-02,0.371749499235,0.926463980512
    ));
#11235 = PCURVE('',#11236,#11241);
#11236 = PLANE('',#11237);
#11237 = AXIS2_PLACEMENT_3D('',#11238,#11239,#11240);
#11238 = CARTESIAN_POINT('',(-7.60845,-2.47214,343.));
#11239 = DIRECTION('',(-0.987688248635,-0.15643504565,0.));
#11240 = DIRECTION('',(0.15643504565,-0.987688248635,0.));
#11241 = DEFINITIONAL_REPRESENTATION('',(#11242),#11246);
#11242 = LINE('',#11243,#11244);
#11243 = CARTESIAN_POINT('',(0.,0.));
#11244 = VECTOR('',#11245,1.);
#11245 = DIRECTION('',(-0.376383438548,0.926463980512));
#11246 = ( GEOMETRIC_REPRESENTATION_CONTEXT(2) 
PARAMETRIC_REPRESENTATION_CONTEXT() REPRESENTATION_CONTEXT('2D SPACE',''
  ) );
#11247 = ORIENTED_EDGE('',*,*,#11248,.F.);
#11248 = EDGE_CURVE('',#11249,#11228,#11251,.T.);
#11249 = VERTEX_POINT('',#11250);
#11250 = CARTESIAN_POINT('',(-8.,0.,343.));
#11251 = SURFACE_CURVE('',#11252,(#11256),.PCURVE_S1.);
#11252 = LINE('',#11253,#11254);
#11253 = CARTESIAN_POINT('',(-8.,0.,343.));
#11254 = VECTOR('',#11255,1.);
#11255 = DIRECTION('',(0.,0.,1.));
#11256 = PCURVE('',#11236,#11257);
#11257 = DEFINITIONAL_REPRESENTATION('',(#11258),#11262);
#11258 = LINE('',#11259,#11260);
#11259 = CARTESIAN_POINT('',(-2.502955769106,0.));
#11260 = VECTOR('',#11261,1.);
#11261 = DIRECTION('',(0.,1.));
#11262 = ( GEOMETRIC_REPRESENTATION_CONTEXT(2) 
PARAMETRIC_REPRESENTATION_CONTEXT() REPRESENTATION_CONTEXT('2D SPACE',''
  ) );
#11263 = ORIENTED_EDGE('',*,*,#11264,.F.);
#11264 = EDGE_CURVE('',#11226,#11249,#11265,.T.);
#11265 = SURFACE_CURVE('',#11266,(#11270),.PCURVE_S1.);
#11266 = LINE('',#11267,#11268);
#11267 = CARTESIAN_POINT('',(-7.60845,-2.47214,343.));
#11268 = VECTOR('',#11269,1.);
#11269 = DIRECTION('',(-0.15643504565,0.987688248635,0.));
#11270 = PCURVE('',#11236,#11271);
#11271 = DEFINITIONAL_REPRESENTATION('',(#11272),#11276);
#11272 = LINE('',#11273,#11274);
#11273 = CARTESIAN_POINT('',(0.,0.));
#11274 = VECTOR('',#11275,1.);
#11275 = DIRECTION('',(-1.,0.));
#11276 = ( GEOMETRIC_REPRESENTATION_CONTEXT(2) 
PARAMETRIC_REPRESENTATION_CONTEXT() REPRESENTATION_CONTEXT('2D SPACE',''
  ) );
#11277 = ( GEOMETRIC_REPRESENTATION_CONTEXT(3) 
GLOBAL_UNCERTAINTY_ASSIGNED_CONTEXT((#11281)) 
GLOBAL_UNIT_ASSIGNED_CONTEXT((#11278,#11279,#11280)) 
REPRESENTATION_CONTEXT('Context #1',
  '3D Context with UNIT and UNCERTAINTY') );
#11278 = ( LENGTH_UNIT() NAMED_UNIT(*) SI_UNIT(.MILLI.,.METRE.) );
#11279 = ( NAMED_UNIT(*) PLANE_ANGLE_UNIT() SI_UNIT($,.RADIAN.) );
#11280 = ( NAMED_UNIT(*) SI_UNIT($,.STERADIAN.) SOLID_ANGLE_UNIT() );
#11281 = UNCERTAINTY_MEASURE_WITH_UNIT(LENGTH_MEASURE(1.E-07),#11278,
  'distance_accuracy_value','confusion accuracy');
#11282 = CONTEXT_DEPENDENT_SHAPE_REPRESENTATION(#11283,#11285);
#11283 = ( REPRESENTATION_RELATIONSHIP('','',#11218,#10) 
REPRESENTATION_RELATIONSHIP_WITH_TRANSFORMATION(#11284) 
SHAPE_REPRESENTATION_RELATIONSHIP() );
#11284 = ITEM_DEFINED_TRANSFORMATION('','',#11,#551);
#11285 = PRODUCT_DEFINITION_SHAPE('Placement','Placement of an item',
  #11286);
#11286 = NEXT_ASSEMBLY_USAGE_OCCURRENCE('1899','','',#5,#11213,$);
#11287 = PRODUCT_RELATED_PRODUCT_CATEGORY('part',$,(#11215));
#11288 = SHAPE_DEFINITION_REPRESENTATION(#11289,#11295);
#11289 = PRODUCT_DEFINITION_SHAPE('','',#11290);
#11290 = PRODUCT_DEFINITION('design','',#11291,#11294);
#11291 = PRODUCT_DEFINITION_FORMATION('','',#11292);
#11292 = PRODUCT('Open CASCADE STEP translator 7.9 2.136',
  'Open CASCADE STEP translator 7.9 2.136','',(#11293));
#11293 = PRODUCT_CONTEXT('',#2,'mechanical');
#11294 = PRODUCT_DEFINITION_CONTEXT('part definition',#2,'design');
#11295 = MANIFOLD_SURFACE_SHAPE_REPRESENTATION('',(#11,#11296),#11354);
#11296 = SHELL_BASED_SURFACE_MODEL('',(#11297));
#11297 = OPEN_SHELL('',(#11298));
#11298 = ADVANCED_FACE('',(#11299),#11313,.T.);
#11299 = FACE_BOUND('',#11300,.T.);
#11300 = EDGE_LOOP('',(#11301,#11324,#11340));
#11301 = ORIENTED_EDGE('',*,*,#11302,.F.);
#11302 = EDGE_CURVE('',#11303,#11305,#11307,.T.);
#11303 = VERTEX_POINT('',#11304);
#11304 = CARTESIAN_POINT('',(-7.60845,-2.47214,343.));
#11305 = VERTEX_POINT('',#11306);
#11306 = CARTESIAN_POINT('',(-8.,0.,349.161));
#11307 = SURFACE_CURVE('',#11308,(#11312),.PCURVE_S1.);
#11308 = LINE('',#11309,#11310);
#11309 = CARTESIAN_POINT('',(-7.60845,-2.47214,343.));
#11310 = VECTOR('',#11311,1.);
#11311 = DIRECTION('',(-5.887956039111E-02,0.371749499235,0.926463980512
    ));
#11312 = PCURVE('',#11313,#11318);
#11313 = PLANE('',#11314);
#11314 = AXIS2_PLACEMENT_3D('',#11315,#11316,#11317);
#11315 = CARTESIAN_POINT('',(-8.,0.,349.161));
#11316 = DIRECTION('',(-0.987688248635,-0.15643504565,-0.));
#11317 = DIRECTION('',(0.15643504565,-0.987688248635,0.));
#11318 = DEFINITIONAL_REPRESENTATION('',(#11319),#11323);
#11319 = LINE('',#11320,#11321);
#11320 = CARTESIAN_POINT('',(2.502955769106,-6.161));
#11321 = VECTOR('',#11322,1.);
#11322 = DIRECTION('',(-0.376383438548,0.926463980512));
#11323 = ( GEOMETRIC_REPRESENTATION_CONTEXT(2) 
PARAMETRIC_REPRESENTATION_CONTEXT() REPRESENTATION_CONTEXT('2D SPACE',''
  ) );
#11324 = ORIENTED_EDGE('',*,*,#11325,.F.);
#11325 = EDGE_CURVE('',#11326,#11303,#11328,.T.);
#11326 = VERTEX_POINT('',#11327);
#11327 = CARTESIAN_POINT('',(-7.60845,-2.47214,349.161));
#11328 = SURFACE_CURVE('',#11329,(#11333),.PCURVE_S1.);
#11329 = LINE('',#11330,#11331);
#11330 = CARTESIAN_POINT('',(-7.60845,-2.47214,349.161));
#11331 = VECTOR('',#11332,1.);
#11332 = DIRECTION('',(0.,0.,-1.));
#11333 = PCURVE('',#11313,#11334);
#11334 = DEFINITIONAL_REPRESENTATION('',(#11335),#11339);
#11335 = LINE('',#11336,#11337);
#11336 = CARTESIAN_POINT('',(2.502955769106,0.));
#11337 = VECTOR('',#11338,1.);
#11338 = DIRECTION('',(0.,-1.));
#11339 = ( GEOMETRIC_REPRESENTATION_CONTEXT(2) 
PARAMETRIC_REPRESENTATION_CONTEXT() REPRESENTATION_CONTEXT('2D SPACE',''
  ) );
#11340 = ORIENTED_EDGE('',*,*,#11341,.T.);
#11341 = EDGE_CURVE('',#11326,#11305,#11342,.T.);
#11342 = SURFACE_CURVE('',#11343,(#11347),.PCURVE_S1.);
#11343 = LINE('',#11344,#11345);
#11344 = CARTESIAN_POINT('',(-7.60845,-2.47214,349.161));
#11345 = VECTOR('',#11346,1.);
#11346 = DIRECTION('',(-0.15643504565,0.987688248635,0.));
#11347 = PCURVE('',#11313,#11348);
#11348 = DEFINITIONAL_REPRESENTATION('',(#11349),#11353);
#11349 = LINE('',#11350,#11351);
#11350 = CARTESIAN_POINT('',(2.502955769106,0.));
#11351 = VECTOR('',#11352,1.);
#11352 = DIRECTION('',(-1.,0.));
#11353 = ( GEOMETRIC_REPRESENTATION_CONTEXT(2) 
PARAMETRIC_REPRESENTATION_CONTEXT() REPRESENTATION_CONTEXT('2D SPACE',''
  ) );
#11354 = ( GEOMETRIC_REPRESENTATION_CONTEXT(3) 
GLOBAL_UNCERTAINTY_ASSIGNED_CONTEXT((#11358)) 
GLOBAL_UNIT_ASSIGNED_CONTEXT((#11355,#11356,#11357)) 
REPRESENTATION_CONTEXT('Context #1',
  '3D Context with UNIT and UNCERTAINTY') );
#11355 = ( LENGTH_UNIT() NAMED_UNIT(*) SI_UNIT(.MILLI.,.METRE.) );
#11356 = ( NAMED_UNIT(*) PLANE_ANGLE_UNIT() SI_UNIT($,.RADIAN.) );
#11357 = ( NAMED_UNIT(*) SI_UNIT($,.STERADIAN.) SOLID_ANGLE_UNIT() );
#11358 = UNCERTAINTY_MEASURE_WITH_UNIT(LENGTH_MEASURE(1.E-07),#11355,
  'distance_accuracy_value','confusion accuracy');
#11359 = CONTEXT_DEPENDENT_SHAPE_REPRESENTATION(#11360,#11362);
#11360 = ( REPRESENTATION_RELATIONSHIP('','',#11295,#10) 
REPRESENTATION_RELATIONSHIP_WITH_TRANSFORMATION(#11361) 
SHAPE_REPRESENTATION_RELATIONSHIP() );
#11361 = ITEM_DEFINED_TRANSFORMATION('','',#11,#555);
#11362 = PRODUCT_DEFINITION_SHAPE('Placement','Placement of an item',
  #11363);
#11363 = NEXT_ASSEMBLY_USAGE_OCCURRENCE('1900','','',#5,#11290,$);
#11364 = PRODUCT_RELATED_PRODUCT_CATEGORY('part',$,(#11292));
#11365 = SHAPE_DEFINITION_REPRESENTATION(#11366,#11372);
#11366 = PRODUCT_DEFINITION_SHAPE('','',#11367);
#11367 = PRODUCT_DEFINITION('design','',#11368,#11371);
#11368 = PRODUCT_DEFINITION_FORMATION('','',#11369);
#11369 = PRODUCT('Open CASCADE STEP translator 7.9 2.137',
  'Open CASCADE STEP translator 7.9 2.137','',(#11370));
#11370 = PRODUCT_CONTEXT('',#2,'mechanical');
#11371 = PRODUCT_DEFINITION_CONTEXT('part definition',#2,'design');
#11372 = MANIFOLD_SURFACE_SHAPE_REPRESENTATION('',(#11,#11373),#11431);
#11373 = SHELL_BASED_SURFACE_MODEL('',(#11374));
#11374 = OPEN_SHELL('',(#11375));
#11375 = ADVANCED_FACE('',(#11376),#11390,.T.);
#11376 = FACE_BOUND('',#11377,.T.);
#11377 = EDGE_LOOP('',(#11378,#11401,#11417));
#11378 = ORIENTED_EDGE('',*,*,#11379,.T.);
#11379 = EDGE_CURVE('',#11380,#11382,#11384,.T.);
#11380 = VERTEX_POINT('',#11381);
#11381 = CARTESIAN_POINT('',(-7.60845,2.47214,12.));
#11382 = VERTEX_POINT('',#11383);
#11383 = CARTESIAN_POINT('',(-7.48075,2.72277,338.));
#11384 = SURFACE_CURVE('',#11385,(#11389),.PCURVE_S1.);
#11385 = LINE('',#11386,#11387);
#11386 = CARTESIAN_POINT('',(-7.60845,2.47214,12.));
#11387 = VECTOR('',#11388,1.);
#11388 = DIRECTION('',(3.917176455938E-04,7.688033947938E-04,
    0.999999627749));
#11389 = PCURVE('',#11390,#11395);
#11390 = PLANE('',#11391);
#11391 = AXIS2_PLACEMENT_3D('',#11392,#11393,#11394);
#11392 = CARTESIAN_POINT('',(-7.60845,2.47214,12.));
#11393 = DIRECTION('',(-0.891009922885,0.45398382936,0.));
#11394 = DIRECTION('',(-0.45398382936,-0.891009922885,0.));
#11395 = DEFINITIONAL_REPRESENTATION('',(#11396),#11400);
#11396 = LINE('',#11397,#11398);
#11397 = CARTESIAN_POINT('',(0.,0.));
#11398 = VECTOR('',#11399,1.);
#11399 = DIRECTION('',(-8.628449302836E-04,0.999999627749));
#11400 = ( GEOMETRIC_REPRESENTATION_CONTEXT(2) 
PARAMETRIC_REPRESENTATION_CONTEXT() REPRESENTATION_CONTEXT('2D SPACE',''
  ) );
#11401 = ORIENTED_EDGE('',*,*,#11402,.T.);
#11402 = EDGE_CURVE('',#11382,#11403,#11405,.T.);
#11403 = VERTEX_POINT('',#11404);
#11404 = CARTESIAN_POINT('',(-7.48075,2.72277,12.));
#11405 = SURFACE_CURVE('',#11406,(#11410),.PCURVE_S1.);
#11406 = LINE('',#11407,#11408);
#11407 = CARTESIAN_POINT('',(-7.48075,2.72277,338.));
#11408 = VECTOR('',#11409,1.);
#11409 = DIRECTION('',(0.,0.,-1.));
#11410 = PCURVE('',#11390,#11411);
#11411 = DEFINITIONAL_REPRESENTATION('',(#11412),#11416);
#11412 = LINE('',#11413,#11414);
#11413 = CARTESIAN_POINT('',(-0.281287551982,326.));
#11414 = VECTOR('',#11415,1.);
#11415 = DIRECTION('',(-0.,-1.));
#11416 = ( GEOMETRIC_REPRESENTATION_CONTEXT(2) 
PARAMETRIC_REPRESENTATION_CONTEXT() REPRESENTATION_CONTEXT('2D SPACE',''
  ) );
#11417 = ORIENTED_EDGE('',*,*,#11418,.F.);
#11418 = EDGE_CURVE('',#11380,#11403,#11419,.T.);
#11419 = SURFACE_CURVE('',#11420,(#11424),.PCURVE_S1.);
#11420 = LINE('',#11421,#11422);
#11421 = CARTESIAN_POINT('',(-7.60845,2.47214,12.));
#11422 = VECTOR('',#11423,1.);
#11423 = DIRECTION('',(0.45398382936,0.891009922885,0.));
#11424 = PCURVE('',#11390,#11425);
#11425 = DEFINITIONAL_REPRESENTATION('',(#11426),#11430);
#11426 = LINE('',#11427,#11428);
#11427 = CARTESIAN_POINT('',(0.,0.));
#11428 = VECTOR('',#11429,1.);
#11429 = DIRECTION('',(-1.,0.));
#11430 = ( GEOMETRIC_REPRESENTATION_CONTEXT(2) 
PARAMETRIC_REPRESENTATION_CONTEXT() REPRESENTATION_CONTEXT('2D SPACE',''
  ) );
#11431 = ( GEOMETRIC_REPRESENTATION_CONTEXT(3) 
GLOBAL_UNCERTAINTY_ASSIGNED_CONTEXT((#11435)) 
GLOBAL_UNIT_ASSIGNED_CONTEXT((#11432,#11433,#11434)) 
REPRESENTATION_CONTEXT('Context #1',
  '3D Context with UNIT and UNCERTAINTY') );
#11432 = ( LENGTH_UNIT() NAMED_UNIT(*) SI_UNIT(.MILLI.,.METRE.) );
#11433 = ( NAMED_UNIT(*) PLANE_ANGLE_UNIT() SI_UNIT($,.RADIAN.) );
#11434 = ( NAMED_UNIT(*) SI_UNIT($,.STERADIAN.) SOLID_ANGLE_UNIT() );
#11435 = UNCERTAINTY_MEASURE_WITH_UNIT(LENGTH_MEASURE(1.E-07),#11432,
  'distance_accuracy_value','confusion accuracy');
#11436 = CONTEXT_DEPENDENT_SHAPE_REPRESENTATION(#11437,#11439);
#11437 = ( REPRESENTATION_RELATIONSHIP('','',#11372,#10) 
REPRESENTATION_RELATIONSHIP_WITH_TRANSFORMATION(#11438) 
SHAPE_REPRESENTATION_RELATIONSHIP() );
#11438 = ITEM_DEFINED_TRANSFORMATION('','',#11,#559);
#11439 = PRODUCT_DEFINITION_SHAPE('Placement','Placement of an item',
  #11440);
#11440 = NEXT_ASSEMBLY_USAGE_OCCURRENCE('1901','','',#5,#11367,$);
#11441 = PRODUCT_RELATED_PRODUCT_CATEGORY('part',$,(#11369));
#11442 = SHAPE_DEFINITION_REPRESENTATION(#11443,#11449);
#11443 = PRODUCT_DEFINITION_SHAPE('','',#11444);
#11444 = PRODUCT_DEFINITION('design','',#11445,#11448);
#11445 = PRODUCT_DEFINITION_FORMATION('','',#11446);
#11446 = PRODUCT('Open CASCADE STEP translator 7.9 2.138',
  'Open CASCADE STEP translator 7.9 2.138','',(#11447));
#11447 = PRODUCT_CONTEXT('',#2,'mechanical');
#11448 = PRODUCT_DEFINITION_CONTEXT('part definition',#2,'design');
#11449 = MANIFOLD_SURFACE_SHAPE_REPRESENTATION('',(#11,#11450),#11508);
#11450 = SHELL_BASED_SURFACE_MODEL('',(#11451));
#11451 = OPEN_SHELL('',(#11452));
#11452 = ADVANCED_FACE('',(#11453),#11467,.T.);
#11453 = FACE_BOUND('',#11454,.T.);
#11454 = EDGE_LOOP('',(#11455,#11478,#11494));
#11455 = ORIENTED_EDGE('',*,*,#11456,.F.);
#11456 = EDGE_CURVE('',#11457,#11459,#11461,.T.);
#11457 = VERTEX_POINT('',#11458);
#11458 = CARTESIAN_POINT('',(-7.60845,2.47214,12.));
#11459 = VERTEX_POINT('',#11460);
#11460 = CARTESIAN_POINT('',(-7.48075,2.72277,338.));
#11461 = SURFACE_CURVE('',#11462,(#11466),.PCURVE_S1.);
#11462 = LINE('',#11463,#11464);
#11463 = CARTESIAN_POINT('',(-7.60845,2.47214,12.));
#11464 = VECTOR('',#11465,1.);
#11465 = DIRECTION('',(3.917176455938E-04,7.688033947938E-04,
    0.999999627749));
#11466 = PCURVE('',#11467,#11472);
#11467 = PLANE('',#11468);
#11468 = AXIS2_PLACEMENT_3D('',#11469,#11470,#11471);
#11469 = CARTESIAN_POINT('',(-7.48075,2.72277,338.));
#11470 = DIRECTION('',(-0.891009922885,0.45398382936,0.));
#11471 = DIRECTION('',(-0.45398382936,-0.891009922885,0.));
#11472 = DEFINITIONAL_REPRESENTATION('',(#11473),#11477);
#11473 = LINE('',#11474,#11475);
#11474 = CARTESIAN_POINT('',(0.281287551982,-326.));
#11475 = VECTOR('',#11476,1.);
#11476 = DIRECTION('',(-8.628449302836E-04,0.999999627749));
#11477 = ( GEOMETRIC_REPRESENTATION_CONTEXT(2) 
PARAMETRIC_REPRESENTATION_CONTEXT() REPRESENTATION_CONTEXT('2D SPACE',''
  ) );
#11478 = ORIENTED_EDGE('',*,*,#11479,.F.);
#11479 = EDGE_CURVE('',#11480,#11457,#11482,.T.);
#11480 = VERTEX_POINT('',#11481);
#11481 = CARTESIAN_POINT('',(-7.60845,2.47214,338.));
#11482 = SURFACE_CURVE('',#11483,(#11487),.PCURVE_S1.);
#11483 = LINE('',#11484,#11485);
#11484 = CARTESIAN_POINT('',(-7.60845,2.47214,338.));
#11485 = VECTOR('',#11486,1.);
#11486 = DIRECTION('',(0.,0.,-1.));
#11487 = PCURVE('',#11467,#11488);
#11488 = DEFINITIONAL_REPRESENTATION('',(#11489),#11493);
#11489 = LINE('',#11490,#11491);
#11490 = CARTESIAN_POINT('',(0.281287551982,0.));
#11491 = VECTOR('',#11492,1.);
#11492 = DIRECTION('',(-0.,-1.));
#11493 = ( GEOMETRIC_REPRESENTATION_CONTEXT(2) 
PARAMETRIC_REPRESENTATION_CONTEXT() REPRESENTATION_CONTEXT('2D SPACE',''
  ) );
#11494 = ORIENTED_EDGE('',*,*,#11495,.F.);
#11495 = EDGE_CURVE('',#11459,#11480,#11496,.T.);
#11496 = SURFACE_CURVE('',#11497,(#11501),.PCURVE_S1.);
#11497 = LINE('',#11498,#11499);
#11498 = CARTESIAN_POINT('',(-7.48075,2.72277,338.));
#11499 = VECTOR('',#11500,1.);
#11500 = DIRECTION('',(-0.45398382936,-0.891009922885,0.));
#11501 = PCURVE('',#11467,#11502);
#11502 = DEFINITIONAL_REPRESENTATION('',(#11503),#11507);
#11503 = LINE('',#11504,#11505);
#11504 = CARTESIAN_POINT('',(0.,0.));
#11505 = VECTOR('',#11506,1.);
#11506 = DIRECTION('',(1.,0.));
#11507 = ( GEOMETRIC_REPRESENTATION_CONTEXT(2) 
PARAMETRIC_REPRESENTATION_CONTEXT() REPRESENTATION_CONTEXT('2D SPACE',''
  ) );
#11508 = ( GEOMETRIC_REPRESENTATION_CONTEXT(3) 
GLOBAL_UNCERTAINTY_ASSIGNED_CONTEXT((#11512)) 
GLOBAL_UNIT_ASSIGNED_CONTEXT((#11509,#11510,#11511)) 
REPRESENTATION_CONTEXT('Context #1',
  '3D Context with UNIT and UNCERTAINTY') );
#11509 = ( LENGTH_UNIT() NAMED_UNIT(*) SI_UNIT(.MILLI.,.METRE.) );
#11510 = ( NAMED_UNIT(*) PLANE_ANGLE_UNIT() SI_UNIT($,.RADIAN.) );
#11511 = ( NAMED_UNIT(*) SI_UNIT($,.STERADIAN.) SOLID_ANGLE_UNIT() );
#11512 = UNCERTAINTY_MEASURE_WITH_UNIT(LENGTH_MEASURE(1.E-07),#11509,
  'distance_accuracy_value','confusion accuracy');
#11513 = CONTEXT_DEPENDENT_SHAPE_REPRESENTATION(#11514,#11516);
#11514 = ( REPRESENTATION_RELATIONSHIP('','',#11449,#10) 
REPRESENTATION_RELATIONSHIP_WITH_TRANSFORMATION(#11515) 
SHAPE_REPRESENTATION_RELATIONSHIP() );
#11515 = ITEM_DEFINED_TRANSFORMATION('','',#11,#563);
#11516 = PRODUCT_DEFINITION_SHAPE('Placement','Placement of an item',
  #11517);
#11517 = NEXT_ASSEMBLY_USAGE_OCCURRENCE('1902','','',#5,#11444,$);
#11518 = PRODUCT_RELATED_PRODUCT_CATEGORY('part',$,(#11446));
#11519 = SHAPE_DEFINITION_REPRESENTATION(#11520,#11526);
#11520 = PRODUCT_DEFINITION_SHAPE('','',#11521);
#11521 = PRODUCT_DEFINITION('design','',#11522,#11525);
#11522 = PRODUCT_DEFINITION_FORMATION('','',#11523);
#11523 = PRODUCT('Open CASCADE STEP translator 7.9 2.139',
  'Open CASCADE STEP translator 7.9 2.139','',(#11524));
#11524 = PRODUCT_CONTEXT('',#2,'mechanical');
#11525 = PRODUCT_DEFINITION_CONTEXT('part definition',#2,'design');
#11526 = MANIFOLD_SURFACE_SHAPE_REPRESENTATION('',(#11,#11527),#11585);
#11527 = SHELL_BASED_SURFACE_MODEL('',(#11528));
#11528 = OPEN_SHELL('',(#11529));
#11529 = ADVANCED_FACE('',(#11530),#11544,.T.);
#11530 = FACE_BOUND('',#11531,.T.);
#11531 = EDGE_LOOP('',(#11532,#11555,#11571));
#11532 = ORIENTED_EDGE('',*,*,#11533,.T.);
#11533 = EDGE_CURVE('',#11534,#11536,#11538,.T.);
#11534 = VERTEX_POINT('',#11535);
#11535 = CARTESIAN_POINT('',(-7.48075,2.72277,7.));
#11536 = VERTEX_POINT('',#11537);
#11537 = CARTESIAN_POINT('',(-6.47214,4.70228,0.838889));
#11538 = SURFACE_CURVE('',#11539,(#11543),.PCURVE_S1.);
#11539 = LINE('',#11540,#11541);
#11540 = CARTESIAN_POINT('',(-7.48075,2.72277,7.));
#11541 = VECTOR('',#11542,1.);
#11542 = DIRECTION('',(0.153999644163,0.302241535991,-0.940709393766));
#11543 = PCURVE('',#11544,#11549);
#11544 = PLANE('',#11545);
#11545 = AXIS2_PLACEMENT_3D('',#11546,#11547,#11548);
#11546 = CARTESIAN_POINT('',(-7.48075,2.72277,7.));
#11547 = DIRECTION('',(0.891006655743,-0.453990241549,0.));
#11548 = DIRECTION('',(0.453990241549,0.891006655743,0.));
#11549 = DEFINITIONAL_REPRESENTATION('',(#11550),#11554);
#11550 = LINE('',#11551,#11552);
#11551 = CARTESIAN_POINT('',(0.,0.));
#11552 = VECTOR('',#11553,1.);
#11553 = DIRECTION('',(0.339213555862,-0.940709393766));
#11554 = ( GEOMETRIC_REPRESENTATION_CONTEXT(2) 
PARAMETRIC_REPRESENTATION_CONTEXT() REPRESENTATION_CONTEXT('2D SPACE',''
  ) );
#11555 = ORIENTED_EDGE('',*,*,#11556,.T.);
#11556 = EDGE_CURVE('',#11536,#11557,#11559,.T.);
#11557 = VERTEX_POINT('',#11558);
#11558 = CARTESIAN_POINT('',(-6.47214,4.70228,0.83889));
#11559 = SURFACE_CURVE('',#11560,(#11564),.PCURVE_S1.);
#11560 = LINE('',#11561,#11562);
#11561 = CARTESIAN_POINT('',(-6.47214,4.70228,0.838889));
#11562 = VECTOR('',#11563,1.);
#11563 = DIRECTION('',(0.,0.,1.));
#11564 = PCURVE('',#11544,#11565);
#11565 = DEFINITIONAL_REPRESENTATION('',(#11566),#11570);
#11566 = LINE('',#11567,#11568);
#11567 = CARTESIAN_POINT('',(2.221655682639,-6.161111));
#11568 = VECTOR('',#11569,1.);
#11569 = DIRECTION('',(0.,1.));
#11570 = ( GEOMETRIC_REPRESENTATION_CONTEXT(2) 
PARAMETRIC_REPRESENTATION_CONTEXT() REPRESENTATION_CONTEXT('2D SPACE',''
  ) );
#11571 = ORIENTED_EDGE('',*,*,#11572,.T.);
#11572 = EDGE_CURVE('',#11557,#11534,#11573,.T.);
#11573 = SURFACE_CURVE('',#11574,(#11578),.PCURVE_S1.);
#11574 = LINE('',#11575,#11576);
#11575 = CARTESIAN_POINT('',(-6.47214,4.70228,0.83889));
#11576 = VECTOR('',#11577,1.);
#11577 = DIRECTION('',(-0.153999666282,-0.302241579403,0.940709376197));
#11578 = PCURVE('',#11544,#11579);
#11579 = DEFINITIONAL_REPRESENTATION('',(#11580),#11584);
#11580 = LINE('',#11581,#11582);
#11581 = CARTESIAN_POINT('',(2.221655682639,-6.16111));
#11582 = VECTOR('',#11583,1.);
#11583 = DIRECTION('',(-0.339213604584,0.940709376197));
#11584 = ( GEOMETRIC_REPRESENTATION_CONTEXT(2) 
PARAMETRIC_REPRESENTATION_CONTEXT() REPRESENTATION_CONTEXT('2D SPACE',''
  ) );
#11585 = ( GEOMETRIC_REPRESENTATION_CONTEXT(3) 
GLOBAL_UNCERTAINTY_ASSIGNED_CONTEXT((#11589)) 
GLOBAL_UNIT_ASSIGNED_CONTEXT((#11586,#11587,#11588)) 
REPRESENTATION_CONTEXT('Context #1',
  '3D Context with UNIT and UNCERTAINTY') );
#11586 = ( LENGTH_UNIT() NAMED_UNIT(*) SI_UNIT(.MILLI.,.METRE.) );
#11587 = ( NAMED_UNIT(*) PLANE_ANGLE_UNIT() SI_UNIT($,.RADIAN.) );
#11588 = ( NAMED_UNIT(*) SI_UNIT($,.STERADIAN.) SOLID_ANGLE_UNIT() );
#11589 = UNCERTAINTY_MEASURE_WITH_UNIT(LENGTH_MEASURE(1.E-07),#11586,
  'distance_accuracy_value','confusion accuracy');
#11590 = CONTEXT_DEPENDENT_SHAPE_REPRESENTATION(#11591,#11593);
#11591 = ( REPRESENTATION_RELATIONSHIP('','',#11526,#10) 
REPRESENTATION_RELATIONSHIP_WITH_TRANSFORMATION(#11592) 
SHAPE_REPRESENTATION_RELATIONSHIP() );
#11592 = ITEM_DEFINED_TRANSFORMATION('','',#11,#567);
#11593 = PRODUCT_DEFINITION_SHAPE('Placement','Placement of an item',
  #11594);
#11594 = NEXT_ASSEMBLY_USAGE_OCCURRENCE('1903','','',#5,#11521,$);
#11595 = PRODUCT_RELATED_PRODUCT_CATEGORY('part',$,(#11523));
#11596 = SHAPE_DEFINITION_REPRESENTATION(#11597,#11603);
#11597 = PRODUCT_DEFINITION_SHAPE('','',#11598);
#11598 = PRODUCT_DEFINITION('design','',#11599,#11602);
#11599 = PRODUCT_DEFINITION_FORMATION('','',#11600);
#11600 = PRODUCT('Open CASCADE STEP translator 7.9 2.140',
  'Open CASCADE STEP translator 7.9 2.140','',(#11601));
#11601 = PRODUCT_CONTEXT('',#2,'mechanical');
#11602 = PRODUCT_DEFINITION_CONTEXT('part definition',#2,'design');
#11603 = MANIFOLD_SURFACE_SHAPE_REPRESENTATION('',(#11,#11604),#11662);
#11604 = SHELL_BASED_SURFACE_MODEL('',(#11605));
#11605 = OPEN_SHELL('',(#11606));
#11606 = ADVANCED_FACE('',(#11607),#11621,.T.);
#11607 = FACE_BOUND('',#11608,.T.);
#11608 = EDGE_LOOP('',(#11609,#11632,#11648));
#11609 = ORIENTED_EDGE('',*,*,#11610,.T.);
#11610 = EDGE_CURVE('',#11611,#11613,#11615,.T.);
#11611 = VERTEX_POINT('',#11612);
#11612 = CARTESIAN_POINT('',(-6.47214,4.70228,0.838889));
#11613 = VERTEX_POINT('',#11614);
#11614 = CARTESIAN_POINT('',(-7.48075,2.72277,12.));
#11615 = SURFACE_CURVE('',#11616,(#11620),.PCURVE_S1.);
#11616 = LINE('',#11617,#11618);
#11617 = CARTESIAN_POINT('',(-6.47214,4.70228,0.838889));
#11618 = VECTOR('',#11619,1.);
#11619 = DIRECTION('',(-8.862945296582E-02,-0.173945220095,
    0.980758828904));
#11620 = PCURVE('',#11621,#11626);
#11621 = PLANE('',#11622);
#11622 = AXIS2_PLACEMENT_3D('',#11623,#11624,#11625);
#11623 = CARTESIAN_POINT('',(-6.47214,4.70228,0.838889));
#11624 = DIRECTION('',(-0.891006655743,0.453990241549,
    -5.375816548542E-19));
#11625 = DIRECTION('',(-0.453990241549,-0.891006655743,
    -4.814824860968E-35));
#11626 = DEFINITIONAL_REPRESENTATION('',(#11627),#11631);
#11627 = LINE('',#11628,#11629);
#11628 = CARTESIAN_POINT('',(-0.,0.));
#11629 = VECTOR('',#11630,1.);
#11630 = DIRECTION('',(0.1952232556,0.980758828904));
#11631 = ( GEOMETRIC_REPRESENTATION_CONTEXT(2) 
PARAMETRIC_REPRESENTATION_CONTEXT() REPRESENTATION_CONTEXT('2D SPACE',''
  ) );
#11632 = ORIENTED_EDGE('',*,*,#11633,.T.);
#11633 = EDGE_CURVE('',#11613,#11634,#11636,.T.);
#11634 = VERTEX_POINT('',#11635);
#11635 = CARTESIAN_POINT('',(-6.47214,4.70228,349.161));
#11636 = SURFACE_CURVE('',#11637,(#11641),.PCURVE_S1.);
#11637 = LINE('',#11638,#11639);
#11638 = CARTESIAN_POINT('',(-7.48075,2.72277,12.));
#11639 = VECTOR('',#11640,1.);
#11640 = DIRECTION('',(2.991413907135E-03,5.870984566198E-03,
    0.999978291256));
#11641 = PCURVE('',#11621,#11642);
#11642 = DEFINITIONAL_REPRESENTATION('',(#11643),#11647);
#11643 = LINE('',#11644,#11645);
#11644 = CARTESIAN_POINT('',(2.221655682639,11.161111));
#11645 = VECTOR('',#11646,1.);
#11646 = DIRECTION('',(-6.58915904652E-03,0.999978291256));
#11647 = ( GEOMETRIC_REPRESENTATION_CONTEXT(2) 
PARAMETRIC_REPRESENTATION_CONTEXT() REPRESENTATION_CONTEXT('2D SPACE',''
  ) );
#11648 = ORIENTED_EDGE('',*,*,#11649,.T.);
#11649 = EDGE_CURVE('',#11634,#11611,#11650,.T.);
#11650 = SURFACE_CURVE('',#11651,(#11655),.PCURVE_S1.);
#11651 = LINE('',#11652,#11653);
#11652 = CARTESIAN_POINT('',(-6.47214,4.70228,349.161));
#11653 = VECTOR('',#11654,1.);
#11654 = DIRECTION('',(0.,0.,-1.));
#11655 = PCURVE('',#11621,#11656);
#11656 = DEFINITIONAL_REPRESENTATION('',(#11657),#11661);
#11657 = LINE('',#11658,#11659);
#11658 = CARTESIAN_POINT('',(-1.677109959668E-32,348.322111));
#11659 = VECTOR('',#11660,1.);
#11660 = DIRECTION('',(9.629649721936E-35,-1.));
#11661 = ( GEOMETRIC_REPRESENTATION_CONTEXT(2) 
PARAMETRIC_REPRESENTATION_CONTEXT() REPRESENTATION_CONTEXT('2D SPACE',''
  ) );
#11662 = ( GEOMETRIC_REPRESENTATION_CONTEXT(3) 
GLOBAL_UNCERTAINTY_ASSIGNED_CONTEXT((#11666)) 
GLOBAL_UNIT_ASSIGNED_CONTEXT((#11663,#11664,#11665)) 
REPRESENTATION_CONTEXT('Context #1',
  '3D Context with UNIT and UNCERTAINTY') );
#11663 = ( LENGTH_UNIT() NAMED_UNIT(*) SI_UNIT(.MILLI.,.METRE.) );
#11664 = ( NAMED_UNIT(*) PLANE_ANGLE_UNIT() SI_UNIT($,.RADIAN.) );
#11665 = ( NAMED_UNIT(*) SI_UNIT($,.STERADIAN.) SOLID_ANGLE_UNIT() );
#11666 = UNCERTAINTY_MEASURE_WITH_UNIT(LENGTH_MEASURE(1.E-07),#11663,
  'distance_accuracy_value','confusion accuracy');
#11667 = CONTEXT_DEPENDENT_SHAPE_REPRESENTATION(#11668,#11670);
#11668 = ( REPRESENTATION_RELATIONSHIP('','',#11603,#10) 
REPRESENTATION_RELATIONSHIP_WITH_TRANSFORMATION(#11669) 
SHAPE_REPRESENTATION_RELATIONSHIP() );
#11669 = ITEM_DEFINED_TRANSFORMATION('','',#11,#571);
#11670 = PRODUCT_DEFINITION_SHAPE('Placement','Placement of an item',
  #11671);
#11671 = NEXT_ASSEMBLY_USAGE_OCCURRENCE('1904','','',#5,#11598,$);
#11672 = PRODUCT_RELATED_PRODUCT_CATEGORY('part',$,(#11600));
#11673 = SHAPE_DEFINITION_REPRESENTATION(#11674,#11680);
#11674 = PRODUCT_DEFINITION_SHAPE('','',#11675);
#11675 = PRODUCT_DEFINITION('design','',#11676,#11679);
#11676 = PRODUCT_DEFINITION_FORMATION('','',#11677);
#11677 = PRODUCT('Open CASCADE STEP translator 7.9 2.141',
  'Open CASCADE STEP translator 7.9 2.141','',(#11678));
#11678 = PRODUCT_CONTEXT('',#2,'mechanical');
#11679 = PRODUCT_DEFINITION_CONTEXT('part definition',#2,'design');
#11680 = MANIFOLD_SURFACE_SHAPE_REPRESENTATION('',(#11,#11681),#11739);
#11681 = SHELL_BASED_SURFACE_MODEL('',(#11682));
#11682 = OPEN_SHELL('',(#11683));
#11683 = ADVANCED_FACE('',(#11684),#11698,.T.);
#11684 = FACE_BOUND('',#11685,.T.);
#11685 = EDGE_LOOP('',(#11686,#11709,#11725));
#11686 = ORIENTED_EDGE('',*,*,#11687,.F.);
#11687 = EDGE_CURVE('',#11688,#11690,#11692,.T.);
#11688 = VERTEX_POINT('',#11689);
#11689 = CARTESIAN_POINT('',(-7.48075,2.72277,7.));
#11690 = VERTEX_POINT('',#11691);
#11691 = CARTESIAN_POINT('',(-6.47214,4.70228,0.838889));
#11692 = SURFACE_CURVE('',#11693,(#11697),.PCURVE_S1.);
#11693 = LINE('',#11694,#11695);
#11694 = CARTESIAN_POINT('',(-7.48075,2.72277,7.));
#11695 = VECTOR('',#11696,1.);
#11696 = DIRECTION('',(0.153999644163,0.302241535991,-0.940709393766));
#11697 = PCURVE('',#11698,#11703);
#11698 = PLANE('',#11699);
#11699 = AXIS2_PLACEMENT_3D('',#11700,#11701,#11702);
#11700 = CARTESIAN_POINT('',(-6.47214,4.70228,0.838889));
#11701 = DIRECTION('',(-0.891006655743,0.453990241549,0.));
#11702 = DIRECTION('',(-0.453990241549,-0.891006655743,0.));
#11703 = DEFINITIONAL_REPRESENTATION('',(#11704),#11708);
#11704 = LINE('',#11705,#11706);
#11705 = CARTESIAN_POINT('',(2.221655682639,6.161111));
#11706 = VECTOR('',#11707,1.);
#11707 = DIRECTION('',(-0.339213555862,-0.940709393766));
#11708 = ( GEOMETRIC_REPRESENTATION_CONTEXT(2) 
PARAMETRIC_REPRESENTATION_CONTEXT() REPRESENTATION_CONTEXT('2D SPACE',''
  ) );
#11709 = ORIENTED_EDGE('',*,*,#11710,.F.);
#11710 = EDGE_CURVE('',#11711,#11688,#11713,.T.);
#11711 = VERTEX_POINT('',#11712);
#11712 = CARTESIAN_POINT('',(-7.48075,2.72277,12.));
#11713 = SURFACE_CURVE('',#11714,(#11718),.PCURVE_S1.);
#11714 = LINE('',#11715,#11716);
#11715 = CARTESIAN_POINT('',(-7.48075,2.72277,12.));
#11716 = VECTOR('',#11717,1.);
#11717 = DIRECTION('',(0.,0.,-1.));
#11718 = PCURVE('',#11698,#11719);
#11719 = DEFINITIONAL_REPRESENTATION('',(#11720),#11724);
#11720 = LINE('',#11721,#11722);
#11721 = CARTESIAN_POINT('',(2.221655682639,11.161111));
#11722 = VECTOR('',#11723,1.);
#11723 = DIRECTION('',(-0.,-1.));
#11724 = ( GEOMETRIC_REPRESENTATION_CONTEXT(2) 
PARAMETRIC_REPRESENTATION_CONTEXT() REPRESENTATION_CONTEXT('2D SPACE',''
  ) );
#11725 = ORIENTED_EDGE('',*,*,#11726,.F.);
#11726 = EDGE_CURVE('',#11690,#11711,#11727,.T.);
#11727 = SURFACE_CURVE('',#11728,(#11732),.PCURVE_S1.);
#11728 = LINE('',#11729,#11730);
#11729 = CARTESIAN_POINT('',(-6.47214,4.70228,0.838889));
#11730 = VECTOR('',#11731,1.);
#11731 = DIRECTION('',(-8.862945296582E-02,-0.173945220095,
    0.980758828904));
#11732 = PCURVE('',#11698,#11733);
#11733 = DEFINITIONAL_REPRESENTATION('',(#11734),#11738);
#11734 = LINE('',#11735,#11736);
#11735 = CARTESIAN_POINT('',(0.,0.));
#11736 = VECTOR('',#11737,1.);
#11737 = DIRECTION('',(0.1952232556,0.980758828904));
#11738 = ( GEOMETRIC_REPRESENTATION_CONTEXT(2) 
PARAMETRIC_REPRESENTATION_CONTEXT() REPRESENTATION_CONTEXT('2D SPACE',''
  ) );
#11739 = ( GEOMETRIC_REPRESENTATION_CONTEXT(3) 
GLOBAL_UNCERTAINTY_ASSIGNED_CONTEXT((#11743)) 
GLOBAL_UNIT_ASSIGNED_CONTEXT((#11740,#11741,#11742)) 
REPRESENTATION_CONTEXT('Context #1',
  '3D Context with UNIT and UNCERTAINTY') );
#11740 = ( LENGTH_UNIT() NAMED_UNIT(*) SI_UNIT(.MILLI.,.METRE.) );
#11741 = ( NAMED_UNIT(*) PLANE_ANGLE_UNIT() SI_UNIT($,.RADIAN.) );
#11742 = ( NAMED_UNIT(*) SI_UNIT($,.STERADIAN.) SOLID_ANGLE_UNIT() );
#11743 = UNCERTAINTY_MEASURE_WITH_UNIT(LENGTH_MEASURE(1.E-07),#11740,
  'distance_accuracy_value','confusion accuracy');
#11744 = CONTEXT_DEPENDENT_SHAPE_REPRESENTATION(#11745,#11747);
#11745 = ( REPRESENTATION_RELATIONSHIP('','',#11680,#10) 
REPRESENTATION_RELATIONSHIP_WITH_TRANSFORMATION(#11746) 
SHAPE_REPRESENTATION_RELATIONSHIP() );
#11746 = ITEM_DEFINED_TRANSFORMATION('','',#11,#575);
#11747 = PRODUCT_DEFINITION_SHAPE('Placement','Placement of an item',
  #11748);
#11748 = NEXT_ASSEMBLY_USAGE_OCCURRENCE('1905','','',#5,#11675,$);
#11749 = PRODUCT_RELATED_PRODUCT_CATEGORY('part',$,(#11677));
#11750 = SHAPE_DEFINITION_REPRESENTATION(#11751,#11757);
#11751 = PRODUCT_DEFINITION_SHAPE('','',#11752);
#11752 = PRODUCT_DEFINITION('design','',#11753,#11756);
#11753 = PRODUCT_DEFINITION_FORMATION('','',#11754);
#11754 = PRODUCT('Open CASCADE STEP translator 7.9 2.142',
  'Open CASCADE STEP translator 7.9 2.142','',(#11755));
#11755 = PRODUCT_CONTEXT('',#2,'mechanical');
#11756 = PRODUCT_DEFINITION_CONTEXT('part definition',#2,'design');
#11757 = MANIFOLD_SURFACE_SHAPE_REPRESENTATION('',(#11,#11758),#11816);
#11758 = SHELL_BASED_SURFACE_MODEL('',(#11759));
#11759 = OPEN_SHELL('',(#11760));
#11760 = ADVANCED_FACE('',(#11761),#11775,.T.);
#11761 = FACE_BOUND('',#11762,.T.);
#11762 = EDGE_LOOP('',(#11763,#11786,#11802));
#11763 = ORIENTED_EDGE('',*,*,#11764,.T.);
#11764 = EDGE_CURVE('',#11765,#11767,#11769,.T.);
#11765 = VERTEX_POINT('',#11766);
#11766 = CARTESIAN_POINT('',(-7.60845,2.47214,0.83889));
#11767 = VERTEX_POINT('',#11768);
#11768 = CARTESIAN_POINT('',(-7.48075,2.72277,7.));
#11769 = SURFACE_CURVE('',#11770,(#11774),.PCURVE_S1.);
#11770 = LINE('',#11771,#11772);
#11771 = CARTESIAN_POINT('',(-7.60845,2.47214,0.83889));
#11772 = VECTOR('',#11773,1.);
#11773 = DIRECTION('',(2.070521677667E-02,4.063702804023E-02,
    0.998959421573));
#11774 = PCURVE('',#11775,#11780);
#11775 = PLANE('',#11776);
#11776 = AXIS2_PLACEMENT_3D('',#11777,#11778,#11779);
#11777 = CARTESIAN_POINT('',(-7.60845,2.47214,0.83889));
#11778 = DIRECTION('',(-0.891007022915,0.453989520931,
    -2.916365123146E-07));
#11779 = DIRECTION('',(-0.453989520931,-0.891007022916,0.));
#11780 = DEFINITIONAL_REPRESENTATION('',(#11781),#11785);
#11781 = LINE('',#11782,#11783);
#11782 = CARTESIAN_POINT('',(0.,0.));
#11783 = VECTOR('',#11784,1.);
#11784 = DIRECTION('',(-4.560782881948E-02,0.998959421573));
#11785 = ( GEOMETRIC_REPRESENTATION_CONTEXT(2) 
PARAMETRIC_REPRESENTATION_CONTEXT() REPRESENTATION_CONTEXT('2D SPACE',''
  ) );
#11786 = ORIENTED_EDGE('',*,*,#11787,.F.);
#11787 = EDGE_CURVE('',#11788,#11767,#11790,.T.);
#11788 = VERTEX_POINT('',#11789);
#11789 = CARTESIAN_POINT('',(-6.47214,4.70228,0.83889));
#11790 = SURFACE_CURVE('',#11791,(#11795),.PCURVE_S1.);
#11791 = LINE('',#11792,#11793);
#11792 = CARTESIAN_POINT('',(-6.47214,4.70228,0.83889));
#11793 = VECTOR('',#11794,1.);
#11794 = DIRECTION('',(-0.153999666282,-0.302241579403,0.940709376197));
#11795 = PCURVE('',#11775,#11796);
#11796 = DEFINITIONAL_REPRESENTATION('',(#11797),#11801);
#11797 = LINE('',#11798,#11799);
#11798 = CARTESIAN_POINT('',(-2.502943234614,0.));
#11799 = VECTOR('',#11800,1.);
#11800 = DIRECTION('',(0.339213604584,0.940709376197));
#11801 = ( GEOMETRIC_REPRESENTATION_CONTEXT(2) 
PARAMETRIC_REPRESENTATION_CONTEXT() REPRESENTATION_CONTEXT('2D SPACE',''
  ) );
#11802 = ORIENTED_EDGE('',*,*,#11803,.T.);
#11803 = EDGE_CURVE('',#11788,#11765,#11804,.T.);
#11804 = SURFACE_CURVE('',#11805,(#11809),.PCURVE_S1.);
#11805 = LINE('',#11806,#11807);
#11806 = CARTESIAN_POINT('',(-6.47214,4.70228,0.83889));
#11807 = VECTOR('',#11808,1.);
#11808 = DIRECTION('',(-0.453989520931,-0.891007022916,0.));
#11809 = PCURVE('',#11775,#11810);
#11810 = DEFINITIONAL_REPRESENTATION('',(#11811),#11815);
#11811 = LINE('',#11812,#11813);
#11812 = CARTESIAN_POINT('',(-2.502943234614,0.));
#11813 = VECTOR('',#11814,1.);
#11814 = DIRECTION('',(1.,1.323488980085E-23));
#11815 = ( GEOMETRIC_REPRESENTATION_CONTEXT(2) 
PARAMETRIC_REPRESENTATION_CONTEXT() REPRESENTATION_CONTEXT('2D SPACE',''
  ) );
#11816 = ( GEOMETRIC_REPRESENTATION_CONTEXT(3) 
GLOBAL_UNCERTAINTY_ASSIGNED_CONTEXT((#11820)) 
GLOBAL_UNIT_ASSIGNED_CONTEXT((#11817,#11818,#11819)) 
REPRESENTATION_CONTEXT('Context #1',
  '3D Context with UNIT and UNCERTAINTY') );
#11817 = ( LENGTH_UNIT() NAMED_UNIT(*) SI_UNIT(.MILLI.,.METRE.) );
#11818 = ( NAMED_UNIT(*) PLANE_ANGLE_UNIT() SI_UNIT($,.RADIAN.) );
#11819 = ( NAMED_UNIT(*) SI_UNIT($,.STERADIAN.) SOLID_ANGLE_UNIT() );
#11820 = UNCERTAINTY_MEASURE_WITH_UNIT(LENGTH_MEASURE(1.E-07),#11817,
  'distance_accuracy_value','confusion accuracy');
#11821 = CONTEXT_DEPENDENT_SHAPE_REPRESENTATION(#11822,#11824);
#11822 = ( REPRESENTATION_RELATIONSHIP('','',#11757,#10) 
REPRESENTATION_RELATIONSHIP_WITH_TRANSFORMATION(#11823) 
SHAPE_REPRESENTATION_RELATIONSHIP() );
#11823 = ITEM_DEFINED_TRANSFORMATION('','',#11,#579);
#11824 = PRODUCT_DEFINITION_SHAPE('Placement','Placement of an item',
  #11825);
#11825 = NEXT_ASSEMBLY_USAGE_OCCURRENCE('1906','','',#5,#11752,$);
#11826 = PRODUCT_RELATED_PRODUCT_CATEGORY('part',$,(#11754));
#11827 = SHAPE_DEFINITION_REPRESENTATION(#11828,#11834);
#11828 = PRODUCT_DEFINITION_SHAPE('','',#11829);
#11829 = PRODUCT_DEFINITION('design','',#11830,#11833);
#11830 = PRODUCT_DEFINITION_FORMATION('','',#11831);
#11831 = PRODUCT('Open CASCADE STEP translator 7.9 2.143',
  'Open CASCADE STEP translator 7.9 2.143','',(#11832));
#11832 = PRODUCT_CONTEXT('',#2,'mechanical');
#11833 = PRODUCT_DEFINITION_CONTEXT('part definition',#2,'design');
#11834 = MANIFOLD_SURFACE_SHAPE_REPRESENTATION('',(#11,#11835),#11893);
#11835 = SHELL_BASED_SURFACE_MODEL('',(#11836));
#11836 = OPEN_SHELL('',(#11837));
#11837 = ADVANCED_FACE('',(#11838),#11852,.T.);
#11838 = FACE_BOUND('',#11839,.T.);
#11839 = EDGE_LOOP('',(#11840,#11863,#11879));
#11840 = ORIENTED_EDGE('',*,*,#11841,.F.);
#11841 = EDGE_CURVE('',#11842,#11844,#11846,.T.);
#11842 = VERTEX_POINT('',#11843);
#11843 = CARTESIAN_POINT('',(-7.60845,2.47214,7.));
#11844 = VERTEX_POINT('',#11845);
#11845 = CARTESIAN_POINT('',(-7.60845,2.47214,0.83889));
#11846 = SURFACE_CURVE('',#11847,(#11851),.PCURVE_S1.);
#11847 = LINE('',#11848,#11849);
#11848 = CARTESIAN_POINT('',(-7.60845,2.47214,7.));
#11849 = VECTOR('',#11850,1.);
#11850 = DIRECTION('',(0.,0.,-1.));
#11851 = PCURVE('',#11852,#11857);
#11852 = PLANE('',#11853);
#11853 = AXIS2_PLACEMENT_3D('',#11854,#11855,#11856);
#11854 = CARTESIAN_POINT('',(-7.60845,2.47214,0.83889));
#11855 = DIRECTION('',(-0.891009922885,0.45398382936,0.));
#11856 = DIRECTION('',(-0.45398382936,-0.891009922885,0.));
#11857 = DEFINITIONAL_REPRESENTATION('',(#11858),#11862);
#11858 = LINE('',#11859,#11860);
#11859 = CARTESIAN_POINT('',(0.,6.16111));
#11860 = VECTOR('',#11861,1.);
#11861 = DIRECTION('',(-0.,-1.));
#11862 = ( GEOMETRIC_REPRESENTATION_CONTEXT(2) 
PARAMETRIC_REPRESENTATION_CONTEXT() REPRESENTATION_CONTEXT('2D SPACE',''
  ) );
#11863 = ORIENTED_EDGE('',*,*,#11864,.F.);
#11864 = EDGE_CURVE('',#11865,#11842,#11867,.T.);
#11865 = VERTEX_POINT('',#11866);
#11866 = CARTESIAN_POINT('',(-7.48075,2.72277,7.));
#11867 = SURFACE_CURVE('',#11868,(#11872),.PCURVE_S1.);
#11868 = LINE('',#11869,#11870);
#11869 = CARTESIAN_POINT('',(-7.48075,2.72277,7.));
#11870 = VECTOR('',#11871,1.);
#11871 = DIRECTION('',(-0.45398382936,-0.891009922885,0.));
#11872 = PCURVE('',#11852,#11873);
#11873 = DEFINITIONAL_REPRESENTATION('',(#11874),#11878);
#11874 = LINE('',#11875,#11876);
#11875 = CARTESIAN_POINT('',(-0.281287551982,6.16111));
#11876 = VECTOR('',#11877,1.);
#11877 = DIRECTION('',(1.,0.));
#11878 = ( GEOMETRIC_REPRESENTATION_CONTEXT(2) 
PARAMETRIC_REPRESENTATION_CONTEXT() REPRESENTATION_CONTEXT('2D SPACE',''
  ) );
#11879 = ORIENTED_EDGE('',*,*,#11880,.F.);
#11880 = EDGE_CURVE('',#11844,#11865,#11881,.T.);
#11881 = SURFACE_CURVE('',#11882,(#11886),.PCURVE_S1.);
#11882 = LINE('',#11883,#11884);
#11883 = CARTESIAN_POINT('',(-7.60845,2.47214,0.83889));
#11884 = VECTOR('',#11885,1.);
#11885 = DIRECTION('',(2.070521677667E-02,4.063702804023E-02,
    0.998959421573));
#11886 = PCURVE('',#11852,#11887);
#11887 = DEFINITIONAL_REPRESENTATION('',(#11888),#11892);
#11888 = LINE('',#11889,#11890);
#11889 = CARTESIAN_POINT('',(0.,0.));
#11890 = VECTOR('',#11891,1.);
#11891 = DIRECTION('',(-4.560782882041E-02,0.998959421573));
#11892 = ( GEOMETRIC_REPRESENTATION_CONTEXT(2) 
PARAMETRIC_REPRESENTATION_CONTEXT() REPRESENTATION_CONTEXT('2D SPACE',''
  ) );
#11893 = ( GEOMETRIC_REPRESENTATION_CONTEXT(3) 
GLOBAL_UNCERTAINTY_ASSIGNED_CONTEXT((#11897)) 
GLOBAL_UNIT_ASSIGNED_CONTEXT((#11894,#11895,#11896)) 
REPRESENTATION_CONTEXT('Context #1',
  '3D Context with UNIT and UNCERTAINTY') );
#11894 = ( LENGTH_UNIT() NAMED_UNIT(*) SI_UNIT(.MILLI.,.METRE.) );
#11895 = ( NAMED_UNIT(*) PLANE_ANGLE_UNIT() SI_UNIT($,.RADIAN.) );
#11896 = ( NAMED_UNIT(*) SI_UNIT($,.STERADIAN.) SOLID_ANGLE_UNIT() );
#11897 = UNCERTAINTY_MEASURE_WITH_UNIT(LENGTH_MEASURE(1.E-07),#11894,
  'distance_accuracy_value','confusion accuracy');
#11898 = CONTEXT_DEPENDENT_SHAPE_REPRESENTATION(#11899,#11901);
#11899 = ( REPRESENTATION_RELATIONSHIP('','',#11834,#10) 
REPRESENTATION_RELATIONSHIP_WITH_TRANSFORMATION(#11900) 
SHAPE_REPRESENTATION_RELATIONSHIP() );
#11900 = ITEM_DEFINED_TRANSFORMATION('','',#11,#583);
#11901 = PRODUCT_DEFINITION_SHAPE('Placement','Placement of an item',
  #11902);
#11902 = NEXT_ASSEMBLY_USAGE_OCCURRENCE('1907','','',#5,#11829,$);
#11903 = PRODUCT_RELATED_PRODUCT_CATEGORY('part',$,(#11831));
#11904 = SHAPE_DEFINITION_REPRESENTATION(#11905,#11911);
#11905 = PRODUCT_DEFINITION_SHAPE('','',#11906);
#11906 = PRODUCT_DEFINITION('design','',#11907,#11910);
#11907 = PRODUCT_DEFINITION_FORMATION('','',#11908);
#11908 = PRODUCT('Open CASCADE STEP translator 7.9 2.144',
  'Open CASCADE STEP translator 7.9 2.144','',(#11909));
#11909 = PRODUCT_CONTEXT('',#2,'mechanical');
#11910 = PRODUCT_DEFINITION_CONTEXT('part definition',#2,'design');
#11911 = MANIFOLD_SURFACE_SHAPE_REPRESENTATION('',(#11,#11912),#11970);
#11912 = SHELL_BASED_SURFACE_MODEL('',(#11913));
#11913 = OPEN_SHELL('',(#11914));
#11914 = ADVANCED_FACE('',(#11915),#11929,.T.);
#11915 = FACE_BOUND('',#11916,.T.);
#11916 = EDGE_LOOP('',(#11917,#11940,#11956));
#11917 = ORIENTED_EDGE('',*,*,#11918,.T.);
#11918 = EDGE_CURVE('',#11919,#11921,#11923,.T.);
#11919 = VERTEX_POINT('',#11920);
#11920 = CARTESIAN_POINT('',(-7.48075,2.72277,338.));
#11921 = VERTEX_POINT('',#11922);
#11922 = CARTESIAN_POINT('',(-6.47214,4.70228,349.161));
#11923 = SURFACE_CURVE('',#11924,(#11928),.PCURVE_S1.);
#11924 = LINE('',#11925,#11926);
#11925 = CARTESIAN_POINT('',(-7.48075,2.72277,338.));
#11926 = VECTOR('',#11927,1.);
#11927 = DIRECTION('',(8.863030082191E-02,0.173946884108,0.980758457157)
  );
#11928 = PCURVE('',#11929,#11934);
#11929 = PLANE('',#11930);
#11930 = AXIS2_PLACEMENT_3D('',#11931,#11932,#11933);
#11931 = CARTESIAN_POINT('',(-7.48075,2.72277,338.));
#11932 = DIRECTION('',(-0.891006655743,0.453990241549,-0.));
#11933 = DIRECTION('',(-0.453990241549,-0.891006655743,0.));
#11934 = DEFINITIONAL_REPRESENTATION('',(#11935),#11939);
#11935 = LINE('',#11936,#11937);
#11936 = CARTESIAN_POINT('',(0.,0.));
#11937 = VECTOR('',#11938,1.);
#11938 = DIRECTION('',(-0.195225123165,0.980758457157));
#11939 = ( GEOMETRIC_REPRESENTATION_CONTEXT(2) 
PARAMETRIC_REPRESENTATION_CONTEXT() REPRESENTATION_CONTEXT('2D SPACE',''
  ) );
#11940 = ORIENTED_EDGE('',*,*,#11941,.F.);
#11941 = EDGE_CURVE('',#11942,#11921,#11944,.T.);
#11942 = VERTEX_POINT('',#11943);
#11943 = CARTESIAN_POINT('',(-7.48075,2.72277,12.));
#11944 = SURFACE_CURVE('',#11945,(#11949),.PCURVE_S1.);
#11945 = LINE('',#11946,#11947);
#11946 = CARTESIAN_POINT('',(-7.48075,2.72277,12.));
#11947 = VECTOR('',#11948,1.);
#11948 = DIRECTION('',(2.991413907135E-03,5.870984566198E-03,
    0.999978291256));
#11949 = PCURVE('',#11929,#11950);
#11950 = DEFINITIONAL_REPRESENTATION('',(#11951),#11955);
#11951 = LINE('',#11952,#11953);
#11952 = CARTESIAN_POINT('',(-0.,-326.));
#11953 = VECTOR('',#11954,1.);
#11954 = DIRECTION('',(-6.58915904652E-03,0.999978291256));
#11955 = ( GEOMETRIC_REPRESENTATION_CONTEXT(2) 
PARAMETRIC_REPRESENTATION_CONTEXT() REPRESENTATION_CONTEXT('2D SPACE',''
  ) );
#11956 = ORIENTED_EDGE('',*,*,#11957,.F.);
#11957 = EDGE_CURVE('',#11919,#11942,#11958,.T.);
#11958 = SURFACE_CURVE('',#11959,(#11963),.PCURVE_S1.);
#11959 = LINE('',#11960,#11961);
#11960 = CARTESIAN_POINT('',(-7.48075,2.72277,338.));
#11961 = VECTOR('',#11962,1.);
#11962 = DIRECTION('',(0.,0.,-1.));
#11963 = PCURVE('',#11929,#11964);
#11964 = DEFINITIONAL_REPRESENTATION('',(#11965),#11969);
#11965 = LINE('',#11966,#11967);
#11966 = CARTESIAN_POINT('',(0.,0.));
#11967 = VECTOR('',#11968,1.);
#11968 = DIRECTION('',(-0.,-1.));
#11969 = ( GEOMETRIC_REPRESENTATION_CONTEXT(2) 
PARAMETRIC_REPRESENTATION_CONTEXT() REPRESENTATION_CONTEXT('2D SPACE',''
  ) );
#11970 = ( GEOMETRIC_REPRESENTATION_CONTEXT(3) 
GLOBAL_UNCERTAINTY_ASSIGNED_CONTEXT((#11974)) 
GLOBAL_UNIT_ASSIGNED_CONTEXT((#11971,#11972,#11973)) 
REPRESENTATION_CONTEXT('Context #1',
  '3D Context with UNIT and UNCERTAINTY') );
#11971 = ( LENGTH_UNIT() NAMED_UNIT(*) SI_UNIT(.MILLI.,.METRE.) );
#11972 = ( NAMED_UNIT(*) PLANE_ANGLE_UNIT() SI_UNIT($,.RADIAN.) );
#11973 = ( NAMED_UNIT(*) SI_UNIT($,.STERADIAN.) SOLID_ANGLE_UNIT() );
#11974 = UNCERTAINTY_MEASURE_WITH_UNIT(LENGTH_MEASURE(1.E-07),#11971,
  'distance_accuracy_value','confusion accuracy');
#11975 = CONTEXT_DEPENDENT_SHAPE_REPRESENTATION(#11976,#11978);
#11976 = ( REPRESENTATION_RELATIONSHIP('','',#11911,#10) 
REPRESENTATION_RELATIONSHIP_WITH_TRANSFORMATION(#11977) 
SHAPE_REPRESENTATION_RELATIONSHIP() );
#11977 = ITEM_DEFINED_TRANSFORMATION('','',#11,#587);
#11978 = PRODUCT_DEFINITION_SHAPE('Placement','Placement of an item',
  #11979);
#11979 = NEXT_ASSEMBLY_USAGE_OCCURRENCE('1908','','',#5,#11906,$);
#11980 = PRODUCT_RELATED_PRODUCT_CATEGORY('part',$,(#11908));
#11981 = SHAPE_DEFINITION_REPRESENTATION(#11982,#11988);
#11982 = PRODUCT_DEFINITION_SHAPE('','',#11983);
#11983 = PRODUCT_DEFINITION('design','',#11984,#11987);
#11984 = PRODUCT_DEFINITION_FORMATION('','',#11985);
#11985 = PRODUCT('Open CASCADE STEP translator 7.9 2.145',
  'Open CASCADE STEP translator 7.9 2.145','',(#11986));
#11986 = PRODUCT_CONTEXT('',#2,'mechanical');
#11987 = PRODUCT_DEFINITION_CONTEXT('part definition',#2,'design');
#11988 = MANIFOLD_SURFACE_SHAPE_REPRESENTATION('',(#11,#11989),#12047);
#11989 = SHELL_BASED_SURFACE_MODEL('',(#11990));
#11990 = OPEN_SHELL('',(#11991));
#11991 = ADVANCED_FACE('',(#11992),#12006,.T.);
#11992 = FACE_BOUND('',#11993,.T.);
#11993 = EDGE_LOOP('',(#11994,#12017,#12033));
#11994 = ORIENTED_EDGE('',*,*,#11995,.T.);
#11995 = EDGE_CURVE('',#11996,#11998,#12000,.T.);
#11996 = VERTEX_POINT('',#11997);
#11997 = CARTESIAN_POINT('',(-7.48075,2.72277,343.));
#11998 = VERTEX_POINT('',#11999);
#11999 = CARTESIAN_POINT('',(-6.47214,4.70228,349.161));
#12000 = SURFACE_CURVE('',#12001,(#12005),.PCURVE_S1.);
#12001 = LINE('',#12002,#12003);
#12002 = CARTESIAN_POINT('',(-7.48075,2.72277,343.));
#12003 = VECTOR('',#12004,1.);
#12004 = DIRECTION('',(0.154002099443,0.302246354754,0.940707443579));
#12005 = PCURVE('',#12006,#12011);
#12006 = PLANE('',#12007);
#12007 = AXIS2_PLACEMENT_3D('',#12008,#12009,#12010);
#12008 = CARTESIAN_POINT('',(-7.48075,2.72277,343.));
#12009 = DIRECTION('',(-0.891006655743,0.453990241549,-0.));
#12010 = DIRECTION('',(-0.453990241549,-0.891006655743,0.));
#12011 = DEFINITIONAL_REPRESENTATION('',(#12012),#12016);
#12012 = LINE('',#12013,#12014);
#12013 = CARTESIAN_POINT('',(0.,0.));
#12014 = VECTOR('',#12015,1.);
#12015 = DIRECTION('',(-0.339218964085,0.940707443579));
#12016 = ( GEOMETRIC_REPRESENTATION_CONTEXT(2) 
PARAMETRIC_REPRESENTATION_CONTEXT() REPRESENTATION_CONTEXT('2D SPACE',''
  ) );
#12017 = ORIENTED_EDGE('',*,*,#12018,.F.);
#12018 = EDGE_CURVE('',#12019,#11998,#12021,.T.);
#12019 = VERTEX_POINT('',#12020);
#12020 = CARTESIAN_POINT('',(-7.48075,2.72277,338.));
#12021 = SURFACE_CURVE('',#12022,(#12026),.PCURVE_S1.);
#12022 = LINE('',#12023,#12024);
#12023 = CARTESIAN_POINT('',(-7.48075,2.72277,338.));
#12024 = VECTOR('',#12025,1.);
#12025 = DIRECTION('',(8.863030082191E-02,0.173946884108,0.980758457157)
  );
#12026 = PCURVE('',#12006,#12027);
#12027 = DEFINITIONAL_REPRESENTATION('',(#12028),#12032);
#12028 = LINE('',#12029,#12030);
#12029 = CARTESIAN_POINT('',(-0.,-5.));
#12030 = VECTOR('',#12031,1.);
#12031 = DIRECTION('',(-0.195225123165,0.980758457157));
#12032 = ( GEOMETRIC_REPRESENTATION_CONTEXT(2) 
PARAMETRIC_REPRESENTATION_CONTEXT() REPRESENTATION_CONTEXT('2D SPACE',''
  ) );
#12033 = ORIENTED_EDGE('',*,*,#12034,.F.);
#12034 = EDGE_CURVE('',#11996,#12019,#12035,.T.);
#12035 = SURFACE_CURVE('',#12036,(#12040),.PCURVE_S1.);
#12036 = LINE('',#12037,#12038);
#12037 = CARTESIAN_POINT('',(-7.48075,2.72277,343.));
#12038 = VECTOR('',#12039,1.);
#12039 = DIRECTION('',(0.,0.,-1.));
#12040 = PCURVE('',#12006,#12041);
#12041 = DEFINITIONAL_REPRESENTATION('',(#12042),#12046);
#12042 = LINE('',#12043,#12044);
#12043 = CARTESIAN_POINT('',(0.,0.));
#12044 = VECTOR('',#12045,1.);
#12045 = DIRECTION('',(-0.,-1.));
#12046 = ( GEOMETRIC_REPRESENTATION_CONTEXT(2) 
PARAMETRIC_REPRESENTATION_CONTEXT() REPRESENTATION_CONTEXT('2D SPACE',''
  ) );
#12047 = ( GEOMETRIC_REPRESENTATION_CONTEXT(3) 
GLOBAL_UNCERTAINTY_ASSIGNED_CONTEXT((#12051)) 
GLOBAL_UNIT_ASSIGNED_CONTEXT((#12048,#12049,#12050)) 
REPRESENTATION_CONTEXT('Context #1',
  '3D Context with UNIT and UNCERTAINTY') );
#12048 = ( LENGTH_UNIT() NAMED_UNIT(*) SI_UNIT(.MILLI.,.METRE.) );
#12049 = ( NAMED_UNIT(*) PLANE_ANGLE_UNIT() SI_UNIT($,.RADIAN.) );
#12050 = ( NAMED_UNIT(*) SI_UNIT($,.STERADIAN.) SOLID_ANGLE_UNIT() );
#12051 = UNCERTAINTY_MEASURE_WITH_UNIT(LENGTH_MEASURE(1.E-07),#12048,
  'distance_accuracy_value','confusion accuracy');
#12052 = CONTEXT_DEPENDENT_SHAPE_REPRESENTATION(#12053,#12055);
#12053 = ( REPRESENTATION_RELATIONSHIP('','',#11988,#10) 
REPRESENTATION_RELATIONSHIP_WITH_TRANSFORMATION(#12054) 
SHAPE_REPRESENTATION_RELATIONSHIP() );
#12054 = ITEM_DEFINED_TRANSFORMATION('','',#11,#591);
#12055 = PRODUCT_DEFINITION_SHAPE('Placement','Placement of an item',
  #12056);
#12056 = NEXT_ASSEMBLY_USAGE_OCCURRENCE('1909','','',#5,#11983,$);
#12057 = PRODUCT_RELATED_PRODUCT_CATEGORY('part',$,(#11985));
#12058 = SHAPE_DEFINITION_REPRESENTATION(#12059,#12065);
#12059 = PRODUCT_DEFINITION_SHAPE('','',#12060);
#12060 = PRODUCT_DEFINITION('design','',#12061,#12064);
#12061 = PRODUCT_DEFINITION_FORMATION('','',#12062);
#12062 = PRODUCT('Open CASCADE STEP translator 7.9 2.146',
  'Open CASCADE STEP translator 7.9 2.146','',(#12063));
#12063 = PRODUCT_CONTEXT('',#2,'mechanical');
#12064 = PRODUCT_DEFINITION_CONTEXT('part definition',#2,'design');
#12065 = MANIFOLD_SURFACE_SHAPE_REPRESENTATION('',(#11,#12066),#12124);
#12066 = SHELL_BASED_SURFACE_MODEL('',(#12067));
#12067 = OPEN_SHELL('',(#12068));
#12068 = ADVANCED_FACE('',(#12069),#12083,.T.);
#12069 = FACE_BOUND('',#12070,.T.);
#12070 = EDGE_LOOP('',(#12071,#12094,#12110));
#12071 = ORIENTED_EDGE('',*,*,#12072,.T.);
#12072 = EDGE_CURVE('',#12073,#12075,#12077,.T.);
#12073 = VERTEX_POINT('',#12074);
#12074 = CARTESIAN_POINT('',(-7.48075,2.72277,343.));
#12075 = VERTEX_POINT('',#12076);
#12076 = CARTESIAN_POINT('',(-7.60845,2.47214,349.161));
#12077 = SURFACE_CURVE('',#12078,(#12082),.PCURVE_S1.);
#12078 = LINE('',#12079,#12080);
#12079 = CARTESIAN_POINT('',(-7.48075,2.72277,343.));
#12080 = VECTOR('',#12081,1.);
#12081 = DIRECTION('',(-2.07055856837E-02,-4.063775207444E-02,
    0.998959384474));
#12082 = PCURVE('',#12083,#12088);
#12083 = PLANE('',#12084);
#12084 = AXIS2_PLACEMENT_3D('',#12085,#12086,#12087);
#12085 = CARTESIAN_POINT('',(-7.48075,2.72277,343.));
#12086 = DIRECTION('',(-0.891007022915,0.453989520931,2.916417192629E-07
    ));
#12087 = DIRECTION('',(-0.453989520931,-0.891007022916,
    -2.64697796017E-23));
#12088 = DEFINITIONAL_REPRESENTATION('',(#12089),#12093);
#12089 = LINE('',#12090,#12091);
#12090 = CARTESIAN_POINT('',(-0.,0.));
#12091 = VECTOR('',#12092,1.);
#12092 = DIRECTION('',(4.560864141896E-02,0.998959384474));
#12093 = ( GEOMETRIC_REPRESENTATION_CONTEXT(2) 
PARAMETRIC_REPRESENTATION_CONTEXT() REPRESENTATION_CONTEXT('2D SPACE',''
  ) );
#12094 = ORIENTED_EDGE('',*,*,#12095,.T.);
#12095 = EDGE_CURVE('',#12075,#12096,#12098,.T.);
#12096 = VERTEX_POINT('',#12097);
#12097 = CARTESIAN_POINT('',(-6.47214,4.70228,349.161));
#12098 = SURFACE_CURVE('',#12099,(#12103),.PCURVE_S1.);
#12099 = LINE('',#12100,#12101);
#12100 = CARTESIAN_POINT('',(-7.60845,2.47214,349.161));
#12101 = VECTOR('',#12102,1.);
#12102 = DIRECTION('',(0.453989520931,0.891007022916,0.));
#12103 = PCURVE('',#12083,#12104);
#12104 = DEFINITIONAL_REPRESENTATION('',(#12105),#12109);
#12105 = LINE('',#12106,#12107);
#12106 = CARTESIAN_POINT('',(0.281287551976,6.161));
#12107 = VECTOR('',#12108,1.);
#12108 = DIRECTION('',(-1.,-3.970466940255E-23));
#12109 = ( GEOMETRIC_REPRESENTATION_CONTEXT(2) 
PARAMETRIC_REPRESENTATION_CONTEXT() REPRESENTATION_CONTEXT('2D SPACE',''
  ) );
#12110 = ORIENTED_EDGE('',*,*,#12111,.F.);
#12111 = EDGE_CURVE('',#12073,#12096,#12112,.T.);
#12112 = SURFACE_CURVE('',#12113,(#12117),.PCURVE_S1.);
#12113 = LINE('',#12114,#12115);
#12114 = CARTESIAN_POINT('',(-7.48075,2.72277,343.));
#12115 = VECTOR('',#12116,1.);
#12116 = DIRECTION('',(0.154002099443,0.302246354754,0.940707443579));
#12117 = PCURVE('',#12083,#12118);
#12118 = DEFINITIONAL_REPRESENTATION('',(#12119),#12123);
#12119 = LINE('',#12120,#12121);
#12120 = CARTESIAN_POINT('',(-0.,0.));
#12121 = VECTOR('',#12122,1.);
#12122 = DIRECTION('',(-0.339218964085,0.940707443579));
#12123 = ( GEOMETRIC_REPRESENTATION_CONTEXT(2) 
PARAMETRIC_REPRESENTATION_CONTEXT() REPRESENTATION_CONTEXT('2D SPACE',''
  ) );
#12124 = ( GEOMETRIC_REPRESENTATION_CONTEXT(3) 
GLOBAL_UNCERTAINTY_ASSIGNED_CONTEXT((#12128)) 
GLOBAL_UNIT_ASSIGNED_CONTEXT((#12125,#12126,#12127)) 
REPRESENTATION_CONTEXT('Context #1',
  '3D Context with UNIT and UNCERTAINTY') );
#12125 = ( LENGTH_UNIT() NAMED_UNIT(*) SI_UNIT(.MILLI.,.METRE.) );
#12126 = ( NAMED_UNIT(*) PLANE_ANGLE_UNIT() SI_UNIT($,.RADIAN.) );
#12127 = ( NAMED_UNIT(*) SI_UNIT($,.STERADIAN.) SOLID_ANGLE_UNIT() );
#12128 = UNCERTAINTY_MEASURE_WITH_UNIT(LENGTH_MEASURE(1.E-07),#12125,
  'distance_accuracy_value','confusion accuracy');
#12129 = CONTEXT_DEPENDENT_SHAPE_REPRESENTATION(#12130,#12132);
#12130 = ( REPRESENTATION_RELATIONSHIP('','',#12065,#10) 
REPRESENTATION_RELATIONSHIP_WITH_TRANSFORMATION(#12131) 
SHAPE_REPRESENTATION_RELATIONSHIP() );
#12131 = ITEM_DEFINED_TRANSFORMATION('','',#11,#595);
#12132 = PRODUCT_DEFINITION_SHAPE('Placement','Placement of an item',
  #12133);
#12133 = NEXT_ASSEMBLY_USAGE_OCCURRENCE('1910','','',#5,#12060,$);
#12134 = PRODUCT_RELATED_PRODUCT_CATEGORY('part',$,(#12062));
#12135 = SHAPE_DEFINITION_REPRESENTATION(#12136,#12142);
#12136 = PRODUCT_DEFINITION_SHAPE('','',#12137);
#12137 = PRODUCT_DEFINITION('design','',#12138,#12141);
#12138 = PRODUCT_DEFINITION_FORMATION('','',#12139);
#12139 = PRODUCT('Open CASCADE STEP translator 7.9 2.147',
  'Open CASCADE STEP translator 7.9 2.147','',(#12140));
#12140 = PRODUCT_CONTEXT('',#2,'mechanical');
#12141 = PRODUCT_DEFINITION_CONTEXT('part definition',#2,'design');
#12142 = MANIFOLD_SURFACE_SHAPE_REPRESENTATION('',(#11,#12143),#12201);
#12143 = SHELL_BASED_SURFACE_MODEL('',(#12144));
#12144 = OPEN_SHELL('',(#12145));
#12145 = ADVANCED_FACE('',(#12146),#12160,.T.);
#12146 = FACE_BOUND('',#12147,.T.);
#12147 = EDGE_LOOP('',(#12148,#12171,#12187));
#12148 = ORIENTED_EDGE('',*,*,#12149,.F.);
#12149 = EDGE_CURVE('',#12150,#12152,#12154,.T.);
#12150 = VERTEX_POINT('',#12151);
#12151 = CARTESIAN_POINT('',(-7.60845,2.47214,349.161));
#12152 = VERTEX_POINT('',#12153);
#12153 = CARTESIAN_POINT('',(-7.60845,2.47214,343.));
#12154 = SURFACE_CURVE('',#12155,(#12159),.PCURVE_S1.);
#12155 = LINE('',#12156,#12157);
#12156 = CARTESIAN_POINT('',(-7.60845,2.47214,349.161));
#12157 = VECTOR('',#12158,1.);
#12158 = DIRECTION('',(0.,0.,-1.));
#12159 = PCURVE('',#12160,#12165);
#12160 = PLANE('',#12161);
#12161 = AXIS2_PLACEMENT_3D('',#12162,#12163,#12164);
#12162 = CARTESIAN_POINT('',(-7.60845,2.47214,343.));
#12163 = DIRECTION('',(-0.891009922885,0.45398382936,0.));
#12164 = DIRECTION('',(-0.45398382936,-0.891009922885,0.));
#12165 = DEFINITIONAL_REPRESENTATION('',(#12166),#12170);
#12166 = LINE('',#12167,#12168);
#12167 = CARTESIAN_POINT('',(0.,6.161));
#12168 = VECTOR('',#12169,1.);
#12169 = DIRECTION('',(-0.,-1.));
#12170 = ( GEOMETRIC_REPRESENTATION_CONTEXT(2) 
PARAMETRIC_REPRESENTATION_CONTEXT() REPRESENTATION_CONTEXT('2D SPACE',''
  ) );
#12171 = ORIENTED_EDGE('',*,*,#12172,.F.);
#12172 = EDGE_CURVE('',#12173,#12150,#12175,.T.);
#12173 = VERTEX_POINT('',#12174);
#12174 = CARTESIAN_POINT('',(-7.48075,2.72277,343.));
#12175 = SURFACE_CURVE('',#12176,(#12180),.PCURVE_S1.);
#12176 = LINE('',#12177,#12178);
#12177 = CARTESIAN_POINT('',(-7.48075,2.72277,343.));
#12178 = VECTOR('',#12179,1.);
#12179 = DIRECTION('',(-2.07055856837E-02,-4.063775207444E-02,
    0.998959384474));
#12180 = PCURVE('',#12160,#12181);
#12181 = DEFINITIONAL_REPRESENTATION('',(#12182),#12186);
#12182 = LINE('',#12183,#12184);
#12183 = CARTESIAN_POINT('',(-0.281287551982,0.));
#12184 = VECTOR('',#12185,1.);
#12185 = DIRECTION('',(4.560864141989E-02,0.998959384474));
#12186 = ( GEOMETRIC_REPRESENTATION_CONTEXT(2) 
PARAMETRIC_REPRESENTATION_CONTEXT() REPRESENTATION_CONTEXT('2D SPACE',''
  ) );
#12187 = ORIENTED_EDGE('',*,*,#12188,.F.);
#12188 = EDGE_CURVE('',#12152,#12173,#12189,.T.);
#12189 = SURFACE_CURVE('',#12190,(#12194),.PCURVE_S1.);
#12190 = LINE('',#12191,#12192);
#12191 = CARTESIAN_POINT('',(-7.60845,2.47214,343.));
#12192 = VECTOR('',#12193,1.);
#12193 = DIRECTION('',(0.45398382936,0.891009922885,0.));
#12194 = PCURVE('',#12160,#12195);
#12195 = DEFINITIONAL_REPRESENTATION('',(#12196),#12200);
#12196 = LINE('',#12197,#12198);
#12197 = CARTESIAN_POINT('',(0.,0.));
#12198 = VECTOR('',#12199,1.);
#12199 = DIRECTION('',(-1.,0.));
#12200 = ( GEOMETRIC_REPRESENTATION_CONTEXT(2) 
PARAMETRIC_REPRESENTATION_CONTEXT() REPRESENTATION_CONTEXT('2D SPACE',''
  ) );
#12201 = ( GEOMETRIC_REPRESENTATION_CONTEXT(3) 
GLOBAL_UNCERTAINTY_ASSIGNED_CONTEXT((#12205)) 
GLOBAL_UNIT_ASSIGNED_CONTEXT((#12202,#12203,#12204)) 
REPRESENTATION_CONTEXT('Context #1',
  '3D Context with UNIT and UNCERTAINTY') );
#12202 = ( LENGTH_UNIT() NAMED_UNIT(*) SI_UNIT(.MILLI.,.METRE.) );
#12203 = ( NAMED_UNIT(*) PLANE_ANGLE_UNIT() SI_UNIT($,.RADIAN.) );
#12204 = ( NAMED_UNIT(*) SI_UNIT($,.STERADIAN.) SOLID_ANGLE_UNIT() );
#12205 = UNCERTAINTY_MEASURE_WITH_UNIT(LENGTH_MEASURE(1.E-07),#12202,
  'distance_accuracy_value','confusion accuracy');
#12206 = CONTEXT_DEPENDENT_SHAPE_REPRESENTATION(#12207,#12209);
#12207 = ( REPRESENTATION_RELATIONSHIP('','',#12142,#10) 
REPRESENTATION_RELATIONSHIP_WITH_TRANSFORMATION(#12208) 
SHAPE_REPRESENTATION_RELATIONSHIP() );
#12208 = ITEM_DEFINED_TRANSFORMATION('','',#11,#599);
#12209 = PRODUCT_DEFINITION_SHAPE('Placement','Placement of an item',
  #12210);
#12210 = NEXT_ASSEMBLY_USAGE_OCCURRENCE('1911','','',#5,#12137,$);
#12211 = PRODUCT_RELATED_PRODUCT_CATEGORY('part',$,(#12139));
#12212 = SHAPE_DEFINITION_REPRESENTATION(#12213,#12219);
#12213 = PRODUCT_DEFINITION_SHAPE('','',#12214);
#12214 = PRODUCT_DEFINITION('design','',#12215,#12218);
#12215 = PRODUCT_DEFINITION_FORMATION('','',#12216);
#12216 = PRODUCT('Open CASCADE STEP translator 7.9 2.148',
  'Open CASCADE STEP translator 7.9 2.148','',(#12217));
#12217 = PRODUCT_CONTEXT('',#2,'mechanical');
#12218 = PRODUCT_DEFINITION_CONTEXT('part definition',#2,'design');
#12219 = MANIFOLD_SURFACE_SHAPE_REPRESENTATION('',(#11,#12220),#12278);
#12220 = SHELL_BASED_SURFACE_MODEL('',(#12221));
#12221 = OPEN_SHELL('',(#12222));
#12222 = ADVANCED_FACE('',(#12223),#12237,.T.);
#12223 = FACE_BOUND('',#12224,.T.);
#12224 = EDGE_LOOP('',(#12225,#12248,#12264));
#12225 = ORIENTED_EDGE('',*,*,#12226,.T.);
#12226 = EDGE_CURVE('',#12227,#12229,#12231,.T.);
#12227 = VERTEX_POINT('',#12228);
#12228 = CARTESIAN_POINT('',(-6.47214,4.70228,0.838889));
#12229 = VERTEX_POINT('',#12230);
#12230 = CARTESIAN_POINT('',(-4.70228,6.47214,349.161));
#12231 = SURFACE_CURVE('',#12232,(#12236),.PCURVE_S1.);
#12232 = LINE('',#12233,#12234);
#12233 = CARTESIAN_POINT('',(-6.47214,4.70228,0.838889));
#12234 = VECTOR('',#12235,1.);
#12235 = DIRECTION('',(5.080970321305E-03,5.080970321305E-03,
    0.999974183407));
#12236 = PCURVE('',#12237,#12242);
#12237 = PLANE('',#12238);
#12238 = AXIS2_PLACEMENT_3D('',#12239,#12240,#12241);
#12239 = CARTESIAN_POINT('',(-6.47214,4.70228,0.838889));
#12240 = DIRECTION('',(-0.707106781187,0.707106781187,-0.));
#12241 = DIRECTION('',(0.707106781187,0.707106781187,0.));
#12242 = DEFINITIONAL_REPRESENTATION('',(#12243),#12247);
#12243 = LINE('',#12244,#12245);
#12244 = CARTESIAN_POINT('',(0.,0.));
#12245 = VECTOR('',#12246,1.);
#12246 = DIRECTION('',(7.185577138405E-03,-0.999974183407));
#12247 = ( GEOMETRIC_REPRESENTATION_CONTEXT(2) 
PARAMETRIC_REPRESENTATION_CONTEXT() REPRESENTATION_CONTEXT('2D SPACE',''
  ) );
#12248 = ORIENTED_EDGE('',*,*,#12249,.F.);
#12249 = EDGE_CURVE('',#12250,#12229,#12252,.T.);
#12250 = VERTEX_POINT('',#12251);
#12251 = CARTESIAN_POINT('',(-4.70228,6.47214,0.838889));
#12252 = SURFACE_CURVE('',#12253,(#12257),.PCURVE_S1.);
#12253 = LINE('',#12254,#12255);
#12254 = CARTESIAN_POINT('',(-4.70228,6.47214,0.838889));
#12255 = VECTOR('',#12256,1.);
#12256 = DIRECTION('',(0.,0.,1.));
#12257 = PCURVE('',#12237,#12258);
#12258 = DEFINITIONAL_REPRESENTATION('',(#12259),#12263);
#12259 = LINE('',#12260,#12261);
#12260 = CARTESIAN_POINT('',(2.502960015502,0.));
#12261 = VECTOR('',#12262,1.);
#12262 = DIRECTION('',(0.,-1.));
#12263 = ( GEOMETRIC_REPRESENTATION_CONTEXT(2) 
PARAMETRIC_REPRESENTATION_CONTEXT() REPRESENTATION_CONTEXT('2D SPACE',''
  ) );
#12264 = ORIENTED_EDGE('',*,*,#12265,.T.);
#12265 = EDGE_CURVE('',#12250,#12227,#12266,.T.);
#12266 = SURFACE_CURVE('',#12267,(#12271),.PCURVE_S1.);
#12267 = LINE('',#12268,#12269);
#12268 = CARTESIAN_POINT('',(-4.70228,6.47214,0.838889));
#12269 = VECTOR('',#12270,1.);
#12270 = DIRECTION('',(-0.707106781187,-0.707106781187,0.));
#12271 = PCURVE('',#12237,#12272);
#12272 = DEFINITIONAL_REPRESENTATION('',(#12273),#12277);
#12273 = LINE('',#12274,#12275);
#12274 = CARTESIAN_POINT('',(2.502960015502,0.));
#12275 = VECTOR('',#12276,1.);
#12276 = DIRECTION('',(-1.,-0.));
#12277 = ( GEOMETRIC_REPRESENTATION_CONTEXT(2) 
PARAMETRIC_REPRESENTATION_CONTEXT() REPRESENTATION_CONTEXT('2D SPACE',''
  ) );
#12278 = ( GEOMETRIC_REPRESENTATION_CONTEXT(3) 
GLOBAL_UNCERTAINTY_ASSIGNED_CONTEXT((#12282)) 
GLOBAL_UNIT_ASSIGNED_CONTEXT((#12279,#12280,#12281)) 
REPRESENTATION_CONTEXT('Context #1',
  '3D Context with UNIT and UNCERTAINTY') );
#12279 = ( LENGTH_UNIT() NAMED_UNIT(*) SI_UNIT(.MILLI.,.METRE.) );
#12280 = ( NAMED_UNIT(*) PLANE_ANGLE_UNIT() SI_UNIT($,.RADIAN.) );
#12281 = ( NAMED_UNIT(*) SI_UNIT($,.STERADIAN.) SOLID_ANGLE_UNIT() );
#12282 = UNCERTAINTY_MEASURE_WITH_UNIT(LENGTH_MEASURE(1.E-07),#12279,
  'distance_accuracy_value','confusion accuracy');
#12283 = CONTEXT_DEPENDENT_SHAPE_REPRESENTATION(#12284,#12286);
#12284 = ( REPRESENTATION_RELATIONSHIP('','',#12219,#10) 
REPRESENTATION_RELATIONSHIP_WITH_TRANSFORMATION(#12285) 
SHAPE_REPRESENTATION_RELATIONSHIP() );
#12285 = ITEM_DEFINED_TRANSFORMATION('','',#11,#603);
#12286 = PRODUCT_DEFINITION_SHAPE('Placement','Placement of an item',
  #12287);
#12287 = NEXT_ASSEMBLY_USAGE_OCCURRENCE('1912','','',#5,#12214,$);
#12288 = PRODUCT_RELATED_PRODUCT_CATEGORY('part',$,(#12216));
#12289 = SHAPE_DEFINITION_REPRESENTATION(#12290,#12296);
#12290 = PRODUCT_DEFINITION_SHAPE('','',#12291);
#12291 = PRODUCT_DEFINITION('design','',#12292,#12295);
#12292 = PRODUCT_DEFINITION_FORMATION('','',#12293);
#12293 = PRODUCT('Open CASCADE STEP translator 7.9 2.149',
  'Open CASCADE STEP translator 7.9 2.149','',(#12294));
#12294 = PRODUCT_CONTEXT('',#2,'mechanical');
#12295 = PRODUCT_DEFINITION_CONTEXT('part definition',#2,'design');
#12296 = MANIFOLD_SURFACE_SHAPE_REPRESENTATION('',(#11,#12297),#12355);
#12297 = SHELL_BASED_SURFACE_MODEL('',(#12298));
#12298 = OPEN_SHELL('',(#12299));
#12299 = ADVANCED_FACE('',(#12300),#12314,.T.);
#12300 = FACE_BOUND('',#12301,.T.);
#12301 = EDGE_LOOP('',(#12302,#12325,#12341));
#12302 = ORIENTED_EDGE('',*,*,#12303,.F.);
#12303 = EDGE_CURVE('',#12304,#12306,#12308,.T.);
#12304 = VERTEX_POINT('',#12305);
#12305 = CARTESIAN_POINT('',(-6.47214,4.70228,0.838889));
#12306 = VERTEX_POINT('',#12307);
#12307 = CARTESIAN_POINT('',(-4.70228,6.47214,349.161));
#12308 = SURFACE_CURVE('',#12309,(#12313),.PCURVE_S1.);
#12309 = LINE('',#12310,#12311);
#12310 = CARTESIAN_POINT('',(-6.47214,4.70228,0.838889));
#12311 = VECTOR('',#12312,1.);
#12312 = DIRECTION('',(5.080970321305E-03,5.080970321305E-03,
    0.999974183407));
#12313 = PCURVE('',#12314,#12319);
#12314 = PLANE('',#12315);
#12315 = AXIS2_PLACEMENT_3D('',#12316,#12317,#12318);
#12316 = CARTESIAN_POINT('',(-4.70228,6.47214,349.161));
#12317 = DIRECTION('',(-0.707106781187,0.707106781187,0.));
#12318 = DIRECTION('',(0.707106781187,0.707106781187,0.));
#12319 = DEFINITIONAL_REPRESENTATION('',(#12320),#12324);
#12320 = LINE('',#12321,#12322);
#12321 = CARTESIAN_POINT('',(-2.502960015502,348.322111));
#12322 = VECTOR('',#12323,1.);
#12323 = DIRECTION('',(7.185577138405E-03,-0.999974183407));
#12324 = ( GEOMETRIC_REPRESENTATION_CONTEXT(2) 
PARAMETRIC_REPRESENTATION_CONTEXT() REPRESENTATION_CONTEXT('2D SPACE',''
  ) );
#12325 = ORIENTED_EDGE('',*,*,#12326,.F.);
#12326 = EDGE_CURVE('',#12327,#12304,#12329,.T.);
#12327 = VERTEX_POINT('',#12328);
#12328 = CARTESIAN_POINT('',(-6.47214,4.70228,349.161));
#12329 = SURFACE_CURVE('',#12330,(#12334),.PCURVE_S1.);
#12330 = LINE('',#12331,#12332);
#12331 = CARTESIAN_POINT('',(-6.47214,4.70228,349.161));
#12332 = VECTOR('',#12333,1.);
#12333 = DIRECTION('',(0.,0.,-1.));
#12334 = PCURVE('',#12314,#12335);
#12335 = DEFINITIONAL_REPRESENTATION('',(#12336),#12340);
#12336 = LINE('',#12337,#12338);
#12337 = CARTESIAN_POINT('',(-2.502960015502,-0.));
#12338 = VECTOR('',#12339,1.);
#12339 = DIRECTION('',(0.,1.));
#12340 = ( GEOMETRIC_REPRESENTATION_CONTEXT(2) 
PARAMETRIC_REPRESENTATION_CONTEXT() REPRESENTATION_CONTEXT('2D SPACE',''
  ) );
#12341 = ORIENTED_EDGE('',*,*,#12342,.T.);
#12342 = EDGE_CURVE('',#12327,#12306,#12343,.T.);
#12343 = SURFACE_CURVE('',#12344,(#12348),.PCURVE_S1.);
#12344 = LINE('',#12345,#12346);
#12345 = CARTESIAN_POINT('',(-6.47214,4.70228,349.161));
#12346 = VECTOR('',#12347,1.);
#12347 = DIRECTION('',(0.707106781187,0.707106781187,0.));
#12348 = PCURVE('',#12314,#12349);
#12349 = DEFINITIONAL_REPRESENTATION('',(#12350),#12354);
#12350 = LINE('',#12351,#12352);
#12351 = CARTESIAN_POINT('',(-2.502960015502,-0.));
#12352 = VECTOR('',#12353,1.);
#12353 = DIRECTION('',(1.,0.));
#12354 = ( GEOMETRIC_REPRESENTATION_CONTEXT(2) 
PARAMETRIC_REPRESENTATION_CONTEXT() REPRESENTATION_CONTEXT('2D SPACE',''
  ) );
#12355 = ( GEOMETRIC_REPRESENTATION_CONTEXT(3) 
GLOBAL_UNCERTAINTY_ASSIGNED_CONTEXT((#12359)) 
GLOBAL_UNIT_ASSIGNED_CONTEXT((#12356,#12357,#12358)) 
REPRESENTATION_CONTEXT('Context #1',
  '3D Context with UNIT and UNCERTAINTY') );
#12356 = ( LENGTH_UNIT() NAMED_UNIT(*) SI_UNIT(.MILLI.,.METRE.) );
#12357 = ( NAMED_UNIT(*) PLANE_ANGLE_UNIT() SI_UNIT($,.RADIAN.) );
#12358 = ( NAMED_UNIT(*) SI_UNIT($,.STERADIAN.) SOLID_ANGLE_UNIT() );
#12359 = UNCERTAINTY_MEASURE_WITH_UNIT(LENGTH_MEASURE(1.E-07),#12356,
  'distance_accuracy_value','confusion accuracy');
#12360 = CONTEXT_DEPENDENT_SHAPE_REPRESENTATION(#12361,#12363);
#12361 = ( REPRESENTATION_RELATIONSHIP('','',#12296,#10) 
REPRESENTATION_RELATIONSHIP_WITH_TRANSFORMATION(#12362) 
SHAPE_REPRESENTATION_RELATIONSHIP() );
#12362 = ITEM_DEFINED_TRANSFORMATION('','',#11,#607);
#12363 = PRODUCT_DEFINITION_SHAPE('Placement','Placement of an item',
  #12364);
#12364 = NEXT_ASSEMBLY_USAGE_OCCURRENCE('1913','','',#5,#12291,$);
#12365 = PRODUCT_RELATED_PRODUCT_CATEGORY('part',$,(#12293));
#12366 = SHAPE_DEFINITION_REPRESENTATION(#12367,#12373);
#12367 = PRODUCT_DEFINITION_SHAPE('','',#12368);
#12368 = PRODUCT_DEFINITION('design','',#12369,#12372);
#12369 = PRODUCT_DEFINITION_FORMATION('','',#12370);
#12370 = PRODUCT('Open CASCADE STEP translator 7.9 2.150',
  'Open CASCADE STEP translator 7.9 2.150','',(#12371));
#12371 = PRODUCT_CONTEXT('',#2,'mechanical');
#12372 = PRODUCT_DEFINITION_CONTEXT('part definition',#2,'design');
#12373 = MANIFOLD_SURFACE_SHAPE_REPRESENTATION('',(#11,#12374),#12432);
#12374 = SHELL_BASED_SURFACE_MODEL('',(#12375));
#12375 = OPEN_SHELL('',(#12376));
#12376 = ADVANCED_FACE('',(#12377),#12391,.T.);
#12377 = FACE_BOUND('',#12378,.T.);
#12378 = EDGE_LOOP('',(#12379,#12402,#12418));
#12379 = ORIENTED_EDGE('',*,*,#12380,.T.);
#12380 = EDGE_CURVE('',#12381,#12383,#12385,.T.);
#12381 = VERTEX_POINT('',#12382);
#12382 = CARTESIAN_POINT('',(7.60845,-2.47214,349.161));
#12383 = VERTEX_POINT('',#12384);
#12384 = CARTESIAN_POINT('',(7.48075,-2.72277,343.));
#12385 = SURFACE_CURVE('',#12386,(#12390),.PCURVE_S1.);
#12386 = LINE('',#12387,#12388);
#12387 = CARTESIAN_POINT('',(7.60845,-2.47214,349.161));
#12388 = VECTOR('',#12389,1.);
#12389 = DIRECTION('',(-2.07055856837E-02,-4.063775207444E-02,
    -0.998959384474));
#12390 = PCURVE('',#12391,#12396);
#12391 = PLANE('',#12392);
#12392 = AXIS2_PLACEMENT_3D('',#12393,#12394,#12395);
#12393 = CARTESIAN_POINT('',(7.60845,-2.47214,349.161));
#12394 = DIRECTION('',(0.891009922885,-0.45398382936,-0.));
#12395 = DIRECTION('',(0.45398382936,0.891009922885,0.));
#12396 = DEFINITIONAL_REPRESENTATION('',(#12397),#12401);
#12397 = LINE('',#12398,#12399);
#12398 = CARTESIAN_POINT('',(0.,0.));
#12399 = VECTOR('',#12400,1.);
#12400 = DIRECTION('',(-4.560864141989E-02,-0.998959384474));
#12401 = ( GEOMETRIC_REPRESENTATION_CONTEXT(2) 
PARAMETRIC_REPRESENTATION_CONTEXT() REPRESENTATION_CONTEXT('2D SPACE',''
  ) );
#12402 = ORIENTED_EDGE('',*,*,#12403,.F.);
#12403 = EDGE_CURVE('',#12404,#12383,#12406,.T.);
#12404 = VERTEX_POINT('',#12405);
#12405 = CARTESIAN_POINT('',(7.60845,-2.47214,343.));
#12406 = SURFACE_CURVE('',#12407,(#12411),.PCURVE_S1.);
#12407 = LINE('',#12408,#12409);
#12408 = CARTESIAN_POINT('',(7.60845,-2.47214,343.));
#12409 = VECTOR('',#12410,1.);
#12410 = DIRECTION('',(-0.45398382936,-0.891009922885,0.));
#12411 = PCURVE('',#12391,#12412);
#12412 = DEFINITIONAL_REPRESENTATION('',(#12413),#12417);
#12413 = LINE('',#12414,#12415);
#12414 = CARTESIAN_POINT('',(0.,-6.161));
#12415 = VECTOR('',#12416,1.);
#12416 = DIRECTION('',(-1.,0.));
#12417 = ( GEOMETRIC_REPRESENTATION_CONTEXT(2) 
PARAMETRIC_REPRESENTATION_CONTEXT() REPRESENTATION_CONTEXT('2D SPACE',''
  ) );
#12418 = ORIENTED_EDGE('',*,*,#12419,.T.);
#12419 = EDGE_CURVE('',#12404,#12381,#12420,.T.);
#12420 = SURFACE_CURVE('',#12421,(#12425),.PCURVE_S1.);
#12421 = LINE('',#12422,#12423);
#12422 = CARTESIAN_POINT('',(7.60845,-2.47214,343.));
#12423 = VECTOR('',#12424,1.);
#12424 = DIRECTION('',(0.,0.,1.));
#12425 = PCURVE('',#12391,#12426);
#12426 = DEFINITIONAL_REPRESENTATION('',(#12427),#12431);
#12427 = LINE('',#12428,#12429);
#12428 = CARTESIAN_POINT('',(0.,-6.161));
#12429 = VECTOR('',#12430,1.);
#12430 = DIRECTION('',(0.,1.));
#12431 = ( GEOMETRIC_REPRESENTATION_CONTEXT(2) 
PARAMETRIC_REPRESENTATION_CONTEXT() REPRESENTATION_CONTEXT('2D SPACE',''
  ) );
#12432 = ( GEOMETRIC_REPRESENTATION_CONTEXT(3) 
GLOBAL_UNCERTAINTY_ASSIGNED_CONTEXT((#12436)) 
GLOBAL_UNIT_ASSIGNED_CONTEXT((#12433,#12434,#12435)) 
REPRESENTATION_CONTEXT('Context #1',
  '3D Context with UNIT and UNCERTAINTY') );
#12433 = ( LENGTH_UNIT() NAMED_UNIT(*) SI_UNIT(.MILLI.,.METRE.) );
#12434 = ( NAMED_UNIT(*) PLANE_ANGLE_UNIT() SI_UNIT($,.RADIAN.) );
#12435 = ( NAMED_UNIT(*) SI_UNIT($,.STERADIAN.) SOLID_ANGLE_UNIT() );
#12436 = UNCERTAINTY_MEASURE_WITH_UNIT(LENGTH_MEASURE(1.E-07),#12433,
  'distance_accuracy_value','confusion accuracy');
#12437 = CONTEXT_DEPENDENT_SHAPE_REPRESENTATION(#12438,#12440);
#12438 = ( REPRESENTATION_RELATIONSHIP('','',#12373,#10) 
REPRESENTATION_RELATIONSHIP_WITH_TRANSFORMATION(#12439) 
SHAPE_REPRESENTATION_RELATIONSHIP() );
#12439 = ITEM_DEFINED_TRANSFORMATION('','',#11,#611);
#12440 = PRODUCT_DEFINITION_SHAPE('Placement','Placement of an item',
  #12441);
#12441 = NEXT_ASSEMBLY_USAGE_OCCURRENCE('1914','','',#5,#12368,$);
#12442 = PRODUCT_RELATED_PRODUCT_CATEGORY('part',$,(#12370));
#12443 = SHAPE_DEFINITION_REPRESENTATION(#12444,#12450);
#12444 = PRODUCT_DEFINITION_SHAPE('','',#12445);
#12445 = PRODUCT_DEFINITION('design','',#12446,#12449);
#12446 = PRODUCT_DEFINITION_FORMATION('','',#12447);
#12447 = PRODUCT('Open CASCADE STEP translator 7.9 2.151',
  'Open CASCADE STEP translator 7.9 2.151','',(#12448));
#12448 = PRODUCT_CONTEXT('',#2,'mechanical');
#12449 = PRODUCT_DEFINITION_CONTEXT('part definition',#2,'design');
#12450 = MANIFOLD_SURFACE_SHAPE_REPRESENTATION('',(#11,#12451),#12509);
#12451 = SHELL_BASED_SURFACE_MODEL('',(#12452));
#12452 = OPEN_SHELL('',(#12453));
#12453 = ADVANCED_FACE('',(#12454),#12468,.T.);
#12454 = FACE_BOUND('',#12455,.T.);
#12455 = EDGE_LOOP('',(#12456,#12479,#12495));
#12456 = ORIENTED_EDGE('',*,*,#12457,.T.);
#12457 = EDGE_CURVE('',#12458,#12460,#12462,.T.);
#12458 = VERTEX_POINT('',#12459);
#12459 = CARTESIAN_POINT('',(6.47214,-4.70228,349.161));
#12460 = VERTEX_POINT('',#12461);
#12461 = CARTESIAN_POINT('',(7.48075,-2.72277,338.));
#12462 = SURFACE_CURVE('',#12463,(#12467),.PCURVE_S1.);
#12463 = LINE('',#12464,#12465);
#12464 = CARTESIAN_POINT('',(6.47214,-4.70228,349.161));
#12465 = VECTOR('',#12466,1.);
#12466 = DIRECTION('',(8.863030082191E-02,0.173946884108,-0.980758457157
    ));
#12467 = PCURVE('',#12468,#12473);
#12468 = PLANE('',#12469);
#12469 = AXIS2_PLACEMENT_3D('',#12470,#12471,#12472);
#12470 = CARTESIAN_POINT('',(6.47214,-4.70228,349.161));
#12471 = DIRECTION('',(0.891006655743,-0.453990241549,-0.));
#12472 = DIRECTION('',(0.453990241549,0.891006655743,0.));
#12473 = DEFINITIONAL_REPRESENTATION('',(#12474),#12478);
#12474 = LINE('',#12475,#12476);
#12475 = CARTESIAN_POINT('',(0.,0.));
#12476 = VECTOR('',#12477,1.);
#12477 = DIRECTION('',(0.195225123165,-0.980758457157));
#12478 = ( GEOMETRIC_REPRESENTATION_CONTEXT(2) 
PARAMETRIC_REPRESENTATION_CONTEXT() REPRESENTATION_CONTEXT('2D SPACE',''
  ) );
#12479 = ORIENTED_EDGE('',*,*,#12480,.F.);
#12480 = EDGE_CURVE('',#12481,#12460,#12483,.T.);
#12481 = VERTEX_POINT('',#12482);
#12482 = CARTESIAN_POINT('',(7.48075,-2.72277,343.));
#12483 = SURFACE_CURVE('',#12484,(#12488),.PCURVE_S1.);
#12484 = LINE('',#12485,#12486);
#12485 = CARTESIAN_POINT('',(7.48075,-2.72277,343.));
#12486 = VECTOR('',#12487,1.);
#12487 = DIRECTION('',(0.,0.,-1.));
#12488 = PCURVE('',#12468,#12489);
#12489 = DEFINITIONAL_REPRESENTATION('',(#12490),#12494);
#12490 = LINE('',#12491,#12492);
#12491 = CARTESIAN_POINT('',(2.221655682639,-6.161));
#12492 = VECTOR('',#12493,1.);
#12493 = DIRECTION('',(0.,-1.));
#12494 = ( GEOMETRIC_REPRESENTATION_CONTEXT(2) 
PARAMETRIC_REPRESENTATION_CONTEXT() REPRESENTATION_CONTEXT('2D SPACE',''
  ) );
#12495 = ORIENTED_EDGE('',*,*,#12496,.T.);
#12496 = EDGE_CURVE('',#12481,#12458,#12497,.T.);
#12497 = SURFACE_CURVE('',#12498,(#12502),.PCURVE_S1.);
#12498 = LINE('',#12499,#12500);
#12499 = CARTESIAN_POINT('',(7.48075,-2.72277,343.));
#12500 = VECTOR('',#12501,1.);
#12501 = DIRECTION('',(-0.154002099443,-0.302246354754,0.940707443579));
#12502 = PCURVE('',#12468,#12503);
#12503 = DEFINITIONAL_REPRESENTATION('',(#12504),#12508);
#12504 = LINE('',#12505,#12506);
#12505 = CARTESIAN_POINT('',(2.221655682639,-6.161));
#12506 = VECTOR('',#12507,1.);
#12507 = DIRECTION('',(-0.339218964085,0.940707443579));
#12508 = ( GEOMETRIC_REPRESENTATION_CONTEXT(2) 
PARAMETRIC_REPRESENTATION_CONTEXT() REPRESENTATION_CONTEXT('2D SPACE',''
  ) );
#12509 = ( GEOMETRIC_REPRESENTATION_CONTEXT(3) 
GLOBAL_UNCERTAINTY_ASSIGNED_CONTEXT((#12513)) 
GLOBAL_UNIT_ASSIGNED_CONTEXT((#12510,#12511,#12512)) 
REPRESENTATION_CONTEXT('Context #1',
  '3D Context with UNIT and UNCERTAINTY') );
#12510 = ( LENGTH_UNIT() NAMED_UNIT(*) SI_UNIT(.MILLI.,.METRE.) );
#12511 = ( NAMED_UNIT(*) PLANE_ANGLE_UNIT() SI_UNIT($,.RADIAN.) );
#12512 = ( NAMED_UNIT(*) SI_UNIT($,.STERADIAN.) SOLID_ANGLE_UNIT() );
#12513 = UNCERTAINTY_MEASURE_WITH_UNIT(LENGTH_MEASURE(1.E-07),#12510,
  'distance_accuracy_value','confusion accuracy');
#12514 = CONTEXT_DEPENDENT_SHAPE_REPRESENTATION(#12515,#12517);
#12515 = ( REPRESENTATION_RELATIONSHIP('','',#12450,#10) 
REPRESENTATION_RELATIONSHIP_WITH_TRANSFORMATION(#12516) 
SHAPE_REPRESENTATION_RELATIONSHIP() );
#12516 = ITEM_DEFINED_TRANSFORMATION('','',#11,#615);
#12517 = PRODUCT_DEFINITION_SHAPE('Placement','Placement of an item',
  #12518);
#12518 = NEXT_ASSEMBLY_USAGE_OCCURRENCE('1915','','',#5,#12445,$);
#12519 = PRODUCT_RELATED_PRODUCT_CATEGORY('part',$,(#12447));
#12520 = SHAPE_DEFINITION_REPRESENTATION(#12521,#12527);
#12521 = PRODUCT_DEFINITION_SHAPE('','',#12522);
#12522 = PRODUCT_DEFINITION('design','',#12523,#12526);
#12523 = PRODUCT_DEFINITION_FORMATION('','',#12524);
#12524 = PRODUCT('Open CASCADE STEP translator 7.9 2.152',
  'Open CASCADE STEP translator 7.9 2.152','',(#12525));
#12525 = PRODUCT_CONTEXT('',#2,'mechanical');
#12526 = PRODUCT_DEFINITION_CONTEXT('part definition',#2,'design');
#12527 = MANIFOLD_SURFACE_SHAPE_REPRESENTATION('',(#11,#12528),#12586);
#12528 = SHELL_BASED_SURFACE_MODEL('',(#12529));
#12529 = OPEN_SHELL('',(#12530));
#12530 = ADVANCED_FACE('',(#12531),#12545,.T.);
#12531 = FACE_BOUND('',#12532,.T.);
#12532 = EDGE_LOOP('',(#12533,#12556,#12572));
#12533 = ORIENTED_EDGE('',*,*,#12534,.F.);
#12534 = EDGE_CURVE('',#12535,#12537,#12539,.T.);
#12535 = VERTEX_POINT('',#12536);
#12536 = CARTESIAN_POINT('',(6.47214,-4.70228,349.161));
#12537 = VERTEX_POINT('',#12538);
#12538 = CARTESIAN_POINT('',(7.48075,-2.72277,338.));
#12539 = SURFACE_CURVE('',#12540,(#12544),.PCURVE_S1.);
#12540 = LINE('',#12541,#12542);
#12541 = CARTESIAN_POINT('',(6.47214,-4.70228,349.161));
#12542 = VECTOR('',#12543,1.);
#12543 = DIRECTION('',(8.863030082191E-02,0.173946884108,-0.980758457157
    ));
#12544 = PCURVE('',#12545,#12550);
#12545 = PLANE('',#12546);
#12546 = AXIS2_PLACEMENT_3D('',#12547,#12548,#12549);
#12547 = CARTESIAN_POINT('',(7.48075,-2.72277,338.));
#12548 = DIRECTION('',(0.891006655743,-0.453990241549,-0.));
#12549 = DIRECTION('',(0.453990241549,0.891006655743,0.));
#12550 = DEFINITIONAL_REPRESENTATION('',(#12551),#12555);
#12551 = LINE('',#12552,#12553);
#12552 = CARTESIAN_POINT('',(-2.221655682639,11.161));
#12553 = VECTOR('',#12554,1.);
#12554 = DIRECTION('',(0.195225123165,-0.980758457157));
#12555 = ( GEOMETRIC_REPRESENTATION_CONTEXT(2) 
PARAMETRIC_REPRESENTATION_CONTEXT() REPRESENTATION_CONTEXT('2D SPACE',''
  ) );
#12556 = ORIENTED_EDGE('',*,*,#12557,.T.);
#12557 = EDGE_CURVE('',#12535,#12558,#12560,.T.);
#12558 = VERTEX_POINT('',#12559);
#12559 = CARTESIAN_POINT('',(7.48075,-2.72277,12.));
#12560 = SURFACE_CURVE('',#12561,(#12565),.PCURVE_S1.);
#12561 = LINE('',#12562,#12563);
#12562 = CARTESIAN_POINT('',(6.47214,-4.70228,349.161));
#12563 = VECTOR('',#12564,1.);
#12564 = DIRECTION('',(2.991413907135E-03,5.870984566198E-03,
    -0.999978291256));
#12565 = PCURVE('',#12545,#12566);
#12566 = DEFINITIONAL_REPRESENTATION('',(#12567),#12571);
#12567 = LINE('',#12568,#12569);
#12568 = CARTESIAN_POINT('',(-2.221655682639,11.161));
#12569 = VECTOR('',#12570,1.);
#12570 = DIRECTION('',(6.58915904652E-03,-0.999978291256));
#12571 = ( GEOMETRIC_REPRESENTATION_CONTEXT(2) 
PARAMETRIC_REPRESENTATION_CONTEXT() REPRESENTATION_CONTEXT('2D SPACE',''
  ) );
#12572 = ORIENTED_EDGE('',*,*,#12573,.T.);
#12573 = EDGE_CURVE('',#12558,#12537,#12574,.T.);
#12574 = SURFACE_CURVE('',#12575,(#12579),.PCURVE_S1.);
#12575 = LINE('',#12576,#12577);
#12576 = CARTESIAN_POINT('',(7.48075,-2.72277,12.));
#12577 = VECTOR('',#12578,1.);
#12578 = DIRECTION('',(0.,0.,1.));
#12579 = PCURVE('',#12545,#12580);
#12580 = DEFINITIONAL_REPRESENTATION('',(#12581),#12585);
#12581 = LINE('',#12582,#12583);
#12582 = CARTESIAN_POINT('',(0.,-326.));
#12583 = VECTOR('',#12584,1.);
#12584 = DIRECTION('',(0.,1.));
#12585 = ( GEOMETRIC_REPRESENTATION_CONTEXT(2) 
PARAMETRIC_REPRESENTATION_CONTEXT() REPRESENTATION_CONTEXT('2D SPACE',''
  ) );
#12586 = ( GEOMETRIC_REPRESENTATION_CONTEXT(3) 
GLOBAL_UNCERTAINTY_ASSIGNED_CONTEXT((#12590)) 
GLOBAL_UNIT_ASSIGNED_CONTEXT((#12587,#12588,#12589)) 
REPRESENTATION_CONTEXT('Context #1',
  '3D Context with UNIT and UNCERTAINTY') );
#12587 = ( LENGTH_UNIT() NAMED_UNIT(*) SI_UNIT(.MILLI.,.METRE.) );
#12588 = ( NAMED_UNIT(*) PLANE_ANGLE_UNIT() SI_UNIT($,.RADIAN.) );
#12589 = ( NAMED_UNIT(*) SI_UNIT($,.STERADIAN.) SOLID_ANGLE_UNIT() );
#12590 = UNCERTAINTY_MEASURE_WITH_UNIT(LENGTH_MEASURE(1.E-07),#12587,
  'distance_accuracy_value','confusion accuracy');
#12591 = CONTEXT_DEPENDENT_SHAPE_REPRESENTATION(#12592,#12594);
#12592 = ( REPRESENTATION_RELATIONSHIP('','',#12527,#10) 
REPRESENTATION_RELATIONSHIP_WITH_TRANSFORMATION(#12593) 
SHAPE_REPRESENTATION_RELATIONSHIP() );
#12593 = ITEM_DEFINED_TRANSFORMATION('','',#11,#619);
#12594 = PRODUCT_DEFINITION_SHAPE('Placement','Placement of an item',
  #12595);
#12595 = NEXT_ASSEMBLY_USAGE_OCCURRENCE('1916','','',#5,#12522,$);
#12596 = PRODUCT_RELATED_PRODUCT_CATEGORY('part',$,(#12524));
#12597 = SHAPE_DEFINITION_REPRESENTATION(#12598,#12604);
#12598 = PRODUCT_DEFINITION_SHAPE('','',#12599);
#12599 = PRODUCT_DEFINITION('design','',#12600,#12603);
#12600 = PRODUCT_DEFINITION_FORMATION('','',#12601);
#12601 = PRODUCT('Open CASCADE STEP translator 7.9 2.153',
  'Open CASCADE STEP translator 7.9 2.153','',(#12602));
#12602 = PRODUCT_CONTEXT('',#2,'mechanical');
#12603 = PRODUCT_DEFINITION_CONTEXT('part definition',#2,'design');
#12604 = MANIFOLD_SURFACE_SHAPE_REPRESENTATION('',(#11,#12605),#12663);
#12605 = SHELL_BASED_SURFACE_MODEL('',(#12606));
#12606 = OPEN_SHELL('',(#12607));
#12607 = ADVANCED_FACE('',(#12608),#12622,.T.);
#12608 = FACE_BOUND('',#12609,.T.);
#12609 = EDGE_LOOP('',(#12610,#12633,#12649));
#12610 = ORIENTED_EDGE('',*,*,#12611,.F.);
#12611 = EDGE_CURVE('',#12612,#12614,#12616,.T.);
#12612 = VERTEX_POINT('',#12613);
#12613 = CARTESIAN_POINT('',(7.48075,-2.72277,343.));
#12614 = VERTEX_POINT('',#12615);
#12615 = CARTESIAN_POINT('',(6.47214,-4.70228,349.161));
#12616 = SURFACE_CURVE('',#12617,(#12621),.PCURVE_S1.);
#12617 = LINE('',#12618,#12619);
#12618 = CARTESIAN_POINT('',(7.48075,-2.72277,343.));
#12619 = VECTOR('',#12620,1.);
#12620 = DIRECTION('',(-0.154002099443,-0.302246354754,0.940707443579));
#12621 = PCURVE('',#12622,#12627);
#12622 = PLANE('',#12623);
#12623 = AXIS2_PLACEMENT_3D('',#12624,#12625,#12626);
#12624 = CARTESIAN_POINT('',(6.47214,-4.70228,349.161));
#12625 = DIRECTION('',(0.891007022915,-0.453989520931,2.916417192639E-07
    ));
#12626 = DIRECTION('',(0.453989520931,0.891007022916,-1.323488980085E-23
    ));
#12627 = DEFINITIONAL_REPRESENTATION('',(#12628),#12632);
#12628 = LINE('',#12629,#12630);
#12629 = CARTESIAN_POINT('',(2.221655682638,-6.161));
#12630 = VECTOR('',#12631,1.);
#12631 = DIRECTION('',(-0.339218964085,0.940707443579));
#12632 = ( GEOMETRIC_REPRESENTATION_CONTEXT(2) 
PARAMETRIC_REPRESENTATION_CONTEXT() REPRESENTATION_CONTEXT('2D SPACE',''
  ) );
#12633 = ORIENTED_EDGE('',*,*,#12634,.F.);
#12634 = EDGE_CURVE('',#12635,#12612,#12637,.T.);
#12635 = VERTEX_POINT('',#12636);
#12636 = CARTESIAN_POINT('',(7.60845,-2.47214,349.161));
#12637 = SURFACE_CURVE('',#12638,(#12642),.PCURVE_S1.);
#12638 = LINE('',#12639,#12640);
#12639 = CARTESIAN_POINT('',(7.60845,-2.47214,349.161));
#12640 = VECTOR('',#12641,1.);
#12641 = DIRECTION('',(-2.07055856837E-02,-4.063775207444E-02,
    -0.998959384474));
#12642 = PCURVE('',#12622,#12643);
#12643 = DEFINITIONAL_REPRESENTATION('',(#12644),#12648);
#12644 = LINE('',#12645,#12646);
#12645 = CARTESIAN_POINT('',(2.502943234614,0.));
#12646 = VECTOR('',#12647,1.);
#12647 = DIRECTION('',(-4.560864141896E-02,-0.998959384474));
#12648 = ( GEOMETRIC_REPRESENTATION_CONTEXT(2) 
PARAMETRIC_REPRESENTATION_CONTEXT() REPRESENTATION_CONTEXT('2D SPACE',''
  ) );
#12649 = ORIENTED_EDGE('',*,*,#12650,.T.);
#12650 = EDGE_CURVE('',#12635,#12614,#12651,.T.);
#12651 = SURFACE_CURVE('',#12652,(#12656),.PCURVE_S1.);
#12652 = LINE('',#12653,#12654);
#12653 = CARTESIAN_POINT('',(7.60845,-2.47214,349.161));
#12654 = VECTOR('',#12655,1.);
#12655 = DIRECTION('',(-0.453989520931,-0.891007022916,0.));
#12656 = PCURVE('',#12622,#12657);
#12657 = DEFINITIONAL_REPRESENTATION('',(#12658),#12662);
#12658 = LINE('',#12659,#12660);
#12659 = CARTESIAN_POINT('',(2.502943234614,0.));
#12660 = VECTOR('',#12661,1.);
#12661 = DIRECTION('',(-1.,1.61893675834E-23));
#12662 = ( GEOMETRIC_REPRESENTATION_CONTEXT(2) 
PARAMETRIC_REPRESENTATION_CONTEXT() REPRESENTATION_CONTEXT('2D SPACE',''
  ) );
#12663 = ( GEOMETRIC_REPRESENTATION_CONTEXT(3) 
GLOBAL_UNCERTAINTY_ASSIGNED_CONTEXT((#12667)) 
GLOBAL_UNIT_ASSIGNED_CONTEXT((#12664,#12665,#12666)) 
REPRESENTATION_CONTEXT('Context #1',
  '3D Context with UNIT and UNCERTAINTY') );
#12664 = ( LENGTH_UNIT() NAMED_UNIT(*) SI_UNIT(.MILLI.,.METRE.) );
#12665 = ( NAMED_UNIT(*) PLANE_ANGLE_UNIT() SI_UNIT($,.RADIAN.) );
#12666 = ( NAMED_UNIT(*) SI_UNIT($,.STERADIAN.) SOLID_ANGLE_UNIT() );
#12667 = UNCERTAINTY_MEASURE_WITH_UNIT(LENGTH_MEASURE(1.E-07),#12664,
  'distance_accuracy_value','confusion accuracy');
#12668 = CONTEXT_DEPENDENT_SHAPE_REPRESENTATION(#12669,#12671);
#12669 = ( REPRESENTATION_RELATIONSHIP('','',#12604,#10) 
REPRESENTATION_RELATIONSHIP_WITH_TRANSFORMATION(#12670) 
SHAPE_REPRESENTATION_RELATIONSHIP() );
#12670 = ITEM_DEFINED_TRANSFORMATION('','',#11,#623);
#12671 = PRODUCT_DEFINITION_SHAPE('Placement','Placement of an item',
  #12672);
#12672 = NEXT_ASSEMBLY_USAGE_OCCURRENCE('1917','','',#5,#12599,$);
#12673 = PRODUCT_RELATED_PRODUCT_CATEGORY('part',$,(#12601));
#12674 = SHAPE_DEFINITION_REPRESENTATION(#12675,#12681);
#12675 = PRODUCT_DEFINITION_SHAPE('','',#12676);
#12676 = PRODUCT_DEFINITION('design','',#12677,#12680);
#12677 = PRODUCT_DEFINITION_FORMATION('','',#12678);
#12678 = PRODUCT('Open CASCADE STEP translator 7.9 2.154',
  'Open CASCADE STEP translator 7.9 2.154','',(#12679));
#12679 = PRODUCT_CONTEXT('',#2,'mechanical');
#12680 = PRODUCT_DEFINITION_CONTEXT('part definition',#2,'design');
#12681 = MANIFOLD_SURFACE_SHAPE_REPRESENTATION('',(#11,#12682),#12740);
#12682 = SHELL_BASED_SURFACE_MODEL('',(#12683));
#12683 = OPEN_SHELL('',(#12684));
#12684 = ADVANCED_FACE('',(#12685),#12699,.T.);
#12685 = FACE_BOUND('',#12686,.T.);
#12686 = EDGE_LOOP('',(#12687,#12710,#12726));
#12687 = ORIENTED_EDGE('',*,*,#12688,.T.);
#12688 = EDGE_CURVE('',#12689,#12691,#12693,.T.);
#12689 = VERTEX_POINT('',#12690);
#12690 = CARTESIAN_POINT('',(7.48075,-2.72277,338.));
#12691 = VERTEX_POINT('',#12692);
#12692 = CARTESIAN_POINT('',(7.60845,-2.47214,12.));
#12693 = SURFACE_CURVE('',#12694,(#12698),.PCURVE_S1.);
#12694 = LINE('',#12695,#12696);
#12695 = CARTESIAN_POINT('',(7.48075,-2.72277,338.));
#12696 = VECTOR('',#12697,1.);
#12697 = DIRECTION('',(3.917176455938E-04,7.688033947938E-04,
    -0.999999627749));
#12698 = PCURVE('',#12699,#12704);
#12699 = PLANE('',#12700);
#12700 = AXIS2_PLACEMENT_3D('',#12701,#12702,#12703);
#12701 = CARTESIAN_POINT('',(7.48075,-2.72277,338.));
#12702 = DIRECTION('',(0.891009922885,-0.45398382936,0.));
#12703 = DIRECTION('',(0.45398382936,0.891009922885,0.));
#12704 = DEFINITIONAL_REPRESENTATION('',(#12705),#12709);
#12705 = LINE('',#12706,#12707);
#12706 = CARTESIAN_POINT('',(0.,0.));
#12707 = VECTOR('',#12708,1.);
#12708 = DIRECTION('',(8.628449302836E-04,-0.999999627749));
#12709 = ( GEOMETRIC_REPRESENTATION_CONTEXT(2) 
PARAMETRIC_REPRESENTATION_CONTEXT() REPRESENTATION_CONTEXT('2D SPACE',''
  ) );
#12710 = ORIENTED_EDGE('',*,*,#12711,.T.);
#12711 = EDGE_CURVE('',#12691,#12712,#12714,.T.);
#12712 = VERTEX_POINT('',#12713);
#12713 = CARTESIAN_POINT('',(7.60845,-2.47214,338.));
#12714 = SURFACE_CURVE('',#12715,(#12719),.PCURVE_S1.);
#12715 = LINE('',#12716,#12717);
#12716 = CARTESIAN_POINT('',(7.60845,-2.47214,12.));
#12717 = VECTOR('',#12718,1.);
#12718 = DIRECTION('',(0.,0.,1.));
#12719 = PCURVE('',#12699,#12720);
#12720 = DEFINITIONAL_REPRESENTATION('',(#12721),#12725);
#12721 = LINE('',#12722,#12723);
#12722 = CARTESIAN_POINT('',(0.281287551982,-326.));
#12723 = VECTOR('',#12724,1.);
#12724 = DIRECTION('',(0.,1.));
#12725 = ( GEOMETRIC_REPRESENTATION_CONTEXT(2) 
PARAMETRIC_REPRESENTATION_CONTEXT() REPRESENTATION_CONTEXT('2D SPACE',''
  ) );
#12726 = ORIENTED_EDGE('',*,*,#12727,.F.);
#12727 = EDGE_CURVE('',#12689,#12712,#12728,.T.);
#12728 = SURFACE_CURVE('',#12729,(#12733),.PCURVE_S1.);
#12729 = LINE('',#12730,#12731);
#12730 = CARTESIAN_POINT('',(7.48075,-2.72277,338.));
#12731 = VECTOR('',#12732,1.);
#12732 = DIRECTION('',(0.45398382936,0.891009922885,0.));
#12733 = PCURVE('',#12699,#12734);
#12734 = DEFINITIONAL_REPRESENTATION('',(#12735),#12739);
#12735 = LINE('',#12736,#12737);
#12736 = CARTESIAN_POINT('',(0.,0.));
#12737 = VECTOR('',#12738,1.);
#12738 = DIRECTION('',(1.,0.));
#12739 = ( GEOMETRIC_REPRESENTATION_CONTEXT(2) 
PARAMETRIC_REPRESENTATION_CONTEXT() REPRESENTATION_CONTEXT('2D SPACE',''
  ) );
#12740 = ( GEOMETRIC_REPRESENTATION_CONTEXT(3) 
GLOBAL_UNCERTAINTY_ASSIGNED_CONTEXT((#12744)) 
GLOBAL_UNIT_ASSIGNED_CONTEXT((#12741,#12742,#12743)) 
REPRESENTATION_CONTEXT('Context #1',
  '3D Context with UNIT and UNCERTAINTY') );
#12741 = ( LENGTH_UNIT() NAMED_UNIT(*) SI_UNIT(.MILLI.,.METRE.) );
#12742 = ( NAMED_UNIT(*) PLANE_ANGLE_UNIT() SI_UNIT($,.RADIAN.) );
#12743 = ( NAMED_UNIT(*) SI_UNIT($,.STERADIAN.) SOLID_ANGLE_UNIT() );
#12744 = UNCERTAINTY_MEASURE_WITH_UNIT(LENGTH_MEASURE(1.E-07),#12741,
  'distance_accuracy_value','confusion accuracy');
#12745 = CONTEXT_DEPENDENT_SHAPE_REPRESENTATION(#12746,#12748);
#12746 = ( REPRESENTATION_RELATIONSHIP('','',#12681,#10) 
REPRESENTATION_RELATIONSHIP_WITH_TRANSFORMATION(#12747) 
SHAPE_REPRESENTATION_RELATIONSHIP() );
#12747 = ITEM_DEFINED_TRANSFORMATION('','',#11,#627);
#12748 = PRODUCT_DEFINITION_SHAPE('Placement','Placement of an item',
  #12749);
#12749 = NEXT_ASSEMBLY_USAGE_OCCURRENCE('1918','','',#5,#12676,$);
#12750 = PRODUCT_RELATED_PRODUCT_CATEGORY('part',$,(#12678));
#12751 = SHAPE_DEFINITION_REPRESENTATION(#12752,#12758);
#12752 = PRODUCT_DEFINITION_SHAPE('','',#12753);
#12753 = PRODUCT_DEFINITION('design','',#12754,#12757);
#12754 = PRODUCT_DEFINITION_FORMATION('','',#12755);
#12755 = PRODUCT('Open CASCADE STEP translator 7.9 2.155',
  'Open CASCADE STEP translator 7.9 2.155','',(#12756));
#12756 = PRODUCT_CONTEXT('',#2,'mechanical');
#12757 = PRODUCT_DEFINITION_CONTEXT('part definition',#2,'design');
#12758 = MANIFOLD_SURFACE_SHAPE_REPRESENTATION('',(#11,#12759),#12817);
#12759 = SHELL_BASED_SURFACE_MODEL('',(#12760));
#12760 = OPEN_SHELL('',(#12761));
#12761 = ADVANCED_FACE('',(#12762),#12776,.T.);
#12762 = FACE_BOUND('',#12763,.T.);
#12763 = EDGE_LOOP('',(#12764,#12787,#12803));
#12764 = ORIENTED_EDGE('',*,*,#12765,.F.);
#12765 = EDGE_CURVE('',#12766,#12768,#12770,.T.);
#12766 = VERTEX_POINT('',#12767);
#12767 = CARTESIAN_POINT('',(7.48075,-2.72277,338.));
#12768 = VERTEX_POINT('',#12769);
#12769 = CARTESIAN_POINT('',(7.60845,-2.47214,12.));
#12770 = SURFACE_CURVE('',#12771,(#12775),.PCURVE_S1.);
#12771 = LINE('',#12772,#12773);
#12772 = CARTESIAN_POINT('',(7.48075,-2.72277,338.));
#12773 = VECTOR('',#12774,1.);
#12774 = DIRECTION('',(3.917176455938E-04,7.688033947938E-04,
    -0.999999627749));
#12775 = PCURVE('',#12776,#12781);
#12776 = PLANE('',#12777);
#12777 = AXIS2_PLACEMENT_3D('',#12778,#12779,#12780);
#12778 = CARTESIAN_POINT('',(7.60845,-2.47214,12.));
#12779 = DIRECTION('',(0.891009922885,-0.45398382936,0.));
#12780 = DIRECTION('',(0.45398382936,0.891009922885,0.));
#12781 = DEFINITIONAL_REPRESENTATION('',(#12782),#12786);
#12782 = LINE('',#12783,#12784);
#12783 = CARTESIAN_POINT('',(-0.281287551982,326.));
#12784 = VECTOR('',#12785,1.);
#12785 = DIRECTION('',(8.628449302836E-04,-0.999999627749));
#12786 = ( GEOMETRIC_REPRESENTATION_CONTEXT(2) 
PARAMETRIC_REPRESENTATION_CONTEXT() REPRESENTATION_CONTEXT('2D SPACE',''
  ) );
#12787 = ORIENTED_EDGE('',*,*,#12788,.F.);
#12788 = EDGE_CURVE('',#12789,#12766,#12791,.T.);
#12789 = VERTEX_POINT('',#12790);
#12790 = CARTESIAN_POINT('',(7.48075,-2.72277,12.));
#12791 = SURFACE_CURVE('',#12792,(#12796),.PCURVE_S1.);
#12792 = LINE('',#12793,#12794);
#12793 = CARTESIAN_POINT('',(7.48075,-2.72277,12.));
#12794 = VECTOR('',#12795,1.);
#12795 = DIRECTION('',(0.,0.,1.));
#12796 = PCURVE('',#12776,#12797);
#12797 = DEFINITIONAL_REPRESENTATION('',(#12798),#12802);
#12798 = LINE('',#12799,#12800);
#12799 = CARTESIAN_POINT('',(-0.281287551982,0.));
#12800 = VECTOR('',#12801,1.);
#12801 = DIRECTION('',(0.,1.));
#12802 = ( GEOMETRIC_REPRESENTATION_CONTEXT(2) 
PARAMETRIC_REPRESENTATION_CONTEXT() REPRESENTATION_CONTEXT('2D SPACE',''
  ) );
#12803 = ORIENTED_EDGE('',*,*,#12804,.F.);
#12804 = EDGE_CURVE('',#12768,#12789,#12805,.T.);
#12805 = SURFACE_CURVE('',#12806,(#12810),.PCURVE_S1.);
#12806 = LINE('',#12807,#12808);
#12807 = CARTESIAN_POINT('',(7.60845,-2.47214,12.));
#12808 = VECTOR('',#12809,1.);
#12809 = DIRECTION('',(-0.45398382936,-0.891009922885,0.));
#12810 = PCURVE('',#12776,#12811);
#12811 = DEFINITIONAL_REPRESENTATION('',(#12812),#12816);
#12812 = LINE('',#12813,#12814);
#12813 = CARTESIAN_POINT('',(0.,0.));
#12814 = VECTOR('',#12815,1.);
#12815 = DIRECTION('',(-1.,0.));
#12816 = ( GEOMETRIC_REPRESENTATION_CONTEXT(2) 
PARAMETRIC_REPRESENTATION_CONTEXT() REPRESENTATION_CONTEXT('2D SPACE',''
  ) );
#12817 = ( GEOMETRIC_REPRESENTATION_CONTEXT(3) 
GLOBAL_UNCERTAINTY_ASSIGNED_CONTEXT((#12821)) 
GLOBAL_UNIT_ASSIGNED_CONTEXT((#12818,#12819,#12820)) 
REPRESENTATION_CONTEXT('Context #1',
  '3D Context with UNIT and UNCERTAINTY') );
#12818 = ( LENGTH_UNIT() NAMED_UNIT(*) SI_UNIT(.MILLI.,.METRE.) );
#12819 = ( NAMED_UNIT(*) PLANE_ANGLE_UNIT() SI_UNIT($,.RADIAN.) );
#12820 = ( NAMED_UNIT(*) SI_UNIT($,.STERADIAN.) SOLID_ANGLE_UNIT() );
#12821 = UNCERTAINTY_MEASURE_WITH_UNIT(LENGTH_MEASURE(1.E-07),#12818,
  'distance_accuracy_value','confusion accuracy');
#12822 = CONTEXT_DEPENDENT_SHAPE_REPRESENTATION(#12823,#12825);
#12823 = ( REPRESENTATION_RELATIONSHIP('','',#12758,#10) 
REPRESENTATION_RELATIONSHIP_WITH_TRANSFORMATION(#12824) 
SHAPE_REPRESENTATION_RELATIONSHIP() );
#12824 = ITEM_DEFINED_TRANSFORMATION('','',#11,#631);
#12825 = PRODUCT_DEFINITION_SHAPE('Placement','Placement of an item',
  #12826);
#12826 = NEXT_ASSEMBLY_USAGE_OCCURRENCE('1919','','',#5,#12753,$);
#12827 = PRODUCT_RELATED_PRODUCT_CATEGORY('part',$,(#12755));
#12828 = SHAPE_DEFINITION_REPRESENTATION(#12829,#12835);
#12829 = PRODUCT_DEFINITION_SHAPE('','',#12830);
#12830 = PRODUCT_DEFINITION('design','',#12831,#12834);
#12831 = PRODUCT_DEFINITION_FORMATION('','',#12832);
#12832 = PRODUCT('Open CASCADE STEP translator 7.9 2.156',
  'Open CASCADE STEP translator 7.9 2.156','',(#12833));
#12833 = PRODUCT_CONTEXT('',#2,'mechanical');
#12834 = PRODUCT_DEFINITION_CONTEXT('part definition',#2,'design');
#12835 = MANIFOLD_SURFACE_SHAPE_REPRESENTATION('',(#11,#12836),#12894);
#12836 = SHELL_BASED_SURFACE_MODEL('',(#12837));
#12837 = OPEN_SHELL('',(#12838));
#12838 = ADVANCED_FACE('',(#12839),#12853,.T.);
#12839 = FACE_BOUND('',#12840,.T.);
#12840 = EDGE_LOOP('',(#12841,#12864,#12880));
#12841 = ORIENTED_EDGE('',*,*,#12842,.T.);
#12842 = EDGE_CURVE('',#12843,#12845,#12847,.T.);
#12843 = VERTEX_POINT('',#12844);
#12844 = CARTESIAN_POINT('',(7.48075,-2.72277,7.));
#12845 = VERTEX_POINT('',#12846);
#12846 = CARTESIAN_POINT('',(7.60845,-2.47214,0.83889));
#12847 = SURFACE_CURVE('',#12848,(#12852),.PCURVE_S1.);
#12848 = LINE('',#12849,#12850);
#12849 = CARTESIAN_POINT('',(7.48075,-2.72277,7.));
#12850 = VECTOR('',#12851,1.);
#12851 = DIRECTION('',(2.070521677667E-02,4.063702804023E-02,
    -0.998959421573));
#12852 = PCURVE('',#12853,#12858);
#12853 = PLANE('',#12854);
#12854 = AXIS2_PLACEMENT_3D('',#12855,#12856,#12857);
#12855 = CARTESIAN_POINT('',(7.48075,-2.72277,7.));
#12856 = DIRECTION('',(0.891009922885,-0.45398382936,0.));
#12857 = DIRECTION('',(0.45398382936,0.891009922885,0.));
#12858 = DEFINITIONAL_REPRESENTATION('',(#12859),#12863);
#12859 = LINE('',#12860,#12861);
#12860 = CARTESIAN_POINT('',(0.,0.));
#12861 = VECTOR('',#12862,1.);
#12862 = DIRECTION('',(4.560782882041E-02,-0.998959421573));
#12863 = ( GEOMETRIC_REPRESENTATION_CONTEXT(2) 
PARAMETRIC_REPRESENTATION_CONTEXT() REPRESENTATION_CONTEXT('2D SPACE',''
  ) );
#12864 = ORIENTED_EDGE('',*,*,#12865,.T.);
#12865 = EDGE_CURVE('',#12845,#12866,#12868,.T.);
#12866 = VERTEX_POINT('',#12867);
#12867 = CARTESIAN_POINT('',(7.60845,-2.47214,7.));
#12868 = SURFACE_CURVE('',#12869,(#12873),.PCURVE_S1.);
#12869 = LINE('',#12870,#12871);
#12870 = CARTESIAN_POINT('',(7.60845,-2.47214,0.83889));
#12871 = VECTOR('',#12872,1.);
#12872 = DIRECTION('',(0.,0.,1.));
#12873 = PCURVE('',#12853,#12874);
#12874 = DEFINITIONAL_REPRESENTATION('',(#12875),#12879);
#12875 = LINE('',#12876,#12877);
#12876 = CARTESIAN_POINT('',(0.281287551982,-6.16111));
#12877 = VECTOR('',#12878,1.);
#12878 = DIRECTION('',(0.,1.));
#12879 = ( GEOMETRIC_REPRESENTATION_CONTEXT(2) 
PARAMETRIC_REPRESENTATION_CONTEXT() REPRESENTATION_CONTEXT('2D SPACE',''
  ) );
#12880 = ORIENTED_EDGE('',*,*,#12881,.F.);
#12881 = EDGE_CURVE('',#12843,#12866,#12882,.T.);
#12882 = SURFACE_CURVE('',#12883,(#12887),.PCURVE_S1.);
#12883 = LINE('',#12884,#12885);
#12884 = CARTESIAN_POINT('',(7.48075,-2.72277,7.));
#12885 = VECTOR('',#12886,1.);
#12886 = DIRECTION('',(0.45398382936,0.891009922885,0.));
#12887 = PCURVE('',#12853,#12888);
#12888 = DEFINITIONAL_REPRESENTATION('',(#12889),#12893);
#12889 = LINE('',#12890,#12891);
#12890 = CARTESIAN_POINT('',(0.,0.));
#12891 = VECTOR('',#12892,1.);
#12892 = DIRECTION('',(1.,0.));
#12893 = ( GEOMETRIC_REPRESENTATION_CONTEXT(2) 
PARAMETRIC_REPRESENTATION_CONTEXT() REPRESENTATION_CONTEXT('2D SPACE',''
  ) );
#12894 = ( GEOMETRIC_REPRESENTATION_CONTEXT(3) 
GLOBAL_UNCERTAINTY_ASSIGNED_CONTEXT((#12898)) 
GLOBAL_UNIT_ASSIGNED_CONTEXT((#12895,#12896,#12897)) 
REPRESENTATION_CONTEXT('Context #1',
  '3D Context with UNIT and UNCERTAINTY') );
#12895 = ( LENGTH_UNIT() NAMED_UNIT(*) SI_UNIT(.MILLI.,.METRE.) );
#12896 = ( NAMED_UNIT(*) PLANE_ANGLE_UNIT() SI_UNIT($,.RADIAN.) );
#12897 = ( NAMED_UNIT(*) SI_UNIT($,.STERADIAN.) SOLID_ANGLE_UNIT() );
#12898 = UNCERTAINTY_MEASURE_WITH_UNIT(LENGTH_MEASURE(1.E-07),#12895,
  'distance_accuracy_value','confusion accuracy');
#12899 = CONTEXT_DEPENDENT_SHAPE_REPRESENTATION(#12900,#12902);
#12900 = ( REPRESENTATION_RELATIONSHIP('','',#12835,#10) 
REPRESENTATION_RELATIONSHIP_WITH_TRANSFORMATION(#12901) 
SHAPE_REPRESENTATION_RELATIONSHIP() );
#12901 = ITEM_DEFINED_TRANSFORMATION('','',#11,#635);
#12902 = PRODUCT_DEFINITION_SHAPE('Placement','Placement of an item',
  #12903);
#12903 = NEXT_ASSEMBLY_USAGE_OCCURRENCE('1920','','',#5,#12830,$);
#12904 = PRODUCT_RELATED_PRODUCT_CATEGORY('part',$,(#12832));
#12905 = SHAPE_DEFINITION_REPRESENTATION(#12906,#12912);
#12906 = PRODUCT_DEFINITION_SHAPE('','',#12907);
#12907 = PRODUCT_DEFINITION('design','',#12908,#12911);
#12908 = PRODUCT_DEFINITION_FORMATION('','',#12909);
#12909 = PRODUCT('Open CASCADE STEP translator 7.9 2.157',
  'Open CASCADE STEP translator 7.9 2.157','',(#12910));
#12910 = PRODUCT_CONTEXT('',#2,'mechanical');
#12911 = PRODUCT_DEFINITION_CONTEXT('part definition',#2,'design');
#12912 = MANIFOLD_SURFACE_SHAPE_REPRESENTATION('',(#11,#12913),#12971);
#12913 = SHELL_BASED_SURFACE_MODEL('',(#12914));
#12914 = OPEN_SHELL('',(#12915));
#12915 = ADVANCED_FACE('',(#12916),#12930,.T.);
#12916 = FACE_BOUND('',#12917,.T.);
#12917 = EDGE_LOOP('',(#12918,#12941,#12957));
#12918 = ORIENTED_EDGE('',*,*,#12919,.T.);
#12919 = EDGE_CURVE('',#12920,#12922,#12924,.T.);
#12920 = VERTEX_POINT('',#12921);
#12921 = CARTESIAN_POINT('',(7.48075,-2.72277,7.));
#12922 = VERTEX_POINT('',#12923);
#12923 = CARTESIAN_POINT('',(6.47214,-4.70228,0.83889));
#12924 = SURFACE_CURVE('',#12925,(#12929),.PCURVE_S1.);
#12925 = LINE('',#12926,#12927);
#12926 = CARTESIAN_POINT('',(7.48075,-2.72277,7.));
#12927 = VECTOR('',#12928,1.);
#12928 = DIRECTION('',(-0.153999666282,-0.302241579403,-0.940709376197)
  );
#12929 = PCURVE('',#12930,#12935);
#12930 = PLANE('',#12931);
#12931 = AXIS2_PLACEMENT_3D('',#12932,#12933,#12934);
#12932 = CARTESIAN_POINT('',(7.48075,-2.72277,7.));
#12933 = DIRECTION('',(0.891007022915,-0.453989520931,
    -2.916365123235E-07));
#12934 = DIRECTION('',(0.453989520931,0.891007022916,1.323488980085E-23)
  );
#12935 = DEFINITIONAL_REPRESENTATION('',(#12936),#12940);
#12936 = LINE('',#12937,#12938);
#12937 = CARTESIAN_POINT('',(0.,0.));
#12938 = VECTOR('',#12939,1.);
#12939 = DIRECTION('',(-0.339213604584,-0.940709376197));
#12940 = ( GEOMETRIC_REPRESENTATION_CONTEXT(2) 
PARAMETRIC_REPRESENTATION_CONTEXT() REPRESENTATION_CONTEXT('2D SPACE',''
  ) );
#12941 = ORIENTED_EDGE('',*,*,#12942,.T.);
#12942 = EDGE_CURVE('',#12922,#12943,#12945,.T.);
#12943 = VERTEX_POINT('',#12944);
#12944 = CARTESIAN_POINT('',(7.60845,-2.47214,0.83889));
#12945 = SURFACE_CURVE('',#12946,(#12950),.PCURVE_S1.);
#12946 = LINE('',#12947,#12948);
#12947 = CARTESIAN_POINT('',(6.47214,-4.70228,0.83889));
#12948 = VECTOR('',#12949,1.);
#12949 = DIRECTION('',(0.453989520931,0.891007022916,0.));
#12950 = PCURVE('',#12930,#12951);
#12951 = DEFINITIONAL_REPRESENTATION('',(#12952),#12956);
#12952 = LINE('',#12953,#12954);
#12953 = CARTESIAN_POINT('',(-2.221655682638,-6.16111));
#12954 = VECTOR('',#12955,1.);
#12955 = DIRECTION('',(1.,0.));
#12956 = ( GEOMETRIC_REPRESENTATION_CONTEXT(2) 
PARAMETRIC_REPRESENTATION_CONTEXT() REPRESENTATION_CONTEXT('2D SPACE',''
  ) );
#12957 = ORIENTED_EDGE('',*,*,#12958,.F.);
#12958 = EDGE_CURVE('',#12920,#12943,#12959,.T.);
#12959 = SURFACE_CURVE('',#12960,(#12964),.PCURVE_S1.);
#12960 = LINE('',#12961,#12962);
#12961 = CARTESIAN_POINT('',(7.48075,-2.72277,7.));
#12962 = VECTOR('',#12963,1.);
#12963 = DIRECTION('',(2.070521677667E-02,4.063702804023E-02,
    -0.998959421573));
#12964 = PCURVE('',#12930,#12965);
#12965 = DEFINITIONAL_REPRESENTATION('',(#12966),#12970);
#12966 = LINE('',#12967,#12968);
#12967 = CARTESIAN_POINT('',(0.,0.));
#12968 = VECTOR('',#12969,1.);
#12969 = DIRECTION('',(4.560782881948E-02,-0.998959421573));
#12970 = ( GEOMETRIC_REPRESENTATION_CONTEXT(2) 
PARAMETRIC_REPRESENTATION_CONTEXT() REPRESENTATION_CONTEXT('2D SPACE',''
  ) );
#12971 = ( GEOMETRIC_REPRESENTATION_CONTEXT(3) 
GLOBAL_UNCERTAINTY_ASSIGNED_CONTEXT((#12975)) 
GLOBAL_UNIT_ASSIGNED_CONTEXT((#12972,#12973,#12974)) 
REPRESENTATION_CONTEXT('Context #1',
  '3D Context with UNIT and UNCERTAINTY') );
#12972 = ( LENGTH_UNIT() NAMED_UNIT(*) SI_UNIT(.MILLI.,.METRE.) );
#12973 = ( NAMED_UNIT(*) PLANE_ANGLE_UNIT() SI_UNIT($,.RADIAN.) );
#12974 = ( NAMED_UNIT(*) SI_UNIT($,.STERADIAN.) SOLID_ANGLE_UNIT() );
#12975 = UNCERTAINTY_MEASURE_WITH_UNIT(LENGTH_MEASURE(1.E-07),#12972,
  'distance_accuracy_value','confusion accuracy');
#12976 = CONTEXT_DEPENDENT_SHAPE_REPRESENTATION(#12977,#12979);
#12977 = ( REPRESENTATION_RELATIONSHIP('','',#12912,#10) 
REPRESENTATION_RELATIONSHIP_WITH_TRANSFORMATION(#12978) 
SHAPE_REPRESENTATION_RELATIONSHIP() );
#12978 = ITEM_DEFINED_TRANSFORMATION('','',#11,#639);
#12979 = PRODUCT_DEFINITION_SHAPE('Placement','Placement of an item',
  #12980);
#12980 = NEXT_ASSEMBLY_USAGE_OCCURRENCE('1921','','',#5,#12907,$);
#12981 = PRODUCT_RELATED_PRODUCT_CATEGORY('part',$,(#12909));
#12982 = SHAPE_DEFINITION_REPRESENTATION(#12983,#12989);
#12983 = PRODUCT_DEFINITION_SHAPE('','',#12984);
#12984 = PRODUCT_DEFINITION('design','',#12985,#12988);
#12985 = PRODUCT_DEFINITION_FORMATION('','',#12986);
#12986 = PRODUCT('Open CASCADE STEP translator 7.9 2.158',
  'Open CASCADE STEP translator 7.9 2.158','',(#12987));
#12987 = PRODUCT_CONTEXT('',#2,'mechanical');
#12988 = PRODUCT_DEFINITION_CONTEXT('part definition',#2,'design');
#12989 = MANIFOLD_SURFACE_SHAPE_REPRESENTATION('',(#11,#12990),#13048);
#12990 = SHELL_BASED_SURFACE_MODEL('',(#12991));
#12991 = OPEN_SHELL('',(#12992));
#12992 = ADVANCED_FACE('',(#12993),#13007,.T.);
#12993 = FACE_BOUND('',#12994,.T.);
#12994 = EDGE_LOOP('',(#12995,#13018,#13034));
#12995 = ORIENTED_EDGE('',*,*,#12996,.T.);
#12996 = EDGE_CURVE('',#12997,#12999,#13001,.T.);
#12997 = VERTEX_POINT('',#12998);
#12998 = CARTESIAN_POINT('',(6.47214,-4.70228,0.838889));
#12999 = VERTEX_POINT('',#13000);
#13000 = CARTESIAN_POINT('',(7.48075,-2.72277,12.));
#13001 = SURFACE_CURVE('',#13002,(#13006),.PCURVE_S1.);
#13002 = LINE('',#13003,#13004);
#13003 = CARTESIAN_POINT('',(6.47214,-4.70228,0.838889));
#13004 = VECTOR('',#13005,1.);
#13005 = DIRECTION('',(8.862945296582E-02,0.173945220095,0.980758828904)
  );
#13006 = PCURVE('',#13007,#13012);
#13007 = PLANE('',#13008);
#13008 = AXIS2_PLACEMENT_3D('',#13009,#13010,#13011);
#13009 = CARTESIAN_POINT('',(6.47214,-4.70228,0.838889));
#13010 = DIRECTION('',(0.891006655743,-0.453990241549,
    -5.375816548542E-19));
#13011 = DIRECTION('',(0.453990241549,0.891006655743,-4.814824860968E-35
    ));
#13012 = DEFINITIONAL_REPRESENTATION('',(#13013),#13017);
#13013 = LINE('',#13014,#13015);
#13014 = CARTESIAN_POINT('',(0.,0.));
#13015 = VECTOR('',#13016,1.);
#13016 = DIRECTION('',(0.1952232556,0.980758828904));
#13017 = ( GEOMETRIC_REPRESENTATION_CONTEXT(2) 
PARAMETRIC_REPRESENTATION_CONTEXT() REPRESENTATION_CONTEXT('2D SPACE',''
  ) );
#13018 = ORIENTED_EDGE('',*,*,#13019,.F.);
#13019 = EDGE_CURVE('',#13020,#12999,#13022,.T.);
#13020 = VERTEX_POINT('',#13021);
#13021 = CARTESIAN_POINT('',(6.47214,-4.70228,349.161));
#13022 = SURFACE_CURVE('',#13023,(#13027),.PCURVE_S1.);
#13023 = LINE('',#13024,#13025);
#13024 = CARTESIAN_POINT('',(6.47214,-4.70228,349.161));
#13025 = VECTOR('',#13026,1.);
#13026 = DIRECTION('',(2.991413907135E-03,5.870984566198E-03,
    -0.999978291256));
#13027 = PCURVE('',#13007,#13028);
#13028 = DEFINITIONAL_REPRESENTATION('',(#13029),#13033);
#13029 = LINE('',#13030,#13031);
#13030 = CARTESIAN_POINT('',(-1.677109959668E-32,348.322111));
#13031 = VECTOR('',#13032,1.);
#13032 = DIRECTION('',(6.58915904652E-03,-0.999978291256));
#13033 = ( GEOMETRIC_REPRESENTATION_CONTEXT(2) 
PARAMETRIC_REPRESENTATION_CONTEXT() REPRESENTATION_CONTEXT('2D SPACE',''
  ) );
#13034 = ORIENTED_EDGE('',*,*,#13035,.F.);
#13035 = EDGE_CURVE('',#12997,#13020,#13036,.T.);
#13036 = SURFACE_CURVE('',#13037,(#13041),.PCURVE_S1.);
#13037 = LINE('',#13038,#13039);
#13038 = CARTESIAN_POINT('',(6.47214,-4.70228,0.838889));
#13039 = VECTOR('',#13040,1.);
#13040 = DIRECTION('',(0.,0.,1.));
#13041 = PCURVE('',#13007,#13042);
#13042 = DEFINITIONAL_REPRESENTATION('',(#13043),#13047);
#13043 = LINE('',#13044,#13045);
#13044 = CARTESIAN_POINT('',(0.,0.));
#13045 = VECTOR('',#13046,1.);
#13046 = DIRECTION('',(-9.629649721936E-35,1.));
#13047 = ( GEOMETRIC_REPRESENTATION_CONTEXT(2) 
PARAMETRIC_REPRESENTATION_CONTEXT() REPRESENTATION_CONTEXT('2D SPACE',''
  ) );
#13048 = ( GEOMETRIC_REPRESENTATION_CONTEXT(3) 
GLOBAL_UNCERTAINTY_ASSIGNED_CONTEXT((#13052)) 
GLOBAL_UNIT_ASSIGNED_CONTEXT((#13049,#13050,#13051)) 
REPRESENTATION_CONTEXT('Context #1',
  '3D Context with UNIT and UNCERTAINTY') );
#13049 = ( LENGTH_UNIT() NAMED_UNIT(*) SI_UNIT(.MILLI.,.METRE.) );
#13050 = ( NAMED_UNIT(*) PLANE_ANGLE_UNIT() SI_UNIT($,.RADIAN.) );
#13051 = ( NAMED_UNIT(*) SI_UNIT($,.STERADIAN.) SOLID_ANGLE_UNIT() );
#13052 = UNCERTAINTY_MEASURE_WITH_UNIT(LENGTH_MEASURE(1.E-07),#13049,
  'distance_accuracy_value','confusion accuracy');
#13053 = CONTEXT_DEPENDENT_SHAPE_REPRESENTATION(#13054,#13056);
#13054 = ( REPRESENTATION_RELATIONSHIP('','',#12989,#10) 
REPRESENTATION_RELATIONSHIP_WITH_TRANSFORMATION(#13055) 
SHAPE_REPRESENTATION_RELATIONSHIP() );
#13055 = ITEM_DEFINED_TRANSFORMATION('','',#11,#643);
#13056 = PRODUCT_DEFINITION_SHAPE('Placement','Placement of an item',
  #13057);
#13057 = NEXT_ASSEMBLY_USAGE_OCCURRENCE('1922','','',#5,#12984,$);
#13058 = PRODUCT_RELATED_PRODUCT_CATEGORY('part',$,(#12986));
#13059 = SHAPE_DEFINITION_REPRESENTATION(#13060,#13066);
#13060 = PRODUCT_DEFINITION_SHAPE('','',#13061);
#13061 = PRODUCT_DEFINITION('design','',#13062,#13065);
#13062 = PRODUCT_DEFINITION_FORMATION('','',#13063);
#13063 = PRODUCT('Open CASCADE STEP translator 7.9 2.159',
  'Open CASCADE STEP translator 7.9 2.159','',(#13064));
#13064 = PRODUCT_CONTEXT('',#2,'mechanical');
#13065 = PRODUCT_DEFINITION_CONTEXT('part definition',#2,'design');
#13066 = MANIFOLD_SURFACE_SHAPE_REPRESENTATION('',(#11,#13067),#13125);
#13067 = SHELL_BASED_SURFACE_MODEL('',(#13068));
#13068 = OPEN_SHELL('',(#13069));
#13069 = ADVANCED_FACE('',(#13070),#13084,.T.);
#13070 = FACE_BOUND('',#13071,.T.);
#13071 = EDGE_LOOP('',(#13072,#13095,#13111));
#13072 = ORIENTED_EDGE('',*,*,#13073,.F.);
#13073 = EDGE_CURVE('',#13074,#13076,#13078,.T.);
#13074 = VERTEX_POINT('',#13075);
#13075 = CARTESIAN_POINT('',(6.47214,-4.70228,0.838889));
#13076 = VERTEX_POINT('',#13077);
#13077 = CARTESIAN_POINT('',(7.48075,-2.72277,12.));
#13078 = SURFACE_CURVE('',#13079,(#13083),.PCURVE_S1.);
#13079 = LINE('',#13080,#13081);
#13080 = CARTESIAN_POINT('',(6.47214,-4.70228,0.838889));
#13081 = VECTOR('',#13082,1.);
#13082 = DIRECTION('',(8.862945296582E-02,0.173945220095,0.980758828904)
  );
#13083 = PCURVE('',#13084,#13089);
#13084 = PLANE('',#13085);
#13085 = AXIS2_PLACEMENT_3D('',#13086,#13087,#13088);
#13086 = CARTESIAN_POINT('',(7.48075,-2.72277,12.));
#13087 = DIRECTION('',(0.891006655743,-0.453990241549,
    -2.327888895293E-17));
#13088 = DIRECTION('',(0.453990241549,0.891006655743,0.));
#13089 = DEFINITIONAL_REPRESENTATION('',(#13090),#13094);
#13090 = LINE('',#13091,#13092);
#13091 = CARTESIAN_POINT('',(-2.221655682639,-11.161111));
#13092 = VECTOR('',#13093,1.);
#13093 = DIRECTION('',(0.1952232556,0.980758828904));
#13094 = ( GEOMETRIC_REPRESENTATION_CONTEXT(2) 
PARAMETRIC_REPRESENTATION_CONTEXT() REPRESENTATION_CONTEXT('2D SPACE',''
  ) );
#13095 = ORIENTED_EDGE('',*,*,#13096,.T.);
#13096 = EDGE_CURVE('',#13074,#13097,#13099,.T.);
#13097 = VERTEX_POINT('',#13098);
#13098 = CARTESIAN_POINT('',(7.48075,-2.72277,7.));
#13099 = SURFACE_CURVE('',#13100,(#13104),.PCURVE_S1.);
#13100 = LINE('',#13101,#13102);
#13101 = CARTESIAN_POINT('',(6.47214,-4.70228,0.838889));
#13102 = VECTOR('',#13103,1.);
#13103 = DIRECTION('',(0.153999644163,0.302241535991,0.940709393766));
#13104 = PCURVE('',#13084,#13105);
#13105 = DEFINITIONAL_REPRESENTATION('',(#13106),#13110);
#13106 = LINE('',#13107,#13108);
#13107 = CARTESIAN_POINT('',(-2.221655682639,-11.161111));
#13108 = VECTOR('',#13109,1.);
#13109 = DIRECTION('',(0.339213555862,0.940709393766));
#13110 = ( GEOMETRIC_REPRESENTATION_CONTEXT(2) 
PARAMETRIC_REPRESENTATION_CONTEXT() REPRESENTATION_CONTEXT('2D SPACE',''
  ) );
#13111 = ORIENTED_EDGE('',*,*,#13112,.F.);
#13112 = EDGE_CURVE('',#13076,#13097,#13113,.T.);
#13113 = SURFACE_CURVE('',#13114,(#13118),.PCURVE_S1.);
#13114 = LINE('',#13115,#13116);
#13115 = CARTESIAN_POINT('',(7.48075,-2.72277,12.));
#13116 = VECTOR('',#13117,1.);
#13117 = DIRECTION('',(0.,0.,-1.));
#13118 = PCURVE('',#13084,#13119);
#13119 = DEFINITIONAL_REPRESENTATION('',(#13120),#13124);
#13120 = LINE('',#13121,#13122);
#13121 = CARTESIAN_POINT('',(0.,0.));
#13122 = VECTOR('',#13123,1.);
#13123 = DIRECTION('',(-1.54074395551E-33,-1.));
#13124 = ( GEOMETRIC_REPRESENTATION_CONTEXT(2) 
PARAMETRIC_REPRESENTATION_CONTEXT() REPRESENTATION_CONTEXT('2D SPACE',''
  ) );
#13125 = ( GEOMETRIC_REPRESENTATION_CONTEXT(3) 
GLOBAL_UNCERTAINTY_ASSIGNED_CONTEXT((#13129)) 
GLOBAL_UNIT_ASSIGNED_CONTEXT((#13126,#13127,#13128)) 
REPRESENTATION_CONTEXT('Context #1',
  '3D Context with UNIT and UNCERTAINTY') );
#13126 = ( LENGTH_UNIT() NAMED_UNIT(*) SI_UNIT(.MILLI.,.METRE.) );
#13127 = ( NAMED_UNIT(*) PLANE_ANGLE_UNIT() SI_UNIT($,.RADIAN.) );
#13128 = ( NAMED_UNIT(*) SI_UNIT($,.STERADIAN.) SOLID_ANGLE_UNIT() );
#13129 = UNCERTAINTY_MEASURE_WITH_UNIT(LENGTH_MEASURE(1.E-07),#13126,
  'distance_accuracy_value','confusion accuracy');
#13130 = CONTEXT_DEPENDENT_SHAPE_REPRESENTATION(#13131,#13133);
#13131 = ( REPRESENTATION_RELATIONSHIP('','',#13066,#10) 
REPRESENTATION_RELATIONSHIP_WITH_TRANSFORMATION(#13132) 
SHAPE_REPRESENTATION_RELATIONSHIP() );
#13132 = ITEM_DEFINED_TRANSFORMATION('','',#11,#647);
#13133 = PRODUCT_DEFINITION_SHAPE('Placement','Placement of an item',
  #13134);
#13134 = NEXT_ASSEMBLY_USAGE_OCCURRENCE('1923','','',#5,#13061,$);
#13135 = PRODUCT_RELATED_PRODUCT_CATEGORY('part',$,(#13063));
#13136 = SHAPE_DEFINITION_REPRESENTATION(#13137,#13143);
#13137 = PRODUCT_DEFINITION_SHAPE('','',#13138);
#13138 = PRODUCT_DEFINITION('design','',#13139,#13142);
#13139 = PRODUCT_DEFINITION_FORMATION('','',#13140);
#13140 = PRODUCT('Open CASCADE STEP translator 7.9 2.160',
  'Open CASCADE STEP translator 7.9 2.160','',(#13141));
#13141 = PRODUCT_CONTEXT('',#2,'mechanical');
#13142 = PRODUCT_DEFINITION_CONTEXT('part definition',#2,'design');
#13143 = MANIFOLD_SURFACE_SHAPE_REPRESENTATION('',(#11,#13144),#13202);
#13144 = SHELL_BASED_SURFACE_MODEL('',(#13145));
#13145 = OPEN_SHELL('',(#13146));
#13146 = ADVANCED_FACE('',(#13147),#13161,.T.);
#13147 = FACE_BOUND('',#13148,.T.);
#13148 = EDGE_LOOP('',(#13149,#13172,#13188));
#13149 = ORIENTED_EDGE('',*,*,#13150,.F.);
#13150 = EDGE_CURVE('',#13151,#13153,#13155,.T.);
#13151 = VERTEX_POINT('',#13152);
#13152 = CARTESIAN_POINT('',(6.47214,-4.70228,0.838889));
#13153 = VERTEX_POINT('',#13154);
#13154 = CARTESIAN_POINT('',(7.48075,-2.72277,7.));
#13155 = SURFACE_CURVE('',#13156,(#13160),.PCURVE_S1.);
#13156 = LINE('',#13157,#13158);
#13157 = CARTESIAN_POINT('',(6.47214,-4.70228,0.838889));
#13158 = VECTOR('',#13159,1.);
#13159 = DIRECTION('',(0.153999644163,0.302241535991,0.940709393766));
#13160 = PCURVE('',#13161,#13166);
#13161 = PLANE('',#13162);
#13162 = AXIS2_PLACEMENT_3D('',#13163,#13164,#13165);
#13163 = CARTESIAN_POINT('',(7.48075,-2.72277,7.));
#13164 = DIRECTION('',(-0.891006655743,0.453990241549,-0.));
#13165 = DIRECTION('',(-0.453990241549,-0.891006655743,0.));
#13166 = DEFINITIONAL_REPRESENTATION('',(#13167),#13171);
#13167 = LINE('',#13168,#13169);
#13168 = CARTESIAN_POINT('',(2.221655682639,-6.161111));
#13169 = VECTOR('',#13170,1.);
#13170 = DIRECTION('',(-0.339213555862,0.940709393766));
#13171 = ( GEOMETRIC_REPRESENTATION_CONTEXT(2) 
PARAMETRIC_REPRESENTATION_CONTEXT() REPRESENTATION_CONTEXT('2D SPACE',''
  ) );
#13172 = ORIENTED_EDGE('',*,*,#13173,.T.);
#13173 = EDGE_CURVE('',#13151,#13174,#13176,.T.);
#13174 = VERTEX_POINT('',#13175);
#13175 = CARTESIAN_POINT('',(6.47214,-4.70228,0.83889));
#13176 = SURFACE_CURVE('',#13177,(#13181),.PCURVE_S1.);
#13177 = LINE('',#13178,#13179);
#13178 = CARTESIAN_POINT('',(6.47214,-4.70228,0.838889));
#13179 = VECTOR('',#13180,1.);
#13180 = DIRECTION('',(0.,0.,1.));
#13181 = PCURVE('',#13161,#13182);
#13182 = DEFINITIONAL_REPRESENTATION('',(#13183),#13187);
#13183 = LINE('',#13184,#13185);
#13184 = CARTESIAN_POINT('',(2.221655682639,-6.161111));
#13185 = VECTOR('',#13186,1.);
#13186 = DIRECTION('',(0.,1.));
#13187 = ( GEOMETRIC_REPRESENTATION_CONTEXT(2) 
PARAMETRIC_REPRESENTATION_CONTEXT() REPRESENTATION_CONTEXT('2D SPACE',''
  ) );
#13188 = ORIENTED_EDGE('',*,*,#13189,.F.);
#13189 = EDGE_CURVE('',#13153,#13174,#13190,.T.);
#13190 = SURFACE_CURVE('',#13191,(#13195),.PCURVE_S1.);
#13191 = LINE('',#13192,#13193);
#13192 = CARTESIAN_POINT('',(7.48075,-2.72277,7.));
#13193 = VECTOR('',#13194,1.);
#13194 = DIRECTION('',(-0.153999666282,-0.302241579403,-0.940709376197)
  );
#13195 = PCURVE('',#13161,#13196);
#13196 = DEFINITIONAL_REPRESENTATION('',(#13197),#13201);
#13197 = LINE('',#13198,#13199);
#13198 = CARTESIAN_POINT('',(0.,0.));
#13199 = VECTOR('',#13200,1.);
#13200 = DIRECTION('',(0.339213604584,-0.940709376197));
#13201 = ( GEOMETRIC_REPRESENTATION_CONTEXT(2) 
PARAMETRIC_REPRESENTATION_CONTEXT() REPRESENTATION_CONTEXT('2D SPACE',''
  ) );
#13202 = ( GEOMETRIC_REPRESENTATION_CONTEXT(3) 
GLOBAL_UNCERTAINTY_ASSIGNED_CONTEXT((#13206)) 
GLOBAL_UNIT_ASSIGNED_CONTEXT((#13203,#13204,#13205)) 
REPRESENTATION_CONTEXT('Context #1',
  '3D Context with UNIT and UNCERTAINTY') );
#13203 = ( LENGTH_UNIT() NAMED_UNIT(*) SI_UNIT(.MILLI.,.METRE.) );
#13204 = ( NAMED_UNIT(*) PLANE_ANGLE_UNIT() SI_UNIT($,.RADIAN.) );
#13205 = ( NAMED_UNIT(*) SI_UNIT($,.STERADIAN.) SOLID_ANGLE_UNIT() );
#13206 = UNCERTAINTY_MEASURE_WITH_UNIT(LENGTH_MEASURE(1.E-07),#13203,
  'distance_accuracy_value','confusion accuracy');
#13207 = CONTEXT_DEPENDENT_SHAPE_REPRESENTATION(#13208,#13210);
#13208 = ( REPRESENTATION_RELATIONSHIP('','',#13143,#10) 
REPRESENTATION_RELATIONSHIP_WITH_TRANSFORMATION(#13209) 
SHAPE_REPRESENTATION_RELATIONSHIP() );
#13209 = ITEM_DEFINED_TRANSFORMATION('','',#11,#651);
#13210 = PRODUCT_DEFINITION_SHAPE('Placement','Placement of an item',
  #13211);
#13211 = NEXT_ASSEMBLY_USAGE_OCCURRENCE('1924','','',#5,#13138,$);
#13212 = PRODUCT_RELATED_PRODUCT_CATEGORY('part',$,(#13140));
#13213 = SHAPE_DEFINITION_REPRESENTATION(#13214,#13220);
#13214 = PRODUCT_DEFINITION_SHAPE('','',#13215);
#13215 = PRODUCT_DEFINITION('design','',#13216,#13219);
#13216 = PRODUCT_DEFINITION_FORMATION('','',#13217);
#13217 = PRODUCT('Open CASCADE STEP translator 7.9 2.161',
  'Open CASCADE STEP translator 7.9 2.161','',(#13218));
#13218 = PRODUCT_CONTEXT('',#2,'mechanical');
#13219 = PRODUCT_DEFINITION_CONTEXT('part definition',#2,'design');
#13220 = MANIFOLD_SURFACE_SHAPE_REPRESENTATION('',(#11,#13221),#13279);
#13221 = SHELL_BASED_SURFACE_MODEL('',(#13222));
#13222 = OPEN_SHELL('',(#13223));
#13223 = ADVANCED_FACE('',(#13224),#13238,.T.);
#13224 = FACE_BOUND('',#13225,.T.);
#13225 = EDGE_LOOP('',(#13226,#13249,#13265));
#13226 = ORIENTED_EDGE('',*,*,#13227,.T.);
#13227 = EDGE_CURVE('',#13228,#13230,#13232,.T.);
#13228 = VERTEX_POINT('',#13229);
#13229 = CARTESIAN_POINT('',(7.60845,-2.47214,338.));
#13230 = VERTEX_POINT('',#13231);
#13231 = CARTESIAN_POINT('',(8.,0.,12.));
#13232 = SURFACE_CURVE('',#13233,(#13237),.PCURVE_S1.);
#13233 = LINE('',#13234,#13235);
#13234 = CARTESIAN_POINT('',(7.60845,-2.47214,338.));
#13235 = VECTOR('',#13236,1.);
#13236 = DIRECTION('',(1.201038220584E-03,7.5830280338E-03,
    -0.999970527162));
#13237 = PCURVE('',#13238,#13243);
#13238 = PLANE('',#13239);
#13239 = AXIS2_PLACEMENT_3D('',#13240,#13241,#13242);
#13240 = CARTESIAN_POINT('',(7.60845,-2.47214,338.));
#13241 = DIRECTION('',(0.987688248635,-0.15643504565,-0.));
#13242 = DIRECTION('',(0.15643504565,0.987688248635,0.));
#13243 = DEFINITIONAL_REPRESENTATION('',(#13244),#13248);
#13244 = LINE('',#13245,#13246);
#13245 = CARTESIAN_POINT('',(0.,0.));
#13246 = VECTOR('',#13247,1.);
#13247 = DIRECTION('',(7.677552146921E-03,-0.999970527162));
#13248 = ( GEOMETRIC_REPRESENTATION_CONTEXT(2) 
PARAMETRIC_REPRESENTATION_CONTEXT() REPRESENTATION_CONTEXT('2D SPACE',''
  ) );
#13249 = ORIENTED_EDGE('',*,*,#13250,.F.);
#13250 = EDGE_CURVE('',#13251,#13230,#13253,.T.);
#13251 = VERTEX_POINT('',#13252);
#13252 = CARTESIAN_POINT('',(8.,0.,338.));
#13253 = SURFACE_CURVE('',#13254,(#13258),.PCURVE_S1.);
#13254 = LINE('',#13255,#13256);
#13255 = CARTESIAN_POINT('',(8.,0.,338.));
#13256 = VECTOR('',#13257,1.);
#13257 = DIRECTION('',(0.,0.,-1.));
#13258 = PCURVE('',#13238,#13259);
#13259 = DEFINITIONAL_REPRESENTATION('',(#13260),#13264);
#13260 = LINE('',#13261,#13262);
#13261 = CARTESIAN_POINT('',(2.502955769106,0.));
#13262 = VECTOR('',#13263,1.);
#13263 = DIRECTION('',(0.,-1.));
#13264 = ( GEOMETRIC_REPRESENTATION_CONTEXT(2) 
PARAMETRIC_REPRESENTATION_CONTEXT() REPRESENTATION_CONTEXT('2D SPACE',''
  ) );
#13265 = ORIENTED_EDGE('',*,*,#13266,.F.);
#13266 = EDGE_CURVE('',#13228,#13251,#13267,.T.);
#13267 = SURFACE_CURVE('',#13268,(#13272),.PCURVE_S1.);
#13268 = LINE('',#13269,#13270);
#13269 = CARTESIAN_POINT('',(7.60845,-2.47214,338.));
#13270 = VECTOR('',#13271,1.);
#13271 = DIRECTION('',(0.15643504565,0.987688248635,0.));
#13272 = PCURVE('',#13238,#13273);
#13273 = DEFINITIONAL_REPRESENTATION('',(#13274),#13278);
#13274 = LINE('',#13275,#13276);
#13275 = CARTESIAN_POINT('',(0.,0.));
#13276 = VECTOR('',#13277,1.);
#13277 = DIRECTION('',(1.,0.));
#13278 = ( GEOMETRIC_REPRESENTATION_CONTEXT(2) 
PARAMETRIC_REPRESENTATION_CONTEXT() REPRESENTATION_CONTEXT('2D SPACE',''
  ) );
#13279 = ( GEOMETRIC_REPRESENTATION_CONTEXT(3) 
GLOBAL_UNCERTAINTY_ASSIGNED_CONTEXT((#13283)) 
GLOBAL_UNIT_ASSIGNED_CONTEXT((#13280,#13281,#13282)) 
REPRESENTATION_CONTEXT('Context #1',
  '3D Context with UNIT and UNCERTAINTY') );
#13280 = ( LENGTH_UNIT() NAMED_UNIT(*) SI_UNIT(.MILLI.,.METRE.) );
#13281 = ( NAMED_UNIT(*) PLANE_ANGLE_UNIT() SI_UNIT($,.RADIAN.) );
#13282 = ( NAMED_UNIT(*) SI_UNIT($,.STERADIAN.) SOLID_ANGLE_UNIT() );
#13283 = UNCERTAINTY_MEASURE_WITH_UNIT(LENGTH_MEASURE(1.E-07),#13280,
  'distance_accuracy_value','confusion accuracy');
#13284 = CONTEXT_DEPENDENT_SHAPE_REPRESENTATION(#13285,#13287);
#13285 = ( REPRESENTATION_RELATIONSHIP('','',#13220,#10) 
REPRESENTATION_RELATIONSHIP_WITH_TRANSFORMATION(#13286) 
SHAPE_REPRESENTATION_RELATIONSHIP() );
#13286 = ITEM_DEFINED_TRANSFORMATION('','',#11,#655);
#13287 = PRODUCT_DEFINITION_SHAPE('Placement','Placement of an item',
  #13288);
#13288 = NEXT_ASSEMBLY_USAGE_OCCURRENCE('1925','','',#5,#13215,$);
#13289 = PRODUCT_RELATED_PRODUCT_CATEGORY('part',$,(#13217));
#13290 = SHAPE_DEFINITION_REPRESENTATION(#13291,#13297);
#13291 = PRODUCT_DEFINITION_SHAPE('','',#13292);
#13292 = PRODUCT_DEFINITION('design','',#13293,#13296);
#13293 = PRODUCT_DEFINITION_FORMATION('','',#13294);
#13294 = PRODUCT('Open CASCADE STEP translator 7.9 2.162',
  'Open CASCADE STEP translator 7.9 2.162','',(#13295));
#13295 = PRODUCT_CONTEXT('',#2,'mechanical');
#13296 = PRODUCT_DEFINITION_CONTEXT('part definition',#2,'design');
#13297 = MANIFOLD_SURFACE_SHAPE_REPRESENTATION('',(#11,#13298),#13356);
#13298 = SHELL_BASED_SURFACE_MODEL('',(#13299));
#13299 = OPEN_SHELL('',(#13300));
#13300 = ADVANCED_FACE('',(#13301),#13315,.T.);
#13301 = FACE_BOUND('',#13302,.T.);
#13302 = EDGE_LOOP('',(#13303,#13326,#13342));
#13303 = ORIENTED_EDGE('',*,*,#13304,.F.);
#13304 = EDGE_CURVE('',#13305,#13307,#13309,.T.);
#13305 = VERTEX_POINT('',#13306);
#13306 = CARTESIAN_POINT('',(7.60845,-2.47214,338.));
#13307 = VERTEX_POINT('',#13308);
#13308 = CARTESIAN_POINT('',(8.,0.,12.));
#13309 = SURFACE_CURVE('',#13310,(#13314),.PCURVE_S1.);
#13310 = LINE('',#13311,#13312);
#13311 = CARTESIAN_POINT('',(7.60845,-2.47214,338.));
#13312 = VECTOR('',#13313,1.);
#13313 = DIRECTION('',(1.201038220584E-03,7.5830280338E-03,
    -0.999970527162));
#13314 = PCURVE('',#13315,#13320);
#13315 = PLANE('',#13316);
#13316 = AXIS2_PLACEMENT_3D('',#13317,#13318,#13319);
#13317 = CARTESIAN_POINT('',(8.,0.,12.));
#13318 = DIRECTION('',(0.987688248635,-0.15643504565,0.));
#13319 = DIRECTION('',(0.15643504565,0.987688248635,0.));
#13320 = DEFINITIONAL_REPRESENTATION('',(#13321),#13325);
#13321 = LINE('',#13322,#13323);
#13322 = CARTESIAN_POINT('',(-2.502955769106,326.));
#13323 = VECTOR('',#13324,1.);
#13324 = DIRECTION('',(7.677552146921E-03,-0.999970527162));
#13325 = ( GEOMETRIC_REPRESENTATION_CONTEXT(2) 
PARAMETRIC_REPRESENTATION_CONTEXT() REPRESENTATION_CONTEXT('2D SPACE',''
  ) );
#13326 = ORIENTED_EDGE('',*,*,#13327,.F.);
#13327 = EDGE_CURVE('',#13328,#13305,#13330,.T.);
#13328 = VERTEX_POINT('',#13329);
#13329 = CARTESIAN_POINT('',(7.60845,-2.47214,12.));
#13330 = SURFACE_CURVE('',#13331,(#13335),.PCURVE_S1.);
#13331 = LINE('',#13332,#13333);
#13332 = CARTESIAN_POINT('',(7.60845,-2.47214,12.));
#13333 = VECTOR('',#13334,1.);
#13334 = DIRECTION('',(0.,0.,1.));
#13335 = PCURVE('',#13315,#13336);
#13336 = DEFINITIONAL_REPRESENTATION('',(#13337),#13341);
#13337 = LINE('',#13338,#13339);
#13338 = CARTESIAN_POINT('',(-2.502955769106,0.));
#13339 = VECTOR('',#13340,1.);
#13340 = DIRECTION('',(0.,1.));
#13341 = ( GEOMETRIC_REPRESENTATION_CONTEXT(2) 
PARAMETRIC_REPRESENTATION_CONTEXT() REPRESENTATION_CONTEXT('2D SPACE',''
  ) );
#13342 = ORIENTED_EDGE('',*,*,#13343,.F.);
#13343 = EDGE_CURVE('',#13307,#13328,#13344,.T.);
#13344 = SURFACE_CURVE('',#13345,(#13349),.PCURVE_S1.);
#13345 = LINE('',#13346,#13347);
#13346 = CARTESIAN_POINT('',(8.,0.,12.));
#13347 = VECTOR('',#13348,1.);
#13348 = DIRECTION('',(-0.15643504565,-0.987688248635,0.));
#13349 = PCURVE('',#13315,#13350);
#13350 = DEFINITIONAL_REPRESENTATION('',(#13351),#13355);
#13351 = LINE('',#13352,#13353);
#13352 = CARTESIAN_POINT('',(0.,0.));
#13353 = VECTOR('',#13354,1.);
#13354 = DIRECTION('',(-1.,0.));
#13355 = ( GEOMETRIC_REPRESENTATION_CONTEXT(2) 
PARAMETRIC_REPRESENTATION_CONTEXT() REPRESENTATION_CONTEXT('2D SPACE',''
  ) );
#13356 = ( GEOMETRIC_REPRESENTATION_CONTEXT(3) 
GLOBAL_UNCERTAINTY_ASSIGNED_CONTEXT((#13360)) 
GLOBAL_UNIT_ASSIGNED_CONTEXT((#13357,#13358,#13359)) 
REPRESENTATION_CONTEXT('Context #1',
  '3D Context with UNIT and UNCERTAINTY') );
#13357 = ( LENGTH_UNIT() NAMED_UNIT(*) SI_UNIT(.MILLI.,.METRE.) );
#13358 = ( NAMED_UNIT(*) PLANE_ANGLE_UNIT() SI_UNIT($,.RADIAN.) );
#13359 = ( NAMED_UNIT(*) SI_UNIT($,.STERADIAN.) SOLID_ANGLE_UNIT() );
#13360 = UNCERTAINTY_MEASURE_WITH_UNIT(LENGTH_MEASURE(1.E-07),#13357,
  'distance_accuracy_value','confusion accuracy');
#13361 = CONTEXT_DEPENDENT_SHAPE_REPRESENTATION(#13362,#13364);
#13362 = ( REPRESENTATION_RELATIONSHIP('','',#13297,#10) 
REPRESENTATION_RELATIONSHIP_WITH_TRANSFORMATION(#13363) 
SHAPE_REPRESENTATION_RELATIONSHIP() );
#13363 = ITEM_DEFINED_TRANSFORMATION('','',#11,#659);
#13364 = PRODUCT_DEFINITION_SHAPE('Placement','Placement of an item',
  #13365);
#13365 = NEXT_ASSEMBLY_USAGE_OCCURRENCE('1926','','',#5,#13292,$);
#13366 = PRODUCT_RELATED_PRODUCT_CATEGORY('part',$,(#13294));
#13367 = SHAPE_DEFINITION_REPRESENTATION(#13368,#13374);
#13368 = PRODUCT_DEFINITION_SHAPE('','',#13369);
#13369 = PRODUCT_DEFINITION('design','',#13370,#13373);
#13370 = PRODUCT_DEFINITION_FORMATION('','',#13371);
#13371 = PRODUCT('Open CASCADE STEP translator 7.9 2.163',
  'Open CASCADE STEP translator 7.9 2.163','',(#13372));
#13372 = PRODUCT_CONTEXT('',#2,'mechanical');
#13373 = PRODUCT_DEFINITION_CONTEXT('part definition',#2,'design');
#13374 = MANIFOLD_SURFACE_SHAPE_REPRESENTATION('',(#11,#13375),#13433);
#13375 = SHELL_BASED_SURFACE_MODEL('',(#13376));
#13376 = OPEN_SHELL('',(#13377));
#13377 = ADVANCED_FACE('',(#13378),#13392,.T.);
#13378 = FACE_BOUND('',#13379,.T.);
#13379 = EDGE_LOOP('',(#13380,#13403,#13419));
#13380 = ORIENTED_EDGE('',*,*,#13381,.T.);
#13381 = EDGE_CURVE('',#13382,#13384,#13386,.T.);
#13382 = VERTEX_POINT('',#13383);
#13383 = CARTESIAN_POINT('',(7.60845,-2.47214,7.));
#13384 = VERTEX_POINT('',#13385);
#13385 = CARTESIAN_POINT('',(8.,0.,0.83889));
#13386 = SURFACE_CURVE('',#13387,(#13391),.PCURVE_S1.);
#13387 = LINE('',#13388,#13389);
#13388 = CARTESIAN_POINT('',(7.60845,-2.47214,7.));
#13389 = VECTOR('',#13390,1.);
#13390 = DIRECTION('',(5.887865807854E-02,0.371743802279,-0.926466323776
    ));
#13391 = PCURVE('',#13392,#13397);
#13392 = PLANE('',#13393);
#13393 = AXIS2_PLACEMENT_3D('',#13394,#13395,#13396);
#13394 = CARTESIAN_POINT('',(7.60845,-2.47214,7.));
#13395 = DIRECTION('',(0.987688248635,-0.15643504565,-0.));
#13396 = DIRECTION('',(0.15643504565,0.987688248635,0.));
#13397 = DEFINITIONAL_REPRESENTATION('',(#13398),#13402);
#13398 = LINE('',#13399,#13400);
#13399 = CARTESIAN_POINT('',(0.,0.));
#13400 = VECTOR('',#13401,1.);
#13401 = DIRECTION('',(0.376377670578,-0.926466323776));
#13402 = ( GEOMETRIC_REPRESENTATION_CONTEXT(2) 
PARAMETRIC_REPRESENTATION_CONTEXT() REPRESENTATION_CONTEXT('2D SPACE',''
  ) );
#13403 = ORIENTED_EDGE('',*,*,#13404,.F.);
#13404 = EDGE_CURVE('',#13405,#13384,#13407,.T.);
#13405 = VERTEX_POINT('',#13406);
#13406 = CARTESIAN_POINT('',(8.,0.,7.));
#13407 = SURFACE_CURVE('',#13408,(#13412),.PCURVE_S1.);
#13408 = LINE('',#13409,#13410);
#13409 = CARTESIAN_POINT('',(8.,0.,7.));
#13410 = VECTOR('',#13411,1.);
#13411 = DIRECTION('',(0.,0.,-1.));
#13412 = PCURVE('',#13392,#13413);
#13413 = DEFINITIONAL_REPRESENTATION('',(#13414),#13418);
#13414 = LINE('',#13415,#13416);
#13415 = CARTESIAN_POINT('',(2.502955769106,0.));
#13416 = VECTOR('',#13417,1.);
#13417 = DIRECTION('',(0.,-1.));
#13418 = ( GEOMETRIC_REPRESENTATION_CONTEXT(2) 
PARAMETRIC_REPRESENTATION_CONTEXT() REPRESENTATION_CONTEXT('2D SPACE',''
  ) );
#13419 = ORIENTED_EDGE('',*,*,#13420,.F.);
#13420 = EDGE_CURVE('',#13382,#13405,#13421,.T.);
#13421 = SURFACE_CURVE('',#13422,(#13426),.PCURVE_S1.);
#13422 = LINE('',#13423,#13424);
#13423 = CARTESIAN_POINT('',(7.60845,-2.47214,7.));
#13424 = VECTOR('',#13425,1.);
#13425 = DIRECTION('',(0.15643504565,0.987688248635,0.));
#13426 = PCURVE('',#13392,#13427);
#13427 = DEFINITIONAL_REPRESENTATION('',(#13428),#13432);
#13428 = LINE('',#13429,#13430);
#13429 = CARTESIAN_POINT('',(0.,0.));
#13430 = VECTOR('',#13431,1.);
#13431 = DIRECTION('',(1.,0.));
#13432 = ( GEOMETRIC_REPRESENTATION_CONTEXT(2) 
PARAMETRIC_REPRESENTATION_CONTEXT() REPRESENTATION_CONTEXT('2D SPACE',''
  ) );
#13433 = ( GEOMETRIC_REPRESENTATION_CONTEXT(3) 
GLOBAL_UNCERTAINTY_ASSIGNED_CONTEXT((#13437)) 
GLOBAL_UNIT_ASSIGNED_CONTEXT((#13434,#13435,#13436)) 
REPRESENTATION_CONTEXT('Context #1',
  '3D Context with UNIT and UNCERTAINTY') );
#13434 = ( LENGTH_UNIT() NAMED_UNIT(*) SI_UNIT(.MILLI.,.METRE.) );
#13435 = ( NAMED_UNIT(*) PLANE_ANGLE_UNIT() SI_UNIT($,.RADIAN.) );
#13436 = ( NAMED_UNIT(*) SI_UNIT($,.STERADIAN.) SOLID_ANGLE_UNIT() );
#13437 = UNCERTAINTY_MEASURE_WITH_UNIT(LENGTH_MEASURE(1.E-07),#13434,
  'distance_accuracy_value','confusion accuracy');
#13438 = CONTEXT_DEPENDENT_SHAPE_REPRESENTATION(#13439,#13441);
#13439 = ( REPRESENTATION_RELATIONSHIP('','',#13374,#10) 
REPRESENTATION_RELATIONSHIP_WITH_TRANSFORMATION(#13440) 
SHAPE_REPRESENTATION_RELATIONSHIP() );
#13440 = ITEM_DEFINED_TRANSFORMATION('','',#11,#663);
#13441 = PRODUCT_DEFINITION_SHAPE('Placement','Placement of an item',
  #13442);
#13442 = NEXT_ASSEMBLY_USAGE_OCCURRENCE('1927','','',#5,#13369,$);
#13443 = PRODUCT_RELATED_PRODUCT_CATEGORY('part',$,(#13371));
#13444 = SHAPE_DEFINITION_REPRESENTATION(#13445,#13451);
#13445 = PRODUCT_DEFINITION_SHAPE('','',#13446);
#13446 = PRODUCT_DEFINITION('design','',#13447,#13450);
#13447 = PRODUCT_DEFINITION_FORMATION('','',#13448);
#13448 = PRODUCT('Open CASCADE STEP translator 7.9 2.164',
  'Open CASCADE STEP translator 7.9 2.164','',(#13449));
#13449 = PRODUCT_CONTEXT('',#2,'mechanical');
#13450 = PRODUCT_DEFINITION_CONTEXT('part definition',#2,'design');
#13451 = MANIFOLD_SURFACE_SHAPE_REPRESENTATION('',(#11,#13452),#13510);
#13452 = SHELL_BASED_SURFACE_MODEL('',(#13453));
#13453 = OPEN_SHELL('',(#13454));
#13454 = ADVANCED_FACE('',(#13455),#13469,.T.);
#13455 = FACE_BOUND('',#13456,.T.);
#13456 = EDGE_LOOP('',(#13457,#13480,#13496));
#13457 = ORIENTED_EDGE('',*,*,#13458,.F.);
#13458 = EDGE_CURVE('',#13459,#13461,#13463,.T.);
#13459 = VERTEX_POINT('',#13460);
#13460 = CARTESIAN_POINT('',(7.60845,-2.47214,7.));
#13461 = VERTEX_POINT('',#13462);
#13462 = CARTESIAN_POINT('',(8.,0.,0.83889));
#13463 = SURFACE_CURVE('',#13464,(#13468),.PCURVE_S1.);
#13464 = LINE('',#13465,#13466);
#13465 = CARTESIAN_POINT('',(7.60845,-2.47214,7.));
#13466 = VECTOR('',#13467,1.);
#13467 = DIRECTION('',(5.887865807854E-02,0.371743802279,-0.926466323776
    ));
#13468 = PCURVE('',#13469,#13474);
#13469 = PLANE('',#13470);
#13470 = AXIS2_PLACEMENT_3D('',#13471,#13472,#13473);
#13471 = CARTESIAN_POINT('',(8.,0.,0.83889));
#13472 = DIRECTION('',(0.987688248635,-0.15643504565,0.));
#13473 = DIRECTION('',(0.15643504565,0.987688248635,0.));
#13474 = DEFINITIONAL_REPRESENTATION('',(#13475),#13479);
#13475 = LINE('',#13476,#13477);
#13476 = CARTESIAN_POINT('',(-2.502955769106,6.16111));
#13477 = VECTOR('',#13478,1.);
#13478 = DIRECTION('',(0.376377670578,-0.926466323776));
#13479 = ( GEOMETRIC_REPRESENTATION_CONTEXT(2) 
PARAMETRIC_REPRESENTATION_CONTEXT() REPRESENTATION_CONTEXT('2D SPACE',''
  ) );
#13480 = ORIENTED_EDGE('',*,*,#13481,.F.);
#13481 = EDGE_CURVE('',#13482,#13459,#13484,.T.);
#13482 = VERTEX_POINT('',#13483);
#13483 = CARTESIAN_POINT('',(7.60845,-2.47214,0.83889));
#13484 = SURFACE_CURVE('',#13485,(#13489),.PCURVE_S1.);
#13485 = LINE('',#13486,#13487);
#13486 = CARTESIAN_POINT('',(7.60845,-2.47214,0.83889));
#13487 = VECTOR('',#13488,1.);
#13488 = DIRECTION('',(0.,0.,1.));
#13489 = PCURVE('',#13469,#13490);
#13490 = DEFINITIONAL_REPRESENTATION('',(#13491),#13495);
#13491 = LINE('',#13492,#13493);
#13492 = CARTESIAN_POINT('',(-2.502955769106,0.));
#13493 = VECTOR('',#13494,1.);
#13494 = DIRECTION('',(0.,1.));
#13495 = ( GEOMETRIC_REPRESENTATION_CONTEXT(2) 
PARAMETRIC_REPRESENTATION_CONTEXT() REPRESENTATION_CONTEXT('2D SPACE',''
  ) );
#13496 = ORIENTED_EDGE('',*,*,#13497,.T.);
#13497 = EDGE_CURVE('',#13482,#13461,#13498,.T.);
#13498 = SURFACE_CURVE('',#13499,(#13503),.PCURVE_S1.);
#13499 = LINE('',#13500,#13501);
#13500 = CARTESIAN_POINT('',(7.60845,-2.47214,0.83889));
#13501 = VECTOR('',#13502,1.);
#13502 = DIRECTION('',(0.15643504565,0.987688248635,0.));
#13503 = PCURVE('',#13469,#13504);
#13504 = DEFINITIONAL_REPRESENTATION('',(#13505),#13509);
#13505 = LINE('',#13506,#13507);
#13506 = CARTESIAN_POINT('',(-2.502955769106,0.));
#13507 = VECTOR('',#13508,1.);
#13508 = DIRECTION('',(1.,0.));
#13509 = ( GEOMETRIC_REPRESENTATION_CONTEXT(2) 
PARAMETRIC_REPRESENTATION_CONTEXT() REPRESENTATION_CONTEXT('2D SPACE',''
  ) );
#13510 = ( GEOMETRIC_REPRESENTATION_CONTEXT(3) 
GLOBAL_UNCERTAINTY_ASSIGNED_CONTEXT((#13514)) 
GLOBAL_UNIT_ASSIGNED_CONTEXT((#13511,#13512,#13513)) 
REPRESENTATION_CONTEXT('Context #1',
  '3D Context with UNIT and UNCERTAINTY') );
#13511 = ( LENGTH_UNIT() NAMED_UNIT(*) SI_UNIT(.MILLI.,.METRE.) );
#13512 = ( NAMED_UNIT(*) PLANE_ANGLE_UNIT() SI_UNIT($,.RADIAN.) );
#13513 = ( NAMED_UNIT(*) SI_UNIT($,.STERADIAN.) SOLID_ANGLE_UNIT() );
#13514 = UNCERTAINTY_MEASURE_WITH_UNIT(LENGTH_MEASURE(1.E-07),#13511,
  'distance_accuracy_value','confusion accuracy');
#13515 = CONTEXT_DEPENDENT_SHAPE_REPRESENTATION(#13516,#13518);
#13516 = ( REPRESENTATION_RELATIONSHIP('','',#13451,#10) 
REPRESENTATION_RELATIONSHIP_WITH_TRANSFORMATION(#13517) 
SHAPE_REPRESENTATION_RELATIONSHIP() );
#13517 = ITEM_DEFINED_TRANSFORMATION('','',#11,#667);
#13518 = PRODUCT_DEFINITION_SHAPE('Placement','Placement of an item',
  #13519);
#13519 = NEXT_ASSEMBLY_USAGE_OCCURRENCE('1928','','',#5,#13446,$);
#13520 = PRODUCT_RELATED_PRODUCT_CATEGORY('part',$,(#13448));
#13521 = SHAPE_DEFINITION_REPRESENTATION(#13522,#13528);
#13522 = PRODUCT_DEFINITION_SHAPE('','',#13523);
#13523 = PRODUCT_DEFINITION('design','',#13524,#13527);
#13524 = PRODUCT_DEFINITION_FORMATION('','',#13525);
#13525 = PRODUCT('Open CASCADE STEP translator 7.9 2.165',
  'Open CASCADE STEP translator 7.9 2.165','',(#13526));
#13526 = PRODUCT_CONTEXT('',#2,'mechanical');
#13527 = PRODUCT_DEFINITION_CONTEXT('part definition',#2,'design');
#13528 = MANIFOLD_SURFACE_SHAPE_REPRESENTATION('',(#11,#13529),#13587);
#13529 = SHELL_BASED_SURFACE_MODEL('',(#13530));
#13530 = OPEN_SHELL('',(#13531));
#13531 = ADVANCED_FACE('',(#13532),#13546,.T.);
#13532 = FACE_BOUND('',#13533,.T.);
#13533 = EDGE_LOOP('',(#13534,#13557,#13573));
#13534 = ORIENTED_EDGE('',*,*,#13535,.T.);
#13535 = EDGE_CURVE('',#13536,#13538,#13540,.T.);
#13536 = VERTEX_POINT('',#13537);
#13537 = CARTESIAN_POINT('',(7.60845,-2.47214,349.161));
#13538 = VERTEX_POINT('',#13539);
#13539 = CARTESIAN_POINT('',(8.,0.,343.));
#13540 = SURFACE_CURVE('',#13541,(#13545),.PCURVE_S1.);
#13541 = LINE('',#13542,#13543);
#13542 = CARTESIAN_POINT('',(7.60845,-2.47214,349.161));
#13543 = VECTOR('',#13544,1.);
#13544 = DIRECTION('',(5.887956039111E-02,0.371749499235,-0.926463980512
    ));
#13545 = PCURVE('',#13546,#13551);
#13546 = PLANE('',#13547);
#13547 = AXIS2_PLACEMENT_3D('',#13548,#13549,#13550);
#13548 = CARTESIAN_POINT('',(7.60845,-2.47214,349.161));
#13549 = DIRECTION('',(0.987688248635,-0.15643504565,-0.));
#13550 = DIRECTION('',(0.15643504565,0.987688248635,0.));
#13551 = DEFINITIONAL_REPRESENTATION('',(#13552),#13556);
#13552 = LINE('',#13553,#13554);
#13553 = CARTESIAN_POINT('',(0.,0.));
#13554 = VECTOR('',#13555,1.);
#13555 = DIRECTION('',(0.376383438548,-0.926463980512));
#13556 = ( GEOMETRIC_REPRESENTATION_CONTEXT(2) 
PARAMETRIC_REPRESENTATION_CONTEXT() REPRESENTATION_CONTEXT('2D SPACE',''
  ) );
#13557 = ORIENTED_EDGE('',*,*,#13558,.F.);
#13558 = EDGE_CURVE('',#13559,#13538,#13561,.T.);
#13559 = VERTEX_POINT('',#13560);
#13560 = CARTESIAN_POINT('',(8.,0.,349.161));
#13561 = SURFACE_CURVE('',#13562,(#13566),.PCURVE_S1.);
#13562 = LINE('',#13563,#13564);
#13563 = CARTESIAN_POINT('',(8.,0.,349.161));
#13564 = VECTOR('',#13565,1.);
#13565 = DIRECTION('',(0.,0.,-1.));
#13566 = PCURVE('',#13546,#13567);
#13567 = DEFINITIONAL_REPRESENTATION('',(#13568),#13572);
#13568 = LINE('',#13569,#13570);
#13569 = CARTESIAN_POINT('',(2.502955769106,0.));
#13570 = VECTOR('',#13571,1.);
#13571 = DIRECTION('',(0.,-1.));
#13572 = ( GEOMETRIC_REPRESENTATION_CONTEXT(2) 
PARAMETRIC_REPRESENTATION_CONTEXT() REPRESENTATION_CONTEXT('2D SPACE',''
  ) );
#13573 = ORIENTED_EDGE('',*,*,#13574,.T.);
#13574 = EDGE_CURVE('',#13559,#13536,#13575,.T.);
#13575 = SURFACE_CURVE('',#13576,(#13580),.PCURVE_S1.);
#13576 = LINE('',#13577,#13578);
#13577 = CARTESIAN_POINT('',(8.,0.,349.161));
#13578 = VECTOR('',#13579,1.);
#13579 = DIRECTION('',(-0.15643504565,-0.987688248635,0.));
#13580 = PCURVE('',#13546,#13581);
#13581 = DEFINITIONAL_REPRESENTATION('',(#13582),#13586);
#13582 = LINE('',#13583,#13584);
#13583 = CARTESIAN_POINT('',(2.502955769106,0.));
#13584 = VECTOR('',#13585,1.);
#13585 = DIRECTION('',(-1.,0.));
#13586 = ( GEOMETRIC_REPRESENTATION_CONTEXT(2) 
PARAMETRIC_REPRESENTATION_CONTEXT() REPRESENTATION_CONTEXT('2D SPACE',''
  ) );
#13587 = ( GEOMETRIC_REPRESENTATION_CONTEXT(3) 
GLOBAL_UNCERTAINTY_ASSIGNED_CONTEXT((#13591)) 
GLOBAL_UNIT_ASSIGNED_CONTEXT((#13588,#13589,#13590)) 
REPRESENTATION_CONTEXT('Context #1',
  '3D Context with UNIT and UNCERTAINTY') );
#13588 = ( LENGTH_UNIT() NAMED_UNIT(*) SI_UNIT(.MILLI.,.METRE.) );
#13589 = ( NAMED_UNIT(*) PLANE_ANGLE_UNIT() SI_UNIT($,.RADIAN.) );
#13590 = ( NAMED_UNIT(*) SI_UNIT($,.STERADIAN.) SOLID_ANGLE_UNIT() );
#13591 = UNCERTAINTY_MEASURE_WITH_UNIT(LENGTH_MEASURE(1.E-07),#13588,
  'distance_accuracy_value','confusion accuracy');
#13592 = CONTEXT_DEPENDENT_SHAPE_REPRESENTATION(#13593,#13595);
#13593 = ( REPRESENTATION_RELATIONSHIP('','',#13528,#10) 
REPRESENTATION_RELATIONSHIP_WITH_TRANSFORMATION(#13594) 
SHAPE_REPRESENTATION_RELATIONSHIP() );
#13594 = ITEM_DEFINED_TRANSFORMATION('','',#11,#671);
#13595 = PRODUCT_DEFINITION_SHAPE('Placement','Placement of an item',
  #13596);
#13596 = NEXT_ASSEMBLY_USAGE_OCCURRENCE('1929','','',#5,#13523,$);
#13597 = PRODUCT_RELATED_PRODUCT_CATEGORY('part',$,(#13525));
#13598 = SHAPE_DEFINITION_REPRESENTATION(#13599,#13605);
#13599 = PRODUCT_DEFINITION_SHAPE('','',#13600);
#13600 = PRODUCT_DEFINITION('design','',#13601,#13604);
#13601 = PRODUCT_DEFINITION_FORMATION('','',#13602);
#13602 = PRODUCT('Open CASCADE STEP translator 7.9 2.166',
  'Open CASCADE STEP translator 7.9 2.166','',(#13603));
#13603 = PRODUCT_CONTEXT('',#2,'mechanical');
#13604 = PRODUCT_DEFINITION_CONTEXT('part definition',#2,'design');
#13605 = MANIFOLD_SURFACE_SHAPE_REPRESENTATION('',(#11,#13606),#13664);
#13606 = SHELL_BASED_SURFACE_MODEL('',(#13607));
#13607 = OPEN_SHELL('',(#13608));
#13608 = ADVANCED_FACE('',(#13609),#13623,.T.);
#13609 = FACE_BOUND('',#13610,.T.);
#13610 = EDGE_LOOP('',(#13611,#13634,#13650));
#13611 = ORIENTED_EDGE('',*,*,#13612,.F.);
#13612 = EDGE_CURVE('',#13613,#13615,#13617,.T.);
#13613 = VERTEX_POINT('',#13614);
#13614 = CARTESIAN_POINT('',(7.60845,-2.47214,349.161));
#13615 = VERTEX_POINT('',#13616);
#13616 = CARTESIAN_POINT('',(8.,0.,343.));
#13617 = SURFACE_CURVE('',#13618,(#13622),.PCURVE_S1.);
#13618 = LINE('',#13619,#13620);
#13619 = CARTESIAN_POINT('',(7.60845,-2.47214,349.161));
#13620 = VECTOR('',#13621,1.);
#13621 = DIRECTION('',(5.887956039111E-02,0.371749499235,-0.926463980512
    ));
#13622 = PCURVE('',#13623,#13628);
#13623 = PLANE('',#13624);
#13624 = AXIS2_PLACEMENT_3D('',#13625,#13626,#13627);
#13625 = CARTESIAN_POINT('',(8.,0.,343.));
#13626 = DIRECTION('',(0.987688248635,-0.15643504565,0.));
#13627 = DIRECTION('',(0.15643504565,0.987688248635,0.));
#13628 = DEFINITIONAL_REPRESENTATION('',(#13629),#13633);
#13629 = LINE('',#13630,#13631);
#13630 = CARTESIAN_POINT('',(-2.502955769106,6.161));
#13631 = VECTOR('',#13632,1.);
#13632 = DIRECTION('',(0.376383438548,-0.926463980512));
#13633 = ( GEOMETRIC_REPRESENTATION_CONTEXT(2) 
PARAMETRIC_REPRESENTATION_CONTEXT() REPRESENTATION_CONTEXT('2D SPACE',''
  ) );
#13634 = ORIENTED_EDGE('',*,*,#13635,.F.);
#13635 = EDGE_CURVE('',#13636,#13613,#13638,.T.);
#13636 = VERTEX_POINT('',#13637);
#13637 = CARTESIAN_POINT('',(7.60845,-2.47214,343.));
#13638 = SURFACE_CURVE('',#13639,(#13643),.PCURVE_S1.);
#13639 = LINE('',#13640,#13641);
#13640 = CARTESIAN_POINT('',(7.60845,-2.47214,343.));
#13641 = VECTOR('',#13642,1.);
#13642 = DIRECTION('',(0.,0.,1.));
#13643 = PCURVE('',#13623,#13644);
#13644 = DEFINITIONAL_REPRESENTATION('',(#13645),#13649);
#13645 = LINE('',#13646,#13647);
#13646 = CARTESIAN_POINT('',(-2.502955769106,0.));
#13647 = VECTOR('',#13648,1.);
#13648 = DIRECTION('',(0.,1.));
#13649 = ( GEOMETRIC_REPRESENTATION_CONTEXT(2) 
PARAMETRIC_REPRESENTATION_CONTEXT() REPRESENTATION_CONTEXT('2D SPACE',''
  ) );
#13650 = ORIENTED_EDGE('',*,*,#13651,.F.);
#13651 = EDGE_CURVE('',#13615,#13636,#13652,.T.);
#13652 = SURFACE_CURVE('',#13653,(#13657),.PCURVE_S1.);
#13653 = LINE('',#13654,#13655);
#13654 = CARTESIAN_POINT('',(8.,0.,343.));
#13655 = VECTOR('',#13656,1.);
#13656 = DIRECTION('',(-0.15643504565,-0.987688248635,0.));
#13657 = PCURVE('',#13623,#13658);
#13658 = DEFINITIONAL_REPRESENTATION('',(#13659),#13663);
#13659 = LINE('',#13660,#13661);
#13660 = CARTESIAN_POINT('',(0.,0.));
#13661 = VECTOR('',#13662,1.);
#13662 = DIRECTION('',(-1.,0.));
#13663 = ( GEOMETRIC_REPRESENTATION_CONTEXT(2) 
PARAMETRIC_REPRESENTATION_CONTEXT() REPRESENTATION_CONTEXT('2D SPACE',''
  ) );
#13664 = ( GEOMETRIC_REPRESENTATION_CONTEXT(3) 
GLOBAL_UNCERTAINTY_ASSIGNED_CONTEXT((#13668)) 
GLOBAL_UNIT_ASSIGNED_CONTEXT((#13665,#13666,#13667)) 
REPRESENTATION_CONTEXT('Context #1',
  '3D Context with UNIT and UNCERTAINTY') );
#13665 = ( LENGTH_UNIT() NAMED_UNIT(*) SI_UNIT(.MILLI.,.METRE.) );
#13666 = ( NAMED_UNIT(*) PLANE_ANGLE_UNIT() SI_UNIT($,.RADIAN.) );
#13667 = ( NAMED_UNIT(*) SI_UNIT($,.STERADIAN.) SOLID_ANGLE_UNIT() );
#13668 = UNCERTAINTY_MEASURE_WITH_UNIT(LENGTH_MEASURE(1.E-07),#13665,
  'distance_accuracy_value','confusion accuracy');
#13669 = CONTEXT_DEPENDENT_SHAPE_REPRESENTATION(#13670,#13672);
#13670 = ( REPRESENTATION_RELATIONSHIP('','',#13605,#10) 
REPRESENTATION_RELATIONSHIP_WITH_TRANSFORMATION(#13671) 
SHAPE_REPRESENTATION_RELATIONSHIP() );
#13671 = ITEM_DEFINED_TRANSFORMATION('','',#11,#675);
#13672 = PRODUCT_DEFINITION_SHAPE('Placement','Placement of an item',
  #13673);
#13673 = NEXT_ASSEMBLY_USAGE_OCCURRENCE('1930','','',#5,#13600,$);
#13674 = PRODUCT_RELATED_PRODUCT_CATEGORY('part',$,(#13602));
#13675 = SHAPE_DEFINITION_REPRESENTATION(#13676,#13682);
#13676 = PRODUCT_DEFINITION_SHAPE('','',#13677);
#13677 = PRODUCT_DEFINITION('design','',#13678,#13681);
#13678 = PRODUCT_DEFINITION_FORMATION('','',#13679);
#13679 = PRODUCT('Open CASCADE STEP translator 7.9 2.167',
  'Open CASCADE STEP translator 7.9 2.167','',(#13680));
#13680 = PRODUCT_CONTEXT('',#2,'mechanical');
#13681 = PRODUCT_DEFINITION_CONTEXT('part definition',#2,'design');
#13682 = MANIFOLD_SURFACE_SHAPE_REPRESENTATION('',(#11,#13683),#13741);
#13683 = SHELL_BASED_SURFACE_MODEL('',(#13684));
#13684 = OPEN_SHELL('',(#13685));
#13685 = ADVANCED_FACE('',(#13686),#13700,.T.);
#13686 = FACE_BOUND('',#13687,.T.);
#13687 = EDGE_LOOP('',(#13688,#13711,#13727));
#13688 = ORIENTED_EDGE('',*,*,#13689,.T.);
#13689 = EDGE_CURVE('',#13690,#13692,#13694,.T.);
#13690 = VERTEX_POINT('',#13691);
#13691 = CARTESIAN_POINT('',(-4.70228,-6.47214,0.838889));
#13692 = VERTEX_POINT('',#13693);
#13693 = CARTESIAN_POINT('',(-6.47214,-4.70228,349.161));
#13694 = SURFACE_CURVE('',#13695,(#13699),.PCURVE_S1.);
#13695 = LINE('',#13696,#13697);
#13696 = CARTESIAN_POINT('',(-4.70228,-6.47214,0.838889));
#13697 = VECTOR('',#13698,1.);
#13698 = DIRECTION('',(-5.080970321305E-03,5.080970321305E-03,
    0.999974183407));
#13699 = PCURVE('',#13700,#13705);
#13700 = PLANE('',#13701);
#13701 = AXIS2_PLACEMENT_3D('',#13702,#13703,#13704);
#13702 = CARTESIAN_POINT('',(-4.70228,-6.47214,0.838889));
#13703 = DIRECTION('',(-0.707106781187,-0.707106781187,0.));
#13704 = DIRECTION('',(-0.707106781187,0.707106781187,0.));
#13705 = DEFINITIONAL_REPRESENTATION('',(#13706),#13710);
#13706 = LINE('',#13707,#13708);
#13707 = CARTESIAN_POINT('',(0.,0.));
#13708 = VECTOR('',#13709,1.);
#13709 = DIRECTION('',(7.185577138405E-03,-0.999974183407));
#13710 = ( GEOMETRIC_REPRESENTATION_CONTEXT(2) 
PARAMETRIC_REPRESENTATION_CONTEXT() REPRESENTATION_CONTEXT('2D SPACE',''
  ) );
#13711 = ORIENTED_EDGE('',*,*,#13712,.F.);
#13712 = EDGE_CURVE('',#13713,#13692,#13715,.T.);
#13713 = VERTEX_POINT('',#13714);
#13714 = CARTESIAN_POINT('',(-6.47214,-4.70228,0.838889));
#13715 = SURFACE_CURVE('',#13716,(#13720),.PCURVE_S1.);
#13716 = LINE('',#13717,#13718);
#13717 = CARTESIAN_POINT('',(-6.47214,-4.70228,0.838889));
#13718 = VECTOR('',#13719,1.);
#13719 = DIRECTION('',(0.,0.,1.));
#13720 = PCURVE('',#13700,#13721);
#13721 = DEFINITIONAL_REPRESENTATION('',(#13722),#13726);
#13722 = LINE('',#13723,#13724);
#13723 = CARTESIAN_POINT('',(2.502960015502,0.));
#13724 = VECTOR('',#13725,1.);
#13725 = DIRECTION('',(0.,-1.));
#13726 = ( GEOMETRIC_REPRESENTATION_CONTEXT(2) 
PARAMETRIC_REPRESENTATION_CONTEXT() REPRESENTATION_CONTEXT('2D SPACE',''
  ) );
#13727 = ORIENTED_EDGE('',*,*,#13728,.T.);
#13728 = EDGE_CURVE('',#13713,#13690,#13729,.T.);
#13729 = SURFACE_CURVE('',#13730,(#13734),.PCURVE_S1.);
#13730 = LINE('',#13731,#13732);
#13731 = CARTESIAN_POINT('',(-6.47214,-4.70228,0.838889));
#13732 = VECTOR('',#13733,1.);
#13733 = DIRECTION('',(0.707106781187,-0.707106781187,0.));
#13734 = PCURVE('',#13700,#13735);
#13735 = DEFINITIONAL_REPRESENTATION('',(#13736),#13740);
#13736 = LINE('',#13737,#13738);
#13737 = CARTESIAN_POINT('',(2.502960015502,0.));
#13738 = VECTOR('',#13739,1.);
#13739 = DIRECTION('',(-1.,-0.));
#13740 = ( GEOMETRIC_REPRESENTATION_CONTEXT(2) 
PARAMETRIC_REPRESENTATION_CONTEXT() REPRESENTATION_CONTEXT('2D SPACE',''
  ) );
#13741 = ( GEOMETRIC_REPRESENTATION_CONTEXT(3) 
GLOBAL_UNCERTAINTY_ASSIGNED_CONTEXT((#13745)) 
GLOBAL_UNIT_ASSIGNED_CONTEXT((#13742,#13743,#13744)) 
REPRESENTATION_CONTEXT('Context #1',
  '3D Context with UNIT and UNCERTAINTY') );
#13742 = ( LENGTH_UNIT() NAMED_UNIT(*) SI_UNIT(.MILLI.,.METRE.) );
#13743 = ( NAMED_UNIT(*) PLANE_ANGLE_UNIT() SI_UNIT($,.RADIAN.) );
#13744 = ( NAMED_UNIT(*) SI_UNIT($,.STERADIAN.) SOLID_ANGLE_UNIT() );
#13745 = UNCERTAINTY_MEASURE_WITH_UNIT(LENGTH_MEASURE(1.E-07),#13742,
  'distance_accuracy_value','confusion accuracy');
#13746 = CONTEXT_DEPENDENT_SHAPE_REPRESENTATION(#13747,#13749);
#13747 = ( REPRESENTATION_RELATIONSHIP('','',#13682,#10) 
REPRESENTATION_RELATIONSHIP_WITH_TRANSFORMATION(#13748) 
SHAPE_REPRESENTATION_RELATIONSHIP() );
#13748 = ITEM_DEFINED_TRANSFORMATION('','',#11,#679);
#13749 = PRODUCT_DEFINITION_SHAPE('Placement','Placement of an item',
  #13750);
#13750 = NEXT_ASSEMBLY_USAGE_OCCURRENCE('1931','','',#5,#13677,$);
#13751 = PRODUCT_RELATED_PRODUCT_CATEGORY('part',$,(#13679));
#13752 = SHAPE_DEFINITION_REPRESENTATION(#13753,#13759);
#13753 = PRODUCT_DEFINITION_SHAPE('','',#13754);
#13754 = PRODUCT_DEFINITION('design','',#13755,#13758);
#13755 = PRODUCT_DEFINITION_FORMATION('','',#13756);
#13756 = PRODUCT('Open CASCADE STEP translator 7.9 2.168',
  'Open CASCADE STEP translator 7.9 2.168','',(#13757));
#13757 = PRODUCT_CONTEXT('',#2,'mechanical');
#13758 = PRODUCT_DEFINITION_CONTEXT('part definition',#2,'design');
#13759 = MANIFOLD_SURFACE_SHAPE_REPRESENTATION('',(#11,#13760),#13818);
#13760 = SHELL_BASED_SURFACE_MODEL('',(#13761));
#13761 = OPEN_SHELL('',(#13762));
#13762 = ADVANCED_FACE('',(#13763),#13777,.T.);
#13763 = FACE_BOUND('',#13764,.T.);
#13764 = EDGE_LOOP('',(#13765,#13788,#13804));
#13765 = ORIENTED_EDGE('',*,*,#13766,.F.);
#13766 = EDGE_CURVE('',#13767,#13769,#13771,.T.);
#13767 = VERTEX_POINT('',#13768);
#13768 = CARTESIAN_POINT('',(-4.70228,-6.47214,0.838889));
#13769 = VERTEX_POINT('',#13770);
#13770 = CARTESIAN_POINT('',(-6.47214,-4.70228,349.161));
#13771 = SURFACE_CURVE('',#13772,(#13776),.PCURVE_S1.);
#13772 = LINE('',#13773,#13774);
#13773 = CARTESIAN_POINT('',(-4.70228,-6.47214,0.838889));
#13774 = VECTOR('',#13775,1.);
#13775 = DIRECTION('',(-5.080970321305E-03,5.080970321305E-03,
    0.999974183407));
#13776 = PCURVE('',#13777,#13782);
#13777 = PLANE('',#13778);
#13778 = AXIS2_PLACEMENT_3D('',#13779,#13780,#13781);
#13779 = CARTESIAN_POINT('',(-6.47214,-4.70228,349.161));
#13780 = DIRECTION('',(-0.707106781187,-0.707106781187,0.));
#13781 = DIRECTION('',(-0.707106781187,0.707106781187,0.));
#13782 = DEFINITIONAL_REPRESENTATION('',(#13783),#13787);
#13783 = LINE('',#13784,#13785);
#13784 = CARTESIAN_POINT('',(-2.502960015502,348.322111));
#13785 = VECTOR('',#13786,1.);
#13786 = DIRECTION('',(7.185577138405E-03,-0.999974183407));
#13787 = ( GEOMETRIC_REPRESENTATION_CONTEXT(2) 
PARAMETRIC_REPRESENTATION_CONTEXT() REPRESENTATION_CONTEXT('2D SPACE',''
  ) );
#13788 = ORIENTED_EDGE('',*,*,#13789,.T.);
#13789 = EDGE_CURVE('',#13767,#13790,#13792,.T.);
#13790 = VERTEX_POINT('',#13791);
#13791 = CARTESIAN_POINT('',(-4.70228,-6.47214,349.161));
#13792 = SURFACE_CURVE('',#13793,(#13797),.PCURVE_S1.);
#13793 = LINE('',#13794,#13795);
#13794 = CARTESIAN_POINT('',(-4.70228,-6.47214,0.838889));
#13795 = VECTOR('',#13796,1.);
#13796 = DIRECTION('',(0.,0.,1.));
#13797 = PCURVE('',#13777,#13798);
#13798 = DEFINITIONAL_REPRESENTATION('',(#13799),#13803);
#13799 = LINE('',#13800,#13801);
#13800 = CARTESIAN_POINT('',(-2.502960015502,348.322111));
#13801 = VECTOR('',#13802,1.);
#13802 = DIRECTION('',(0.,-1.));
#13803 = ( GEOMETRIC_REPRESENTATION_CONTEXT(2) 
PARAMETRIC_REPRESENTATION_CONTEXT() REPRESENTATION_CONTEXT('2D SPACE',''
  ) );
#13804 = ORIENTED_EDGE('',*,*,#13805,.T.);
#13805 = EDGE_CURVE('',#13790,#13769,#13806,.T.);
#13806 = SURFACE_CURVE('',#13807,(#13811),.PCURVE_S1.);
#13807 = LINE('',#13808,#13809);
#13808 = CARTESIAN_POINT('',(-4.70228,-6.47214,349.161));
#13809 = VECTOR('',#13810,1.);
#13810 = DIRECTION('',(-0.707106781187,0.707106781187,0.));
#13811 = PCURVE('',#13777,#13812);
#13812 = DEFINITIONAL_REPRESENTATION('',(#13813),#13817);
#13813 = LINE('',#13814,#13815);
#13814 = CARTESIAN_POINT('',(-2.502960015502,-0.));
#13815 = VECTOR('',#13816,1.);
#13816 = DIRECTION('',(1.,0.));
#13817 = ( GEOMETRIC_REPRESENTATION_CONTEXT(2) 
PARAMETRIC_REPRESENTATION_CONTEXT() REPRESENTATION_CONTEXT('2D SPACE',''
  ) );
#13818 = ( GEOMETRIC_REPRESENTATION_CONTEXT(3) 
GLOBAL_UNCERTAINTY_ASSIGNED_CONTEXT((#13822)) 
GLOBAL_UNIT_ASSIGNED_CONTEXT((#13819,#13820,#13821)) 
REPRESENTATION_CONTEXT('Context #1',
  '3D Context with UNIT and UNCERTAINTY') );
#13819 = ( LENGTH_UNIT() NAMED_UNIT(*) SI_UNIT(.MILLI.,.METRE.) );
#13820 = ( NAMED_UNIT(*) PLANE_ANGLE_UNIT() SI_UNIT($,.RADIAN.) );
#13821 = ( NAMED_UNIT(*) SI_UNIT($,.STERADIAN.) SOLID_ANGLE_UNIT() );
#13822 = UNCERTAINTY_MEASURE_WITH_UNIT(LENGTH_MEASURE(1.E-07),#13819,
  'distance_accuracy_value','confusion accuracy');
#13823 = CONTEXT_DEPENDENT_SHAPE_REPRESENTATION(#13824,#13826);
#13824 = ( REPRESENTATION_RELATIONSHIP('','',#13759,#10) 
REPRESENTATION_RELATIONSHIP_WITH_TRANSFORMATION(#13825) 
SHAPE_REPRESENTATION_RELATIONSHIP() );
#13825 = ITEM_DEFINED_TRANSFORMATION('','',#11,#683);
#13826 = PRODUCT_DEFINITION_SHAPE('Placement','Placement of an item',
  #13827);
#13827 = NEXT_ASSEMBLY_USAGE_OCCURRENCE('1932','','',#5,#13754,$);
#13828 = PRODUCT_RELATED_PRODUCT_CATEGORY('part',$,(#13756));
#13829 = SHAPE_DEFINITION_REPRESENTATION(#13830,#13836);
#13830 = PRODUCT_DEFINITION_SHAPE('','',#13831);
#13831 = PRODUCT_DEFINITION('design','',#13832,#13835);
#13832 = PRODUCT_DEFINITION_FORMATION('','',#13833);
#13833 = PRODUCT('Open CASCADE STEP translator 7.9 2.169',
  'Open CASCADE STEP translator 7.9 2.169','',(#13834));
#13834 = PRODUCT_CONTEXT('',#2,'mechanical');
#13835 = PRODUCT_DEFINITION_CONTEXT('part definition',#2,'design');
#13836 = MANIFOLD_SURFACE_SHAPE_REPRESENTATION('',(#11,#13837),#13895);
#13837 = SHELL_BASED_SURFACE_MODEL('',(#13838));
#13838 = OPEN_SHELL('',(#13839));
#13839 = ADVANCED_FACE('',(#13840),#13854,.T.);
#13840 = FACE_BOUND('',#13841,.T.);
#13841 = EDGE_LOOP('',(#13842,#13865,#13881));
#13842 = ORIENTED_EDGE('',*,*,#13843,.T.);
#13843 = EDGE_CURVE('',#13844,#13846,#13848,.T.);
#13844 = VERTEX_POINT('',#13845);
#13845 = CARTESIAN_POINT('',(-4.70228,-6.47214,349.161));
#13846 = VERTEX_POINT('',#13847);
#13847 = CARTESIAN_POINT('',(-2.47214,-7.60845,0.83889));
#13848 = SURFACE_CURVE('',#13849,(#13853),.PCURVE_S1.);
#13849 = LINE('',#13850,#13851);
#13850 = CARTESIAN_POINT('',(-4.70228,-6.47214,349.161));
#13851 = VECTOR('',#13852,1.);
#13852 = DIRECTION('',(6.402356790259E-03,-3.262154862178E-03,
    -0.999974183753));
#13853 = PCURVE('',#13854,#13859);
#13854 = PLANE('',#13855);
#13855 = AXIS2_PLACEMENT_3D('',#13856,#13857,#13858);
#13856 = CARTESIAN_POINT('',(-4.70228,-6.47214,349.161));
#13857 = DIRECTION('',(-0.453989520931,-0.891007022916,-0.));
#13858 = DIRECTION('',(-0.891007022916,0.453989520931,0.));
#13859 = DEFINITIONAL_REPRESENTATION('',(#13860),#13864);
#13860 = LINE('',#13861,#13862);
#13861 = CARTESIAN_POINT('',(0.,0.));
#13862 = VECTOR('',#13863,1.);
#13863 = DIRECTION('',(-7.185528986415E-03,0.999974183753));
#13864 = ( GEOMETRIC_REPRESENTATION_CONTEXT(2) 
PARAMETRIC_REPRESENTATION_CONTEXT() REPRESENTATION_CONTEXT('2D SPACE',''
  ) );
#13865 = ORIENTED_EDGE('',*,*,#13866,.F.);
#13866 = EDGE_CURVE('',#13867,#13846,#13869,.T.);
#13867 = VERTEX_POINT('',#13868);
#13868 = CARTESIAN_POINT('',(-2.47214,-7.60845,349.161));
#13869 = SURFACE_CURVE('',#13870,(#13874),.PCURVE_S1.);
#13870 = LINE('',#13871,#13872);
#13871 = CARTESIAN_POINT('',(-2.47214,-7.60845,349.161));
#13872 = VECTOR('',#13873,1.);
#13873 = DIRECTION('',(0.,0.,-1.));
#13874 = PCURVE('',#13854,#13875);
#13875 = DEFINITIONAL_REPRESENTATION('',(#13876),#13880);
#13876 = LINE('',#13877,#13878);
#13877 = CARTESIAN_POINT('',(-2.502943234614,0.));
#13878 = VECTOR('',#13879,1.);
#13879 = DIRECTION('',(0.,1.));
#13880 = ( GEOMETRIC_REPRESENTATION_CONTEXT(2) 
PARAMETRIC_REPRESENTATION_CONTEXT() REPRESENTATION_CONTEXT('2D SPACE',''
  ) );
#13881 = ORIENTED_EDGE('',*,*,#13882,.T.);
#13882 = EDGE_CURVE('',#13867,#13844,#13883,.T.);
#13883 = SURFACE_CURVE('',#13884,(#13888),.PCURVE_S1.);
#13884 = LINE('',#13885,#13886);
#13885 = CARTESIAN_POINT('',(-2.47214,-7.60845,349.161));
#13886 = VECTOR('',#13887,1.);
#13887 = DIRECTION('',(-0.891007022916,0.453989520931,0.));
#13888 = PCURVE('',#13854,#13889);
#13889 = DEFINITIONAL_REPRESENTATION('',(#13890),#13894);
#13890 = LINE('',#13891,#13892);
#13891 = CARTESIAN_POINT('',(-2.502943234614,0.));
#13892 = VECTOR('',#13893,1.);
#13893 = DIRECTION('',(1.,0.));
#13894 = ( GEOMETRIC_REPRESENTATION_CONTEXT(2) 
PARAMETRIC_REPRESENTATION_CONTEXT() REPRESENTATION_CONTEXT('2D SPACE',''
  ) );
#13895 = ( GEOMETRIC_REPRESENTATION_CONTEXT(3) 
GLOBAL_UNCERTAINTY_ASSIGNED_CONTEXT((#13899)) 
GLOBAL_UNIT_ASSIGNED_CONTEXT((#13896,#13897,#13898)) 
REPRESENTATION_CONTEXT('Context #1',
  '3D Context with UNIT and UNCERTAINTY') );
#13896 = ( LENGTH_UNIT() NAMED_UNIT(*) SI_UNIT(.MILLI.,.METRE.) );
#13897 = ( NAMED_UNIT(*) PLANE_ANGLE_UNIT() SI_UNIT($,.RADIAN.) );
#13898 = ( NAMED_UNIT(*) SI_UNIT($,.STERADIAN.) SOLID_ANGLE_UNIT() );
#13899 = UNCERTAINTY_MEASURE_WITH_UNIT(LENGTH_MEASURE(1.E-07),#13896,
  'distance_accuracy_value','confusion accuracy');
#13900 = CONTEXT_DEPENDENT_SHAPE_REPRESENTATION(#13901,#13903);
#13901 = ( REPRESENTATION_RELATIONSHIP('','',#13836,#10) 
REPRESENTATION_RELATIONSHIP_WITH_TRANSFORMATION(#13902) 
SHAPE_REPRESENTATION_RELATIONSHIP() );
#13902 = ITEM_DEFINED_TRANSFORMATION('','',#11,#687);
#13903 = PRODUCT_DEFINITION_SHAPE('Placement','Placement of an item',
  #13904);
#13904 = NEXT_ASSEMBLY_USAGE_OCCURRENCE('1933','','',#5,#13831,$);
#13905 = PRODUCT_RELATED_PRODUCT_CATEGORY('part',$,(#13833));
#13906 = SHAPE_DEFINITION_REPRESENTATION(#13907,#13913);
#13907 = PRODUCT_DEFINITION_SHAPE('','',#13908);
#13908 = PRODUCT_DEFINITION('design','',#13909,#13912);
#13909 = PRODUCT_DEFINITION_FORMATION('','',#13910);
#13910 = PRODUCT('Open CASCADE STEP translator 7.9 2.170',
  'Open CASCADE STEP translator 7.9 2.170','',(#13911));
#13911 = PRODUCT_CONTEXT('',#2,'mechanical');
#13912 = PRODUCT_DEFINITION_CONTEXT('part definition',#2,'design');
#13913 = MANIFOLD_SURFACE_SHAPE_REPRESENTATION('',(#11,#13914),#13972);
#13914 = SHELL_BASED_SURFACE_MODEL('',(#13915));
#13915 = OPEN_SHELL('',(#13916));
#13916 = ADVANCED_FACE('',(#13917),#13931,.T.);
#13917 = FACE_BOUND('',#13918,.T.);
#13918 = EDGE_LOOP('',(#13919,#13942,#13958));
#13919 = ORIENTED_EDGE('',*,*,#13920,.T.);
#13920 = EDGE_CURVE('',#13921,#13923,#13925,.T.);
#13921 = VERTEX_POINT('',#13922);
#13922 = CARTESIAN_POINT('',(-4.70228,-6.47214,349.161));
#13923 = VERTEX_POINT('',#13924);
#13924 = CARTESIAN_POINT('',(-4.70228,-6.47214,0.83889));
#13925 = SURFACE_CURVE('',#13926,(#13930),.PCURVE_S1.);
#13926 = LINE('',#13927,#13928);
#13927 = CARTESIAN_POINT('',(-4.70228,-6.47214,349.161));
#13928 = VECTOR('',#13929,1.);
#13929 = DIRECTION('',(0.,0.,-1.));
#13930 = PCURVE('',#13931,#13936);
#13931 = PLANE('',#13932);
#13932 = AXIS2_PLACEMENT_3D('',#13933,#13934,#13935);
#13933 = CARTESIAN_POINT('',(-4.70228,-6.47214,349.161));
#13934 = DIRECTION('',(-0.453989520931,-0.891007022916,-0.));
#13935 = DIRECTION('',(-0.891007022916,0.453989520931,0.));
#13936 = DEFINITIONAL_REPRESENTATION('',(#13937),#13941);
#13937 = LINE('',#13938,#13939);
#13938 = CARTESIAN_POINT('',(0.,0.));
#13939 = VECTOR('',#13940,1.);
#13940 = DIRECTION('',(0.,1.));
#13941 = ( GEOMETRIC_REPRESENTATION_CONTEXT(2) 
PARAMETRIC_REPRESENTATION_CONTEXT() REPRESENTATION_CONTEXT('2D SPACE',''
  ) );
#13942 = ORIENTED_EDGE('',*,*,#13943,.T.);
#13943 = EDGE_CURVE('',#13923,#13944,#13946,.T.);
#13944 = VERTEX_POINT('',#13945);
#13945 = CARTESIAN_POINT('',(-2.47214,-7.60845,0.83889));
#13946 = SURFACE_CURVE('',#13947,(#13951),.PCURVE_S1.);
#13947 = LINE('',#13948,#13949);
#13948 = CARTESIAN_POINT('',(-4.70228,-6.47214,0.83889));
#13949 = VECTOR('',#13950,1.);
#13950 = DIRECTION('',(0.891007022916,-0.453989520931,0.));
#13951 = PCURVE('',#13931,#13952);
#13952 = DEFINITIONAL_REPRESENTATION('',(#13953),#13957);
#13953 = LINE('',#13954,#13955);
#13954 = CARTESIAN_POINT('',(0.,348.32211));
#13955 = VECTOR('',#13956,1.);
#13956 = DIRECTION('',(-1.,0.));
#13957 = ( GEOMETRIC_REPRESENTATION_CONTEXT(2) 
PARAMETRIC_REPRESENTATION_CONTEXT() REPRESENTATION_CONTEXT('2D SPACE',''
  ) );
#13958 = ORIENTED_EDGE('',*,*,#13959,.F.);
#13959 = EDGE_CURVE('',#13921,#13944,#13960,.T.);
#13960 = SURFACE_CURVE('',#13961,(#13965),.PCURVE_S1.);
#13961 = LINE('',#13962,#13963);
#13962 = CARTESIAN_POINT('',(-4.70228,-6.47214,349.161));
#13963 = VECTOR('',#13964,1.);
#13964 = DIRECTION('',(6.402356790259E-03,-3.262154862178E-03,
    -0.999974183753));
#13965 = PCURVE('',#13931,#13966);
#13966 = DEFINITIONAL_REPRESENTATION('',(#13967),#13971);
#13967 = LINE('',#13968,#13969);
#13968 = CARTESIAN_POINT('',(0.,0.));
#13969 = VECTOR('',#13970,1.);
#13970 = DIRECTION('',(-7.185528986415E-03,0.999974183753));
#13971 = ( GEOMETRIC_REPRESENTATION_CONTEXT(2) 
PARAMETRIC_REPRESENTATION_CONTEXT() REPRESENTATION_CONTEXT('2D SPACE',''
  ) );
#13972 = ( GEOMETRIC_REPRESENTATION_CONTEXT(3) 
GLOBAL_UNCERTAINTY_ASSIGNED_CONTEXT((#13976)) 
GLOBAL_UNIT_ASSIGNED_CONTEXT((#13973,#13974,#13975)) 
REPRESENTATION_CONTEXT('Context #1',
  '3D Context with UNIT and UNCERTAINTY') );
#13973 = ( LENGTH_UNIT() NAMED_UNIT(*) SI_UNIT(.MILLI.,.METRE.) );
#13974 = ( NAMED_UNIT(*) PLANE_ANGLE_UNIT() SI_UNIT($,.RADIAN.) );
#13975 = ( NAMED_UNIT(*) SI_UNIT($,.STERADIAN.) SOLID_ANGLE_UNIT() );
#13976 = UNCERTAINTY_MEASURE_WITH_UNIT(LENGTH_MEASURE(1.E-07),#13973,
  'distance_accuracy_value','confusion accuracy');
#13977 = CONTEXT_DEPENDENT_SHAPE_REPRESENTATION(#13978,#13980);
#13978 = ( REPRESENTATION_RELATIONSHIP('','',#13913,#10) 
REPRESENTATION_RELATIONSHIP_WITH_TRANSFORMATION(#13979) 
SHAPE_REPRESENTATION_RELATIONSHIP() );
#13979 = ITEM_DEFINED_TRANSFORMATION('','',#11,#691);
#13980 = PRODUCT_DEFINITION_SHAPE('Placement','Placement of an item',
  #13981);
#13981 = NEXT_ASSEMBLY_USAGE_OCCURRENCE('1934','','',#5,#13908,$);
#13982 = PRODUCT_RELATED_PRODUCT_CATEGORY('part',$,(#13910));
#13983 = SHAPE_DEFINITION_REPRESENTATION(#13984,#13990);
#13984 = PRODUCT_DEFINITION_SHAPE('','',#13985);
#13985 = PRODUCT_DEFINITION('design','',#13986,#13989);
#13986 = PRODUCT_DEFINITION_FORMATION('','',#13987);
#13987 = PRODUCT('Open CASCADE STEP translator 7.9 2.171',
  'Open CASCADE STEP translator 7.9 2.171','',(#13988));
#13988 = PRODUCT_CONTEXT('',#2,'mechanical');
#13989 = PRODUCT_DEFINITION_CONTEXT('part definition',#2,'design');
#13990 = MANIFOLD_SURFACE_SHAPE_REPRESENTATION('',(#11,#13991),#14049);
#13991 = SHELL_BASED_SURFACE_MODEL('',(#13992));
#13992 = OPEN_SHELL('',(#13993));
#13993 = ADVANCED_FACE('',(#13994),#14008,.T.);
#13994 = FACE_BOUND('',#13995,.T.);
#13995 = EDGE_LOOP('',(#13996,#14019,#14035));
#13996 = ORIENTED_EDGE('',*,*,#13997,.T.);
#13997 = EDGE_CURVE('',#13998,#14000,#14002,.T.);
#13998 = VERTEX_POINT('',#13999);
#13999 = CARTESIAN_POINT('',(0.,0.,7.95));
#14000 = VERTEX_POINT('',#14001);
#14001 = CARTESIAN_POINT('',(7.60845,2.47214,0.83889));
#14002 = SURFACE_CURVE('',#14003,(#14007),.PCURVE_S1.);
#14003 = LINE('',#14004,#14005);
#14004 = CARTESIAN_POINT('',(0.,0.,7.95));
#14005 = VECTOR('',#14006,1.);
#14006 = DIRECTION('',(0.710828391388,0.230962587582,-0.664363816846));
#14007 = PCURVE('',#14008,#14013);
#14008 = PLANE('',#14009);
#14009 = AXIS2_PLACEMENT_3D('',#14010,#14011,#14012);
#14010 = CARTESIAN_POINT('',(0.,0.,7.95));
#14011 = DIRECTION('',(-0.6607160074,-0.104647533189,-0.743305624466));
#14012 = DIRECTION('',(-0.747409370229,6.938893903907E-18,0.664363780841
    ));
#14013 = DEFINITIONAL_REPRESENTATION('',(#14014),#14018);
#14014 = LINE('',#14015,#14016);
#14015 = CARTESIAN_POINT('',(0.,0.));
#14016 = VECTOR('',#14017,1.);
#14017 = DIRECTION('',(-0.972659057562,0.232237718173));
#14018 = ( GEOMETRIC_REPRESENTATION_CONTEXT(2) 
PARAMETRIC_REPRESENTATION_CONTEXT() REPRESENTATION_CONTEXT('2D SPACE',''
  ) );
#14019 = ORIENTED_EDGE('',*,*,#14020,.F.);
#14020 = EDGE_CURVE('',#14021,#14000,#14023,.T.);
#14021 = VERTEX_POINT('',#14022);
#14022 = CARTESIAN_POINT('',(8.,0.,0.83889));
#14023 = SURFACE_CURVE('',#14024,(#14028),.PCURVE_S1.);
#14024 = LINE('',#14025,#14026);
#14025 = CARTESIAN_POINT('',(8.,0.,0.83889));
#14026 = VECTOR('',#14027,1.);
#14027 = DIRECTION('',(-0.15643504565,0.987688248635,0.));
#14028 = PCURVE('',#14008,#14029);
#14029 = DEFINITIONAL_REPRESENTATION('',(#14030),#14034);
#14030 = LINE('',#14031,#14032);
#14031 = CARTESIAN_POINT('',(-10.70363888741,0.));
#14032 = VECTOR('',#14033,1.);
#14033 = DIRECTION('',(0.116921018951,0.993141216206));
#14034 = ( GEOMETRIC_REPRESENTATION_CONTEXT(2) 
PARAMETRIC_REPRESENTATION_CONTEXT() REPRESENTATION_CONTEXT('2D SPACE',''
  ) );
#14035 = ORIENTED_EDGE('',*,*,#14036,.T.);
#14036 = EDGE_CURVE('',#14021,#13998,#14037,.T.);
#14037 = SURFACE_CURVE('',#14038,(#14042),.PCURVE_S1.);
#14038 = LINE('',#14039,#14040);
#14039 = CARTESIAN_POINT('',(8.,0.,0.83889));
#14040 = VECTOR('',#14041,1.);
#14041 = DIRECTION('',(-0.747409370229,0.,0.664363780841));
#14042 = PCURVE('',#14008,#14043);
#14043 = DEFINITIONAL_REPRESENTATION('',(#14044),#14048);
#14044 = LINE('',#14045,#14046);
#14045 = CARTESIAN_POINT('',(-10.70363888741,0.));
#14046 = VECTOR('',#14047,1.);
#14047 = DIRECTION('',(1.,0.));
#14048 = ( GEOMETRIC_REPRESENTATION_CONTEXT(2) 
PARAMETRIC_REPRESENTATION_CONTEXT() REPRESENTATION_CONTEXT('2D SPACE',''
  ) );
#14049 = ( GEOMETRIC_REPRESENTATION_CONTEXT(3) 
GLOBAL_UNCERTAINTY_ASSIGNED_CONTEXT((#14053)) 
GLOBAL_UNIT_ASSIGNED_CONTEXT((#14050,#14051,#14052)) 
REPRESENTATION_CONTEXT('Context #1',
  '3D Context with UNIT and UNCERTAINTY') );
#14050 = ( LENGTH_UNIT() NAMED_UNIT(*) SI_UNIT(.MILLI.,.METRE.) );
#14051 = ( NAMED_UNIT(*) PLANE_ANGLE_UNIT() SI_UNIT($,.RADIAN.) );
#14052 = ( NAMED_UNIT(*) SI_UNIT($,.STERADIAN.) SOLID_ANGLE_UNIT() );
#14053 = UNCERTAINTY_MEASURE_WITH_UNIT(LENGTH_MEASURE(1.E-07),#14050,
  'distance_accuracy_value','confusion accuracy');
#14054 = CONTEXT_DEPENDENT_SHAPE_REPRESENTATION(#14055,#14057);
#14055 = ( REPRESENTATION_RELATIONSHIP('','',#13990,#10) 
REPRESENTATION_RELATIONSHIP_WITH_TRANSFORMATION(#14056) 
SHAPE_REPRESENTATION_RELATIONSHIP() );
#14056 = ITEM_DEFINED_TRANSFORMATION('','',#11,#695);
#14057 = PRODUCT_DEFINITION_SHAPE('Placement','Placement of an item',
  #14058);
#14058 = NEXT_ASSEMBLY_USAGE_OCCURRENCE('1935','','',#5,#13985,$);
#14059 = PRODUCT_RELATED_PRODUCT_CATEGORY('part',$,(#13987));
#14060 = SHAPE_DEFINITION_REPRESENTATION(#14061,#14067);
#14061 = PRODUCT_DEFINITION_SHAPE('','',#14062);
#14062 = PRODUCT_DEFINITION('design','',#14063,#14066);
#14063 = PRODUCT_DEFINITION_FORMATION('','',#14064);
#14064 = PRODUCT('Open CASCADE STEP translator 7.9 2.172',
  'Open CASCADE STEP translator 7.9 2.172','',(#14065));
#14065 = PRODUCT_CONTEXT('',#2,'mechanical');
#14066 = PRODUCT_DEFINITION_CONTEXT('part definition',#2,'design');
#14067 = MANIFOLD_SURFACE_SHAPE_REPRESENTATION('',(#11,#14068),#14126);
#14068 = SHELL_BASED_SURFACE_MODEL('',(#14069));
#14069 = OPEN_SHELL('',(#14070));
#14070 = ADVANCED_FACE('',(#14071),#14085,.T.);
#14071 = FACE_BOUND('',#14072,.T.);
#14072 = EDGE_LOOP('',(#14073,#14096,#14112));
#14073 = ORIENTED_EDGE('',*,*,#14074,.T.);
#14074 = EDGE_CURVE('',#14075,#14077,#14079,.T.);
#14075 = VERTEX_POINT('',#14076);
#14076 = CARTESIAN_POINT('',(0.,0.,7.95));
#14077 = VERTEX_POINT('',#14078);
#14078 = CARTESIAN_POINT('',(-2.47214,-7.60845,0.83889));
#14079 = SURFACE_CURVE('',#14080,(#14084),.PCURVE_S1.);
#14080 = LINE('',#14081,#14082);
#14081 = CARTESIAN_POINT('',(0.,0.,7.95));
#14082 = VECTOR('',#14083,1.);
#14083 = DIRECTION('',(-0.230962587582,-0.710828391388,-0.664363816846)
  );
#14084 = PCURVE('',#14085,#14090);
#14085 = PLANE('',#14086);
#14086 = AXIS2_PLACEMENT_3D('',#14087,#14088,#14089);
#14087 = CARTESIAN_POINT('',(0.,0.,7.95));
#14088 = DIRECTION('',(0.303697144434,0.596040824852,-0.743305710709));
#14089 = DIRECTION('',(2.775557561563E-17,-0.780153433491,
    -0.625588219368));
#14090 = DEFINITIONAL_REPRESENTATION('',(#14091),#14095);
#14091 = LINE('',#14092,#14093);
#14092 = CARTESIAN_POINT('',(0.,0.));
#14093 = VECTOR('',#14094,1.);
#14094 = DIRECTION('',(0.970173387358,0.242412042735));
#14095 = ( GEOMETRIC_REPRESENTATION_CONTEXT(2) 
PARAMETRIC_REPRESENTATION_CONTEXT() REPRESENTATION_CONTEXT('2D SPACE',''
  ) );
#14096 = ORIENTED_EDGE('',*,*,#14097,.F.);
#14097 = EDGE_CURVE('',#14098,#14077,#14100,.T.);
#14098 = VERTEX_POINT('',#14099);
#14099 = CARTESIAN_POINT('',(-4.70228,-6.47214,0.83889));
#14100 = SURFACE_CURVE('',#14101,(#14105),.PCURVE_S1.);
#14101 = LINE('',#14102,#14103);
#14102 = CARTESIAN_POINT('',(-4.70228,-6.47214,0.83889));
#14103 = VECTOR('',#14104,1.);
#14104 = DIRECTION('',(0.891007022916,-0.453989520931,0.));
#14105 = PCURVE('',#14085,#14106);
#14106 = DEFINITIONAL_REPRESENTATION('',(#14107),#14111);
#14107 = LINE('',#14108,#14109);
#14108 = CARTESIAN_POINT('',(9.497888885665,4.935385043303));
#14109 = VECTOR('',#14110,1.);
#14110 = DIRECTION('',(0.354181483523,-0.935176708825));
#14111 = ( GEOMETRIC_REPRESENTATION_CONTEXT(2) 
PARAMETRIC_REPRESENTATION_CONTEXT() REPRESENTATION_CONTEXT('2D SPACE',''
  ) );
#14112 = ORIENTED_EDGE('',*,*,#14113,.T.);
#14113 = EDGE_CURVE('',#14098,#14075,#14114,.T.);
#14114 = SURFACE_CURVE('',#14115,(#14119),.PCURVE_S1.);
#14115 = LINE('',#14116,#14117);
#14116 = CARTESIAN_POINT('',(-4.70228,-6.47214,0.83889));
#14117 = VECTOR('',#14118,1.);
#14118 = DIRECTION('',(0.439315952685,0.604667172098,0.664363684064));
#14119 = PCURVE('',#14085,#14120);
#14120 = DEFINITIONAL_REPRESENTATION('',(#14121),#14125);
#14121 = LINE('',#14122,#14123);
#14122 = CARTESIAN_POINT('',(9.497888885665,4.935385043303));
#14123 = VECTOR('',#14124,1.);
#14124 = DIRECTION('',(-0.887351264558,-0.461094061214));
#14125 = ( GEOMETRIC_REPRESENTATION_CONTEXT(2) 
PARAMETRIC_REPRESENTATION_CONTEXT() REPRESENTATION_CONTEXT('2D SPACE',''
  ) );
#14126 = ( GEOMETRIC_REPRESENTATION_CONTEXT(3) 
GLOBAL_UNCERTAINTY_ASSIGNED_CONTEXT((#14130)) 
GLOBAL_UNIT_ASSIGNED_CONTEXT((#14127,#14128,#14129)) 
REPRESENTATION_CONTEXT('Context #1',
  '3D Context with UNIT and UNCERTAINTY') );
#14127 = ( LENGTH_UNIT() NAMED_UNIT(*) SI_UNIT(.MILLI.,.METRE.) );
#14128 = ( NAMED_UNIT(*) PLANE_ANGLE_UNIT() SI_UNIT($,.RADIAN.) );
#14129 = ( NAMED_UNIT(*) SI_UNIT($,.STERADIAN.) SOLID_ANGLE_UNIT() );
#14130 = UNCERTAINTY_MEASURE_WITH_UNIT(LENGTH_MEASURE(1.E-07),#14127,
  'distance_accuracy_value','confusion accuracy');
#14131 = CONTEXT_DEPENDENT_SHAPE_REPRESENTATION(#14132,#14134);
#14132 = ( REPRESENTATION_RELATIONSHIP('','',#14067,#10) 
REPRESENTATION_RELATIONSHIP_WITH_TRANSFORMATION(#14133) 
SHAPE_REPRESENTATION_RELATIONSHIP() );
#14133 = ITEM_DEFINED_TRANSFORMATION('','',#11,#699);
#14134 = PRODUCT_DEFINITION_SHAPE('Placement','Placement of an item',
  #14135);
#14135 = NEXT_ASSEMBLY_USAGE_OCCURRENCE('1936','','',#5,#14062,$);
#14136 = PRODUCT_RELATED_PRODUCT_CATEGORY('part',$,(#14064));
#14137 = SHAPE_DEFINITION_REPRESENTATION(#14138,#14144);
#14138 = PRODUCT_DEFINITION_SHAPE('','',#14139);
#14139 = PRODUCT_DEFINITION('design','',#14140,#14143);
#14140 = PRODUCT_DEFINITION_FORMATION('','',#14141);
#14141 = PRODUCT('Open CASCADE STEP translator 7.9 2.173',
  'Open CASCADE STEP translator 7.9 2.173','',(#14142));
#14142 = PRODUCT_CONTEXT('',#2,'mechanical');
#14143 = PRODUCT_DEFINITION_CONTEXT('part definition',#2,'design');
#14144 = MANIFOLD_SURFACE_SHAPE_REPRESENTATION('',(#11,#14145),#14203);
#14145 = SHELL_BASED_SURFACE_MODEL('',(#14146));
#14146 = OPEN_SHELL('',(#14147));
#14147 = ADVANCED_FACE('',(#14148),#14162,.T.);
#14148 = FACE_BOUND('',#14149,.T.);
#14149 = EDGE_LOOP('',(#14150,#14173,#14189));
#14150 = ORIENTED_EDGE('',*,*,#14151,.T.);
#14151 = EDGE_CURVE('',#14152,#14154,#14156,.T.);
#14152 = VERTEX_POINT('',#14153);
#14153 = CARTESIAN_POINT('',(2.47214,7.60845,0.83889));
#14154 = VERTEX_POINT('',#14155);
#14155 = CARTESIAN_POINT('',(0.,0.,7.95));
#14156 = SURFACE_CURVE('',#14157,(#14161),.PCURVE_S1.);
#14157 = LINE('',#14158,#14159);
#14158 = CARTESIAN_POINT('',(2.47214,7.60845,0.83889));
#14159 = VECTOR('',#14160,1.);
#14160 = DIRECTION('',(-0.230962587582,-0.710828391388,0.664363816846));
#14161 = PCURVE('',#14162,#14167);
#14162 = PLANE('',#14163);
#14163 = AXIS2_PLACEMENT_3D('',#14164,#14165,#14166);
#14164 = CARTESIAN_POINT('',(2.47214,7.60845,0.83889));
#14165 = DIRECTION('',(-0.104647533189,-0.6607160074,-0.743305624466));
#14166 = DIRECTION('',(-6.938893903907E-18,-0.747409370229,
    0.664363780841));
#14167 = DEFINITIONAL_REPRESENTATION('',(#14168),#14172);
#14168 = LINE('',#14169,#14170);
#14169 = CARTESIAN_POINT('',(0.,0.));
#14170 = VECTOR('',#14171,1.);
#14171 = DIRECTION('',(0.972659057562,0.232237718173));
#14172 = ( GEOMETRIC_REPRESENTATION_CONTEXT(2) 
PARAMETRIC_REPRESENTATION_CONTEXT() REPRESENTATION_CONTEXT('2D SPACE',''
  ) );
#14173 = ORIENTED_EDGE('',*,*,#14174,.T.);
#14174 = EDGE_CURVE('',#14154,#14175,#14177,.T.);
#14175 = VERTEX_POINT('',#14176);
#14176 = CARTESIAN_POINT('',(0.,8.,0.83889));
#14177 = SURFACE_CURVE('',#14178,(#14182),.PCURVE_S1.);
#14178 = LINE('',#14179,#14180);
#14179 = CARTESIAN_POINT('',(0.,0.,7.95));
#14180 = VECTOR('',#14181,1.);
#14181 = DIRECTION('',(0.,0.747409370229,-0.664363780841));
#14182 = PCURVE('',#14162,#14183);
#14183 = DEFINITIONAL_REPRESENTATION('',(#14184),#14188);
#14184 = LINE('',#14185,#14186);
#14185 = CARTESIAN_POINT('',(10.410990748498,2.48578853664));
#14186 = VECTOR('',#14187,1.);
#14187 = DIRECTION('',(-1.,-6.938893903907E-18));
#14188 = ( GEOMETRIC_REPRESENTATION_CONTEXT(2) 
PARAMETRIC_REPRESENTATION_CONTEXT() REPRESENTATION_CONTEXT('2D SPACE',''
  ) );
#14189 = ORIENTED_EDGE('',*,*,#14190,.F.);
#14190 = EDGE_CURVE('',#14152,#14175,#14191,.T.);
#14191 = SURFACE_CURVE('',#14192,(#14196),.PCURVE_S1.);
#14192 = LINE('',#14193,#14194);
#14193 = CARTESIAN_POINT('',(2.47214,7.60845,0.83889));
#14194 = VECTOR('',#14195,1.);
#14195 = DIRECTION('',(-0.987688248635,0.15643504565,0.));
#14196 = PCURVE('',#14162,#14197);
#14197 = DEFINITIONAL_REPRESENTATION('',(#14198),#14202);
#14198 = LINE('',#14199,#14200);
#14199 = CARTESIAN_POINT('',(0.,0.));
#14200 = VECTOR('',#14201,1.);
#14201 = DIRECTION('',(-0.116921018951,0.993141216206));
#14202 = ( GEOMETRIC_REPRESENTATION_CONTEXT(2) 
PARAMETRIC_REPRESENTATION_CONTEXT() REPRESENTATION_CONTEXT('2D SPACE',''
  ) );
#14203 = ( GEOMETRIC_REPRESENTATION_CONTEXT(3) 
GLOBAL_UNCERTAINTY_ASSIGNED_CONTEXT((#14207)) 
GLOBAL_UNIT_ASSIGNED_CONTEXT((#14204,#14205,#14206)) 
REPRESENTATION_CONTEXT('Context #1',
  '3D Context with UNIT and UNCERTAINTY') );
#14204 = ( LENGTH_UNIT() NAMED_UNIT(*) SI_UNIT(.MILLI.,.METRE.) );
#14205 = ( NAMED_UNIT(*) PLANE_ANGLE_UNIT() SI_UNIT($,.RADIAN.) );
#14206 = ( NAMED_UNIT(*) SI_UNIT($,.STERADIAN.) SOLID_ANGLE_UNIT() );
#14207 = UNCERTAINTY_MEASURE_WITH_UNIT(LENGTH_MEASURE(1.E-07),#14204,
  'distance_accuracy_value','confusion accuracy');
#14208 = CONTEXT_DEPENDENT_SHAPE_REPRESENTATION(#14209,#14211);
#14209 = ( REPRESENTATION_RELATIONSHIP('','',#14144,#10) 
REPRESENTATION_RELATIONSHIP_WITH_TRANSFORMATION(#14210) 
SHAPE_REPRESENTATION_RELATIONSHIP() );
#14210 = ITEM_DEFINED_TRANSFORMATION('','',#11,#703);
#14211 = PRODUCT_DEFINITION_SHAPE('Placement','Placement of an item',
  #14212);
#14212 = NEXT_ASSEMBLY_USAGE_OCCURRENCE('1937','','',#5,#14139,$);
#14213 = PRODUCT_RELATED_PRODUCT_CATEGORY('part',$,(#14141));
#14214 = SHAPE_DEFINITION_REPRESENTATION(#14215,#14221);
#14215 = PRODUCT_DEFINITION_SHAPE('','',#14216);
#14216 = PRODUCT_DEFINITION('design','',#14217,#14220);
#14217 = PRODUCT_DEFINITION_FORMATION('','',#14218);
#14218 = PRODUCT('Open CASCADE STEP translator 7.9 2.174',
  'Open CASCADE STEP translator 7.9 2.174','',(#14219));
#14219 = PRODUCT_CONTEXT('',#2,'mechanical');
#14220 = PRODUCT_DEFINITION_CONTEXT('part definition',#2,'design');
#14221 = MANIFOLD_SURFACE_SHAPE_REPRESENTATION('',(#11,#14222),#14280);
#14222 = SHELL_BASED_SURFACE_MODEL('',(#14223));
#14223 = OPEN_SHELL('',(#14224));
#14224 = ADVANCED_FACE('',(#14225),#14239,.T.);
#14225 = FACE_BOUND('',#14226,.T.);
#14226 = EDGE_LOOP('',(#14227,#14250,#14266));
#14227 = ORIENTED_EDGE('',*,*,#14228,.T.);
#14228 = EDGE_CURVE('',#14229,#14231,#14233,.T.);
#14229 = VERTEX_POINT('',#14230);
#14230 = CARTESIAN_POINT('',(-6.47214,4.70228,0.83889));
#14231 = VERTEX_POINT('',#14232);
#14232 = CARTESIAN_POINT('',(-4.70228,6.47214,0.83889));
#14233 = SURFACE_CURVE('',#14234,(#14238),.PCURVE_S1.);
#14234 = LINE('',#14235,#14236);
#14235 = CARTESIAN_POINT('',(-6.47214,4.70228,0.83889));
#14236 = VECTOR('',#14237,1.);
#14237 = DIRECTION('',(0.707106781187,0.707106781187,0.));
#14238 = PCURVE('',#14239,#14244);
#14239 = PLANE('',#14240);
#14240 = AXIS2_PLACEMENT_3D('',#14241,#14242,#14243);
#14241 = CARTESIAN_POINT('',(-6.47214,4.70228,0.83889));
#14242 = DIRECTION('',(0.473020408077,-0.473020408077,-0.743305715763));
#14243 = DIRECTION('',(-0.843657539556,0.,-0.53688169642));
#14244 = DEFINITIONAL_REPRESENTATION('',(#14245),#14249);
#14245 = LINE('',#14246,#14247);
#14246 = CARTESIAN_POINT('',(0.,0.));
#14247 = VECTOR('',#14248,1.);
#14248 = DIRECTION('',(-0.596555967219,0.802571478421));
#14249 = ( GEOMETRIC_REPRESENTATION_CONTEXT(2) 
PARAMETRIC_REPRESENTATION_CONTEXT() REPRESENTATION_CONTEXT('2D SPACE',''
  ) );
#14250 = ORIENTED_EDGE('',*,*,#14251,.T.);
#14251 = EDGE_CURVE('',#14231,#14252,#14254,.T.);
#14252 = VERTEX_POINT('',#14253);
#14253 = CARTESIAN_POINT('',(0.,0.,7.95));
#14254 = SURFACE_CURVE('',#14255,(#14259),.PCURVE_S1.);
#14255 = LINE('',#14256,#14257);
#14256 = CARTESIAN_POINT('',(-4.70228,6.47214,0.83889));
#14257 = VECTOR('',#14258,1.);
#14258 = DIRECTION('',(0.439315952685,-0.604667172098,0.664363684064));
#14259 = PCURVE('',#14239,#14260);
#14260 = DEFINITIONAL_REPRESENTATION('',(#14261),#14265);
#14261 = LINE('',#14262,#14263);
#14262 = CARTESIAN_POINT('',(-1.493155732958,2.008804320071));
#14263 = VECTOR('',#14264,1.);
#14264 = DIRECTION('',(-0.72731691747,-0.686301756927));
#14265 = ( GEOMETRIC_REPRESENTATION_CONTEXT(2) 
PARAMETRIC_REPRESENTATION_CONTEXT() REPRESENTATION_CONTEXT('2D SPACE',''
  ) );
#14266 = ORIENTED_EDGE('',*,*,#14267,.T.);
#14267 = EDGE_CURVE('',#14252,#14229,#14268,.T.);
#14268 = SURFACE_CURVE('',#14269,(#14273),.PCURVE_S1.);
#14269 = LINE('',#14270,#14271);
#14270 = CARTESIAN_POINT('',(0.,0.,7.95));
#14271 = VECTOR('',#14272,1.);
#14272 = DIRECTION('',(-0.604667172098,0.439315952685,-0.664363684064));
#14273 = PCURVE('',#14239,#14274);
#14274 = DEFINITIONAL_REPRESENTATION('',(#14275),#14279);
#14275 = LINE('',#14276,#14277);
#14276 = CARTESIAN_POINT('',(-9.278094508289,-5.33712292395));
#14277 = VECTOR('',#14278,1.);
#14278 = DIRECTION('',(0.866816720402,0.498626887794));
#14279 = ( GEOMETRIC_REPRESENTATION_CONTEXT(2) 
PARAMETRIC_REPRESENTATION_CONTEXT() REPRESENTATION_CONTEXT('2D SPACE',''
  ) );
#14280 = ( GEOMETRIC_REPRESENTATION_CONTEXT(3) 
GLOBAL_UNCERTAINTY_ASSIGNED_CONTEXT((#14284)) 
GLOBAL_UNIT_ASSIGNED_CONTEXT((#14281,#14282,#14283)) 
REPRESENTATION_CONTEXT('Context #1',
  '3D Context with UNIT and UNCERTAINTY') );
#14281 = ( LENGTH_UNIT() NAMED_UNIT(*) SI_UNIT(.MILLI.,.METRE.) );
#14282 = ( NAMED_UNIT(*) PLANE_ANGLE_UNIT() SI_UNIT($,.RADIAN.) );
#14283 = ( NAMED_UNIT(*) SI_UNIT($,.STERADIAN.) SOLID_ANGLE_UNIT() );
#14284 = UNCERTAINTY_MEASURE_WITH_UNIT(LENGTH_MEASURE(1.E-07),#14281,
  'distance_accuracy_value','confusion accuracy');
#14285 = CONTEXT_DEPENDENT_SHAPE_REPRESENTATION(#14286,#14288);
#14286 = ( REPRESENTATION_RELATIONSHIP('','',#14221,#10) 
REPRESENTATION_RELATIONSHIP_WITH_TRANSFORMATION(#14287) 
SHAPE_REPRESENTATION_RELATIONSHIP() );
#14287 = ITEM_DEFINED_TRANSFORMATION('','',#11,#707);
#14288 = PRODUCT_DEFINITION_SHAPE('Placement','Placement of an item',
  #14289);
#14289 = NEXT_ASSEMBLY_USAGE_OCCURRENCE('1938','','',#5,#14216,$);
#14290 = PRODUCT_RELATED_PRODUCT_CATEGORY('part',$,(#14218));
#14291 = SHAPE_DEFINITION_REPRESENTATION(#14292,#14298);
#14292 = PRODUCT_DEFINITION_SHAPE('','',#14293);
#14293 = PRODUCT_DEFINITION('design','',#14294,#14297);
#14294 = PRODUCT_DEFINITION_FORMATION('','',#14295);
#14295 = PRODUCT('Open CASCADE STEP translator 7.9 2.175',
  'Open CASCADE STEP translator 7.9 2.175','',(#14296));
#14296 = PRODUCT_CONTEXT('',#2,'mechanical');
#14297 = PRODUCT_DEFINITION_CONTEXT('part definition',#2,'design');
#14298 = MANIFOLD_SURFACE_SHAPE_REPRESENTATION('',(#11,#14299),#14357);
#14299 = SHELL_BASED_SURFACE_MODEL('',(#14300));
#14300 = OPEN_SHELL('',(#14301));
#14301 = ADVANCED_FACE('',(#14302),#14316,.T.);
#14302 = FACE_BOUND('',#14303,.T.);
#14303 = EDGE_LOOP('',(#14304,#14327,#14343));
#14304 = ORIENTED_EDGE('',*,*,#14305,.F.);
#14305 = EDGE_CURVE('',#14306,#14308,#14310,.T.);
#14306 = VERTEX_POINT('',#14307);
#14307 = CARTESIAN_POINT('',(-6.47214,4.70228,0.83889));
#14308 = VERTEX_POINT('',#14309);
#14309 = CARTESIAN_POINT('',(-4.70228,6.47214,0.83889));
#14310 = SURFACE_CURVE('',#14311,(#14315),.PCURVE_S1.);
#14311 = LINE('',#14312,#14313);
#14312 = CARTESIAN_POINT('',(-6.47214,4.70228,0.83889));
#14313 = VECTOR('',#14314,1.);
#14314 = DIRECTION('',(0.707106781187,0.707106781187,0.));
#14315 = PCURVE('',#14316,#14321);
#14316 = PLANE('',#14317);
#14317 = AXIS2_PLACEMENT_3D('',#14318,#14319,#14320);
#14318 = CARTESIAN_POINT('',(-4.70228,6.47214,0.83889));
#14319 = DIRECTION('',(0.707106781187,-0.707106781187,-0.));
#14320 = DIRECTION('',(-0.707106781187,-0.707106781187,0.));
#14321 = DEFINITIONAL_REPRESENTATION('',(#14322),#14326);
#14322 = LINE('',#14323,#14324);
#14323 = CARTESIAN_POINT('',(2.502960015502,0.));
#14324 = VECTOR('',#14325,1.);
#14325 = DIRECTION('',(-1.,0.));
#14326 = ( GEOMETRIC_REPRESENTATION_CONTEXT(2) 
PARAMETRIC_REPRESENTATION_CONTEXT() REPRESENTATION_CONTEXT('2D SPACE',''
  ) );
#14327 = ORIENTED_EDGE('',*,*,#14328,.T.);
#14328 = EDGE_CURVE('',#14306,#14329,#14331,.T.);
#14329 = VERTEX_POINT('',#14330);
#14330 = CARTESIAN_POINT('',(-4.70228,6.47214,0.838889));
#14331 = SURFACE_CURVE('',#14332,(#14336),.PCURVE_S1.);
#14332 = LINE('',#14333,#14334);
#14333 = CARTESIAN_POINT('',(-6.47214,4.70228,0.83889));
#14334 = VECTOR('',#14335,1.);
#14335 = DIRECTION('',(0.707106781186,0.707106781186,-3.995269576163E-07
    ));
#14336 = PCURVE('',#14316,#14337);
#14337 = DEFINITIONAL_REPRESENTATION('',(#14338),#14342);
#14338 = LINE('',#14339,#14340);
#14339 = CARTESIAN_POINT('',(2.502960015502,0.));
#14340 = VECTOR('',#14341,1.);
#14341 = DIRECTION('',(-1.,3.995269576163E-07));
#14342 = ( GEOMETRIC_REPRESENTATION_CONTEXT(2) 
PARAMETRIC_REPRESENTATION_CONTEXT() REPRESENTATION_CONTEXT('2D SPACE',''
  ) );
#14343 = ORIENTED_EDGE('',*,*,#14344,.F.);
#14344 = EDGE_CURVE('',#14308,#14329,#14345,.T.);
#14345 = SURFACE_CURVE('',#14346,(#14350),.PCURVE_S1.);
#14346 = LINE('',#14347,#14348);
#14347 = CARTESIAN_POINT('',(-4.70228,6.47214,0.83889));
#14348 = VECTOR('',#14349,1.);
#14349 = DIRECTION('',(0.,0.,-1.));
#14350 = PCURVE('',#14316,#14351);
#14351 = DEFINITIONAL_REPRESENTATION('',(#14352),#14356);
#14352 = LINE('',#14353,#14354);
#14353 = CARTESIAN_POINT('',(0.,0.));
#14354 = VECTOR('',#14355,1.);
#14355 = DIRECTION('',(-0.,1.));
#14356 = ( GEOMETRIC_REPRESENTATION_CONTEXT(2) 
PARAMETRIC_REPRESENTATION_CONTEXT() REPRESENTATION_CONTEXT('2D SPACE',''
  ) );
#14357 = ( GEOMETRIC_REPRESENTATION_CONTEXT(3) 
GLOBAL_UNCERTAINTY_ASSIGNED_CONTEXT((#14361)) 
GLOBAL_UNIT_ASSIGNED_CONTEXT((#14358,#14359,#14360)) 
REPRESENTATION_CONTEXT('Context #1',
  '3D Context with UNIT and UNCERTAINTY') );
#14358 = ( LENGTH_UNIT() NAMED_UNIT(*) SI_UNIT(.MILLI.,.METRE.) );
#14359 = ( NAMED_UNIT(*) PLANE_ANGLE_UNIT() SI_UNIT($,.RADIAN.) );
#14360 = ( NAMED_UNIT(*) SI_UNIT($,.STERADIAN.) SOLID_ANGLE_UNIT() );
#14361 = UNCERTAINTY_MEASURE_WITH_UNIT(LENGTH_MEASURE(1.E-07),#14358,
  'distance_accuracy_value','confusion accuracy');
#14362 = CONTEXT_DEPENDENT_SHAPE_REPRESENTATION(#14363,#14365);
#14363 = ( REPRESENTATION_RELATIONSHIP('','',#14298,#10) 
REPRESENTATION_RELATIONSHIP_WITH_TRANSFORMATION(#14364) 
SHAPE_REPRESENTATION_RELATIONSHIP() );
#14364 = ITEM_DEFINED_TRANSFORMATION('','',#11,#711);
#14365 = PRODUCT_DEFINITION_SHAPE('Placement','Placement of an item',
  #14366);
#14366 = NEXT_ASSEMBLY_USAGE_OCCURRENCE('1939','','',#5,#14293,$);
#14367 = PRODUCT_RELATED_PRODUCT_CATEGORY('part',$,(#14295));
#14368 = SHAPE_DEFINITION_REPRESENTATION(#14369,#14375);
#14369 = PRODUCT_DEFINITION_SHAPE('','',#14370);
#14370 = PRODUCT_DEFINITION('design','',#14371,#14374);
#14371 = PRODUCT_DEFINITION_FORMATION('','',#14372);
#14372 = PRODUCT('Open CASCADE STEP translator 7.9 2.176',
  'Open CASCADE STEP translator 7.9 2.176','',(#14373));
#14373 = PRODUCT_CONTEXT('',#2,'mechanical');
#14374 = PRODUCT_DEFINITION_CONTEXT('part definition',#2,'design');
#14375 = MANIFOLD_SURFACE_SHAPE_REPRESENTATION('',(#11,#14376),#14434);
#14376 = SHELL_BASED_SURFACE_MODEL('',(#14377));
#14377 = OPEN_SHELL('',(#14378));
#14378 = ADVANCED_FACE('',(#14379),#14393,.T.);
#14379 = FACE_BOUND('',#14380,.T.);
#14380 = EDGE_LOOP('',(#14381,#14404,#14420));
#14381 = ORIENTED_EDGE('',*,*,#14382,.F.);
#14382 = EDGE_CURVE('',#14383,#14385,#14387,.T.);
#14383 = VERTEX_POINT('',#14384);
#14384 = CARTESIAN_POINT('',(-6.47214,4.70228,0.83889));
#14385 = VERTEX_POINT('',#14386);
#14386 = CARTESIAN_POINT('',(-4.70228,6.47214,0.838889));
#14387 = SURFACE_CURVE('',#14388,(#14392),.PCURVE_S1.);
#14388 = LINE('',#14389,#14390);
#14389 = CARTESIAN_POINT('',(-6.47214,4.70228,0.83889));
#14390 = VECTOR('',#14391,1.);
#14391 = DIRECTION('',(0.707106781186,0.707106781186,-3.995269576163E-07
    ));
#14392 = PCURVE('',#14393,#14398);
#14393 = PLANE('',#14394);
#14394 = AXIS2_PLACEMENT_3D('',#14395,#14396,#14397);
#14395 = CARTESIAN_POINT('',(-4.70228,6.47214,0.838889));
#14396 = DIRECTION('',(0.707106781187,-0.707106781187,0.));
#14397 = DIRECTION('',(-0.707106781187,-0.707106781187,0.));
#14398 = DEFINITIONAL_REPRESENTATION('',(#14399),#14403);
#14399 = LINE('',#14400,#14401);
#14400 = CARTESIAN_POINT('',(2.502960015502,-1.000000000029E-06));
#14401 = VECTOR('',#14402,1.);
#14402 = DIRECTION('',(-1.,3.995269576163E-07));
#14403 = ( GEOMETRIC_REPRESENTATION_CONTEXT(2) 
PARAMETRIC_REPRESENTATION_CONTEXT() REPRESENTATION_CONTEXT('2D SPACE',''
  ) );
#14404 = ORIENTED_EDGE('',*,*,#14405,.F.);
#14405 = EDGE_CURVE('',#14406,#14383,#14408,.T.);
#14406 = VERTEX_POINT('',#14407);
#14407 = CARTESIAN_POINT('',(-6.47214,4.70228,0.838889));
#14408 = SURFACE_CURVE('',#14409,(#14413),.PCURVE_S1.);
#14409 = LINE('',#14410,#14411);
#14410 = CARTESIAN_POINT('',(-6.47214,4.70228,0.838889));
#14411 = VECTOR('',#14412,1.);
#14412 = DIRECTION('',(0.,0.,1.));
#14413 = PCURVE('',#14393,#14414);
#14414 = DEFINITIONAL_REPRESENTATION('',(#14415),#14419);
#14415 = LINE('',#14416,#14417);
#14416 = CARTESIAN_POINT('',(2.502960015502,0.));
#14417 = VECTOR('',#14418,1.);
#14418 = DIRECTION('',(0.,-1.));
#14419 = ( GEOMETRIC_REPRESENTATION_CONTEXT(2) 
PARAMETRIC_REPRESENTATION_CONTEXT() REPRESENTATION_CONTEXT('2D SPACE',''
  ) );
#14420 = ORIENTED_EDGE('',*,*,#14421,.F.);
#14421 = EDGE_CURVE('',#14385,#14406,#14422,.T.);
#14422 = SURFACE_CURVE('',#14423,(#14427),.PCURVE_S1.);
#14423 = LINE('',#14424,#14425);
#14424 = CARTESIAN_POINT('',(-4.70228,6.47214,0.838889));
#14425 = VECTOR('',#14426,1.);
#14426 = DIRECTION('',(-0.707106781187,-0.707106781187,0.));
#14427 = PCURVE('',#14393,#14428);
#14428 = DEFINITIONAL_REPRESENTATION('',(#14429),#14433);
#14429 = LINE('',#14430,#14431);
#14430 = CARTESIAN_POINT('',(0.,0.));
#14431 = VECTOR('',#14432,1.);
#14432 = DIRECTION('',(1.,0.));
#14433 = ( GEOMETRIC_REPRESENTATION_CONTEXT(2) 
PARAMETRIC_REPRESENTATION_CONTEXT() REPRESENTATION_CONTEXT('2D SPACE',''
  ) );
#14434 = ( GEOMETRIC_REPRESENTATION_CONTEXT(3) 
GLOBAL_UNCERTAINTY_ASSIGNED_CONTEXT((#14438)) 
GLOBAL_UNIT_ASSIGNED_CONTEXT((#14435,#14436,#14437)) 
REPRESENTATION_CONTEXT('Context #1',
  '3D Context with UNIT and UNCERTAINTY') );
#14435 = ( LENGTH_UNIT() NAMED_UNIT(*) SI_UNIT(.MILLI.,.METRE.) );
#14436 = ( NAMED_UNIT(*) PLANE_ANGLE_UNIT() SI_UNIT($,.RADIAN.) );
#14437 = ( NAMED_UNIT(*) SI_UNIT($,.STERADIAN.) SOLID_ANGLE_UNIT() );
#14438 = UNCERTAINTY_MEASURE_WITH_UNIT(LENGTH_MEASURE(1.E-07),#14435,
  'distance_accuracy_value','confusion accuracy');
#14439 = CONTEXT_DEPENDENT_SHAPE_REPRESENTATION(#14440,#14442);
#14440 = ( REPRESENTATION_RELATIONSHIP('','',#14375,#10) 
REPRESENTATION_RELATIONSHIP_WITH_TRANSFORMATION(#14441) 
SHAPE_REPRESENTATION_RELATIONSHIP() );
#14441 = ITEM_DEFINED_TRANSFORMATION('','',#11,#715);
#14442 = PRODUCT_DEFINITION_SHAPE('Placement','Placement of an item',
  #14443);
#14443 = NEXT_ASSEMBLY_USAGE_OCCURRENCE('1940','','',#5,#14370,$);
#14444 = PRODUCT_RELATED_PRODUCT_CATEGORY('part',$,(#14372));
#14445 = SHAPE_DEFINITION_REPRESENTATION(#14446,#14452);
#14446 = PRODUCT_DEFINITION_SHAPE('','',#14447);
#14447 = PRODUCT_DEFINITION('design','',#14448,#14451);
#14448 = PRODUCT_DEFINITION_FORMATION('','',#14449);
#14449 = PRODUCT('Open CASCADE STEP translator 7.9 2.177',
  'Open CASCADE STEP translator 7.9 2.177','',(#14450));
#14450 = PRODUCT_CONTEXT('',#2,'mechanical');
#14451 = PRODUCT_DEFINITION_CONTEXT('part definition',#2,'design');
#14452 = MANIFOLD_SURFACE_SHAPE_REPRESENTATION('',(#11,#14453),#14511);
#14453 = SHELL_BASED_SURFACE_MODEL('',(#14454));
#14454 = OPEN_SHELL('',(#14455));
#14455 = ADVANCED_FACE('',(#14456),#14470,.T.);
#14456 = FACE_BOUND('',#14457,.T.);
#14457 = EDGE_LOOP('',(#14458,#14481,#14497));
#14458 = ORIENTED_EDGE('',*,*,#14459,.F.);
#14459 = EDGE_CURVE('',#14460,#14462,#14464,.T.);
#14460 = VERTEX_POINT('',#14461);
#14461 = CARTESIAN_POINT('',(6.47214,-4.70228,0.83889));
#14462 = VERTEX_POINT('',#14463);
#14463 = CARTESIAN_POINT('',(7.60845,-2.47214,0.83889));
#14464 = SURFACE_CURVE('',#14465,(#14469),.PCURVE_S1.);
#14465 = LINE('',#14466,#14467);
#14466 = CARTESIAN_POINT('',(6.47214,-4.70228,0.83889));
#14467 = VECTOR('',#14468,1.);
#14468 = DIRECTION('',(0.453989520931,0.891007022916,0.));
#14469 = PCURVE('',#14470,#14475);
#14470 = PLANE('',#14471);
#14471 = AXIS2_PLACEMENT_3D('',#14472,#14473,#14474);
#14472 = CARTESIAN_POINT('',(7.60845,-2.47214,0.83889));
#14473 = DIRECTION('',(-0.596040824852,0.303697144434,-0.743305710709));
#14474 = DIRECTION('',(-0.780153433491,-2.775557561563E-17,
    0.625588219368));
#14475 = DEFINITIONAL_REPRESENTATION('',(#14476),#14480);
#14476 = LINE('',#14477,#14478);
#14477 = CARTESIAN_POINT('',(0.88649614801,-2.340694216523));
#14478 = VECTOR('',#14479,1.);
#14479 = DIRECTION('',(-0.354181483523,0.935176708825));
#14480 = ( GEOMETRIC_REPRESENTATION_CONTEXT(2) 
PARAMETRIC_REPRESENTATION_CONTEXT() REPRESENTATION_CONTEXT('2D SPACE',''
  ) );
#14481 = ORIENTED_EDGE('',*,*,#14482,.T.);
#14482 = EDGE_CURVE('',#14460,#14483,#14485,.T.);
#14483 = VERTEX_POINT('',#14484);
#14484 = CARTESIAN_POINT('',(0.,0.,7.95));
#14485 = SURFACE_CURVE('',#14486,(#14490),.PCURVE_S1.);
#14486 = LINE('',#14487,#14488);
#14487 = CARTESIAN_POINT('',(6.47214,-4.70228,0.83889));
#14488 = VECTOR('',#14489,1.);
#14489 = DIRECTION('',(-0.604667172098,0.439315952685,0.664363684064));
#14490 = PCURVE('',#14470,#14491);
#14491 = DEFINITIONAL_REPRESENTATION('',(#14492),#14496);
#14492 = LINE('',#14493,#14494);
#14493 = CARTESIAN_POINT('',(0.88649614801,-2.340694216523));
#14494 = VECTOR('',#14495,1.);
#14495 = DIRECTION('',(0.887351264558,0.461094061214));
#14496 = ( GEOMETRIC_REPRESENTATION_CONTEXT(2) 
PARAMETRIC_REPRESENTATION_CONTEXT() REPRESENTATION_CONTEXT('2D SPACE',''
  ) );
#14497 = ORIENTED_EDGE('',*,*,#14498,.T.);
#14498 = EDGE_CURVE('',#14483,#14462,#14499,.T.);
#14499 = SURFACE_CURVE('',#14500,(#14504),.PCURVE_S1.);
#14500 = LINE('',#14501,#14502);
#14501 = CARTESIAN_POINT('',(0.,0.,7.95));
#14502 = VECTOR('',#14503,1.);
#14503 = DIRECTION('',(0.710828391388,-0.230962587582,-0.664363816846));
#14504 = PCURVE('',#14470,#14505);
#14505 = DEFINITIONAL_REPRESENTATION('',(#14506),#14510);
#14506 = LINE('',#14507,#14508);
#14507 = CARTESIAN_POINT('',(10.384385033676,2.59469082678));
#14508 = VECTOR('',#14509,1.);
#14509 = DIRECTION('',(-0.970173387358,-0.242412042735));
#14510 = ( GEOMETRIC_REPRESENTATION_CONTEXT(2) 
PARAMETRIC_REPRESENTATION_CONTEXT() REPRESENTATION_CONTEXT('2D SPACE',''
  ) );
#14511 = ( GEOMETRIC_REPRESENTATION_CONTEXT(3) 
GLOBAL_UNCERTAINTY_ASSIGNED_CONTEXT((#14515)) 
GLOBAL_UNIT_ASSIGNED_CONTEXT((#14512,#14513,#14514)) 
REPRESENTATION_CONTEXT('Context #1',
  '3D Context with UNIT and UNCERTAINTY') );
#14512 = ( LENGTH_UNIT() NAMED_UNIT(*) SI_UNIT(.MILLI.,.METRE.) );
#14513 = ( NAMED_UNIT(*) PLANE_ANGLE_UNIT() SI_UNIT($,.RADIAN.) );
#14514 = ( NAMED_UNIT(*) SI_UNIT($,.STERADIAN.) SOLID_ANGLE_UNIT() );
#14515 = UNCERTAINTY_MEASURE_WITH_UNIT(LENGTH_MEASURE(1.E-07),#14512,
  'distance_accuracy_value','confusion accuracy');
#14516 = CONTEXT_DEPENDENT_SHAPE_REPRESENTATION(#14517,#14519);
#14517 = ( REPRESENTATION_RELATIONSHIP('','',#14452,#10) 
REPRESENTATION_RELATIONSHIP_WITH_TRANSFORMATION(#14518) 
SHAPE_REPRESENTATION_RELATIONSHIP() );
#14518 = ITEM_DEFINED_TRANSFORMATION('','',#11,#719);
#14519 = PRODUCT_DEFINITION_SHAPE('Placement','Placement of an item',
  #14520);
#14520 = NEXT_ASSEMBLY_USAGE_OCCURRENCE('1941','','',#5,#14447,$);
#14521 = PRODUCT_RELATED_PRODUCT_CATEGORY('part',$,(#14449));
#14522 = SHAPE_DEFINITION_REPRESENTATION(#14523,#14529);
#14523 = PRODUCT_DEFINITION_SHAPE('','',#14524);
#14524 = PRODUCT_DEFINITION('design','',#14525,#14528);
#14525 = PRODUCT_DEFINITION_FORMATION('','',#14526);
#14526 = PRODUCT('Open CASCADE STEP translator 7.9 2.178',
  'Open CASCADE STEP translator 7.9 2.178','',(#14527));
#14527 = PRODUCT_CONTEXT('',#2,'mechanical');
#14528 = PRODUCT_DEFINITION_CONTEXT('part definition',#2,'design');
#14529 = MANIFOLD_SURFACE_SHAPE_REPRESENTATION('',(#11,#14530),#14588);
#14530 = SHELL_BASED_SURFACE_MODEL('',(#14531));
#14531 = OPEN_SHELL('',(#14532));
#14532 = ADVANCED_FACE('',(#14533),#14547,.T.);
#14533 = FACE_BOUND('',#14534,.T.);
#14534 = EDGE_LOOP('',(#14535,#14558,#14574));
#14535 = ORIENTED_EDGE('',*,*,#14536,.T.);
#14536 = EDGE_CURVE('',#14537,#14539,#14541,.T.);
#14537 = VERTEX_POINT('',#14538);
#14538 = CARTESIAN_POINT('',(0.,0.,7.95));
#14539 = VERTEX_POINT('',#14540);
#14540 = CARTESIAN_POINT('',(2.47214,-7.60845,0.83889));
#14541 = SURFACE_CURVE('',#14542,(#14546),.PCURVE_S1.);
#14542 = LINE('',#14543,#14544);
#14543 = CARTESIAN_POINT('',(0.,0.,7.95));
#14544 = VECTOR('',#14545,1.);
#14545 = DIRECTION('',(0.230962587582,-0.710828391388,-0.664363816846));
#14546 = PCURVE('',#14547,#14552);
#14547 = PLANE('',#14548);
#14548 = AXIS2_PLACEMENT_3D('',#14549,#14550,#14551);
#14549 = CARTESIAN_POINT('',(0.,0.,7.95));
#14550 = DIRECTION('',(-0.104647533189,0.6607160074,-0.743305624466));
#14551 = DIRECTION('',(-6.938893903907E-18,-0.747409370229,
    -0.664363780841));
#14552 = DEFINITIONAL_REPRESENTATION('',(#14553),#14557);
#14553 = LINE('',#14554,#14555);
#14554 = CARTESIAN_POINT('',(-0.,0.));
#14555 = VECTOR('',#14556,1.);
#14556 = DIRECTION('',(0.972659057562,-0.232237718173));
#14557 = ( GEOMETRIC_REPRESENTATION_CONTEXT(2) 
PARAMETRIC_REPRESENTATION_CONTEXT() REPRESENTATION_CONTEXT('2D SPACE',''
  ) );
#14558 = ORIENTED_EDGE('',*,*,#14559,.F.);
#14559 = EDGE_CURVE('',#14560,#14539,#14562,.T.);
#14560 = VERTEX_POINT('',#14561);
#14561 = CARTESIAN_POINT('',(0.,-8.,0.83889));
#14562 = SURFACE_CURVE('',#14563,(#14567),.PCURVE_S1.);
#14563 = LINE('',#14564,#14565);
#14564 = CARTESIAN_POINT('',(0.,-8.,0.83889));
#14565 = VECTOR('',#14566,1.);
#14566 = DIRECTION('',(0.987688248635,0.15643504565,0.));
#14567 = PCURVE('',#14547,#14568);
#14568 = DEFINITIONAL_REPRESENTATION('',(#14569),#14573);
#14569 = LINE('',#14570,#14571);
#14570 = CARTESIAN_POINT('',(10.703638887411,0.));
#14571 = VECTOR('',#14572,1.);
#14572 = DIRECTION('',(-0.116921018951,-0.993141216206));
#14573 = ( GEOMETRIC_REPRESENTATION_CONTEXT(2) 
PARAMETRIC_REPRESENTATION_CONTEXT() REPRESENTATION_CONTEXT('2D SPACE',''
  ) );
#14574 = ORIENTED_EDGE('',*,*,#14575,.T.);
#14575 = EDGE_CURVE('',#14560,#14537,#14576,.T.);
#14576 = SURFACE_CURVE('',#14577,(#14581),.PCURVE_S1.);
#14577 = LINE('',#14578,#14579);
#14578 = CARTESIAN_POINT('',(0.,-8.,0.83889));
#14579 = VECTOR('',#14580,1.);
#14580 = DIRECTION('',(0.,0.747409370229,0.664363780841));
#14581 = PCURVE('',#14547,#14582);
#14582 = DEFINITIONAL_REPRESENTATION('',(#14583),#14587);
#14583 = LINE('',#14584,#14585);
#14584 = CARTESIAN_POINT('',(10.703638887411,0.));
#14585 = VECTOR('',#14586,1.);
#14586 = DIRECTION('',(-1.,0.));
#14587 = ( GEOMETRIC_REPRESENTATION_CONTEXT(2) 
PARAMETRIC_REPRESENTATION_CONTEXT() REPRESENTATION_CONTEXT('2D SPACE',''
  ) );
#14588 = ( GEOMETRIC_REPRESENTATION_CONTEXT(3) 
GLOBAL_UNCERTAINTY_ASSIGNED_CONTEXT((#14592)) 
GLOBAL_UNIT_ASSIGNED_CONTEXT((#14589,#14590,#14591)) 
REPRESENTATION_CONTEXT('Context #1',
  '3D Context with UNIT and UNCERTAINTY') );
#14589 = ( LENGTH_UNIT() NAMED_UNIT(*) SI_UNIT(.MILLI.,.METRE.) );
#14590 = ( NAMED_UNIT(*) PLANE_ANGLE_UNIT() SI_UNIT($,.RADIAN.) );
#14591 = ( NAMED_UNIT(*) SI_UNIT($,.STERADIAN.) SOLID_ANGLE_UNIT() );
#14592 = UNCERTAINTY_MEASURE_WITH_UNIT(LENGTH_MEASURE(1.E-07),#14589,
  'distance_accuracy_value','confusion accuracy');
#14593 = CONTEXT_DEPENDENT_SHAPE_REPRESENTATION(#14594,#14596);
#14594 = ( REPRESENTATION_RELATIONSHIP('','',#14529,#10) 
REPRESENTATION_RELATIONSHIP_WITH_TRANSFORMATION(#14595) 
SHAPE_REPRESENTATION_RELATIONSHIP() );
#14595 = ITEM_DEFINED_TRANSFORMATION('','',#11,#723);
#14596 = PRODUCT_DEFINITION_SHAPE('Placement','Placement of an item',
  #14597);
#14597 = NEXT_ASSEMBLY_USAGE_OCCURRENCE('1942','','',#5,#14524,$);
#14598 = PRODUCT_RELATED_PRODUCT_CATEGORY('part',$,(#14526));
#14599 = SHAPE_DEFINITION_REPRESENTATION(#14600,#14606);
#14600 = PRODUCT_DEFINITION_SHAPE('','',#14601);
#14601 = PRODUCT_DEFINITION('design','',#14602,#14605);
#14602 = PRODUCT_DEFINITION_FORMATION('','',#14603);
#14603 = PRODUCT('Open CASCADE STEP translator 7.9 2.179',
  'Open CASCADE STEP translator 7.9 2.179','',(#14604));
#14604 = PRODUCT_CONTEXT('',#2,'mechanical');
#14605 = PRODUCT_DEFINITION_CONTEXT('part definition',#2,'design');
#14606 = MANIFOLD_SURFACE_SHAPE_REPRESENTATION('',(#11,#14607),#14665);
#14607 = SHELL_BASED_SURFACE_MODEL('',(#14608));
#14608 = OPEN_SHELL('',(#14609));
#14609 = ADVANCED_FACE('',(#14610),#14624,.T.);
#14610 = FACE_BOUND('',#14611,.T.);
#14611 = EDGE_LOOP('',(#14612,#14635,#14651));
#14612 = ORIENTED_EDGE('',*,*,#14613,.T.);
#14613 = EDGE_CURVE('',#14614,#14616,#14618,.T.);
#14614 = VERTEX_POINT('',#14615);
#14615 = CARTESIAN_POINT('',(4.70228,-6.47214,0.838889));
#14616 = VERTEX_POINT('',#14617);
#14617 = CARTESIAN_POINT('',(6.47214,-4.70228,0.83889));
#14618 = SURFACE_CURVE('',#14619,(#14623),.PCURVE_S1.);
#14619 = LINE('',#14620,#14621);
#14620 = CARTESIAN_POINT('',(4.70228,-6.47214,0.838889));
#14621 = VECTOR('',#14622,1.);
#14622 = DIRECTION('',(0.707106781186,0.707106781186,3.995269576163E-07)
  );
#14623 = PCURVE('',#14624,#14629);
#14624 = PLANE('',#14625);
#14625 = AXIS2_PLACEMENT_3D('',#14626,#14627,#14628);
#14626 = CARTESIAN_POINT('',(4.70228,-6.47214,0.838889));
#14627 = DIRECTION('',(-0.707106781187,0.707106781187,-0.));
#14628 = DIRECTION('',(0.707106781187,0.707106781187,0.));
#14629 = DEFINITIONAL_REPRESENTATION('',(#14630),#14634);
#14630 = LINE('',#14631,#14632);
#14631 = CARTESIAN_POINT('',(0.,0.));
#14632 = VECTOR('',#14633,1.);
#14633 = DIRECTION('',(1.,-3.995269576163E-07));
#14634 = ( GEOMETRIC_REPRESENTATION_CONTEXT(2) 
PARAMETRIC_REPRESENTATION_CONTEXT() REPRESENTATION_CONTEXT('2D SPACE',''
  ) );
#14635 = ORIENTED_EDGE('',*,*,#14636,.F.);
#14636 = EDGE_CURVE('',#14637,#14616,#14639,.T.);
#14637 = VERTEX_POINT('',#14638);
#14638 = CARTESIAN_POINT('',(6.47214,-4.70228,0.838889));
#14639 = SURFACE_CURVE('',#14640,(#14644),.PCURVE_S1.);
#14640 = LINE('',#14641,#14642);
#14641 = CARTESIAN_POINT('',(6.47214,-4.70228,0.838889));
#14642 = VECTOR('',#14643,1.);
#14643 = DIRECTION('',(0.,0.,1.));
#14644 = PCURVE('',#14624,#14645);
#14645 = DEFINITIONAL_REPRESENTATION('',(#14646),#14650);
#14646 = LINE('',#14647,#14648);
#14647 = CARTESIAN_POINT('',(2.502960015502,0.));
#14648 = VECTOR('',#14649,1.);
#14649 = DIRECTION('',(0.,-1.));
#14650 = ( GEOMETRIC_REPRESENTATION_CONTEXT(2) 
PARAMETRIC_REPRESENTATION_CONTEXT() REPRESENTATION_CONTEXT('2D SPACE',''
  ) );
#14651 = ORIENTED_EDGE('',*,*,#14652,.F.);
#14652 = EDGE_CURVE('',#14614,#14637,#14653,.T.);
#14653 = SURFACE_CURVE('',#14654,(#14658),.PCURVE_S1.);
#14654 = LINE('',#14655,#14656);
#14655 = CARTESIAN_POINT('',(4.70228,-6.47214,0.838889));
#14656 = VECTOR('',#14657,1.);
#14657 = DIRECTION('',(0.707106781187,0.707106781187,0.));
#14658 = PCURVE('',#14624,#14659);
#14659 = DEFINITIONAL_REPRESENTATION('',(#14660),#14664);
#14660 = LINE('',#14661,#14662);
#14661 = CARTESIAN_POINT('',(0.,0.));
#14662 = VECTOR('',#14663,1.);
#14663 = DIRECTION('',(1.,0.));
#14664 = ( GEOMETRIC_REPRESENTATION_CONTEXT(2) 
PARAMETRIC_REPRESENTATION_CONTEXT() REPRESENTATION_CONTEXT('2D SPACE',''
  ) );
#14665 = ( GEOMETRIC_REPRESENTATION_CONTEXT(3) 
GLOBAL_UNCERTAINTY_ASSIGNED_CONTEXT((#14669)) 
GLOBAL_UNIT_ASSIGNED_CONTEXT((#14666,#14667,#14668)) 
REPRESENTATION_CONTEXT('Context #1',
  '3D Context with UNIT and UNCERTAINTY') );
#14666 = ( LENGTH_UNIT() NAMED_UNIT(*) SI_UNIT(.MILLI.,.METRE.) );
#14667 = ( NAMED_UNIT(*) PLANE_ANGLE_UNIT() SI_UNIT($,.RADIAN.) );
#14668 = ( NAMED_UNIT(*) SI_UNIT($,.STERADIAN.) SOLID_ANGLE_UNIT() );
#14669 = UNCERTAINTY_MEASURE_WITH_UNIT(LENGTH_MEASURE(1.E-07),#14666,
  'distance_accuracy_value','confusion accuracy');
#14670 = CONTEXT_DEPENDENT_SHAPE_REPRESENTATION(#14671,#14673);
#14671 = ( REPRESENTATION_RELATIONSHIP('','',#14606,#10) 
REPRESENTATION_RELATIONSHIP_WITH_TRANSFORMATION(#14672) 
SHAPE_REPRESENTATION_RELATIONSHIP() );
#14672 = ITEM_DEFINED_TRANSFORMATION('','',#11,#727);
#14673 = PRODUCT_DEFINITION_SHAPE('Placement','Placement of an item',
  #14674);
#14674 = NEXT_ASSEMBLY_USAGE_OCCURRENCE('1943','','',#5,#14601,$);
#14675 = PRODUCT_RELATED_PRODUCT_CATEGORY('part',$,(#14603));
#14676 = SHAPE_DEFINITION_REPRESENTATION(#14677,#14683);
#14677 = PRODUCT_DEFINITION_SHAPE('','',#14678);
#14678 = PRODUCT_DEFINITION('design','',#14679,#14682);
#14679 = PRODUCT_DEFINITION_FORMATION('','',#14680);
#14680 = PRODUCT('Open CASCADE STEP translator 7.9 2.180',
  'Open CASCADE STEP translator 7.9 2.180','',(#14681));
#14681 = PRODUCT_CONTEXT('',#2,'mechanical');
#14682 = PRODUCT_DEFINITION_CONTEXT('part definition',#2,'design');
#14683 = MANIFOLD_SURFACE_SHAPE_REPRESENTATION('',(#11,#14684),#14742);
#14684 = SHELL_BASED_SURFACE_MODEL('',(#14685));
#14685 = OPEN_SHELL('',(#14686));
#14686 = ADVANCED_FACE('',(#14687),#14701,.T.);
#14687 = FACE_BOUND('',#14688,.T.);
#14688 = EDGE_LOOP('',(#14689,#14712,#14728));
#14689 = ORIENTED_EDGE('',*,*,#14690,.T.);
#14690 = EDGE_CURVE('',#14691,#14693,#14695,.T.);
#14691 = VERTEX_POINT('',#14692);
#14692 = CARTESIAN_POINT('',(4.70228,-6.47214,0.83889));
#14693 = VERTEX_POINT('',#14694);
#14694 = CARTESIAN_POINT('',(6.47214,-4.70228,0.83889));
#14695 = SURFACE_CURVE('',#14696,(#14700),.PCURVE_S1.);
#14696 = LINE('',#14697,#14698);
#14697 = CARTESIAN_POINT('',(4.70228,-6.47214,0.83889));
#14698 = VECTOR('',#14699,1.);
#14699 = DIRECTION('',(0.707106781187,0.707106781187,0.));
#14700 = PCURVE('',#14701,#14706);
#14701 = PLANE('',#14702);
#14702 = AXIS2_PLACEMENT_3D('',#14703,#14704,#14705);
#14703 = CARTESIAN_POINT('',(4.70228,-6.47214,0.83889));
#14704 = DIRECTION('',(-0.707106781187,0.707106781187,-0.));
#14705 = DIRECTION('',(0.707106781187,0.707106781187,0.));
#14706 = DEFINITIONAL_REPRESENTATION('',(#14707),#14711);
#14707 = LINE('',#14708,#14709);
#14708 = CARTESIAN_POINT('',(0.,0.));
#14709 = VECTOR('',#14710,1.);
#14710 = DIRECTION('',(1.,0.));
#14711 = ( GEOMETRIC_REPRESENTATION_CONTEXT(2) 
PARAMETRIC_REPRESENTATION_CONTEXT() REPRESENTATION_CONTEXT('2D SPACE',''
  ) );
#14712 = ORIENTED_EDGE('',*,*,#14713,.F.);
#14713 = EDGE_CURVE('',#14714,#14693,#14716,.T.);
#14714 = VERTEX_POINT('',#14715);
#14715 = CARTESIAN_POINT('',(4.70228,-6.47214,0.838889));
#14716 = SURFACE_CURVE('',#14717,(#14721),.PCURVE_S1.);
#14717 = LINE('',#14718,#14719);
#14718 = CARTESIAN_POINT('',(4.70228,-6.47214,0.838889));
#14719 = VECTOR('',#14720,1.);
#14720 = DIRECTION('',(0.707106781186,0.707106781186,3.995269576163E-07)
  );
#14721 = PCURVE('',#14701,#14722);
#14722 = DEFINITIONAL_REPRESENTATION('',(#14723),#14727);
#14723 = LINE('',#14724,#14725);
#14724 = CARTESIAN_POINT('',(0.,1.000000000029E-06));
#14725 = VECTOR('',#14726,1.);
#14726 = DIRECTION('',(1.,-3.995269576163E-07));
#14727 = ( GEOMETRIC_REPRESENTATION_CONTEXT(2) 
PARAMETRIC_REPRESENTATION_CONTEXT() REPRESENTATION_CONTEXT('2D SPACE',''
  ) );
#14728 = ORIENTED_EDGE('',*,*,#14729,.F.);
#14729 = EDGE_CURVE('',#14691,#14714,#14730,.T.);
#14730 = SURFACE_CURVE('',#14731,(#14735),.PCURVE_S1.);
#14731 = LINE('',#14732,#14733);
#14732 = CARTESIAN_POINT('',(4.70228,-6.47214,0.83889));
#14733 = VECTOR('',#14734,1.);
#14734 = DIRECTION('',(0.,0.,-1.));
#14735 = PCURVE('',#14701,#14736);
#14736 = DEFINITIONAL_REPRESENTATION('',(#14737),#14741);
#14737 = LINE('',#14738,#14739);
#14738 = CARTESIAN_POINT('',(0.,0.));
#14739 = VECTOR('',#14740,1.);
#14740 = DIRECTION('',(0.,1.));
#14741 = ( GEOMETRIC_REPRESENTATION_CONTEXT(2) 
PARAMETRIC_REPRESENTATION_CONTEXT() REPRESENTATION_CONTEXT('2D SPACE',''
  ) );
#14742 = ( GEOMETRIC_REPRESENTATION_CONTEXT(3) 
GLOBAL_UNCERTAINTY_ASSIGNED_CONTEXT((#14746)) 
GLOBAL_UNIT_ASSIGNED_CONTEXT((#14743,#14744,#14745)) 
REPRESENTATION_CONTEXT('Context #1',
  '3D Context with UNIT and UNCERTAINTY') );
#14743 = ( LENGTH_UNIT() NAMED_UNIT(*) SI_UNIT(.MILLI.,.METRE.) );
#14744 = ( NAMED_UNIT(*) PLANE_ANGLE_UNIT() SI_UNIT($,.RADIAN.) );
#14745 = ( NAMED_UNIT(*) SI_UNIT($,.STERADIAN.) SOLID_ANGLE_UNIT() );
#14746 = UNCERTAINTY_MEASURE_WITH_UNIT(LENGTH_MEASURE(1.E-07),#14743,
  'distance_accuracy_value','confusion accuracy');
#14747 = CONTEXT_DEPENDENT_SHAPE_REPRESENTATION(#14748,#14750);
#14748 = ( REPRESENTATION_RELATIONSHIP('','',#14683,#10) 
REPRESENTATION_RELATIONSHIP_WITH_TRANSFORMATION(#14749) 
SHAPE_REPRESENTATION_RELATIONSHIP() );
#14749 = ITEM_DEFINED_TRANSFORMATION('','',#11,#731);
#14750 = PRODUCT_DEFINITION_SHAPE('Placement','Placement of an item',
  #14751);
#14751 = NEXT_ASSEMBLY_USAGE_OCCURRENCE('1944','','',#5,#14678,$);
#14752 = PRODUCT_RELATED_PRODUCT_CATEGORY('part',$,(#14680));
#14753 = SHAPE_DEFINITION_REPRESENTATION(#14754,#14760);
#14754 = PRODUCT_DEFINITION_SHAPE('','',#14755);
#14755 = PRODUCT_DEFINITION('design','',#14756,#14759);
#14756 = PRODUCT_DEFINITION_FORMATION('','',#14757);
#14757 = PRODUCT('Open CASCADE STEP translator 7.9 2.181',
  'Open CASCADE STEP translator 7.9 2.181','',(#14758));
#14758 = PRODUCT_CONTEXT('',#2,'mechanical');
#14759 = PRODUCT_DEFINITION_CONTEXT('part definition',#2,'design');
#14760 = MANIFOLD_SURFACE_SHAPE_REPRESENTATION('',(#11,#14761),#14819);
#14761 = SHELL_BASED_SURFACE_MODEL('',(#14762));
#14762 = OPEN_SHELL('',(#14763));
#14763 = ADVANCED_FACE('',(#14764),#14778,.T.);
#14764 = FACE_BOUND('',#14765,.T.);
#14765 = EDGE_LOOP('',(#14766,#14789,#14805));
#14766 = ORIENTED_EDGE('',*,*,#14767,.F.);
#14767 = EDGE_CURVE('',#14768,#14770,#14772,.T.);
#14768 = VERTEX_POINT('',#14769);
#14769 = CARTESIAN_POINT('',(4.70228,-6.47214,0.83889));
#14770 = VERTEX_POINT('',#14771);
#14771 = CARTESIAN_POINT('',(6.47214,-4.70228,0.83889));
#14772 = SURFACE_CURVE('',#14773,(#14777),.PCURVE_S1.);
#14773 = LINE('',#14774,#14775);
#14774 = CARTESIAN_POINT('',(4.70228,-6.47214,0.83889));
#14775 = VECTOR('',#14776,1.);
#14776 = DIRECTION('',(0.707106781187,0.707106781187,0.));
#14777 = PCURVE('',#14778,#14783);
#14778 = PLANE('',#14779);
#14779 = AXIS2_PLACEMENT_3D('',#14780,#14781,#14782);
#14780 = CARTESIAN_POINT('',(6.47214,-4.70228,0.83889));
#14781 = DIRECTION('',(-0.473020408077,0.473020408077,-0.743305715763));
#14782 = DIRECTION('',(-0.843657539556,0.,0.53688169642));
#14783 = DEFINITIONAL_REPRESENTATION('',(#14784),#14788);
#14784 = LINE('',#14785,#14786);
#14785 = CARTESIAN_POINT('',(1.493155732958,-2.008804320071));
#14786 = VECTOR('',#14787,1.);
#14787 = DIRECTION('',(-0.596555967219,0.802571478421));
#14788 = ( GEOMETRIC_REPRESENTATION_CONTEXT(2) 
PARAMETRIC_REPRESENTATION_CONTEXT() REPRESENTATION_CONTEXT('2D SPACE',''
  ) );
#14789 = ORIENTED_EDGE('',*,*,#14790,.T.);
#14790 = EDGE_CURVE('',#14768,#14791,#14793,.T.);
#14791 = VERTEX_POINT('',#14792);
#14792 = CARTESIAN_POINT('',(0.,0.,7.95));
#14793 = SURFACE_CURVE('',#14794,(#14798),.PCURVE_S1.);
#14794 = LINE('',#14795,#14796);
#14795 = CARTESIAN_POINT('',(4.70228,-6.47214,0.83889));
#14796 = VECTOR('',#14797,1.);
#14797 = DIRECTION('',(-0.439315952685,0.604667172098,0.664363684064));
#14798 = PCURVE('',#14778,#14799);
#14799 = DEFINITIONAL_REPRESENTATION('',(#14800),#14804);
#14800 = LINE('',#14801,#14802);
#14801 = CARTESIAN_POINT('',(1.493155732958,-2.008804320071));
#14802 = VECTOR('',#14803,1.);
#14803 = DIRECTION('',(0.72731691747,0.686301756927));
#14804 = ( GEOMETRIC_REPRESENTATION_CONTEXT(2) 
PARAMETRIC_REPRESENTATION_CONTEXT() REPRESENTATION_CONTEXT('2D SPACE',''
  ) );
#14805 = ORIENTED_EDGE('',*,*,#14806,.F.);
#14806 = EDGE_CURVE('',#14770,#14791,#14807,.T.);
#14807 = SURFACE_CURVE('',#14808,(#14812),.PCURVE_S1.);
#14808 = LINE('',#14809,#14810);
#14809 = CARTESIAN_POINT('',(6.47214,-4.70228,0.83889));
#14810 = VECTOR('',#14811,1.);
#14811 = DIRECTION('',(-0.604667172098,0.439315952685,0.664363684064));
#14812 = PCURVE('',#14778,#14813);
#14813 = DEFINITIONAL_REPRESENTATION('',(#14814),#14818);
#14814 = LINE('',#14815,#14816);
#14815 = CARTESIAN_POINT('',(0.,0.));
#14816 = VECTOR('',#14817,1.);
#14817 = DIRECTION('',(0.866816720402,0.498626887794));
#14818 = ( GEOMETRIC_REPRESENTATION_CONTEXT(2) 
PARAMETRIC_REPRESENTATION_CONTEXT() REPRESENTATION_CONTEXT('2D SPACE',''
  ) );
#14819 = ( GEOMETRIC_REPRESENTATION_CONTEXT(3) 
GLOBAL_UNCERTAINTY_ASSIGNED_CONTEXT((#14823)) 
GLOBAL_UNIT_ASSIGNED_CONTEXT((#14820,#14821,#14822)) 
REPRESENTATION_CONTEXT('Context #1',
  '3D Context with UNIT and UNCERTAINTY') );
#14820 = ( LENGTH_UNIT() NAMED_UNIT(*) SI_UNIT(.MILLI.,.METRE.) );
#14821 = ( NAMED_UNIT(*) PLANE_ANGLE_UNIT() SI_UNIT($,.RADIAN.) );
#14822 = ( NAMED_UNIT(*) SI_UNIT($,.STERADIAN.) SOLID_ANGLE_UNIT() );
#14823 = UNCERTAINTY_MEASURE_WITH_UNIT(LENGTH_MEASURE(1.E-07),#14820,
  'distance_accuracy_value','confusion accuracy');
#14824 = CONTEXT_DEPENDENT_SHAPE_REPRESENTATION(#14825,#14827);
#14825 = ( REPRESENTATION_RELATIONSHIP('','',#14760,#10) 
REPRESENTATION_RELATIONSHIP_WITH_TRANSFORMATION(#14826) 
SHAPE_REPRESENTATION_RELATIONSHIP() );
#14826 = ITEM_DEFINED_TRANSFORMATION('','',#11,#735);
#14827 = PRODUCT_DEFINITION_SHAPE('Placement','Placement of an item',
  #14828);
#14828 = NEXT_ASSEMBLY_USAGE_OCCURRENCE('1945','','',#5,#14755,$);
#14829 = PRODUCT_RELATED_PRODUCT_CATEGORY('part',$,(#14757));
#14830 = SHAPE_DEFINITION_REPRESENTATION(#14831,#14837);
#14831 = PRODUCT_DEFINITION_SHAPE('','',#14832);
#14832 = PRODUCT_DEFINITION('design','',#14833,#14836);
#14833 = PRODUCT_DEFINITION_FORMATION('','',#14834);
#14834 = PRODUCT('Open CASCADE STEP translator 7.9 2.182',
  'Open CASCADE STEP translator 7.9 2.182','',(#14835));
#14835 = PRODUCT_CONTEXT('',#2,'mechanical');
#14836 = PRODUCT_DEFINITION_CONTEXT('part definition',#2,'design');
#14837 = MANIFOLD_SURFACE_SHAPE_REPRESENTATION('',(#11,#14838),#14896);
#14838 = SHELL_BASED_SURFACE_MODEL('',(#14839));
#14839 = OPEN_SHELL('',(#14840));
#14840 = ADVANCED_FACE('',(#14841),#14855,.T.);
#14841 = FACE_BOUND('',#14842,.T.);
#14842 = EDGE_LOOP('',(#14843,#14866,#14882));
#14843 = ORIENTED_EDGE('',*,*,#14844,.F.);
#14844 = EDGE_CURVE('',#14845,#14847,#14849,.T.);
#14845 = VERTEX_POINT('',#14846);
#14846 = CARTESIAN_POINT('',(0.,0.,7.95));
#14847 = VERTEX_POINT('',#14848);
#14848 = CARTESIAN_POINT('',(-2.47214,-7.60845,0.83889));
#14849 = SURFACE_CURVE('',#14850,(#14854),.PCURVE_S1.);
#14850 = LINE('',#14851,#14852);
#14851 = CARTESIAN_POINT('',(0.,0.,7.95));
#14852 = VECTOR('',#14853,1.);
#14853 = DIRECTION('',(-0.230962587582,-0.710828391388,-0.664363816846)
  );
#14854 = PCURVE('',#14855,#14860);
#14855 = PLANE('',#14856);
#14856 = AXIS2_PLACEMENT_3D('',#14857,#14858,#14859);
#14857 = CARTESIAN_POINT('',(-2.47214,-7.60845,0.83889));
#14858 = DIRECTION('',(0.104647533189,0.6607160074,-0.743305624466));
#14859 = DIRECTION('',(-6.938893903907E-18,-0.747409370229,
    -0.664363780841));
#14860 = DEFINITIONAL_REPRESENTATION('',(#14861),#14865);
#14861 = LINE('',#14862,#14863);
#14862 = CARTESIAN_POINT('',(-10.41099074849,-2.48578853664));
#14863 = VECTOR('',#14864,1.);
#14864 = DIRECTION('',(0.972659057562,0.232237718173));
#14865 = ( GEOMETRIC_REPRESENTATION_CONTEXT(2) 
PARAMETRIC_REPRESENTATION_CONTEXT() REPRESENTATION_CONTEXT('2D SPACE',''
  ) );
#14866 = ORIENTED_EDGE('',*,*,#14867,.F.);
#14867 = EDGE_CURVE('',#14868,#14845,#14870,.T.);
#14868 = VERTEX_POINT('',#14869);
#14869 = CARTESIAN_POINT('',(0.,-8.,0.83889));
#14870 = SURFACE_CURVE('',#14871,(#14875),.PCURVE_S1.);
#14871 = LINE('',#14872,#14873);
#14872 = CARTESIAN_POINT('',(0.,-8.,0.83889));
#14873 = VECTOR('',#14874,1.);
#14874 = DIRECTION('',(0.,0.747409370229,0.664363780841));
#14875 = PCURVE('',#14855,#14876);
#14876 = DEFINITIONAL_REPRESENTATION('',(#14877),#14881);
#14877 = LINE('',#14878,#14879);
#14878 = CARTESIAN_POINT('',(0.292648138913,-2.48578853664));
#14879 = VECTOR('',#14880,1.);
#14880 = DIRECTION('',(-1.,-6.938893903907E-18));
#14881 = ( GEOMETRIC_REPRESENTATION_CONTEXT(2) 
PARAMETRIC_REPRESENTATION_CONTEXT() REPRESENTATION_CONTEXT('2D SPACE',''
  ) );
#14882 = ORIENTED_EDGE('',*,*,#14883,.F.);
#14883 = EDGE_CURVE('',#14847,#14868,#14884,.T.);
#14884 = SURFACE_CURVE('',#14885,(#14889),.PCURVE_S1.);
#14885 = LINE('',#14886,#14887);
#14886 = CARTESIAN_POINT('',(-2.47214,-7.60845,0.83889));
#14887 = VECTOR('',#14888,1.);
#14888 = DIRECTION('',(0.987688248635,-0.15643504565,0.));
#14889 = PCURVE('',#14855,#14890);
#14890 = DEFINITIONAL_REPRESENTATION('',(#14891),#14895);
#14891 = LINE('',#14892,#14893);
#14892 = CARTESIAN_POINT('',(-0.,0.));
#14893 = VECTOR('',#14894,1.);
#14894 = DIRECTION('',(0.116921018951,-0.993141216206));
#14895 = ( GEOMETRIC_REPRESENTATION_CONTEXT(2) 
PARAMETRIC_REPRESENTATION_CONTEXT() REPRESENTATION_CONTEXT('2D SPACE',''
  ) );
#14896 = ( GEOMETRIC_REPRESENTATION_CONTEXT(3) 
GLOBAL_UNCERTAINTY_ASSIGNED_CONTEXT((#14900)) 
GLOBAL_UNIT_ASSIGNED_CONTEXT((#14897,#14898,#14899)) 
REPRESENTATION_CONTEXT('Context #1',
  '3D Context with UNIT and UNCERTAINTY') );
#14897 = ( LENGTH_UNIT() NAMED_UNIT(*) SI_UNIT(.MILLI.,.METRE.) );
#14898 = ( NAMED_UNIT(*) PLANE_ANGLE_UNIT() SI_UNIT($,.RADIAN.) );
#14899 = ( NAMED_UNIT(*) SI_UNIT($,.STERADIAN.) SOLID_ANGLE_UNIT() );
#14900 = UNCERTAINTY_MEASURE_WITH_UNIT(LENGTH_MEASURE(1.E-07),#14897,
  'distance_accuracy_value','confusion accuracy');
#14901 = CONTEXT_DEPENDENT_SHAPE_REPRESENTATION(#14902,#14904);
#14902 = ( REPRESENTATION_RELATIONSHIP('','',#14837,#10) 
REPRESENTATION_RELATIONSHIP_WITH_TRANSFORMATION(#14903) 
SHAPE_REPRESENTATION_RELATIONSHIP() );
#14903 = ITEM_DEFINED_TRANSFORMATION('','',#11,#739);
#14904 = PRODUCT_DEFINITION_SHAPE('Placement','Placement of an item',
  #14905);
#14905 = NEXT_ASSEMBLY_USAGE_OCCURRENCE('1946','','',#5,#14832,$);
#14906 = PRODUCT_RELATED_PRODUCT_CATEGORY('part',$,(#14834));
#14907 = SHAPE_DEFINITION_REPRESENTATION(#14908,#14914);
#14908 = PRODUCT_DEFINITION_SHAPE('','',#14909);
#14909 = PRODUCT_DEFINITION('design','',#14910,#14913);
#14910 = PRODUCT_DEFINITION_FORMATION('','',#14911);
#14911 = PRODUCT('Open CASCADE STEP translator 7.9 2.183',
  'Open CASCADE STEP translator 7.9 2.183','',(#14912));
#14912 = PRODUCT_CONTEXT('',#2,'mechanical');
#14913 = PRODUCT_DEFINITION_CONTEXT('part definition',#2,'design');
#14914 = MANIFOLD_SURFACE_SHAPE_REPRESENTATION('',(#11,#14915),#14973);
#14915 = SHELL_BASED_SURFACE_MODEL('',(#14916));
#14916 = OPEN_SHELL('',(#14917));
#14917 = ADVANCED_FACE('',(#14918),#14932,.T.);
#14918 = FACE_BOUND('',#14919,.T.);
#14919 = EDGE_LOOP('',(#14920,#14943,#14959));
#14920 = ORIENTED_EDGE('',*,*,#14921,.T.);
#14921 = EDGE_CURVE('',#14922,#14924,#14926,.T.);
#14922 = VERTEX_POINT('',#14923);
#14923 = CARTESIAN_POINT('',(0.,0.,7.95));
#14924 = VERTEX_POINT('',#14925);
#14925 = CARTESIAN_POINT('',(-8.,0.,0.83889));
#14926 = SURFACE_CURVE('',#14927,(#14931),.PCURVE_S1.);
#14927 = LINE('',#14928,#14929);
#14928 = CARTESIAN_POINT('',(0.,0.,7.95));
#14929 = VECTOR('',#14930,1.);
#14930 = DIRECTION('',(-0.747409370229,0.,-0.664363780841));
#14931 = PCURVE('',#14932,#14937);
#14932 = PLANE('',#14933);
#14933 = AXIS2_PLACEMENT_3D('',#14934,#14935,#14936);
#14934 = CARTESIAN_POINT('',(0.,0.,7.95));
#14935 = DIRECTION('',(0.6607160074,-0.104647533189,-0.743305624466));
#14936 = DIRECTION('',(-0.747409370229,-6.938893903907E-18,
    -0.664363780841));
#14937 = DEFINITIONAL_REPRESENTATION('',(#14938),#14942);
#14938 = LINE('',#14939,#14940);
#14939 = CARTESIAN_POINT('',(-0.,0.));
#14940 = VECTOR('',#14941,1.);
#14941 = DIRECTION('',(1.,-1.387778780781E-17));
#14942 = ( GEOMETRIC_REPRESENTATION_CONTEXT(2) 
PARAMETRIC_REPRESENTATION_CONTEXT() REPRESENTATION_CONTEXT('2D SPACE',''
  ) );
#14943 = ORIENTED_EDGE('',*,*,#14944,.F.);
#14944 = EDGE_CURVE('',#14945,#14924,#14947,.T.);
#14945 = VERTEX_POINT('',#14946);
#14946 = CARTESIAN_POINT('',(-7.60845,2.47214,0.83889));
#14947 = SURFACE_CURVE('',#14948,(#14952),.PCURVE_S1.);
#14948 = LINE('',#14949,#14950);
#14949 = CARTESIAN_POINT('',(-7.60845,2.47214,0.83889));
#14950 = VECTOR('',#14951,1.);
#14951 = DIRECTION('',(-0.15643504565,-0.987688248635,0.));
#14952 = PCURVE('',#14932,#14953);
#14953 = DEFINITIONAL_REPRESENTATION('',(#14954),#14958);
#14954 = LINE('',#14955,#14956);
#14955 = CARTESIAN_POINT('',(10.410990748498,2.48578853664));
#14956 = VECTOR('',#14957,1.);
#14957 = DIRECTION('',(0.116921018951,-0.993141216206));
#14958 = ( GEOMETRIC_REPRESENTATION_CONTEXT(2) 
PARAMETRIC_REPRESENTATION_CONTEXT() REPRESENTATION_CONTEXT('2D SPACE',''
  ) );
#14959 = ORIENTED_EDGE('',*,*,#14960,.T.);
#14960 = EDGE_CURVE('',#14945,#14922,#14961,.T.);
#14961 = SURFACE_CURVE('',#14962,(#14966),.PCURVE_S1.);
#14962 = LINE('',#14963,#14964);
#14963 = CARTESIAN_POINT('',(-7.60845,2.47214,0.83889));
#14964 = VECTOR('',#14965,1.);
#14965 = DIRECTION('',(0.710828391388,-0.230962587582,0.664363816846));
#14966 = PCURVE('',#14932,#14967);
#14967 = DEFINITIONAL_REPRESENTATION('',(#14968),#14972);
#14968 = LINE('',#14969,#14970);
#14969 = CARTESIAN_POINT('',(10.410990748498,2.48578853664));
#14970 = VECTOR('',#14971,1.);
#14971 = DIRECTION('',(-0.972659057562,-0.232237718173));
#14972 = ( GEOMETRIC_REPRESENTATION_CONTEXT(2) 
PARAMETRIC_REPRESENTATION_CONTEXT() REPRESENTATION_CONTEXT('2D SPACE',''
  ) );
#14973 = ( GEOMETRIC_REPRESENTATION_CONTEXT(3) 
GLOBAL_UNCERTAINTY_ASSIGNED_CONTEXT((#14977)) 
GLOBAL_UNIT_ASSIGNED_CONTEXT((#14974,#14975,#14976)) 
REPRESENTATION_CONTEXT('Context #1',
  '3D Context with UNIT and UNCERTAINTY') );
#14974 = ( LENGTH_UNIT() NAMED_UNIT(*) SI_UNIT(.MILLI.,.METRE.) );
#14975 = ( NAMED_UNIT(*) PLANE_ANGLE_UNIT() SI_UNIT($,.RADIAN.) );
#14976 = ( NAMED_UNIT(*) SI_UNIT($,.STERADIAN.) SOLID_ANGLE_UNIT() );
#14977 = UNCERTAINTY_MEASURE_WITH_UNIT(LENGTH_MEASURE(1.E-07),#14974,
  'distance_accuracy_value','confusion accuracy');
#14978 = CONTEXT_DEPENDENT_SHAPE_REPRESENTATION(#14979,#14981);
#14979 = ( REPRESENTATION_RELATIONSHIP('','',#14914,#10) 
REPRESENTATION_RELATIONSHIP_WITH_TRANSFORMATION(#14980) 
SHAPE_REPRESENTATION_RELATIONSHIP() );
#14980 = ITEM_DEFINED_TRANSFORMATION('','',#11,#743);
#14981 = PRODUCT_DEFINITION_SHAPE('Placement','Placement of an item',
  #14982);
#14982 = NEXT_ASSEMBLY_USAGE_OCCURRENCE('1947','','',#5,#14909,$);
#14983 = PRODUCT_RELATED_PRODUCT_CATEGORY('part',$,(#14911));
#14984 = SHAPE_DEFINITION_REPRESENTATION(#14985,#14991);
#14985 = PRODUCT_DEFINITION_SHAPE('','',#14986);
#14986 = PRODUCT_DEFINITION('design','',#14987,#14990);
#14987 = PRODUCT_DEFINITION_FORMATION('','',#14988);
#14988 = PRODUCT('Open CASCADE STEP translator 7.9 2.184',
  'Open CASCADE STEP translator 7.9 2.184','',(#14989));
#14989 = PRODUCT_CONTEXT('',#2,'mechanical');
#14990 = PRODUCT_DEFINITION_CONTEXT('part definition',#2,'design');
#14991 = MANIFOLD_SURFACE_SHAPE_REPRESENTATION('',(#11,#14992),#15050);
#14992 = SHELL_BASED_SURFACE_MODEL('',(#14993));
#14993 = OPEN_SHELL('',(#14994));
#14994 = ADVANCED_FACE('',(#14995),#15009,.T.);
#14995 = FACE_BOUND('',#14996,.T.);
#14996 = EDGE_LOOP('',(#14997,#15020,#15036));
#14997 = ORIENTED_EDGE('',*,*,#14998,.T.);
#14998 = EDGE_CURVE('',#14999,#15001,#15003,.T.);
#14999 = VERTEX_POINT('',#15000);
#15000 = CARTESIAN_POINT('',(-2.47214,7.60845,0.83889));
#15001 = VERTEX_POINT('',#15002);
#15002 = CARTESIAN_POINT('',(0.,0.,7.95));
#15003 = SURFACE_CURVE('',#15004,(#15008),.PCURVE_S1.);
#15004 = LINE('',#15005,#15006);
#15005 = CARTESIAN_POINT('',(-2.47214,7.60845,0.83889));
#15006 = VECTOR('',#15007,1.);
#15007 = DIRECTION('',(0.230962587582,-0.710828391388,0.664363816846));
#15008 = PCURVE('',#15009,#15014);
#15009 = PLANE('',#15010);
#15010 = AXIS2_PLACEMENT_3D('',#15011,#15012,#15013);
#15011 = CARTESIAN_POINT('',(-2.47214,7.60845,0.83889));
#15012 = DIRECTION('',(0.303697144434,-0.596040824852,-0.743305710709));
#15013 = DIRECTION('',(0.,-0.780153433491,0.625588219368));
#15014 = DEFINITIONAL_REPRESENTATION('',(#15015),#15019);
#15015 = LINE('',#15016,#15017);
#15016 = CARTESIAN_POINT('',(0.,-0.));
#15017 = VECTOR('',#15018,1.);
#15018 = DIRECTION('',(0.970173387358,-0.242412042735));
#15019 = ( GEOMETRIC_REPRESENTATION_CONTEXT(2) 
PARAMETRIC_REPRESENTATION_CONTEXT() REPRESENTATION_CONTEXT('2D SPACE',''
  ) );
#15020 = ORIENTED_EDGE('',*,*,#15021,.F.);
#15021 = EDGE_CURVE('',#15022,#15001,#15024,.T.);
#15022 = VERTEX_POINT('',#15023);
#15023 = CARTESIAN_POINT('',(-4.70228,6.47214,0.83889));
#15024 = SURFACE_CURVE('',#15025,(#15029),.PCURVE_S1.);
#15025 = LINE('',#15026,#15027);
#15026 = CARTESIAN_POINT('',(-4.70228,6.47214,0.83889));
#15027 = VECTOR('',#15028,1.);
#15028 = DIRECTION('',(0.439315952685,-0.604667172098,0.664363684064));
#15029 = PCURVE('',#15009,#15030);
#15030 = DEFINITIONAL_REPRESENTATION('',(#15031),#15035);
#15031 = LINE('',#15032,#15033);
#15032 = CARTESIAN_POINT('',(0.88649614801,2.340694216523));
#15033 = VECTOR('',#15034,1.);
#15034 = DIRECTION('',(0.887351264558,-0.461094061214));
#15035 = ( GEOMETRIC_REPRESENTATION_CONTEXT(2) 
PARAMETRIC_REPRESENTATION_CONTEXT() REPRESENTATION_CONTEXT('2D SPACE',''
  ) );
#15036 = ORIENTED_EDGE('',*,*,#15037,.F.);
#15037 = EDGE_CURVE('',#14999,#15022,#15038,.T.);
#15038 = SURFACE_CURVE('',#15039,(#15043),.PCURVE_S1.);
#15039 = LINE('',#15040,#15041);
#15040 = CARTESIAN_POINT('',(-2.47214,7.60845,0.83889));
#15041 = VECTOR('',#15042,1.);
#15042 = DIRECTION('',(-0.891007022916,-0.453989520931,0.));
#15043 = PCURVE('',#15009,#15044);
#15044 = DEFINITIONAL_REPRESENTATION('',(#15045),#15049);
#15045 = LINE('',#15046,#15047);
#15046 = CARTESIAN_POINT('',(0.,-0.));
#15047 = VECTOR('',#15048,1.);
#15048 = DIRECTION('',(0.354181483523,0.935176708825));
#15049 = ( GEOMETRIC_REPRESENTATION_CONTEXT(2) 
PARAMETRIC_REPRESENTATION_CONTEXT() REPRESENTATION_CONTEXT('2D SPACE',''
  ) );
#15050 = ( GEOMETRIC_REPRESENTATION_CONTEXT(3) 
GLOBAL_UNCERTAINTY_ASSIGNED_CONTEXT((#15054)) 
GLOBAL_UNIT_ASSIGNED_CONTEXT((#15051,#15052,#15053)) 
REPRESENTATION_CONTEXT('Context #1',
  '3D Context with UNIT and UNCERTAINTY') );
#15051 = ( LENGTH_UNIT() NAMED_UNIT(*) SI_UNIT(.MILLI.,.METRE.) );
#15052 = ( NAMED_UNIT(*) PLANE_ANGLE_UNIT() SI_UNIT($,.RADIAN.) );
#15053 = ( NAMED_UNIT(*) SI_UNIT($,.STERADIAN.) SOLID_ANGLE_UNIT() );
#15054 = UNCERTAINTY_MEASURE_WITH_UNIT(LENGTH_MEASURE(1.E-07),#15051,
  'distance_accuracy_value','confusion accuracy');
#15055 = CONTEXT_DEPENDENT_SHAPE_REPRESENTATION(#15056,#15058);
#15056 = ( REPRESENTATION_RELATIONSHIP('','',#14991,#10) 
REPRESENTATION_RELATIONSHIP_WITH_TRANSFORMATION(#15057) 
SHAPE_REPRESENTATION_RELATIONSHIP() );
#15057 = ITEM_DEFINED_TRANSFORMATION('','',#11,#747);
#15058 = PRODUCT_DEFINITION_SHAPE('Placement','Placement of an item',
  #15059);
#15059 = NEXT_ASSEMBLY_USAGE_OCCURRENCE('1948','','',#5,#14986,$);
#15060 = PRODUCT_RELATED_PRODUCT_CATEGORY('part',$,(#14988));
#15061 = SHAPE_DEFINITION_REPRESENTATION(#15062,#15068);
#15062 = PRODUCT_DEFINITION_SHAPE('','',#15063);
#15063 = PRODUCT_DEFINITION('design','',#15064,#15067);
#15064 = PRODUCT_DEFINITION_FORMATION('','',#15065);
#15065 = PRODUCT('Open CASCADE STEP translator 7.9 2.185',
  'Open CASCADE STEP translator 7.9 2.185','',(#15066));
#15066 = PRODUCT_CONTEXT('',#2,'mechanical');
#15067 = PRODUCT_DEFINITION_CONTEXT('part definition',#2,'design');
#15068 = MANIFOLD_SURFACE_SHAPE_REPRESENTATION('',(#11,#15069),#15127);
#15069 = SHELL_BASED_SURFACE_MODEL('',(#15070));
#15070 = OPEN_SHELL('',(#15071));
#15071 = ADVANCED_FACE('',(#15072),#15086,.T.);
#15072 = FACE_BOUND('',#15073,.T.);
#15073 = EDGE_LOOP('',(#15074,#15097,#15113));
#15074 = ORIENTED_EDGE('',*,*,#15075,.F.);
#15075 = EDGE_CURVE('',#15076,#15078,#15080,.T.);
#15076 = VERTEX_POINT('',#15077);
#15077 = CARTESIAN_POINT('',(-2.47214,7.60845,0.83889));
#15078 = VERTEX_POINT('',#15079);
#15079 = CARTESIAN_POINT('',(0.,0.,7.95));
#15080 = SURFACE_CURVE('',#15081,(#15085),.PCURVE_S1.);
#15081 = LINE('',#15082,#15083);
#15082 = CARTESIAN_POINT('',(-2.47214,7.60845,0.83889));
#15083 = VECTOR('',#15084,1.);
#15084 = DIRECTION('',(0.230962587582,-0.710828391388,0.664363816846));
#15085 = PCURVE('',#15086,#15091);
#15086 = PLANE('',#15087);
#15087 = AXIS2_PLACEMENT_3D('',#15088,#15089,#15090);
#15088 = CARTESIAN_POINT('',(0.,0.,7.95));
#15089 = DIRECTION('',(0.104647533189,-0.6607160074,-0.743305624466));
#15090 = DIRECTION('',(-6.938893903907E-18,-0.747409370229,
    0.664363780841));
#15091 = DEFINITIONAL_REPRESENTATION('',(#15092),#15096);
#15092 = LINE('',#15093,#15094);
#15093 = CARTESIAN_POINT('',(-10.41099074849,2.48578853664));
#15094 = VECTOR('',#15095,1.);
#15095 = DIRECTION('',(0.972659057562,-0.232237718173));
#15096 = ( GEOMETRIC_REPRESENTATION_CONTEXT(2) 
PARAMETRIC_REPRESENTATION_CONTEXT() REPRESENTATION_CONTEXT('2D SPACE',''
  ) );
#15097 = ORIENTED_EDGE('',*,*,#15098,.F.);
#15098 = EDGE_CURVE('',#15099,#15076,#15101,.T.);
#15099 = VERTEX_POINT('',#15100);
#15100 = CARTESIAN_POINT('',(0.,8.,0.83889));
#15101 = SURFACE_CURVE('',#15102,(#15106),.PCURVE_S1.);
#15102 = LINE('',#15103,#15104);
#15103 = CARTESIAN_POINT('',(0.,8.,0.83889));
#15104 = VECTOR('',#15105,1.);
#15105 = DIRECTION('',(-0.987688248635,-0.15643504565,0.));
#15106 = PCURVE('',#15086,#15107);
#15107 = DEFINITIONAL_REPRESENTATION('',(#15108),#15112);
#15108 = LINE('',#15109,#15110);
#15109 = CARTESIAN_POINT('',(-10.70363888741,0.));
#15110 = VECTOR('',#15111,1.);
#15111 = DIRECTION('',(0.116921018951,0.993141216206));
#15112 = ( GEOMETRIC_REPRESENTATION_CONTEXT(2) 
PARAMETRIC_REPRESENTATION_CONTEXT() REPRESENTATION_CONTEXT('2D SPACE',''
  ) );
#15113 = ORIENTED_EDGE('',*,*,#15114,.F.);
#15114 = EDGE_CURVE('',#15078,#15099,#15115,.T.);
#15115 = SURFACE_CURVE('',#15116,(#15120),.PCURVE_S1.);
#15116 = LINE('',#15117,#15118);
#15117 = CARTESIAN_POINT('',(0.,0.,7.95));
#15118 = VECTOR('',#15119,1.);
#15119 = DIRECTION('',(0.,0.747409370229,-0.664363780841));
#15120 = PCURVE('',#15086,#15121);
#15121 = DEFINITIONAL_REPRESENTATION('',(#15122),#15126);
#15122 = LINE('',#15123,#15124);
#15123 = CARTESIAN_POINT('',(0.,-0.));
#15124 = VECTOR('',#15125,1.);
#15125 = DIRECTION('',(-1.,0.));
#15126 = ( GEOMETRIC_REPRESENTATION_CONTEXT(2) 
PARAMETRIC_REPRESENTATION_CONTEXT() REPRESENTATION_CONTEXT('2D SPACE',''
  ) );
#15127 = ( GEOMETRIC_REPRESENTATION_CONTEXT(3) 
GLOBAL_UNCERTAINTY_ASSIGNED_CONTEXT((#15131)) 
GLOBAL_UNIT_ASSIGNED_CONTEXT((#15128,#15129,#15130)) 
REPRESENTATION_CONTEXT('Context #1',
  '3D Context with UNIT and UNCERTAINTY') );
#15128 = ( LENGTH_UNIT() NAMED_UNIT(*) SI_UNIT(.MILLI.,.METRE.) );
#15129 = ( NAMED_UNIT(*) PLANE_ANGLE_UNIT() SI_UNIT($,.RADIAN.) );
#15130 = ( NAMED_UNIT(*) SI_UNIT($,.STERADIAN.) SOLID_ANGLE_UNIT() );
#15131 = UNCERTAINTY_MEASURE_WITH_UNIT(LENGTH_MEASURE(1.E-07),#15128,
  'distance_accuracy_value','confusion accuracy');
#15132 = CONTEXT_DEPENDENT_SHAPE_REPRESENTATION(#15133,#15135);
#15133 = ( REPRESENTATION_RELATIONSHIP('','',#15068,#10) 
REPRESENTATION_RELATIONSHIP_WITH_TRANSFORMATION(#15134) 
SHAPE_REPRESENTATION_RELATIONSHIP() );
#15134 = ITEM_DEFINED_TRANSFORMATION('','',#11,#751);
#15135 = PRODUCT_DEFINITION_SHAPE('Placement','Placement of an item',
  #15136);
#15136 = NEXT_ASSEMBLY_USAGE_OCCURRENCE('1949','','',#5,#15063,$);
#15137 = PRODUCT_RELATED_PRODUCT_CATEGORY('part',$,(#15065));
#15138 = SHAPE_DEFINITION_REPRESENTATION(#15139,#15145);
#15139 = PRODUCT_DEFINITION_SHAPE('','',#15140);
#15140 = PRODUCT_DEFINITION('design','',#15141,#15144);
#15141 = PRODUCT_DEFINITION_FORMATION('','',#15142);
#15142 = PRODUCT('Open CASCADE STEP translator 7.9 2.186',
  'Open CASCADE STEP translator 7.9 2.186','',(#15143));
#15143 = PRODUCT_CONTEXT('',#2,'mechanical');
#15144 = PRODUCT_DEFINITION_CONTEXT('part definition',#2,'design');
#15145 = MANIFOLD_SURFACE_SHAPE_REPRESENTATION('',(#11,#15146),#15204);
#15146 = SHELL_BASED_SURFACE_MODEL('',(#15147));
#15147 = OPEN_SHELL('',(#15148));
#15148 = ADVANCED_FACE('',(#15149),#15163,.T.);
#15149 = FACE_BOUND('',#15150,.T.);
#15150 = EDGE_LOOP('',(#15151,#15174,#15190));
#15151 = ORIENTED_EDGE('',*,*,#15152,.T.);
#15152 = EDGE_CURVE('',#15153,#15155,#15157,.T.);
#15153 = VERTEX_POINT('',#15154);
#15154 = CARTESIAN_POINT('',(0.,0.,7.95));
#15155 = VERTEX_POINT('',#15156);
#15156 = CARTESIAN_POINT('',(-6.47214,-4.70228,0.83889));
#15157 = SURFACE_CURVE('',#15158,(#15162),.PCURVE_S1.);
#15158 = LINE('',#15159,#15160);
#15159 = CARTESIAN_POINT('',(0.,0.,7.95));
#15160 = VECTOR('',#15161,1.);
#15161 = DIRECTION('',(-0.604667172098,-0.439315952685,-0.664363684064)
  );
#15162 = PCURVE('',#15163,#15168);
#15163 = PLANE('',#15164);
#15164 = AXIS2_PLACEMENT_3D('',#15165,#15166,#15167);
#15165 = CARTESIAN_POINT('',(0.,0.,7.95));
#15166 = DIRECTION('',(0.596040824852,0.303697144434,-0.743305710709));
#15167 = DIRECTION('',(-0.780153433491,2.775557561563E-17,
    -0.625588219368));
#15168 = DEFINITIONAL_REPRESENTATION('',(#15169),#15173);
#15169 = LINE('',#15170,#15171);
#15170 = CARTESIAN_POINT('',(0.,0.));
#15171 = VECTOR('',#15172,1.);
#15172 = DIRECTION('',(0.887351264558,-0.461094061214));
#15173 = ( GEOMETRIC_REPRESENTATION_CONTEXT(2) 
PARAMETRIC_REPRESENTATION_CONTEXT() REPRESENTATION_CONTEXT('2D SPACE',''
  ) );
#15174 = ORIENTED_EDGE('',*,*,#15175,.F.);
#15175 = EDGE_CURVE('',#15176,#15155,#15178,.T.);
#15176 = VERTEX_POINT('',#15177);
#15177 = CARTESIAN_POINT('',(-7.60845,-2.47214,0.83889));
#15178 = SURFACE_CURVE('',#15179,(#15183),.PCURVE_S1.);
#15179 = LINE('',#15180,#15181);
#15180 = CARTESIAN_POINT('',(-7.60845,-2.47214,0.83889));
#15181 = VECTOR('',#15182,1.);
#15182 = DIRECTION('',(0.453989520931,-0.891007022916,0.));
#15183 = PCURVE('',#15163,#15184);
#15184 = DEFINITIONAL_REPRESENTATION('',(#15185),#15189);
#15185 = LINE('',#15186,#15187);
#15186 = CARTESIAN_POINT('',(10.384385033676,-2.59469082678));
#15187 = VECTOR('',#15188,1.);
#15188 = DIRECTION('',(-0.354181483523,-0.935176708825));
#15189 = ( GEOMETRIC_REPRESENTATION_CONTEXT(2) 
PARAMETRIC_REPRESENTATION_CONTEXT() REPRESENTATION_CONTEXT('2D SPACE',''
  ) );
#15190 = ORIENTED_EDGE('',*,*,#15191,.T.);
#15191 = EDGE_CURVE('',#15176,#15153,#15192,.T.);
#15192 = SURFACE_CURVE('',#15193,(#15197),.PCURVE_S1.);
#15193 = LINE('',#15194,#15195);
#15194 = CARTESIAN_POINT('',(-7.60845,-2.47214,0.83889));
#15195 = VECTOR('',#15196,1.);
#15196 = DIRECTION('',(0.710828391388,0.230962587582,0.664363816846));
#15197 = PCURVE('',#15163,#15198);
#15198 = DEFINITIONAL_REPRESENTATION('',(#15199),#15203);
#15199 = LINE('',#15200,#15201);
#15200 = CARTESIAN_POINT('',(10.384385033676,-2.59469082678));
#15201 = VECTOR('',#15202,1.);
#15202 = DIRECTION('',(-0.970173387358,0.242412042735));
#15203 = ( GEOMETRIC_REPRESENTATION_CONTEXT(2) 
PARAMETRIC_REPRESENTATION_CONTEXT() REPRESENTATION_CONTEXT('2D SPACE',''
  ) );
#15204 = ( GEOMETRIC_REPRESENTATION_CONTEXT(3) 
GLOBAL_UNCERTAINTY_ASSIGNED_CONTEXT((#15208)) 
GLOBAL_UNIT_ASSIGNED_CONTEXT((#15205,#15206,#15207)) 
REPRESENTATION_CONTEXT('Context #1',
  '3D Context with UNIT and UNCERTAINTY') );
#15205 = ( LENGTH_UNIT() NAMED_UNIT(*) SI_UNIT(.MILLI.,.METRE.) );
#15206 = ( NAMED_UNIT(*) PLANE_ANGLE_UNIT() SI_UNIT($,.RADIAN.) );
#15207 = ( NAMED_UNIT(*) SI_UNIT($,.STERADIAN.) SOLID_ANGLE_UNIT() );
#15208 = UNCERTAINTY_MEASURE_WITH_UNIT(LENGTH_MEASURE(1.E-07),#15205,
  'distance_accuracy_value','confusion accuracy');
#15209 = CONTEXT_DEPENDENT_SHAPE_REPRESENTATION(#15210,#15212);
#15210 = ( REPRESENTATION_RELATIONSHIP('','',#15145,#10) 
REPRESENTATION_RELATIONSHIP_WITH_TRANSFORMATION(#15211) 
SHAPE_REPRESENTATION_RELATIONSHIP() );
#15211 = ITEM_DEFINED_TRANSFORMATION('','',#11,#755);
#15212 = PRODUCT_DEFINITION_SHAPE('Placement','Placement of an item',
  #15213);
#15213 = NEXT_ASSEMBLY_USAGE_OCCURRENCE('1950','','',#5,#15140,$);
#15214 = PRODUCT_RELATED_PRODUCT_CATEGORY('part',$,(#15142));
#15215 = SHAPE_DEFINITION_REPRESENTATION(#15216,#15222);
#15216 = PRODUCT_DEFINITION_SHAPE('','',#15217);
#15217 = PRODUCT_DEFINITION('design','',#15218,#15221);
#15218 = PRODUCT_DEFINITION_FORMATION('','',#15219);
#15219 = PRODUCT('Open CASCADE STEP translator 7.9 2.187',
  'Open CASCADE STEP translator 7.9 2.187','',(#15220));
#15220 = PRODUCT_CONTEXT('',#2,'mechanical');
#15221 = PRODUCT_DEFINITION_CONTEXT('part definition',#2,'design');
#15222 = MANIFOLD_SURFACE_SHAPE_REPRESENTATION('',(#11,#15223),#15281);
#15223 = SHELL_BASED_SURFACE_MODEL('',(#15224));
#15224 = OPEN_SHELL('',(#15225));
#15225 = ADVANCED_FACE('',(#15226),#15240,.T.);
#15226 = FACE_BOUND('',#15227,.T.);
#15227 = EDGE_LOOP('',(#15228,#15251,#15267));
#15228 = ORIENTED_EDGE('',*,*,#15229,.F.);
#15229 = EDGE_CURVE('',#15230,#15232,#15234,.T.);
#15230 = VERTEX_POINT('',#15231);
#15231 = CARTESIAN_POINT('',(2.47214,-7.60845,0.83889));
#15232 = VERTEX_POINT('',#15233);
#15233 = CARTESIAN_POINT('',(4.70228,-6.47214,0.83889));
#15234 = SURFACE_CURVE('',#15235,(#15239),.PCURVE_S1.);
#15235 = LINE('',#15236,#15237);
#15236 = CARTESIAN_POINT('',(2.47214,-7.60845,0.83889));
#15237 = VECTOR('',#15238,1.);
#15238 = DIRECTION('',(0.891007022916,0.453989520931,0.));
#15239 = PCURVE('',#15240,#15245);
#15240 = PLANE('',#15241);
#15241 = AXIS2_PLACEMENT_3D('',#15242,#15243,#15244);
#15242 = CARTESIAN_POINT('',(4.70228,-6.47214,0.83889));
#15243 = DIRECTION('',(-0.303697144434,0.596040824852,-0.743305710709));
#15244 = DIRECTION('',(-2.775557561563E-17,-0.780153433491,
    -0.625588219368));
#15245 = DEFINITIONAL_REPRESENTATION('',(#15246),#15250);
#15246 = LINE('',#15247,#15248);
#15247 = CARTESIAN_POINT('',(0.88649614801,2.340694216523));
#15248 = VECTOR('',#15249,1.);
#15249 = DIRECTION('',(-0.354181483523,-0.935176708825));
#15250 = ( GEOMETRIC_REPRESENTATION_CONTEXT(2) 
PARAMETRIC_REPRESENTATION_CONTEXT() REPRESENTATION_CONTEXT('2D SPACE',''
  ) );
#15251 = ORIENTED_EDGE('',*,*,#15252,.F.);
#15252 = EDGE_CURVE('',#15253,#15230,#15255,.T.);
#15253 = VERTEX_POINT('',#15254);
#15254 = CARTESIAN_POINT('',(0.,0.,7.95));
#15255 = SURFACE_CURVE('',#15256,(#15260),.PCURVE_S1.);
#15256 = LINE('',#15257,#15258);
#15257 = CARTESIAN_POINT('',(0.,0.,7.95));
#15258 = VECTOR('',#15259,1.);
#15259 = DIRECTION('',(0.230962587582,-0.710828391388,-0.664363816846));
#15260 = PCURVE('',#15240,#15261);
#15261 = DEFINITIONAL_REPRESENTATION('',(#15262),#15266);
#15262 = LINE('',#15263,#15264);
#15263 = CARTESIAN_POINT('',(-9.497888885665,4.935385043303));
#15264 = VECTOR('',#15265,1.);
#15265 = DIRECTION('',(0.970173387358,-0.242412042735));
#15266 = ( GEOMETRIC_REPRESENTATION_CONTEXT(2) 
PARAMETRIC_REPRESENTATION_CONTEXT() REPRESENTATION_CONTEXT('2D SPACE',''
  ) );
#15267 = ORIENTED_EDGE('',*,*,#15268,.F.);
#15268 = EDGE_CURVE('',#15232,#15253,#15269,.T.);
#15269 = SURFACE_CURVE('',#15270,(#15274),.PCURVE_S1.);
#15270 = LINE('',#15271,#15272);
#15271 = CARTESIAN_POINT('',(4.70228,-6.47214,0.83889));
#15272 = VECTOR('',#15273,1.);
#15273 = DIRECTION('',(-0.439315952685,0.604667172098,0.664363684064));
#15274 = PCURVE('',#15240,#15275);
#15275 = DEFINITIONAL_REPRESENTATION('',(#15276),#15280);
#15276 = LINE('',#15277,#15278);
#15277 = CARTESIAN_POINT('',(-0.,0.));
#15278 = VECTOR('',#15279,1.);
#15279 = DIRECTION('',(-0.887351264558,0.461094061214));
#15280 = ( GEOMETRIC_REPRESENTATION_CONTEXT(2) 
PARAMETRIC_REPRESENTATION_CONTEXT() REPRESENTATION_CONTEXT('2D SPACE',''
  ) );
#15281 = ( GEOMETRIC_REPRESENTATION_CONTEXT(3) 
GLOBAL_UNCERTAINTY_ASSIGNED_CONTEXT((#15285)) 
GLOBAL_UNIT_ASSIGNED_CONTEXT((#15282,#15283,#15284)) 
REPRESENTATION_CONTEXT('Context #1',
  '3D Context with UNIT and UNCERTAINTY') );
#15282 = ( LENGTH_UNIT() NAMED_UNIT(*) SI_UNIT(.MILLI.,.METRE.) );
#15283 = ( NAMED_UNIT(*) PLANE_ANGLE_UNIT() SI_UNIT($,.RADIAN.) );
#15284 = ( NAMED_UNIT(*) SI_UNIT($,.STERADIAN.) SOLID_ANGLE_UNIT() );
#15285 = UNCERTAINTY_MEASURE_WITH_UNIT(LENGTH_MEASURE(1.E-07),#15282,
  'distance_accuracy_value','confusion accuracy');
#15286 = CONTEXT_DEPENDENT_SHAPE_REPRESENTATION(#15287,#15289);
#15287 = ( REPRESENTATION_RELATIONSHIP('','',#15222,#10) 
REPRESENTATION_RELATIONSHIP_WITH_TRANSFORMATION(#15288) 
SHAPE_REPRESENTATION_RELATIONSHIP() );
#15288 = ITEM_DEFINED_TRANSFORMATION('','',#11,#759);
#15289 = PRODUCT_DEFINITION_SHAPE('Placement','Placement of an item',
  #15290);
#15290 = NEXT_ASSEMBLY_USAGE_OCCURRENCE('1951','','',#5,#15217,$);
#15291 = PRODUCT_RELATED_PRODUCT_CATEGORY('part',$,(#15219));
#15292 = SHAPE_DEFINITION_REPRESENTATION(#15293,#15299);
#15293 = PRODUCT_DEFINITION_SHAPE('','',#15294);
#15294 = PRODUCT_DEFINITION('design','',#15295,#15298);
#15295 = PRODUCT_DEFINITION_FORMATION('','',#15296);
#15296 = PRODUCT('Open CASCADE STEP translator 7.9 2.188',
  'Open CASCADE STEP translator 7.9 2.188','',(#15297));
#15297 = PRODUCT_CONTEXT('',#2,'mechanical');
#15298 = PRODUCT_DEFINITION_CONTEXT('part definition',#2,'design');
#15299 = MANIFOLD_SURFACE_SHAPE_REPRESENTATION('',(#11,#15300),#15358);
#15300 = SHELL_BASED_SURFACE_MODEL('',(#15301));
#15301 = OPEN_SHELL('',(#15302));
#15302 = ADVANCED_FACE('',(#15303),#15317,.T.);
#15303 = FACE_BOUND('',#15304,.T.);
#15304 = EDGE_LOOP('',(#15305,#15328,#15344));
#15305 = ORIENTED_EDGE('',*,*,#15306,.F.);
#15306 = EDGE_CURVE('',#15307,#15309,#15311,.T.);
#15307 = VERTEX_POINT('',#15308);
#15308 = CARTESIAN_POINT('',(4.70228,6.47214,0.83889));
#15309 = VERTEX_POINT('',#15310);
#15310 = CARTESIAN_POINT('',(2.47214,7.60845,0.83889));
#15311 = SURFACE_CURVE('',#15312,(#15316),.PCURVE_S1.);
#15312 = LINE('',#15313,#15314);
#15313 = CARTESIAN_POINT('',(4.70228,6.47214,0.83889));
#15314 = VECTOR('',#15315,1.);
#15315 = DIRECTION('',(-0.891007022916,0.453989520931,0.));
#15316 = PCURVE('',#15317,#15322);
#15317 = PLANE('',#15318);
#15318 = AXIS2_PLACEMENT_3D('',#15319,#15320,#15321);
#15319 = CARTESIAN_POINT('',(2.47214,7.60845,0.83889));
#15320 = DIRECTION('',(-0.303697144434,-0.596040824852,-0.743305710709)
  );
#15321 = DIRECTION('',(2.775557561563E-17,-0.780153433491,0.625588219368
    ));
#15322 = DEFINITIONAL_REPRESENTATION('',(#15323),#15327);
#15323 = LINE('',#15324,#15325);
#15324 = CARTESIAN_POINT('',(0.88649614801,-2.340694216523));
#15325 = VECTOR('',#15326,1.);
#15326 = DIRECTION('',(-0.354181483523,0.935176708825));
#15327 = ( GEOMETRIC_REPRESENTATION_CONTEXT(2) 
PARAMETRIC_REPRESENTATION_CONTEXT() REPRESENTATION_CONTEXT('2D SPACE',''
  ) );
#15328 = ORIENTED_EDGE('',*,*,#15329,.T.);
#15329 = EDGE_CURVE('',#15307,#15330,#15332,.T.);
#15330 = VERTEX_POINT('',#15331);
#15331 = CARTESIAN_POINT('',(0.,0.,7.95));
#15332 = SURFACE_CURVE('',#15333,(#15337),.PCURVE_S1.);
#15333 = LINE('',#15334,#15335);
#15334 = CARTESIAN_POINT('',(4.70228,6.47214,0.83889));
#15335 = VECTOR('',#15336,1.);
#15336 = DIRECTION('',(-0.439315952685,-0.604667172098,0.664363684064));
#15337 = PCURVE('',#15317,#15338);
#15338 = DEFINITIONAL_REPRESENTATION('',(#15339),#15343);
#15339 = LINE('',#15340,#15341);
#15340 = CARTESIAN_POINT('',(0.88649614801,-2.340694216523));
#15341 = VECTOR('',#15342,1.);
#15342 = DIRECTION('',(0.887351264558,0.461094061214));
#15343 = ( GEOMETRIC_REPRESENTATION_CONTEXT(2) 
PARAMETRIC_REPRESENTATION_CONTEXT() REPRESENTATION_CONTEXT('2D SPACE',''
  ) );
#15344 = ORIENTED_EDGE('',*,*,#15345,.F.);
#15345 = EDGE_CURVE('',#15309,#15330,#15346,.T.);
#15346 = SURFACE_CURVE('',#15347,(#15351),.PCURVE_S1.);
#15347 = LINE('',#15348,#15349);
#15348 = CARTESIAN_POINT('',(2.47214,7.60845,0.83889));
#15349 = VECTOR('',#15350,1.);
#15350 = DIRECTION('',(-0.230962587582,-0.710828391388,0.664363816846));
#15351 = PCURVE('',#15317,#15352);
#15352 = DEFINITIONAL_REPRESENTATION('',(#15353),#15357);
#15353 = LINE('',#15354,#15355);
#15354 = CARTESIAN_POINT('',(0.,0.));
#15355 = VECTOR('',#15356,1.);
#15356 = DIRECTION('',(0.970173387358,0.242412042735));
#15357 = ( GEOMETRIC_REPRESENTATION_CONTEXT(2) 
PARAMETRIC_REPRESENTATION_CONTEXT() REPRESENTATION_CONTEXT('2D SPACE',''
  ) );
#15358 = ( GEOMETRIC_REPRESENTATION_CONTEXT(3) 
GLOBAL_UNCERTAINTY_ASSIGNED_CONTEXT((#15362)) 
GLOBAL_UNIT_ASSIGNED_CONTEXT((#15359,#15360,#15361)) 
REPRESENTATION_CONTEXT('Context #1',
  '3D Context with UNIT and UNCERTAINTY') );
#15359 = ( LENGTH_UNIT() NAMED_UNIT(*) SI_UNIT(.MILLI.,.METRE.) );
#15360 = ( NAMED_UNIT(*) PLANE_ANGLE_UNIT() SI_UNIT($,.RADIAN.) );
#15361 = ( NAMED_UNIT(*) SI_UNIT($,.STERADIAN.) SOLID_ANGLE_UNIT() );
#15362 = UNCERTAINTY_MEASURE_WITH_UNIT(LENGTH_MEASURE(1.E-07),#15359,
  'distance_accuracy_value','confusion accuracy');
#15363 = CONTEXT_DEPENDENT_SHAPE_REPRESENTATION(#15364,#15366);
#15364 = ( REPRESENTATION_RELATIONSHIP('','',#15299,#10) 
REPRESENTATION_RELATIONSHIP_WITH_TRANSFORMATION(#15365) 
SHAPE_REPRESENTATION_RELATIONSHIP() );
#15365 = ITEM_DEFINED_TRANSFORMATION('','',#11,#763);
#15366 = PRODUCT_DEFINITION_SHAPE('Placement','Placement of an item',
  #15367);
#15367 = NEXT_ASSEMBLY_USAGE_OCCURRENCE('1952','','',#5,#15294,$);
#15368 = PRODUCT_RELATED_PRODUCT_CATEGORY('part',$,(#15296));
#15369 = SHAPE_DEFINITION_REPRESENTATION(#15370,#15376);
#15370 = PRODUCT_DEFINITION_SHAPE('','',#15371);
#15371 = PRODUCT_DEFINITION('design','',#15372,#15375);
#15372 = PRODUCT_DEFINITION_FORMATION('','',#15373);
#15373 = PRODUCT('Open CASCADE STEP translator 7.9 2.189',
  'Open CASCADE STEP translator 7.9 2.189','',(#15374));
#15374 = PRODUCT_CONTEXT('',#2,'mechanical');
#15375 = PRODUCT_DEFINITION_CONTEXT('part definition',#2,'design');
#15376 = MANIFOLD_SURFACE_SHAPE_REPRESENTATION('',(#11,#15377),#15435);
#15377 = SHELL_BASED_SURFACE_MODEL('',(#15378));
#15378 = OPEN_SHELL('',(#15379));
#15379 = ADVANCED_FACE('',(#15380),#15394,.T.);
#15380 = FACE_BOUND('',#15381,.T.);
#15381 = EDGE_LOOP('',(#15382,#15405,#15421));
#15382 = ORIENTED_EDGE('',*,*,#15383,.T.);
#15383 = EDGE_CURVE('',#15384,#15386,#15388,.T.);
#15384 = VERTEX_POINT('',#15385);
#15385 = CARTESIAN_POINT('',(6.47214,4.70228,0.83889));
#15386 = VERTEX_POINT('',#15387);
#15387 = CARTESIAN_POINT('',(4.70228,6.47214,0.838889));
#15388 = SURFACE_CURVE('',#15389,(#15393),.PCURVE_S1.);
#15389 = LINE('',#15390,#15391);
#15390 = CARTESIAN_POINT('',(6.47214,4.70228,0.83889));
#15391 = VECTOR('',#15392,1.);
#15392 = DIRECTION('',(-0.707106781186,0.707106781186,
    -3.995269576163E-07));
#15393 = PCURVE('',#15394,#15399);
#15394 = PLANE('',#15395);
#15395 = AXIS2_PLACEMENT_3D('',#15396,#15397,#15398);
#15396 = CARTESIAN_POINT('',(6.47214,4.70228,0.83889));
#15397 = DIRECTION('',(-0.707106781187,-0.707106781187,-0.));
#15398 = DIRECTION('',(-0.707106781187,0.707106781187,0.));
#15399 = DEFINITIONAL_REPRESENTATION('',(#15400),#15404);
#15400 = LINE('',#15401,#15402);
#15401 = CARTESIAN_POINT('',(0.,0.));
#15402 = VECTOR('',#15403,1.);
#15403 = DIRECTION('',(1.,3.995269576163E-07));
#15404 = ( GEOMETRIC_REPRESENTATION_CONTEXT(2) 
PARAMETRIC_REPRESENTATION_CONTEXT() REPRESENTATION_CONTEXT('2D SPACE',''
  ) );
#15405 = ORIENTED_EDGE('',*,*,#15406,.F.);
#15406 = EDGE_CURVE('',#15407,#15386,#15409,.T.);
#15407 = VERTEX_POINT('',#15408);
#15408 = CARTESIAN_POINT('',(6.47214,4.70228,0.838889));
#15409 = SURFACE_CURVE('',#15410,(#15414),.PCURVE_S1.);
#15410 = LINE('',#15411,#15412);
#15411 = CARTESIAN_POINT('',(6.47214,4.70228,0.838889));
#15412 = VECTOR('',#15413,1.);
#15413 = DIRECTION('',(-0.707106781187,0.707106781187,0.));
#15414 = PCURVE('',#15394,#15415);
#15415 = DEFINITIONAL_REPRESENTATION('',(#15416),#15420);
#15416 = LINE('',#15417,#15418);
#15417 = CARTESIAN_POINT('',(0.,1.000000000029E-06));
#15418 = VECTOR('',#15419,1.);
#15419 = DIRECTION('',(1.,0.));
#15420 = ( GEOMETRIC_REPRESENTATION_CONTEXT(2) 
PARAMETRIC_REPRESENTATION_CONTEXT() REPRESENTATION_CONTEXT('2D SPACE',''
  ) );
#15421 = ORIENTED_EDGE('',*,*,#15422,.F.);
#15422 = EDGE_CURVE('',#15384,#15407,#15423,.T.);
#15423 = SURFACE_CURVE('',#15424,(#15428),.PCURVE_S1.);
#15424 = LINE('',#15425,#15426);
#15425 = CARTESIAN_POINT('',(6.47214,4.70228,0.83889));
#15426 = VECTOR('',#15427,1.);
#15427 = DIRECTION('',(0.,0.,-1.));
#15428 = PCURVE('',#15394,#15429);
#15429 = DEFINITIONAL_REPRESENTATION('',(#15430),#15434);
#15430 = LINE('',#15431,#15432);
#15431 = CARTESIAN_POINT('',(0.,0.));
#15432 = VECTOR('',#15433,1.);
#15433 = DIRECTION('',(0.,1.));
#15434 = ( GEOMETRIC_REPRESENTATION_CONTEXT(2) 
PARAMETRIC_REPRESENTATION_CONTEXT() REPRESENTATION_CONTEXT('2D SPACE',''
  ) );
#15435 = ( GEOMETRIC_REPRESENTATION_CONTEXT(3) 
GLOBAL_UNCERTAINTY_ASSIGNED_CONTEXT((#15439)) 
GLOBAL_UNIT_ASSIGNED_CONTEXT((#15436,#15437,#15438)) 
REPRESENTATION_CONTEXT('Context #1',
  '3D Context with UNIT and UNCERTAINTY') );
#15436 = ( LENGTH_UNIT() NAMED_UNIT(*) SI_UNIT(.MILLI.,.METRE.) );
#15437 = ( NAMED_UNIT(*) PLANE_ANGLE_UNIT() SI_UNIT($,.RADIAN.) );
#15438 = ( NAMED_UNIT(*) SI_UNIT($,.STERADIAN.) SOLID_ANGLE_UNIT() );
#15439 = UNCERTAINTY_MEASURE_WITH_UNIT(LENGTH_MEASURE(1.E-07),#15436,
  'distance_accuracy_value','confusion accuracy');
#15440 = CONTEXT_DEPENDENT_SHAPE_REPRESENTATION(#15441,#15443);
#15441 = ( REPRESENTATION_RELATIONSHIP('','',#15376,#10) 
REPRESENTATION_RELATIONSHIP_WITH_TRANSFORMATION(#15442) 
SHAPE_REPRESENTATION_RELATIONSHIP() );
#15442 = ITEM_DEFINED_TRANSFORMATION('','',#11,#767);
#15443 = PRODUCT_DEFINITION_SHAPE('Placement','Placement of an item',
  #15444);
#15444 = NEXT_ASSEMBLY_USAGE_OCCURRENCE('1953','','',#5,#15371,$);
#15445 = PRODUCT_RELATED_PRODUCT_CATEGORY('part',$,(#15373));
#15446 = SHAPE_DEFINITION_REPRESENTATION(#15447,#15453);
#15447 = PRODUCT_DEFINITION_SHAPE('','',#15448);
#15448 = PRODUCT_DEFINITION('design','',#15449,#15452);
#15449 = PRODUCT_DEFINITION_FORMATION('','',#15450);
#15450 = PRODUCT('Open CASCADE STEP translator 7.9 2.190',
  'Open CASCADE STEP translator 7.9 2.190','',(#15451));
#15451 = PRODUCT_CONTEXT('',#2,'mechanical');
#15452 = PRODUCT_DEFINITION_CONTEXT('part definition',#2,'design');
#15453 = MANIFOLD_SURFACE_SHAPE_REPRESENTATION('',(#11,#15454),#15512);
#15454 = SHELL_BASED_SURFACE_MODEL('',(#15455));
#15455 = OPEN_SHELL('',(#15456));
#15456 = ADVANCED_FACE('',(#15457),#15471,.T.);
#15457 = FACE_BOUND('',#15458,.T.);
#15458 = EDGE_LOOP('',(#15459,#15482,#15498));
#15459 = ORIENTED_EDGE('',*,*,#15460,.T.);
#15460 = EDGE_CURVE('',#15461,#15463,#15465,.T.);
#15461 = VERTEX_POINT('',#15462);
#15462 = CARTESIAN_POINT('',(6.47214,4.70228,0.83889));
#15463 = VERTEX_POINT('',#15464);
#15464 = CARTESIAN_POINT('',(4.70228,6.47214,0.83889));
#15465 = SURFACE_CURVE('',#15466,(#15470),.PCURVE_S1.);
#15466 = LINE('',#15467,#15468);
#15467 = CARTESIAN_POINT('',(6.47214,4.70228,0.83889));
#15468 = VECTOR('',#15469,1.);
#15469 = DIRECTION('',(-0.707106781187,0.707106781187,0.));
#15470 = PCURVE('',#15471,#15476);
#15471 = PLANE('',#15472);
#15472 = AXIS2_PLACEMENT_3D('',#15473,#15474,#15475);
#15473 = CARTESIAN_POINT('',(6.47214,4.70228,0.83889));
#15474 = DIRECTION('',(-0.707106781187,-0.707106781187,0.));
#15475 = DIRECTION('',(-0.707106781187,0.707106781187,0.));
#15476 = DEFINITIONAL_REPRESENTATION('',(#15477),#15481);
#15477 = LINE('',#15478,#15479);
#15478 = CARTESIAN_POINT('',(0.,0.));
#15479 = VECTOR('',#15480,1.);
#15480 = DIRECTION('',(1.,0.));
#15481 = ( GEOMETRIC_REPRESENTATION_CONTEXT(2) 
PARAMETRIC_REPRESENTATION_CONTEXT() REPRESENTATION_CONTEXT('2D SPACE',''
  ) );
#15482 = ORIENTED_EDGE('',*,*,#15483,.F.);
#15483 = EDGE_CURVE('',#15484,#15463,#15486,.T.);
#15484 = VERTEX_POINT('',#15485);
#15485 = CARTESIAN_POINT('',(4.70228,6.47214,0.838889));
#15486 = SURFACE_CURVE('',#15487,(#15491),.PCURVE_S1.);
#15487 = LINE('',#15488,#15489);
#15488 = CARTESIAN_POINT('',(4.70228,6.47214,0.838889));
#15489 = VECTOR('',#15490,1.);
#15490 = DIRECTION('',(0.,0.,1.));
#15491 = PCURVE('',#15471,#15492);
#15492 = DEFINITIONAL_REPRESENTATION('',(#15493),#15497);
#15493 = LINE('',#15494,#15495);
#15494 = CARTESIAN_POINT('',(2.502960015502,1.000000000029E-06));
#15495 = VECTOR('',#15496,1.);
#15496 = DIRECTION('',(0.,-1.));
#15497 = ( GEOMETRIC_REPRESENTATION_CONTEXT(2) 
PARAMETRIC_REPRESENTATION_CONTEXT() REPRESENTATION_CONTEXT('2D SPACE',''
  ) );
#15498 = ORIENTED_EDGE('',*,*,#15499,.F.);
#15499 = EDGE_CURVE('',#15461,#15484,#15500,.T.);
#15500 = SURFACE_CURVE('',#15501,(#15505),.PCURVE_S1.);
#15501 = LINE('',#15502,#15503);
#15502 = CARTESIAN_POINT('',(6.47214,4.70228,0.83889));
#15503 = VECTOR('',#15504,1.);
#15504 = DIRECTION('',(-0.707106781186,0.707106781186,
    -3.995269576163E-07));
#15505 = PCURVE('',#15471,#15506);
#15506 = DEFINITIONAL_REPRESENTATION('',(#15507),#15511);
#15507 = LINE('',#15508,#15509);
#15508 = CARTESIAN_POINT('',(0.,0.));
#15509 = VECTOR('',#15510,1.);
#15510 = DIRECTION('',(1.,3.995269576163E-07));
#15511 = ( GEOMETRIC_REPRESENTATION_CONTEXT(2) 
PARAMETRIC_REPRESENTATION_CONTEXT() REPRESENTATION_CONTEXT('2D SPACE',''
  ) );
#15512 = ( GEOMETRIC_REPRESENTATION_CONTEXT(3) 
GLOBAL_UNCERTAINTY_ASSIGNED_CONTEXT((#15516)) 
GLOBAL_UNIT_ASSIGNED_CONTEXT((#15513,#15514,#15515)) 
REPRESENTATION_CONTEXT('Context #1',
  '3D Context with UNIT and UNCERTAINTY') );
#15513 = ( LENGTH_UNIT() NAMED_UNIT(*) SI_UNIT(.MILLI.,.METRE.) );
#15514 = ( NAMED_UNIT(*) PLANE_ANGLE_UNIT() SI_UNIT($,.RADIAN.) );
#15515 = ( NAMED_UNIT(*) SI_UNIT($,.STERADIAN.) SOLID_ANGLE_UNIT() );
#15516 = UNCERTAINTY_MEASURE_WITH_UNIT(LENGTH_MEASURE(1.E-07),#15513,
  'distance_accuracy_value','confusion accuracy');
#15517 = CONTEXT_DEPENDENT_SHAPE_REPRESENTATION(#15518,#15520);
#15518 = ( REPRESENTATION_RELATIONSHIP('','',#15453,#10) 
REPRESENTATION_RELATIONSHIP_WITH_TRANSFORMATION(#15519) 
SHAPE_REPRESENTATION_RELATIONSHIP() );
#15519 = ITEM_DEFINED_TRANSFORMATION('','',#11,#771);
#15520 = PRODUCT_DEFINITION_SHAPE('Placement','Placement of an item',
  #15521);
#15521 = NEXT_ASSEMBLY_USAGE_OCCURRENCE('1954','','',#5,#15448,$);
#15522 = PRODUCT_RELATED_PRODUCT_CATEGORY('part',$,(#15450));
#15523 = SHAPE_DEFINITION_REPRESENTATION(#15524,#15530);
#15524 = PRODUCT_DEFINITION_SHAPE('','',#15525);
#15525 = PRODUCT_DEFINITION('design','',#15526,#15529);
#15526 = PRODUCT_DEFINITION_FORMATION('','',#15527);
#15527 = PRODUCT('Open CASCADE STEP translator 7.9 2.191',
  'Open CASCADE STEP translator 7.9 2.191','',(#15528));
#15528 = PRODUCT_CONTEXT('',#2,'mechanical');
#15529 = PRODUCT_DEFINITION_CONTEXT('part definition',#2,'design');
#15530 = MANIFOLD_SURFACE_SHAPE_REPRESENTATION('',(#11,#15531),#15589);
#15531 = SHELL_BASED_SURFACE_MODEL('',(#15532));
#15532 = OPEN_SHELL('',(#15533));
#15533 = ADVANCED_FACE('',(#15534),#15548,.T.);
#15534 = FACE_BOUND('',#15535,.T.);
#15535 = EDGE_LOOP('',(#15536,#15559,#15575));
#15536 = ORIENTED_EDGE('',*,*,#15537,.F.);
#15537 = EDGE_CURVE('',#15538,#15540,#15542,.T.);
#15538 = VERTEX_POINT('',#15539);
#15539 = CARTESIAN_POINT('',(6.47214,4.70228,0.83889));
#15540 = VERTEX_POINT('',#15541);
#15541 = CARTESIAN_POINT('',(4.70228,6.47214,0.83889));
#15542 = SURFACE_CURVE('',#15543,(#15547),.PCURVE_S1.);
#15543 = LINE('',#15544,#15545);
#15544 = CARTESIAN_POINT('',(6.47214,4.70228,0.83889));
#15545 = VECTOR('',#15546,1.);
#15546 = DIRECTION('',(-0.707106781187,0.707106781187,0.));
#15547 = PCURVE('',#15548,#15553);
#15548 = PLANE('',#15549);
#15549 = AXIS2_PLACEMENT_3D('',#15550,#15551,#15552);
#15550 = CARTESIAN_POINT('',(4.70228,6.47214,0.83889));
#15551 = DIRECTION('',(-0.473020408077,-0.473020408077,-0.743305715763)
  );
#15552 = DIRECTION('',(-0.843657539556,0.,0.53688169642));
#15553 = DEFINITIONAL_REPRESENTATION('',(#15554),#15558);
#15554 = LINE('',#15555,#15556);
#15555 = CARTESIAN_POINT('',(-1.493155732958,-2.008804320071));
#15556 = VECTOR('',#15557,1.);
#15557 = DIRECTION('',(0.596555967219,0.802571478421));
#15558 = ( GEOMETRIC_REPRESENTATION_CONTEXT(2) 
PARAMETRIC_REPRESENTATION_CONTEXT() REPRESENTATION_CONTEXT('2D SPACE',''
  ) );
#15559 = ORIENTED_EDGE('',*,*,#15560,.T.);
#15560 = EDGE_CURVE('',#15538,#15561,#15563,.T.);
#15561 = VERTEX_POINT('',#15562);
#15562 = CARTESIAN_POINT('',(0.,0.,7.95));
#15563 = SURFACE_CURVE('',#15564,(#15568),.PCURVE_S1.);
#15564 = LINE('',#15565,#15566);
#15565 = CARTESIAN_POINT('',(6.47214,4.70228,0.83889));
#15566 = VECTOR('',#15567,1.);
#15567 = DIRECTION('',(-0.604667172098,-0.439315952685,0.664363684064));
#15568 = PCURVE('',#15548,#15569);
#15569 = DEFINITIONAL_REPRESENTATION('',(#15570),#15574);
#15570 = LINE('',#15571,#15572);
#15571 = CARTESIAN_POINT('',(-1.493155732958,-2.008804320071));
#15572 = VECTOR('',#15573,1.);
#15573 = DIRECTION('',(0.866816720402,-0.498626887794));
#15574 = ( GEOMETRIC_REPRESENTATION_CONTEXT(2) 
PARAMETRIC_REPRESENTATION_CONTEXT() REPRESENTATION_CONTEXT('2D SPACE',''
  ) );
#15575 = ORIENTED_EDGE('',*,*,#15576,.F.);
#15576 = EDGE_CURVE('',#15540,#15561,#15577,.T.);
#15577 = SURFACE_CURVE('',#15578,(#15582),.PCURVE_S1.);
#15578 = LINE('',#15579,#15580);
#15579 = CARTESIAN_POINT('',(4.70228,6.47214,0.83889));
#15580 = VECTOR('',#15581,1.);
#15581 = DIRECTION('',(-0.439315952685,-0.604667172098,0.664363684064));
#15582 = PCURVE('',#15548,#15583);
#15583 = DEFINITIONAL_REPRESENTATION('',(#15584),#15588);
#15584 = LINE('',#15585,#15586);
#15585 = CARTESIAN_POINT('',(0.,0.));
#15586 = VECTOR('',#15587,1.);
#15587 = DIRECTION('',(0.72731691747,-0.686301756927));
#15588 = ( GEOMETRIC_REPRESENTATION_CONTEXT(2) 
PARAMETRIC_REPRESENTATION_CONTEXT() REPRESENTATION_CONTEXT('2D SPACE',''
  ) );
#15589 = ( GEOMETRIC_REPRESENTATION_CONTEXT(3) 
GLOBAL_UNCERTAINTY_ASSIGNED_CONTEXT((#15593)) 
GLOBAL_UNIT_ASSIGNED_CONTEXT((#15590,#15591,#15592)) 
REPRESENTATION_CONTEXT('Context #1',
  '3D Context with UNIT and UNCERTAINTY') );
#15590 = ( LENGTH_UNIT() NAMED_UNIT(*) SI_UNIT(.MILLI.,.METRE.) );
#15591 = ( NAMED_UNIT(*) PLANE_ANGLE_UNIT() SI_UNIT($,.RADIAN.) );
#15592 = ( NAMED_UNIT(*) SI_UNIT($,.STERADIAN.) SOLID_ANGLE_UNIT() );
#15593 = UNCERTAINTY_MEASURE_WITH_UNIT(LENGTH_MEASURE(1.E-07),#15590,
  'distance_accuracy_value','confusion accuracy');
#15594 = CONTEXT_DEPENDENT_SHAPE_REPRESENTATION(#15595,#15597);
#15595 = ( REPRESENTATION_RELATIONSHIP('','',#15530,#10) 
REPRESENTATION_RELATIONSHIP_WITH_TRANSFORMATION(#15596) 
SHAPE_REPRESENTATION_RELATIONSHIP() );
#15596 = ITEM_DEFINED_TRANSFORMATION('','',#11,#775);
#15597 = PRODUCT_DEFINITION_SHAPE('Placement','Placement of an item',
  #15598);
#15598 = NEXT_ASSEMBLY_USAGE_OCCURRENCE('1955','','',#5,#15525,$);
#15599 = PRODUCT_RELATED_PRODUCT_CATEGORY('part',$,(#15527));
#15600 = SHAPE_DEFINITION_REPRESENTATION(#15601,#15607);
#15601 = PRODUCT_DEFINITION_SHAPE('','',#15602);
#15602 = PRODUCT_DEFINITION('design','',#15603,#15606);
#15603 = PRODUCT_DEFINITION_FORMATION('','',#15604);
#15604 = PRODUCT('Open CASCADE STEP translator 7.9 2.192',
  'Open CASCADE STEP translator 7.9 2.192','',(#15605));
#15605 = PRODUCT_CONTEXT('',#2,'mechanical');
#15606 = PRODUCT_DEFINITION_CONTEXT('part definition',#2,'design');
#15607 = MANIFOLD_SURFACE_SHAPE_REPRESENTATION('',(#11,#15608),#15666);
#15608 = SHELL_BASED_SURFACE_MODEL('',(#15609));
#15609 = OPEN_SHELL('',(#15610));
#15610 = ADVANCED_FACE('',(#15611),#15625,.T.);
#15611 = FACE_BOUND('',#15612,.T.);
#15612 = EDGE_LOOP('',(#15613,#15636,#15652));
#15613 = ORIENTED_EDGE('',*,*,#15614,.F.);
#15614 = EDGE_CURVE('',#15615,#15617,#15619,.T.);
#15615 = VERTEX_POINT('',#15616);
#15616 = CARTESIAN_POINT('',(7.60845,2.47214,0.83889));
#15617 = VERTEX_POINT('',#15618);
#15618 = CARTESIAN_POINT('',(6.47214,4.70228,0.83889));
#15619 = SURFACE_CURVE('',#15620,(#15624),.PCURVE_S1.);
#15620 = LINE('',#15621,#15622);
#15621 = CARTESIAN_POINT('',(7.60845,2.47214,0.83889));
#15622 = VECTOR('',#15623,1.);
#15623 = DIRECTION('',(-0.453989520931,0.891007022916,0.));
#15624 = PCURVE('',#15625,#15630);
#15625 = PLANE('',#15626);
#15626 = AXIS2_PLACEMENT_3D('',#15627,#15628,#15629);
#15627 = CARTESIAN_POINT('',(6.47214,4.70228,0.83889));
#15628 = DIRECTION('',(-0.596040824852,-0.303697144434,-0.743305710709)
  );
#15629 = DIRECTION('',(-0.780153433491,2.775557561563E-17,0.625588219368
    ));
#15630 = DEFINITIONAL_REPRESENTATION('',(#15631),#15635);
#15631 = LINE('',#15632,#15633);
#15632 = CARTESIAN_POINT('',(-0.88649614801,-2.340694216523));
#15633 = VECTOR('',#15634,1.);
#15634 = DIRECTION('',(0.354181483523,0.935176708825));
#15635 = ( GEOMETRIC_REPRESENTATION_CONTEXT(2) 
PARAMETRIC_REPRESENTATION_CONTEXT() REPRESENTATION_CONTEXT('2D SPACE',''
  ) );
#15636 = ORIENTED_EDGE('',*,*,#15637,.F.);
#15637 = EDGE_CURVE('',#15638,#15615,#15640,.T.);
#15638 = VERTEX_POINT('',#15639);
#15639 = CARTESIAN_POINT('',(0.,0.,7.95));
#15640 = SURFACE_CURVE('',#15641,(#15645),.PCURVE_S1.);
#15641 = LINE('',#15642,#15643);
#15642 = CARTESIAN_POINT('',(0.,0.,7.95));
#15643 = VECTOR('',#15644,1.);
#15644 = DIRECTION('',(0.710828391388,0.230962587582,-0.664363816846));
#15645 = PCURVE('',#15625,#15646);
#15646 = DEFINITIONAL_REPRESENTATION('',(#15647),#15651);
#15647 = LINE('',#15648,#15649);
#15648 = CARTESIAN_POINT('',(9.497888885665,-4.935385043303));
#15649 = VECTOR('',#15650,1.);
#15650 = DIRECTION('',(-0.970173387358,0.242412042735));
#15651 = ( GEOMETRIC_REPRESENTATION_CONTEXT(2) 
PARAMETRIC_REPRESENTATION_CONTEXT() REPRESENTATION_CONTEXT('2D SPACE',''
  ) );
#15652 = ORIENTED_EDGE('',*,*,#15653,.F.);
#15653 = EDGE_CURVE('',#15617,#15638,#15654,.T.);
#15654 = SURFACE_CURVE('',#15655,(#15659),.PCURVE_S1.);
#15655 = LINE('',#15656,#15657);
#15656 = CARTESIAN_POINT('',(6.47214,4.70228,0.83889));
#15657 = VECTOR('',#15658,1.);
#15658 = DIRECTION('',(-0.604667172098,-0.439315952685,0.664363684064));
#15659 = PCURVE('',#15625,#15660);
#15660 = DEFINITIONAL_REPRESENTATION('',(#15661),#15665);
#15661 = LINE('',#15662,#15663);
#15662 = CARTESIAN_POINT('',(0.,0.));
#15663 = VECTOR('',#15664,1.);
#15664 = DIRECTION('',(0.887351264558,-0.461094061214));
#15665 = ( GEOMETRIC_REPRESENTATION_CONTEXT(2) 
PARAMETRIC_REPRESENTATION_CONTEXT() REPRESENTATION_CONTEXT('2D SPACE',''
  ) );
#15666 = ( GEOMETRIC_REPRESENTATION_CONTEXT(3) 
GLOBAL_UNCERTAINTY_ASSIGNED_CONTEXT((#15670)) 
GLOBAL_UNIT_ASSIGNED_CONTEXT((#15667,#15668,#15669)) 
REPRESENTATION_CONTEXT('Context #1',
  '3D Context with UNIT and UNCERTAINTY') );
#15667 = ( LENGTH_UNIT() NAMED_UNIT(*) SI_UNIT(.MILLI.,.METRE.) );
#15668 = ( NAMED_UNIT(*) PLANE_ANGLE_UNIT() SI_UNIT($,.RADIAN.) );
#15669 = ( NAMED_UNIT(*) SI_UNIT($,.STERADIAN.) SOLID_ANGLE_UNIT() );
#15670 = UNCERTAINTY_MEASURE_WITH_UNIT(LENGTH_MEASURE(1.E-07),#15667,
  'distance_accuracy_value','confusion accuracy');
#15671 = CONTEXT_DEPENDENT_SHAPE_REPRESENTATION(#15672,#15674);
#15672 = ( REPRESENTATION_RELATIONSHIP('','',#15607,#10) 
REPRESENTATION_RELATIONSHIP_WITH_TRANSFORMATION(#15673) 
SHAPE_REPRESENTATION_RELATIONSHIP() );
#15673 = ITEM_DEFINED_TRANSFORMATION('','',#11,#779);
#15674 = PRODUCT_DEFINITION_SHAPE('Placement','Placement of an item',
  #15675);
#15675 = NEXT_ASSEMBLY_USAGE_OCCURRENCE('1956','','',#5,#15602,$);
#15676 = PRODUCT_RELATED_PRODUCT_CATEGORY('part',$,(#15604));
#15677 = SHAPE_DEFINITION_REPRESENTATION(#15678,#15684);
#15678 = PRODUCT_DEFINITION_SHAPE('','',#15679);
#15679 = PRODUCT_DEFINITION('design','',#15680,#15683);
#15680 = PRODUCT_DEFINITION_FORMATION('','',#15681);
#15681 = PRODUCT('Open CASCADE STEP translator 7.9 2.193',
  'Open CASCADE STEP translator 7.9 2.193','',(#15682));
#15682 = PRODUCT_CONTEXT('',#2,'mechanical');
#15683 = PRODUCT_DEFINITION_CONTEXT('part definition',#2,'design');
#15684 = MANIFOLD_SURFACE_SHAPE_REPRESENTATION('',(#11,#15685),#15743);
#15685 = SHELL_BASED_SURFACE_MODEL('',(#15686));
#15686 = OPEN_SHELL('',(#15687));
#15687 = ADVANCED_FACE('',(#15688),#15702,.T.);
#15688 = FACE_BOUND('',#15689,.T.);
#15689 = EDGE_LOOP('',(#15690,#15713,#15729));
#15690 = ORIENTED_EDGE('',*,*,#15691,.T.);
#15691 = EDGE_CURVE('',#15692,#15694,#15696,.T.);
#15692 = VERTEX_POINT('',#15693);
#15693 = CARTESIAN_POINT('',(-6.47214,-4.70228,0.83889));
#15694 = VERTEX_POINT('',#15695);
#15695 = CARTESIAN_POINT('',(-4.70228,-6.47214,0.83889));
#15696 = SURFACE_CURVE('',#15697,(#15701),.PCURVE_S1.);
#15697 = LINE('',#15698,#15699);
#15698 = CARTESIAN_POINT('',(-6.47214,-4.70228,0.83889));
#15699 = VECTOR('',#15700,1.);
#15700 = DIRECTION('',(0.707106781187,-0.707106781187,0.));
#15701 = PCURVE('',#15702,#15707);
#15702 = PLANE('',#15703);
#15703 = AXIS2_PLACEMENT_3D('',#15704,#15705,#15706);
#15704 = CARTESIAN_POINT('',(-6.47214,-4.70228,0.83889));
#15705 = DIRECTION('',(0.707106781187,0.707106781187,-0.));
#15706 = DIRECTION('',(0.707106781187,-0.707106781187,0.));
#15707 = DEFINITIONAL_REPRESENTATION('',(#15708),#15712);
#15708 = LINE('',#15709,#15710);
#15709 = CARTESIAN_POINT('',(0.,0.));
#15710 = VECTOR('',#15711,1.);
#15711 = DIRECTION('',(1.,0.));
#15712 = ( GEOMETRIC_REPRESENTATION_CONTEXT(2) 
PARAMETRIC_REPRESENTATION_CONTEXT() REPRESENTATION_CONTEXT('2D SPACE',''
  ) );
#15713 = ORIENTED_EDGE('',*,*,#15714,.F.);
#15714 = EDGE_CURVE('',#15715,#15694,#15717,.T.);
#15715 = VERTEX_POINT('',#15716);
#15716 = CARTESIAN_POINT('',(-4.70228,-6.47214,0.838889));
#15717 = SURFACE_CURVE('',#15718,(#15722),.PCURVE_S1.);
#15718 = LINE('',#15719,#15720);
#15719 = CARTESIAN_POINT('',(-4.70228,-6.47214,0.838889));
#15720 = VECTOR('',#15721,1.);
#15721 = DIRECTION('',(0.,0.,1.));
#15722 = PCURVE('',#15702,#15723);
#15723 = DEFINITIONAL_REPRESENTATION('',(#15724),#15728);
#15724 = LINE('',#15725,#15726);
#15725 = CARTESIAN_POINT('',(2.502960015502,1.000000000029E-06));
#15726 = VECTOR('',#15727,1.);
#15727 = DIRECTION('',(0.,-1.));
#15728 = ( GEOMETRIC_REPRESENTATION_CONTEXT(2) 
PARAMETRIC_REPRESENTATION_CONTEXT() REPRESENTATION_CONTEXT('2D SPACE',''
  ) );
#15729 = ORIENTED_EDGE('',*,*,#15730,.T.);
#15730 = EDGE_CURVE('',#15715,#15692,#15731,.T.);
#15731 = SURFACE_CURVE('',#15732,(#15736),.PCURVE_S1.);
#15732 = LINE('',#15733,#15734);
#15733 = CARTESIAN_POINT('',(-4.70228,-6.47214,0.838889));
#15734 = VECTOR('',#15735,1.);
#15735 = DIRECTION('',(-0.707106781186,0.707106781186,3.995269576163E-07
    ));
#15736 = PCURVE('',#15702,#15737);
#15737 = DEFINITIONAL_REPRESENTATION('',(#15738),#15742);
#15738 = LINE('',#15739,#15740);
#15739 = CARTESIAN_POINT('',(2.502960015502,1.000000000029E-06));
#15740 = VECTOR('',#15741,1.);
#15741 = DIRECTION('',(-1.,-3.995269576163E-07));
#15742 = ( GEOMETRIC_REPRESENTATION_CONTEXT(2) 
PARAMETRIC_REPRESENTATION_CONTEXT() REPRESENTATION_CONTEXT('2D SPACE',''
  ) );
#15743 = ( GEOMETRIC_REPRESENTATION_CONTEXT(3) 
GLOBAL_UNCERTAINTY_ASSIGNED_CONTEXT((#15747)) 
GLOBAL_UNIT_ASSIGNED_CONTEXT((#15744,#15745,#15746)) 
REPRESENTATION_CONTEXT('Context #1',
  '3D Context with UNIT and UNCERTAINTY') );
#15744 = ( LENGTH_UNIT() NAMED_UNIT(*) SI_UNIT(.MILLI.,.METRE.) );
#15745 = ( NAMED_UNIT(*) PLANE_ANGLE_UNIT() SI_UNIT($,.RADIAN.) );
#15746 = ( NAMED_UNIT(*) SI_UNIT($,.STERADIAN.) SOLID_ANGLE_UNIT() );
#15747 = UNCERTAINTY_MEASURE_WITH_UNIT(LENGTH_MEASURE(1.E-07),#15744,
  'distance_accuracy_value','confusion accuracy');
#15748 = CONTEXT_DEPENDENT_SHAPE_REPRESENTATION(#15749,#15751);
#15749 = ( REPRESENTATION_RELATIONSHIP('','',#15684,#10) 
REPRESENTATION_RELATIONSHIP_WITH_TRANSFORMATION(#15750) 
SHAPE_REPRESENTATION_RELATIONSHIP() );
#15750 = ITEM_DEFINED_TRANSFORMATION('','',#11,#783);
#15751 = PRODUCT_DEFINITION_SHAPE('Placement','Placement of an item',
  #15752);
#15752 = NEXT_ASSEMBLY_USAGE_OCCURRENCE('1957','','',#5,#15679,$);
#15753 = PRODUCT_RELATED_PRODUCT_CATEGORY('part',$,(#15681));
#15754 = SHAPE_DEFINITION_REPRESENTATION(#15755,#15761);
#15755 = PRODUCT_DEFINITION_SHAPE('','',#15756);
#15756 = PRODUCT_DEFINITION('design','',#15757,#15760);
#15757 = PRODUCT_DEFINITION_FORMATION('','',#15758);
#15758 = PRODUCT('Open CASCADE STEP translator 7.9 2.194',
  'Open CASCADE STEP translator 7.9 2.194','',(#15759));
#15759 = PRODUCT_CONTEXT('',#2,'mechanical');
#15760 = PRODUCT_DEFINITION_CONTEXT('part definition',#2,'design');
#15761 = MANIFOLD_SURFACE_SHAPE_REPRESENTATION('',(#11,#15762),#15820);
#15762 = SHELL_BASED_SURFACE_MODEL('',(#15763));
#15763 = OPEN_SHELL('',(#15764));
#15764 = ADVANCED_FACE('',(#15765),#15779,.T.);
#15765 = FACE_BOUND('',#15766,.T.);
#15766 = EDGE_LOOP('',(#15767,#15790,#15806));
#15767 = ORIENTED_EDGE('',*,*,#15768,.F.);
#15768 = EDGE_CURVE('',#15769,#15771,#15773,.T.);
#15769 = VERTEX_POINT('',#15770);
#15770 = CARTESIAN_POINT('',(-4.70228,-6.47214,0.838889));
#15771 = VERTEX_POINT('',#15772);
#15772 = CARTESIAN_POINT('',(-6.47214,-4.70228,0.83889));
#15773 = SURFACE_CURVE('',#15774,(#15778),.PCURVE_S1.);
#15774 = LINE('',#15775,#15776);
#15775 = CARTESIAN_POINT('',(-4.70228,-6.47214,0.838889));
#15776 = VECTOR('',#15777,1.);
#15777 = DIRECTION('',(-0.707106781186,0.707106781186,3.995269576163E-07
    ));
#15778 = PCURVE('',#15779,#15784);
#15779 = PLANE('',#15780);
#15780 = AXIS2_PLACEMENT_3D('',#15781,#15782,#15783);
#15781 = CARTESIAN_POINT('',(-6.47214,-4.70228,0.83889));
#15782 = DIRECTION('',(0.707106781187,0.707106781187,0.));
#15783 = DIRECTION('',(0.707106781187,-0.707106781187,0.));
#15784 = DEFINITIONAL_REPRESENTATION('',(#15785),#15789);
#15785 = LINE('',#15786,#15787);
#15786 = CARTESIAN_POINT('',(2.502960015502,1.000000000029E-06));
#15787 = VECTOR('',#15788,1.);
#15788 = DIRECTION('',(-1.,-3.995269576163E-07));
#15789 = ( GEOMETRIC_REPRESENTATION_CONTEXT(2) 
PARAMETRIC_REPRESENTATION_CONTEXT() REPRESENTATION_CONTEXT('2D SPACE',''
  ) );
#15790 = ORIENTED_EDGE('',*,*,#15791,.F.);
#15791 = EDGE_CURVE('',#15792,#15769,#15794,.T.);
#15792 = VERTEX_POINT('',#15793);
#15793 = CARTESIAN_POINT('',(-6.47214,-4.70228,0.838889));
#15794 = SURFACE_CURVE('',#15795,(#15799),.PCURVE_S1.);
#15795 = LINE('',#15796,#15797);
#15796 = CARTESIAN_POINT('',(-6.47214,-4.70228,0.838889));
#15797 = VECTOR('',#15798,1.);
#15798 = DIRECTION('',(0.707106781187,-0.707106781187,0.));
#15799 = PCURVE('',#15779,#15800);
#15800 = DEFINITIONAL_REPRESENTATION('',(#15801),#15805);
#15801 = LINE('',#15802,#15803);
#15802 = CARTESIAN_POINT('',(0.,1.000000000029E-06));
#15803 = VECTOR('',#15804,1.);
#15804 = DIRECTION('',(1.,0.));
#15805 = ( GEOMETRIC_REPRESENTATION_CONTEXT(2) 
PARAMETRIC_REPRESENTATION_CONTEXT() REPRESENTATION_CONTEXT('2D SPACE',''
  ) );
#15806 = ORIENTED_EDGE('',*,*,#15807,.F.);
#15807 = EDGE_CURVE('',#15771,#15792,#15808,.T.);
#15808 = SURFACE_CURVE('',#15809,(#15813),.PCURVE_S1.);
#15809 = LINE('',#15810,#15811);
#15810 = CARTESIAN_POINT('',(-6.47214,-4.70228,0.83889));
#15811 = VECTOR('',#15812,1.);
#15812 = DIRECTION('',(0.,0.,-1.));
#15813 = PCURVE('',#15779,#15814);
#15814 = DEFINITIONAL_REPRESENTATION('',(#15815),#15819);
#15815 = LINE('',#15816,#15817);
#15816 = CARTESIAN_POINT('',(0.,0.));
#15817 = VECTOR('',#15818,1.);
#15818 = DIRECTION('',(0.,1.));
#15819 = ( GEOMETRIC_REPRESENTATION_CONTEXT(2) 
PARAMETRIC_REPRESENTATION_CONTEXT() REPRESENTATION_CONTEXT('2D SPACE',''
  ) );
#15820 = ( GEOMETRIC_REPRESENTATION_CONTEXT(3) 
GLOBAL_UNCERTAINTY_ASSIGNED_CONTEXT((#15824)) 
GLOBAL_UNIT_ASSIGNED_CONTEXT((#15821,#15822,#15823)) 
REPRESENTATION_CONTEXT('Context #1',
  '3D Context with UNIT and UNCERTAINTY') );
#15821 = ( LENGTH_UNIT() NAMED_UNIT(*) SI_UNIT(.MILLI.,.METRE.) );
#15822 = ( NAMED_UNIT(*) PLANE_ANGLE_UNIT() SI_UNIT($,.RADIAN.) );
#15823 = ( NAMED_UNIT(*) SI_UNIT($,.STERADIAN.) SOLID_ANGLE_UNIT() );
#15824 = UNCERTAINTY_MEASURE_WITH_UNIT(LENGTH_MEASURE(1.E-07),#15821,
  'distance_accuracy_value','confusion accuracy');
#15825 = CONTEXT_DEPENDENT_SHAPE_REPRESENTATION(#15826,#15828);
#15826 = ( REPRESENTATION_RELATIONSHIP('','',#15761,#10) 
REPRESENTATION_RELATIONSHIP_WITH_TRANSFORMATION(#15827) 
SHAPE_REPRESENTATION_RELATIONSHIP() );
#15827 = ITEM_DEFINED_TRANSFORMATION('','',#11,#787);
#15828 = PRODUCT_DEFINITION_SHAPE('Placement','Placement of an item',
  #15829);
#15829 = NEXT_ASSEMBLY_USAGE_OCCURRENCE('1958','','',#5,#15756,$);
#15830 = PRODUCT_RELATED_PRODUCT_CATEGORY('part',$,(#15758));
#15831 = SHAPE_DEFINITION_REPRESENTATION(#15832,#15838);
#15832 = PRODUCT_DEFINITION_SHAPE('','',#15833);
#15833 = PRODUCT_DEFINITION('design','',#15834,#15837);
#15834 = PRODUCT_DEFINITION_FORMATION('','',#15835);
#15835 = PRODUCT('Open CASCADE STEP translator 7.9 2.195',
  'Open CASCADE STEP translator 7.9 2.195','',(#15836));
#15836 = PRODUCT_CONTEXT('',#2,'mechanical');
#15837 = PRODUCT_DEFINITION_CONTEXT('part definition',#2,'design');
#15838 = MANIFOLD_SURFACE_SHAPE_REPRESENTATION('',(#11,#15839),#15897);
#15839 = SHELL_BASED_SURFACE_MODEL('',(#15840));
#15840 = OPEN_SHELL('',(#15841));
#15841 = ADVANCED_FACE('',(#15842),#15856,.T.);
#15842 = FACE_BOUND('',#15843,.T.);
#15843 = EDGE_LOOP('',(#15844,#15867,#15883));
#15844 = ORIENTED_EDGE('',*,*,#15845,.F.);
#15845 = EDGE_CURVE('',#15846,#15848,#15850,.T.);
#15846 = VERTEX_POINT('',#15847);
#15847 = CARTESIAN_POINT('',(-6.47214,-4.70228,0.83889));
#15848 = VERTEX_POINT('',#15849);
#15849 = CARTESIAN_POINT('',(-4.70228,-6.47214,0.83889));
#15850 = SURFACE_CURVE('',#15851,(#15855),.PCURVE_S1.);
#15851 = LINE('',#15852,#15853);
#15852 = CARTESIAN_POINT('',(-6.47214,-4.70228,0.83889));
#15853 = VECTOR('',#15854,1.);
#15854 = DIRECTION('',(0.707106781187,-0.707106781187,0.));
#15855 = PCURVE('',#15856,#15861);
#15856 = PLANE('',#15857);
#15857 = AXIS2_PLACEMENT_3D('',#15858,#15859,#15860);
#15858 = CARTESIAN_POINT('',(-4.70228,-6.47214,0.83889));
#15859 = DIRECTION('',(0.473020408077,0.473020408077,-0.743305715763));
#15860 = DIRECTION('',(-0.843657539556,0.,-0.53688169642));
#15861 = DEFINITIONAL_REPRESENTATION('',(#15862),#15866);
#15862 = LINE('',#15863,#15864);
#15863 = CARTESIAN_POINT('',(1.493155732958,2.008804320071));
#15864 = VECTOR('',#15865,1.);
#15865 = DIRECTION('',(-0.596555967219,-0.802571478421));
#15866 = ( GEOMETRIC_REPRESENTATION_CONTEXT(2) 
PARAMETRIC_REPRESENTATION_CONTEXT() REPRESENTATION_CONTEXT('2D SPACE',''
  ) );
#15867 = ORIENTED_EDGE('',*,*,#15868,.F.);
#15868 = EDGE_CURVE('',#15869,#15846,#15871,.T.);
#15869 = VERTEX_POINT('',#15870);
#15870 = CARTESIAN_POINT('',(0.,0.,7.95));
#15871 = SURFACE_CURVE('',#15872,(#15876),.PCURVE_S1.);
#15872 = LINE('',#15873,#15874);
#15873 = CARTESIAN_POINT('',(0.,0.,7.95));
#15874 = VECTOR('',#15875,1.);
#15875 = DIRECTION('',(-0.604667172098,-0.439315952685,-0.664363684064)
  );
#15876 = PCURVE('',#15856,#15877);
#15877 = DEFINITIONAL_REPRESENTATION('',(#15878),#15882);
#15878 = LINE('',#15879,#15880);
#15879 = CARTESIAN_POINT('',(-7.784938775331,7.345927244021));
#15880 = VECTOR('',#15881,1.);
#15881 = DIRECTION('',(0.866816720402,-0.498626887794));
#15882 = ( GEOMETRIC_REPRESENTATION_CONTEXT(2) 
PARAMETRIC_REPRESENTATION_CONTEXT() REPRESENTATION_CONTEXT('2D SPACE',''
  ) );
#15883 = ORIENTED_EDGE('',*,*,#15884,.F.);
#15884 = EDGE_CURVE('',#15848,#15869,#15885,.T.);
#15885 = SURFACE_CURVE('',#15886,(#15890),.PCURVE_S1.);
#15886 = LINE('',#15887,#15888);
#15887 = CARTESIAN_POINT('',(-4.70228,-6.47214,0.83889));
#15888 = VECTOR('',#15889,1.);
#15889 = DIRECTION('',(0.439315952685,0.604667172098,0.664363684064));
#15890 = PCURVE('',#15856,#15891);
#15891 = DEFINITIONAL_REPRESENTATION('',(#15892),#15896);
#15892 = LINE('',#15893,#15894);
#15893 = CARTESIAN_POINT('',(0.,0.));
#15894 = VECTOR('',#15895,1.);
#15895 = DIRECTION('',(-0.72731691747,0.686301756927));
#15896 = ( GEOMETRIC_REPRESENTATION_CONTEXT(2) 
PARAMETRIC_REPRESENTATION_CONTEXT() REPRESENTATION_CONTEXT('2D SPACE',''
  ) );
#15897 = ( GEOMETRIC_REPRESENTATION_CONTEXT(3) 
GLOBAL_UNCERTAINTY_ASSIGNED_CONTEXT((#15901)) 
GLOBAL_UNIT_ASSIGNED_CONTEXT((#15898,#15899,#15900)) 
REPRESENTATION_CONTEXT('Context #1',
  '3D Context with UNIT and UNCERTAINTY') );
#15898 = ( LENGTH_UNIT() NAMED_UNIT(*) SI_UNIT(.MILLI.,.METRE.) );
#15899 = ( NAMED_UNIT(*) PLANE_ANGLE_UNIT() SI_UNIT($,.RADIAN.) );
#15900 = ( NAMED_UNIT(*) SI_UNIT($,.STERADIAN.) SOLID_ANGLE_UNIT() );
#15901 = UNCERTAINTY_MEASURE_WITH_UNIT(LENGTH_MEASURE(1.E-07),#15898,
  'distance_accuracy_value','confusion accuracy');
#15902 = CONTEXT_DEPENDENT_SHAPE_REPRESENTATION(#15903,#15905);
#15903 = ( REPRESENTATION_RELATIONSHIP('','',#15838,#10) 
REPRESENTATION_RELATIONSHIP_WITH_TRANSFORMATION(#15904) 
SHAPE_REPRESENTATION_RELATIONSHIP() );
#15904 = ITEM_DEFINED_TRANSFORMATION('','',#11,#791);
#15905 = PRODUCT_DEFINITION_SHAPE('Placement','Placement of an item',
  #15906);
#15906 = NEXT_ASSEMBLY_USAGE_OCCURRENCE('1959','','',#5,#15833,$);
#15907 = PRODUCT_RELATED_PRODUCT_CATEGORY('part',$,(#15835));
#15908 = SHAPE_DEFINITION_REPRESENTATION(#15909,#15915);
#15909 = PRODUCT_DEFINITION_SHAPE('','',#15910);
#15910 = PRODUCT_DEFINITION('design','',#15911,#15914);
#15911 = PRODUCT_DEFINITION_FORMATION('','',#15912);
#15912 = PRODUCT('Open CASCADE STEP translator 7.9 2.196',
  'Open CASCADE STEP translator 7.9 2.196','',(#15913));
#15913 = PRODUCT_CONTEXT('',#2,'mechanical');
#15914 = PRODUCT_DEFINITION_CONTEXT('part definition',#2,'design');
#15915 = MANIFOLD_SURFACE_SHAPE_REPRESENTATION('',(#11,#15916),#15974);
#15916 = SHELL_BASED_SURFACE_MODEL('',(#15917));
#15917 = OPEN_SHELL('',(#15918));
#15918 = ADVANCED_FACE('',(#15919),#15933,.T.);
#15919 = FACE_BOUND('',#15920,.T.);
#15920 = EDGE_LOOP('',(#15921,#15944,#15960));
#15921 = ORIENTED_EDGE('',*,*,#15922,.F.);
#15922 = EDGE_CURVE('',#15923,#15925,#15927,.T.);
#15923 = VERTEX_POINT('',#15924);
#15924 = CARTESIAN_POINT('',(0.,0.,7.95));
#15925 = VERTEX_POINT('',#15926);
#15926 = CARTESIAN_POINT('',(-6.47214,4.70228,0.83889));
#15927 = SURFACE_CURVE('',#15928,(#15932),.PCURVE_S1.);
#15928 = LINE('',#15929,#15930);
#15929 = CARTESIAN_POINT('',(0.,0.,7.95));
#15930 = VECTOR('',#15931,1.);
#15931 = DIRECTION('',(-0.604667172098,0.439315952685,-0.664363684064));
#15932 = PCURVE('',#15933,#15938);
#15933 = PLANE('',#15934);
#15934 = AXIS2_PLACEMENT_3D('',#15935,#15936,#15937);
#15935 = CARTESIAN_POINT('',(-6.47214,4.70228,0.83889));
#15936 = DIRECTION('',(0.596040824852,-0.303697144434,-0.743305710709));
#15937 = DIRECTION('',(-0.780153433491,0.,-0.625588219368));
#15938 = DEFINITIONAL_REPRESENTATION('',(#15939),#15943);
#15939 = LINE('',#15940,#15941);
#15940 = CARTESIAN_POINT('',(-9.497888885665,-4.935385043303));
#15941 = VECTOR('',#15942,1.);
#15942 = DIRECTION('',(0.887351264558,0.461094061214));
#15943 = ( GEOMETRIC_REPRESENTATION_CONTEXT(2) 
PARAMETRIC_REPRESENTATION_CONTEXT() REPRESENTATION_CONTEXT('2D SPACE',''
  ) );
#15944 = ORIENTED_EDGE('',*,*,#15945,.F.);
#15945 = EDGE_CURVE('',#15946,#15923,#15948,.T.);
#15946 = VERTEX_POINT('',#15947);
#15947 = CARTESIAN_POINT('',(-7.60845,2.47214,0.83889));
#15948 = SURFACE_CURVE('',#15949,(#15953),.PCURVE_S1.);
#15949 = LINE('',#15950,#15951);
#15950 = CARTESIAN_POINT('',(-7.60845,2.47214,0.83889));
#15951 = VECTOR('',#15952,1.);
#15952 = DIRECTION('',(0.710828391388,-0.230962587582,0.664363816846));
#15953 = PCURVE('',#15933,#15954);
#15954 = DEFINITIONAL_REPRESENTATION('',(#15955),#15959);
#15955 = LINE('',#15956,#15957);
#15956 = CARTESIAN_POINT('',(0.88649614801,-2.340694216523));
#15957 = VECTOR('',#15958,1.);
#15958 = DIRECTION('',(-0.970173387358,-0.242412042735));
#15959 = ( GEOMETRIC_REPRESENTATION_CONTEXT(2) 
PARAMETRIC_REPRESENTATION_CONTEXT() REPRESENTATION_CONTEXT('2D SPACE',''
  ) );
#15960 = ORIENTED_EDGE('',*,*,#15961,.F.);
#15961 = EDGE_CURVE('',#15925,#15946,#15962,.T.);
#15962 = SURFACE_CURVE('',#15963,(#15967),.PCURVE_S1.);
#15963 = LINE('',#15964,#15965);
#15964 = CARTESIAN_POINT('',(-6.47214,4.70228,0.83889));
#15965 = VECTOR('',#15966,1.);
#15966 = DIRECTION('',(-0.453989520931,-0.891007022916,0.));
#15967 = PCURVE('',#15933,#15968);
#15968 = DEFINITIONAL_REPRESENTATION('',(#15969),#15973);
#15969 = LINE('',#15970,#15971);
#15970 = CARTESIAN_POINT('',(0.,0.));
#15971 = VECTOR('',#15972,1.);
#15972 = DIRECTION('',(0.354181483523,-0.935176708825));
#15973 = ( GEOMETRIC_REPRESENTATION_CONTEXT(2) 
PARAMETRIC_REPRESENTATION_CONTEXT() REPRESENTATION_CONTEXT('2D SPACE',''
  ) );
#15974 = ( GEOMETRIC_REPRESENTATION_CONTEXT(3) 
GLOBAL_UNCERTAINTY_ASSIGNED_CONTEXT((#15978)) 
GLOBAL_UNIT_ASSIGNED_CONTEXT((#15975,#15976,#15977)) 
REPRESENTATION_CONTEXT('Context #1',
  '3D Context with UNIT and UNCERTAINTY') );
#15975 = ( LENGTH_UNIT() NAMED_UNIT(*) SI_UNIT(.MILLI.,.METRE.) );
#15976 = ( NAMED_UNIT(*) PLANE_ANGLE_UNIT() SI_UNIT($,.RADIAN.) );
#15977 = ( NAMED_UNIT(*) SI_UNIT($,.STERADIAN.) SOLID_ANGLE_UNIT() );
#15978 = UNCERTAINTY_MEASURE_WITH_UNIT(LENGTH_MEASURE(1.E-07),#15975,
  'distance_accuracy_value','confusion accuracy');
#15979 = CONTEXT_DEPENDENT_SHAPE_REPRESENTATION(#15980,#15982);
#15980 = ( REPRESENTATION_RELATIONSHIP('','',#15915,#10) 
REPRESENTATION_RELATIONSHIP_WITH_TRANSFORMATION(#15981) 
SHAPE_REPRESENTATION_RELATIONSHIP() );
#15981 = ITEM_DEFINED_TRANSFORMATION('','',#11,#795);
#15982 = PRODUCT_DEFINITION_SHAPE('Placement','Placement of an item',
  #15983);
#15983 = NEXT_ASSEMBLY_USAGE_OCCURRENCE('1960','','',#5,#15910,$);
#15984 = PRODUCT_RELATED_PRODUCT_CATEGORY('part',$,(#15912));
#15985 = SHAPE_DEFINITION_REPRESENTATION(#15986,#15992);
#15986 = PRODUCT_DEFINITION_SHAPE('','',#15987);
#15987 = PRODUCT_DEFINITION('design','',#15988,#15991);
#15988 = PRODUCT_DEFINITION_FORMATION('','',#15989);
#15989 = PRODUCT('Open CASCADE STEP translator 7.9 2.197',
  'Open CASCADE STEP translator 7.9 2.197','',(#15990));
#15990 = PRODUCT_CONTEXT('',#2,'mechanical');
#15991 = PRODUCT_DEFINITION_CONTEXT('part definition',#2,'design');
#15992 = MANIFOLD_SURFACE_SHAPE_REPRESENTATION('',(#11,#15993),#16051);
#15993 = SHELL_BASED_SURFACE_MODEL('',(#15994));
#15994 = OPEN_SHELL('',(#15995));
#15995 = ADVANCED_FACE('',(#15996),#16010,.T.);
#15996 = FACE_BOUND('',#15997,.T.);
#15997 = EDGE_LOOP('',(#15998,#16021,#16037));
#15998 = ORIENTED_EDGE('',*,*,#15999,.F.);
#15999 = EDGE_CURVE('',#16000,#16002,#16004,.T.);
#16000 = VERTEX_POINT('',#16001);
#16001 = CARTESIAN_POINT('',(-7.60845,-2.47214,0.83889));
#16002 = VERTEX_POINT('',#16003);
#16003 = CARTESIAN_POINT('',(0.,0.,7.95));
#16004 = SURFACE_CURVE('',#16005,(#16009),.PCURVE_S1.);
#16005 = LINE('',#16006,#16007);
#16006 = CARTESIAN_POINT('',(-7.60845,-2.47214,0.83889));
#16007 = VECTOR('',#16008,1.);
#16008 = DIRECTION('',(0.710828391388,0.230962587582,0.664363816846));
#16009 = PCURVE('',#16010,#16015);
#16010 = PLANE('',#16011);
#16011 = AXIS2_PLACEMENT_3D('',#16012,#16013,#16014);
#16012 = CARTESIAN_POINT('',(0.,0.,7.95));
#16013 = DIRECTION('',(0.6607160074,0.104647533189,-0.743305624466));
#16014 = DIRECTION('',(-0.747409370229,6.938893903907E-18,
    -0.664363780841));
#16015 = DEFINITIONAL_REPRESENTATION('',(#16016),#16020);
#16016 = LINE('',#16017,#16018);
#16017 = CARTESIAN_POINT('',(10.410990748498,-2.48578853664));
#16018 = VECTOR('',#16019,1.);
#16019 = DIRECTION('',(-0.972659057562,0.232237718173));
#16020 = ( GEOMETRIC_REPRESENTATION_CONTEXT(2) 
PARAMETRIC_REPRESENTATION_CONTEXT() REPRESENTATION_CONTEXT('2D SPACE',''
  ) );
#16021 = ORIENTED_EDGE('',*,*,#16022,.F.);
#16022 = EDGE_CURVE('',#16023,#16000,#16025,.T.);
#16023 = VERTEX_POINT('',#16024);
#16024 = CARTESIAN_POINT('',(-8.,0.,0.83889));
#16025 = SURFACE_CURVE('',#16026,(#16030),.PCURVE_S1.);
#16026 = LINE('',#16027,#16028);
#16027 = CARTESIAN_POINT('',(-8.,0.,0.83889));
#16028 = VECTOR('',#16029,1.);
#16029 = DIRECTION('',(0.15643504565,-0.987688248635,0.));
#16030 = PCURVE('',#16010,#16031);
#16031 = DEFINITIONAL_REPRESENTATION('',(#16032),#16036);
#16032 = LINE('',#16033,#16034);
#16033 = CARTESIAN_POINT('',(10.703638887411,0.));
#16034 = VECTOR('',#16035,1.);
#16035 = DIRECTION('',(-0.116921018951,-0.993141216206));
#16036 = ( GEOMETRIC_REPRESENTATION_CONTEXT(2) 
PARAMETRIC_REPRESENTATION_CONTEXT() REPRESENTATION_CONTEXT('2D SPACE',''
  ) );
#16037 = ORIENTED_EDGE('',*,*,#16038,.F.);
#16038 = EDGE_CURVE('',#16002,#16023,#16039,.T.);
#16039 = SURFACE_CURVE('',#16040,(#16044),.PCURVE_S1.);
#16040 = LINE('',#16041,#16042);
#16041 = CARTESIAN_POINT('',(0.,0.,7.95));
#16042 = VECTOR('',#16043,1.);
#16043 = DIRECTION('',(-0.747409370229,0.,-0.664363780841));
#16044 = PCURVE('',#16010,#16045);
#16045 = DEFINITIONAL_REPRESENTATION('',(#16046),#16050);
#16046 = LINE('',#16047,#16048);
#16047 = CARTESIAN_POINT('',(0.,0.));
#16048 = VECTOR('',#16049,1.);
#16049 = DIRECTION('',(1.,0.));
#16050 = ( GEOMETRIC_REPRESENTATION_CONTEXT(2) 
PARAMETRIC_REPRESENTATION_CONTEXT() REPRESENTATION_CONTEXT('2D SPACE',''
  ) );
#16051 = ( GEOMETRIC_REPRESENTATION_CONTEXT(3) 
GLOBAL_UNCERTAINTY_ASSIGNED_CONTEXT((#16055)) 
GLOBAL_UNIT_ASSIGNED_CONTEXT((#16052,#16053,#16054)) 
REPRESENTATION_CONTEXT('Context #1',
  '3D Context with UNIT and UNCERTAINTY') );
#16052 = ( LENGTH_UNIT() NAMED_UNIT(*) SI_UNIT(.MILLI.,.METRE.) );
#16053 = ( NAMED_UNIT(*) PLANE_ANGLE_UNIT() SI_UNIT($,.RADIAN.) );
#16054 = ( NAMED_UNIT(*) SI_UNIT($,.STERADIAN.) SOLID_ANGLE_UNIT() );
#16055 = UNCERTAINTY_MEASURE_WITH_UNIT(LENGTH_MEASURE(1.E-07),#16052,
  'distance_accuracy_value','confusion accuracy');
#16056 = CONTEXT_DEPENDENT_SHAPE_REPRESENTATION(#16057,#16059);
#16057 = ( REPRESENTATION_RELATIONSHIP('','',#15992,#10) 
REPRESENTATION_RELATIONSHIP_WITH_TRANSFORMATION(#16058) 
SHAPE_REPRESENTATION_RELATIONSHIP() );
#16058 = ITEM_DEFINED_TRANSFORMATION('','',#11,#799);
#16059 = PRODUCT_DEFINITION_SHAPE('Placement','Placement of an item',
  #16060);
#16060 = NEXT_ASSEMBLY_USAGE_OCCURRENCE('1961','','',#5,#15987,$);
#16061 = PRODUCT_RELATED_PRODUCT_CATEGORY('part',$,(#15989));
#16062 = SHAPE_DEFINITION_REPRESENTATION(#16063,#16069);
#16063 = PRODUCT_DEFINITION_SHAPE('','',#16064);
#16064 = PRODUCT_DEFINITION('design','',#16065,#16068);
#16065 = PRODUCT_DEFINITION_FORMATION('','',#16066);
#16066 = PRODUCT('Open CASCADE STEP translator 7.9 2.198',
  'Open CASCADE STEP translator 7.9 2.198','',(#16067));
#16067 = PRODUCT_CONTEXT('',#2,'mechanical');
#16068 = PRODUCT_DEFINITION_CONTEXT('part definition',#2,'design');
#16069 = MANIFOLD_SURFACE_SHAPE_REPRESENTATION('',(#11,#16070),#16128);
#16070 = SHELL_BASED_SURFACE_MODEL('',(#16071));
#16071 = OPEN_SHELL('',(#16072));
#16072 = ADVANCED_FACE('',(#16073),#16087,.T.);
#16073 = FACE_BOUND('',#16074,.T.);
#16074 = EDGE_LOOP('',(#16075,#16098,#16114));
#16075 = ORIENTED_EDGE('',*,*,#16076,.F.);
#16076 = EDGE_CURVE('',#16077,#16079,#16081,.T.);
#16077 = VERTEX_POINT('',#16078);
#16078 = CARTESIAN_POINT('',(7.60845,-2.47214,0.83889));
#16079 = VERTEX_POINT('',#16080);
#16080 = CARTESIAN_POINT('',(8.,0.,0.83889));
#16081 = SURFACE_CURVE('',#16082,(#16086),.PCURVE_S1.);
#16082 = LINE('',#16083,#16084);
#16083 = CARTESIAN_POINT('',(7.60845,-2.47214,0.83889));
#16084 = VECTOR('',#16085,1.);
#16085 = DIRECTION('',(0.15643504565,0.987688248635,0.));
#16086 = PCURVE('',#16087,#16092);
#16087 = PLANE('',#16088);
#16088 = AXIS2_PLACEMENT_3D('',#16089,#16090,#16091);
#16089 = CARTESIAN_POINT('',(8.,0.,0.83889));
#16090 = DIRECTION('',(-0.6607160074,0.104647533189,-0.743305624466));
#16091 = DIRECTION('',(-0.747409370229,-6.938893903907E-18,
    0.664363780841));
#16092 = DEFINITIONAL_REPRESENTATION('',(#16093),#16097);
#16093 = LINE('',#16094,#16095);
#16094 = CARTESIAN_POINT('',(0.292648138913,-2.48578853664));
#16095 = VECTOR('',#16096,1.);
#16096 = DIRECTION('',(-0.116921018951,0.993141216206));
#16097 = ( GEOMETRIC_REPRESENTATION_CONTEXT(2) 
PARAMETRIC_REPRESENTATION_CONTEXT() REPRESENTATION_CONTEXT('2D SPACE',''
  ) );
#16098 = ORIENTED_EDGE('',*,*,#16099,.F.);
#16099 = EDGE_CURVE('',#16100,#16077,#16102,.T.);
#16100 = VERTEX_POINT('',#16101);
#16101 = CARTESIAN_POINT('',(0.,0.,7.95));
#16102 = SURFACE_CURVE('',#16103,(#16107),.PCURVE_S1.);
#16103 = LINE('',#16104,#16105);
#16104 = CARTESIAN_POINT('',(0.,0.,7.95));
#16105 = VECTOR('',#16106,1.);
#16106 = DIRECTION('',(0.710828391388,-0.230962587582,-0.664363816846));
#16107 = PCURVE('',#16087,#16108);
#16108 = DEFINITIONAL_REPRESENTATION('',(#16109),#16113);
#16109 = LINE('',#16110,#16111);
#16110 = CARTESIAN_POINT('',(10.703638887411,0.));
#16111 = VECTOR('',#16112,1.);
#16112 = DIRECTION('',(-0.972659057562,-0.232237718173));
#16113 = ( GEOMETRIC_REPRESENTATION_CONTEXT(2) 
PARAMETRIC_REPRESENTATION_CONTEXT() REPRESENTATION_CONTEXT('2D SPACE',''
  ) );
#16114 = ORIENTED_EDGE('',*,*,#16115,.F.);
#16115 = EDGE_CURVE('',#16079,#16100,#16116,.T.);
#16116 = SURFACE_CURVE('',#16117,(#16121),.PCURVE_S1.);
#16117 = LINE('',#16118,#16119);
#16118 = CARTESIAN_POINT('',(8.,0.,0.83889));
#16119 = VECTOR('',#16120,1.);
#16120 = DIRECTION('',(-0.747409370229,0.,0.664363780841));
#16121 = PCURVE('',#16087,#16122);
#16122 = DEFINITIONAL_REPRESENTATION('',(#16123),#16127);
#16123 = LINE('',#16124,#16125);
#16124 = CARTESIAN_POINT('',(0.,0.));
#16125 = VECTOR('',#16126,1.);
#16126 = DIRECTION('',(1.,0.));
#16127 = ( GEOMETRIC_REPRESENTATION_CONTEXT(2) 
PARAMETRIC_REPRESENTATION_CONTEXT() REPRESENTATION_CONTEXT('2D SPACE',''
  ) );
#16128 = ( GEOMETRIC_REPRESENTATION_CONTEXT(3) 
GLOBAL_UNCERTAINTY_ASSIGNED_CONTEXT((#16132)) 
GLOBAL_UNIT_ASSIGNED_CONTEXT((#16129,#16130,#16131)) 
REPRESENTATION_CONTEXT('Context #1',
  '3D Context with UNIT and UNCERTAINTY') );
#16129 = ( LENGTH_UNIT() NAMED_UNIT(*) SI_UNIT(.MILLI.,.METRE.) );
#16130 = ( NAMED_UNIT(*) PLANE_ANGLE_UNIT() SI_UNIT($,.RADIAN.) );
#16131 = ( NAMED_UNIT(*) SI_UNIT($,.STERADIAN.) SOLID_ANGLE_UNIT() );
#16132 = UNCERTAINTY_MEASURE_WITH_UNIT(LENGTH_MEASURE(1.E-07),#16129,
  'distance_accuracy_value','confusion accuracy');
#16133 = CONTEXT_DEPENDENT_SHAPE_REPRESENTATION(#16134,#16136);
#16134 = ( REPRESENTATION_RELATIONSHIP('','',#16069,#10) 
REPRESENTATION_RELATIONSHIP_WITH_TRANSFORMATION(#16135) 
SHAPE_REPRESENTATION_RELATIONSHIP() );
#16135 = ITEM_DEFINED_TRANSFORMATION('','',#11,#803);
#16136 = PRODUCT_DEFINITION_SHAPE('Placement','Placement of an item',
  #16137);
#16137 = NEXT_ASSEMBLY_USAGE_OCCURRENCE('1962','','',#5,#16064,$);
#16138 = PRODUCT_RELATED_PRODUCT_CATEGORY('part',$,(#16066));
#16139 = SHAPE_DEFINITION_REPRESENTATION(#16140,#16146);
#16140 = PRODUCT_DEFINITION_SHAPE('','',#16141);
#16141 = PRODUCT_DEFINITION('design','',#16142,#16145);
#16142 = PRODUCT_DEFINITION_FORMATION('','',#16143);
#16143 = PRODUCT('Open CASCADE STEP translator 7.9 2.199',
  'Open CASCADE STEP translator 7.9 2.199','',(#16144));
#16144 = PRODUCT_CONTEXT('',#2,'mechanical');
#16145 = PRODUCT_DEFINITION_CONTEXT('part definition',#2,'design');
#16146 = MANIFOLD_SURFACE_SHAPE_REPRESENTATION('',(#11,#16147),#16205);
#16147 = SHELL_BASED_SURFACE_MODEL('',(#16148));
#16148 = OPEN_SHELL('',(#16149));
#16149 = ADVANCED_FACE('',(#16150),#16164,.T.);
#16150 = FACE_BOUND('',#16151,.T.);
#16151 = EDGE_LOOP('',(#16152,#16175,#16191));
#16152 = ORIENTED_EDGE('',*,*,#16153,.F.);
#16153 = EDGE_CURVE('',#16154,#16156,#16158,.T.);
#16154 = VERTEX_POINT('',#16155);
#16155 = CARTESIAN_POINT('',(7.60845,2.47214,349.161));
#16156 = VERTEX_POINT('',#16157);
#16157 = CARTESIAN_POINT('',(8.,0.,349.161));
#16158 = SURFACE_CURVE('',#16159,(#16163),.PCURVE_S1.);
#16159 = LINE('',#16160,#16161);
#16160 = CARTESIAN_POINT('',(7.60845,2.47214,349.161));
#16161 = VECTOR('',#16162,1.);
#16162 = DIRECTION('',(0.15643504565,-0.987688248635,0.));
#16163 = PCURVE('',#16164,#16169);
#16164 = PLANE('',#16165);
#16165 = AXIS2_PLACEMENT_3D('',#16166,#16167,#16168);
#16166 = CARTESIAN_POINT('',(8.,0.,349.161));
#16167 = DIRECTION('',(-0.660710360508,-0.104646638806,0.743310769802));
#16168 = DIRECTION('',(0.747414473244,0.,0.664358039905));
#16169 = DEFINITIONAL_REPRESENTATION('',(#16170),#16174);
#16170 = LINE('',#16171,#16172);
#16171 = CARTESIAN_POINT('',(-0.292650136999,2.485788301408));
#16172 = VECTOR('',#16173,1.);
#16173 = DIRECTION('',(0.116921817241,-0.993141122224));
#16174 = ( GEOMETRIC_REPRESENTATION_CONTEXT(2) 
PARAMETRIC_REPRESENTATION_CONTEXT() REPRESENTATION_CONTEXT('2D SPACE',''
  ) );
#16175 = ORIENTED_EDGE('',*,*,#16176,.T.);
#16176 = EDGE_CURVE('',#16154,#16177,#16179,.T.);
#16177 = VERTEX_POINT('',#16178);
#16178 = CARTESIAN_POINT('',(0.,0.,342.05));
#16179 = SURFACE_CURVE('',#16180,(#16184),.PCURVE_S1.);
#16180 = LINE('',#16181,#16182);
#16181 = CARTESIAN_POINT('',(7.60845,2.47214,349.161));
#16182 = VECTOR('',#16183,1.);
#16183 = DIRECTION('',(-0.710833244643,-0.230964164503,-0.66435807591));
#16184 = PCURVE('',#16164,#16185);
#16185 = DEFINITIONAL_REPRESENTATION('',(#16186),#16190);
#16186 = LINE('',#16187,#16188);
#16187 = CARTESIAN_POINT('',(-0.292650136999,2.485788301408));
#16188 = VECTOR('',#16189,1.);
#16189 = DIRECTION('',(-0.972658684215,-0.232239281823));
#16190 = ( GEOMETRIC_REPRESENTATION_CONTEXT(2) 
PARAMETRIC_REPRESENTATION_CONTEXT() REPRESENTATION_CONTEXT('2D SPACE',''
  ) );
#16191 = ORIENTED_EDGE('',*,*,#16192,.T.);
#16192 = EDGE_CURVE('',#16177,#16156,#16193,.T.);
#16193 = SURFACE_CURVE('',#16194,(#16198),.PCURVE_S1.);
#16194 = LINE('',#16195,#16196);
#16195 = CARTESIAN_POINT('',(0.,0.,342.05));
#16196 = VECTOR('',#16197,1.);
#16197 = DIRECTION('',(0.747414473244,0.,0.664358039905));
#16198 = PCURVE('',#16164,#16199);
#16199 = DEFINITIONAL_REPRESENTATION('',(#16200),#16204);
#16200 = LINE('',#16201,#16202);
#16201 = CARTESIAN_POINT('',(-10.70356580771,1.110223024625E-16));
#16202 = VECTOR('',#16203,1.);
#16203 = DIRECTION('',(1.,0.));
#16204 = ( GEOMETRIC_REPRESENTATION_CONTEXT(2) 
PARAMETRIC_REPRESENTATION_CONTEXT() REPRESENTATION_CONTEXT('2D SPACE',''
  ) );
#16205 = ( GEOMETRIC_REPRESENTATION_CONTEXT(3) 
GLOBAL_UNCERTAINTY_ASSIGNED_CONTEXT((#16209)) 
GLOBAL_UNIT_ASSIGNED_CONTEXT((#16206,#16207,#16208)) 
REPRESENTATION_CONTEXT('Context #1',
  '3D Context with UNIT and UNCERTAINTY') );
#16206 = ( LENGTH_UNIT() NAMED_UNIT(*) SI_UNIT(.MILLI.,.METRE.) );
#16207 = ( NAMED_UNIT(*) PLANE_ANGLE_UNIT() SI_UNIT($,.RADIAN.) );
#16208 = ( NAMED_UNIT(*) SI_UNIT($,.STERADIAN.) SOLID_ANGLE_UNIT() );
#16209 = UNCERTAINTY_MEASURE_WITH_UNIT(LENGTH_MEASURE(1.E-07),#16206,
  'distance_accuracy_value','confusion accuracy');
#16210 = CONTEXT_DEPENDENT_SHAPE_REPRESENTATION(#16211,#16213);
#16211 = ( REPRESENTATION_RELATIONSHIP('','',#16146,#10) 
REPRESENTATION_RELATIONSHIP_WITH_TRANSFORMATION(#16212) 
SHAPE_REPRESENTATION_RELATIONSHIP() );
#16212 = ITEM_DEFINED_TRANSFORMATION('','',#11,#807);
#16213 = PRODUCT_DEFINITION_SHAPE('Placement','Placement of an item',
  #16214);
#16214 = NEXT_ASSEMBLY_USAGE_OCCURRENCE('1963','','',#5,#16141,$);
#16215 = PRODUCT_RELATED_PRODUCT_CATEGORY('part',$,(#16143));
#16216 = SHAPE_DEFINITION_REPRESENTATION(#16217,#16223);
#16217 = PRODUCT_DEFINITION_SHAPE('','',#16218);
#16218 = PRODUCT_DEFINITION('design','',#16219,#16222);
#16219 = PRODUCT_DEFINITION_FORMATION('','',#16220);
#16220 = PRODUCT('Open CASCADE STEP translator 7.9 2.200',
  'Open CASCADE STEP translator 7.9 2.200','',(#16221));
#16221 = PRODUCT_CONTEXT('',#2,'mechanical');
#16222 = PRODUCT_DEFINITION_CONTEXT('part definition',#2,'design');
#16223 = MANIFOLD_SURFACE_SHAPE_REPRESENTATION('',(#11,#16224),#16282);
#16224 = SHELL_BASED_SURFACE_MODEL('',(#16225));
#16225 = OPEN_SHELL('',(#16226));
#16226 = ADVANCED_FACE('',(#16227),#16241,.T.);
#16227 = FACE_BOUND('',#16228,.T.);
#16228 = EDGE_LOOP('',(#16229,#16252,#16268));
#16229 = ORIENTED_EDGE('',*,*,#16230,.T.);
#16230 = EDGE_CURVE('',#16231,#16233,#16235,.T.);
#16231 = VERTEX_POINT('',#16232);
#16232 = CARTESIAN_POINT('',(0.,0.,342.05));
#16233 = VERTEX_POINT('',#16234);
#16234 = CARTESIAN_POINT('',(-8.,0.,349.161));
#16235 = SURFACE_CURVE('',#16236,(#16240),.PCURVE_S1.);
#16236 = LINE('',#16237,#16238);
#16237 = CARTESIAN_POINT('',(0.,0.,342.05));
#16238 = VECTOR('',#16239,1.);
#16239 = DIRECTION('',(-0.747414473244,0.,0.664358039905));
#16240 = PCURVE('',#16241,#16246);
#16241 = PLANE('',#16242);
#16242 = AXIS2_PLACEMENT_3D('',#16243,#16244,#16245);
#16243 = CARTESIAN_POINT('',(0.,0.,342.05));
#16244 = DIRECTION('',(0.660710360508,0.104646638806,0.743310769802));
#16245 = DIRECTION('',(0.747414473244,0.,-0.664358039905));
#16246 = DEFINITIONAL_REPRESENTATION('',(#16247),#16251);
#16247 = LINE('',#16248,#16249);
#16248 = CARTESIAN_POINT('',(0.,0.));
#16249 = VECTOR('',#16250,1.);
#16250 = DIRECTION('',(-1.,6.938893903907E-18));
#16251 = ( GEOMETRIC_REPRESENTATION_CONTEXT(2) 
PARAMETRIC_REPRESENTATION_CONTEXT() REPRESENTATION_CONTEXT('2D SPACE',''
  ) );
#16252 = ORIENTED_EDGE('',*,*,#16253,.F.);
#16253 = EDGE_CURVE('',#16254,#16233,#16256,.T.);
#16254 = VERTEX_POINT('',#16255);
#16255 = CARTESIAN_POINT('',(-7.60845,-2.47214,349.161));
#16256 = SURFACE_CURVE('',#16257,(#16261),.PCURVE_S1.);
#16257 = LINE('',#16258,#16259);
#16258 = CARTESIAN_POINT('',(-7.60845,-2.47214,349.161));
#16259 = VECTOR('',#16260,1.);
#16260 = DIRECTION('',(-0.15643504565,0.987688248635,0.));
#16261 = PCURVE('',#16241,#16262);
#16262 = DEFINITIONAL_REPRESENTATION('',(#16263),#16267);
#16263 = LINE('',#16264,#16265);
#16264 = CARTESIAN_POINT('',(-10.41091567071,-2.485788301408));
#16265 = VECTOR('',#16266,1.);
#16266 = DIRECTION('',(-0.116921817241,0.993141122224));
#16267 = ( GEOMETRIC_REPRESENTATION_CONTEXT(2) 
PARAMETRIC_REPRESENTATION_CONTEXT() REPRESENTATION_CONTEXT('2D SPACE',''
  ) );
#16268 = ORIENTED_EDGE('',*,*,#16269,.T.);
#16269 = EDGE_CURVE('',#16254,#16231,#16270,.T.);
#16270 = SURFACE_CURVE('',#16271,(#16275),.PCURVE_S1.);
#16271 = LINE('',#16272,#16273);
#16272 = CARTESIAN_POINT('',(-7.60845,-2.47214,349.161));
#16273 = VECTOR('',#16274,1.);
#16274 = DIRECTION('',(0.710833244643,0.230964164503,-0.66435807591));
#16275 = PCURVE('',#16241,#16276);
#16276 = DEFINITIONAL_REPRESENTATION('',(#16277),#16281);
#16277 = LINE('',#16278,#16279);
#16278 = CARTESIAN_POINT('',(-10.41091567071,-2.485788301408));
#16279 = VECTOR('',#16280,1.);
#16280 = DIRECTION('',(0.972658684215,0.232239281823));
#16281 = ( GEOMETRIC_REPRESENTATION_CONTEXT(2) 
PARAMETRIC_REPRESENTATION_CONTEXT() REPRESENTATION_CONTEXT('2D SPACE',''
  ) );
#16282 = ( GEOMETRIC_REPRESENTATION_CONTEXT(3) 
GLOBAL_UNCERTAINTY_ASSIGNED_CONTEXT((#16286)) 
GLOBAL_UNIT_ASSIGNED_CONTEXT((#16283,#16284,#16285)) 
REPRESENTATION_CONTEXT('Context #1',
  '3D Context with UNIT and UNCERTAINTY') );
#16283 = ( LENGTH_UNIT() NAMED_UNIT(*) SI_UNIT(.MILLI.,.METRE.) );
#16284 = ( NAMED_UNIT(*) PLANE_ANGLE_UNIT() SI_UNIT($,.RADIAN.) );
#16285 = ( NAMED_UNIT(*) SI_UNIT($,.STERADIAN.) SOLID_ANGLE_UNIT() );
#16286 = UNCERTAINTY_MEASURE_WITH_UNIT(LENGTH_MEASURE(1.E-07),#16283,
  'distance_accuracy_value','confusion accuracy');
#16287 = CONTEXT_DEPENDENT_SHAPE_REPRESENTATION(#16288,#16290);
#16288 = ( REPRESENTATION_RELATIONSHIP('','',#16223,#10) 
REPRESENTATION_RELATIONSHIP_WITH_TRANSFORMATION(#16289) 
SHAPE_REPRESENTATION_RELATIONSHIP() );
#16289 = ITEM_DEFINED_TRANSFORMATION('','',#11,#811);
#16290 = PRODUCT_DEFINITION_SHAPE('Placement','Placement of an item',
  #16291);
#16291 = NEXT_ASSEMBLY_USAGE_OCCURRENCE('1964','','',#5,#16218,$);
#16292 = PRODUCT_RELATED_PRODUCT_CATEGORY('part',$,(#16220));
#16293 = SHAPE_DEFINITION_REPRESENTATION(#16294,#16300);
#16294 = PRODUCT_DEFINITION_SHAPE('','',#16295);
#16295 = PRODUCT_DEFINITION('design','',#16296,#16299);
#16296 = PRODUCT_DEFINITION_FORMATION('','',#16297);
#16297 = PRODUCT('Open CASCADE STEP translator 7.9 2.201',
  'Open CASCADE STEP translator 7.9 2.201','',(#16298));
#16298 = PRODUCT_CONTEXT('',#2,'mechanical');
#16299 = PRODUCT_DEFINITION_CONTEXT('part definition',#2,'design');
#16300 = MANIFOLD_SURFACE_SHAPE_REPRESENTATION('',(#11,#16301),#16359);
#16301 = SHELL_BASED_SURFACE_MODEL('',(#16302));
#16302 = OPEN_SHELL('',(#16303));
#16303 = ADVANCED_FACE('',(#16304),#16318,.T.);
#16304 = FACE_BOUND('',#16305,.T.);
#16305 = EDGE_LOOP('',(#16306,#16329,#16345));
#16306 = ORIENTED_EDGE('',*,*,#16307,.T.);
#16307 = EDGE_CURVE('',#16308,#16310,#16312,.T.);
#16308 = VERTEX_POINT('',#16309);
#16309 = CARTESIAN_POINT('',(2.47214,-7.60845,349.161));
#16310 = VERTEX_POINT('',#16311);
#16311 = CARTESIAN_POINT('',(0.,0.,342.05));
#16312 = SURFACE_CURVE('',#16313,(#16317),.PCURVE_S1.);
#16313 = LINE('',#16314,#16315);
#16314 = CARTESIAN_POINT('',(2.47214,-7.60845,349.161));
#16315 = VECTOR('',#16316,1.);
#16316 = DIRECTION('',(-0.230964164503,0.710833244643,-0.66435807591));
#16317 = PCURVE('',#16318,#16323);
#16318 = PLANE('',#16319);
#16319 = AXIS2_PLACEMENT_3D('',#16320,#16321,#16322);
#16320 = CARTESIAN_POINT('',(2.47214,-7.60845,349.161));
#16321 = DIRECTION('',(-0.104646638806,0.660710360508,0.743310769802));
#16322 = DIRECTION('',(0.,0.747414473244,-0.664358039905));
#16323 = DEFINITIONAL_REPRESENTATION('',(#16324),#16328);
#16324 = LINE('',#16325,#16326);
#16325 = CARTESIAN_POINT('',(0.,-0.));
#16326 = VECTOR('',#16327,1.);
#16327 = DIRECTION('',(0.972658684215,0.232239281823));
#16328 = ( GEOMETRIC_REPRESENTATION_CONTEXT(2) 
PARAMETRIC_REPRESENTATION_CONTEXT() REPRESENTATION_CONTEXT('2D SPACE',''
  ) );
#16329 = ORIENTED_EDGE('',*,*,#16330,.T.);
#16330 = EDGE_CURVE('',#16310,#16331,#16333,.T.);
#16331 = VERTEX_POINT('',#16332);
#16332 = CARTESIAN_POINT('',(0.,-8.,349.161));
#16333 = SURFACE_CURVE('',#16334,(#16338),.PCURVE_S1.);
#16334 = LINE('',#16335,#16336);
#16335 = CARTESIAN_POINT('',(0.,0.,342.05));
#16336 = VECTOR('',#16337,1.);
#16337 = DIRECTION('',(0.,-0.747414473244,0.664358039905));
#16338 = PCURVE('',#16318,#16339);
#16339 = DEFINITIONAL_REPRESENTATION('',(#16340),#16344);
#16340 = LINE('',#16341,#16342);
#16341 = CARTESIAN_POINT('',(10.410915670712,2.485788301408));
#16342 = VECTOR('',#16343,1.);
#16343 = DIRECTION('',(-1.,2.081668171172E-17));
#16344 = ( GEOMETRIC_REPRESENTATION_CONTEXT(2) 
PARAMETRIC_REPRESENTATION_CONTEXT() REPRESENTATION_CONTEXT('2D SPACE',''
  ) );
#16345 = ORIENTED_EDGE('',*,*,#16346,.F.);
#16346 = EDGE_CURVE('',#16308,#16331,#16347,.T.);
#16347 = SURFACE_CURVE('',#16348,(#16352),.PCURVE_S1.);
#16348 = LINE('',#16349,#16350);
#16349 = CARTESIAN_POINT('',(2.47214,-7.60845,349.161));
#16350 = VECTOR('',#16351,1.);
#16351 = DIRECTION('',(-0.987688248635,-0.15643504565,0.));
#16352 = PCURVE('',#16318,#16353);
#16353 = DEFINITIONAL_REPRESENTATION('',(#16354),#16358);
#16354 = LINE('',#16355,#16356);
#16355 = CARTESIAN_POINT('',(0.,-0.));
#16356 = VECTOR('',#16357,1.);
#16357 = DIRECTION('',(-0.116921817241,0.993141122224));
#16358 = ( GEOMETRIC_REPRESENTATION_CONTEXT(2) 
PARAMETRIC_REPRESENTATION_CONTEXT() REPRESENTATION_CONTEXT('2D SPACE',''
  ) );
#16359 = ( GEOMETRIC_REPRESENTATION_CONTEXT(3) 
GLOBAL_UNCERTAINTY_ASSIGNED_CONTEXT((#16363)) 
GLOBAL_UNIT_ASSIGNED_CONTEXT((#16360,#16361,#16362)) 
REPRESENTATION_CONTEXT('Context #1',
  '3D Context with UNIT and UNCERTAINTY') );
#16360 = ( LENGTH_UNIT() NAMED_UNIT(*) SI_UNIT(.MILLI.,.METRE.) );
#16361 = ( NAMED_UNIT(*) PLANE_ANGLE_UNIT() SI_UNIT($,.RADIAN.) );
#16362 = ( NAMED_UNIT(*) SI_UNIT($,.STERADIAN.) SOLID_ANGLE_UNIT() );
#16363 = UNCERTAINTY_MEASURE_WITH_UNIT(LENGTH_MEASURE(1.E-07),#16360,
  'distance_accuracy_value','confusion accuracy');
#16364 = CONTEXT_DEPENDENT_SHAPE_REPRESENTATION(#16365,#16367);
#16365 = ( REPRESENTATION_RELATIONSHIP('','',#16300,#10) 
REPRESENTATION_RELATIONSHIP_WITH_TRANSFORMATION(#16366) 
SHAPE_REPRESENTATION_RELATIONSHIP() );
#16366 = ITEM_DEFINED_TRANSFORMATION('','',#11,#815);
#16367 = PRODUCT_DEFINITION_SHAPE('Placement','Placement of an item',
  #16368);
#16368 = NEXT_ASSEMBLY_USAGE_OCCURRENCE('1965','','',#5,#16295,$);
#16369 = PRODUCT_RELATED_PRODUCT_CATEGORY('part',$,(#16297));
#16370 = SHAPE_DEFINITION_REPRESENTATION(#16371,#16377);
#16371 = PRODUCT_DEFINITION_SHAPE('','',#16372);
#16372 = PRODUCT_DEFINITION('design','',#16373,#16376);
#16373 = PRODUCT_DEFINITION_FORMATION('','',#16374);
#16374 = PRODUCT('Open CASCADE STEP translator 7.9 2.202',
  'Open CASCADE STEP translator 7.9 2.202','',(#16375));
#16375 = PRODUCT_CONTEXT('',#2,'mechanical');
#16376 = PRODUCT_DEFINITION_CONTEXT('part definition',#2,'design');
#16377 = MANIFOLD_SURFACE_SHAPE_REPRESENTATION('',(#11,#16378),#16436);
#16378 = SHELL_BASED_SURFACE_MODEL('',(#16379));
#16379 = OPEN_SHELL('',(#16380));
#16380 = ADVANCED_FACE('',(#16381),#16395,.T.);
#16381 = FACE_BOUND('',#16382,.T.);
#16382 = EDGE_LOOP('',(#16383,#16406,#16422));
#16383 = ORIENTED_EDGE('',*,*,#16384,.T.);
#16384 = EDGE_CURVE('',#16385,#16387,#16389,.T.);
#16385 = VERTEX_POINT('',#16386);
#16386 = CARTESIAN_POINT('',(-6.47214,-4.70228,349.161));
#16387 = VERTEX_POINT('',#16388);
#16388 = CARTESIAN_POINT('',(0.,0.,342.05));
#16389 = SURFACE_CURVE('',#16390,(#16394),.PCURVE_S1.);
#16390 = LINE('',#16391,#16392);
#16391 = CARTESIAN_POINT('',(-6.47214,-4.70228,349.161));
#16392 = VECTOR('',#16393,1.);
#16393 = DIRECTION('',(0.604671300524,0.43931895216,-0.664357943127));
#16394 = PCURVE('',#16395,#16400);
#16395 = PLANE('',#16396);
#16396 = AXIS2_PLACEMENT_3D('',#16397,#16398,#16399);
#16397 = CARTESIAN_POINT('',(-6.47214,-4.70228,349.161));
#16398 = DIRECTION('',(0.596035730713,0.303694548847,0.743310856044));
#16399 = DIRECTION('',(0.780158156437,0.,-0.625582329469));
#16400 = DEFINITIONAL_REPRESENTATION('',(#16401),#16405);
#16401 = LINE('',#16402,#16403);
#16402 = CARTESIAN_POINT('',(0.,0.));
#16403 = VECTOR('',#16404,1.);
#16404 = DIRECTION('',(0.88734983673,0.461096808983));
#16405 = ( GEOMETRIC_REPRESENTATION_CONTEXT(2) 
PARAMETRIC_REPRESENTATION_CONTEXT() REPRESENTATION_CONTEXT('2D SPACE',''
  ) );
#16406 = ORIENTED_EDGE('',*,*,#16407,.F.);
#16407 = EDGE_CURVE('',#16408,#16387,#16410,.T.);
#16408 = VERTEX_POINT('',#16409);
#16409 = CARTESIAN_POINT('',(-7.60845,-2.47214,349.161));
#16410 = SURFACE_CURVE('',#16411,(#16415),.PCURVE_S1.);
#16411 = LINE('',#16412,#16413);
#16412 = CARTESIAN_POINT('',(-7.60845,-2.47214,349.161));
#16413 = VECTOR('',#16414,1.);
#16414 = DIRECTION('',(0.710833244643,0.230964164503,-0.66435807591));
#16415 = PCURVE('',#16395,#16416);
#16416 = DEFINITIONAL_REPRESENTATION('',(#16417),#16421);
#16417 = LINE('',#16418,#16419);
#16418 = CARTESIAN_POINT('',(-0.886501514741,2.340692183962));
#16419 = VECTOR('',#16420,1.);
#16420 = DIRECTION('',(0.970173026404,0.242413487327));
#16421 = ( GEOMETRIC_REPRESENTATION_CONTEXT(2) 
PARAMETRIC_REPRESENTATION_CONTEXT() REPRESENTATION_CONTEXT('2D SPACE',''
  ) );
#16422 = ORIENTED_EDGE('',*,*,#16423,.F.);
#16423 = EDGE_CURVE('',#16385,#16408,#16424,.T.);
#16424 = SURFACE_CURVE('',#16425,(#16429),.PCURVE_S1.);
#16425 = LINE('',#16426,#16427);
#16426 = CARTESIAN_POINT('',(-6.47214,-4.70228,349.161));
#16427 = VECTOR('',#16428,1.);
#16428 = DIRECTION('',(-0.453989520931,0.891007022916,0.));
#16429 = PCURVE('',#16395,#16430);
#16430 = DEFINITIONAL_REPRESENTATION('',(#16431),#16435);
#16431 = LINE('',#16432,#16433);
#16432 = CARTESIAN_POINT('',(0.,0.));
#16433 = VECTOR('',#16434,1.);
#16434 = DIRECTION('',(-0.354183627691,0.935175896757));
#16435 = ( GEOMETRIC_REPRESENTATION_CONTEXT(2) 
PARAMETRIC_REPRESENTATION_CONTEXT() REPRESENTATION_CONTEXT('2D SPACE',''
  ) );
#16436 = ( GEOMETRIC_REPRESENTATION_CONTEXT(3) 
GLOBAL_UNCERTAINTY_ASSIGNED_CONTEXT((#16440)) 
GLOBAL_UNIT_ASSIGNED_CONTEXT((#16437,#16438,#16439)) 
REPRESENTATION_CONTEXT('Context #1',
  '3D Context with UNIT and UNCERTAINTY') );
#16437 = ( LENGTH_UNIT() NAMED_UNIT(*) SI_UNIT(.MILLI.,.METRE.) );
#16438 = ( NAMED_UNIT(*) PLANE_ANGLE_UNIT() SI_UNIT($,.RADIAN.) );
#16439 = ( NAMED_UNIT(*) SI_UNIT($,.STERADIAN.) SOLID_ANGLE_UNIT() );
#16440 = UNCERTAINTY_MEASURE_WITH_UNIT(LENGTH_MEASURE(1.E-07),#16437,
  'distance_accuracy_value','confusion accuracy');
#16441 = CONTEXT_DEPENDENT_SHAPE_REPRESENTATION(#16442,#16444);
#16442 = ( REPRESENTATION_RELATIONSHIP('','',#16377,#10) 
REPRESENTATION_RELATIONSHIP_WITH_TRANSFORMATION(#16443) 
SHAPE_REPRESENTATION_RELATIONSHIP() );
#16443 = ITEM_DEFINED_TRANSFORMATION('','',#11,#819);
#16444 = PRODUCT_DEFINITION_SHAPE('Placement','Placement of an item',
  #16445);
#16445 = NEXT_ASSEMBLY_USAGE_OCCURRENCE('1966','','',#5,#16372,$);
#16446 = PRODUCT_RELATED_PRODUCT_CATEGORY('part',$,(#16374));
#16447 = SHAPE_DEFINITION_REPRESENTATION(#16448,#16454);
#16448 = PRODUCT_DEFINITION_SHAPE('','',#16449);
#16449 = PRODUCT_DEFINITION('design','',#16450,#16453);
#16450 = PRODUCT_DEFINITION_FORMATION('','',#16451);
#16451 = PRODUCT('Open CASCADE STEP translator 7.9 2.203',
  'Open CASCADE STEP translator 7.9 2.203','',(#16452));
#16452 = PRODUCT_CONTEXT('',#2,'mechanical');
#16453 = PRODUCT_DEFINITION_CONTEXT('part definition',#2,'design');
#16454 = MANIFOLD_SURFACE_SHAPE_REPRESENTATION('',(#11,#16455),#16513);
#16455 = SHELL_BASED_SURFACE_MODEL('',(#16456));
#16456 = OPEN_SHELL('',(#16457));
#16457 = ADVANCED_FACE('',(#16458),#16472,.T.);
#16458 = FACE_BOUND('',#16459,.T.);
#16459 = EDGE_LOOP('',(#16460,#16483,#16499));
#16460 = ORIENTED_EDGE('',*,*,#16461,.T.);
#16461 = EDGE_CURVE('',#16462,#16464,#16466,.T.);
#16462 = VERTEX_POINT('',#16463);
#16463 = CARTESIAN_POINT('',(0.,0.,342.05));
#16464 = VERTEX_POINT('',#16465);
#16465 = CARTESIAN_POINT('',(2.47214,7.60845,349.161));
#16466 = SURFACE_CURVE('',#16467,(#16471),.PCURVE_S1.);
#16467 = LINE('',#16468,#16469);
#16468 = CARTESIAN_POINT('',(0.,0.,342.05));
#16469 = VECTOR('',#16470,1.);
#16470 = DIRECTION('',(0.230964164503,0.710833244643,0.66435807591));
#16471 = PCURVE('',#16472,#16477);
#16472 = PLANE('',#16473);
#16473 = AXIS2_PLACEMENT_3D('',#16474,#16475,#16476);
#16474 = CARTESIAN_POINT('',(0.,0.,342.05));
#16475 = DIRECTION('',(-0.104646638806,-0.660710360508,0.743310769802));
#16476 = DIRECTION('',(0.,0.747414473244,0.664358039905));
#16477 = DEFINITIONAL_REPRESENTATION('',(#16478),#16482);
#16478 = LINE('',#16479,#16480);
#16479 = CARTESIAN_POINT('',(0.,0.));
#16480 = VECTOR('',#16481,1.);
#16481 = DIRECTION('',(0.972658684215,-0.232239281823));
#16482 = ( GEOMETRIC_REPRESENTATION_CONTEXT(2) 
PARAMETRIC_REPRESENTATION_CONTEXT() REPRESENTATION_CONTEXT('2D SPACE',''
  ) );
#16483 = ORIENTED_EDGE('',*,*,#16484,.F.);
#16484 = EDGE_CURVE('',#16485,#16464,#16487,.T.);
#16485 = VERTEX_POINT('',#16486);
#16486 = CARTESIAN_POINT('',(0.,8.,349.161));
#16487 = SURFACE_CURVE('',#16488,(#16492),.PCURVE_S1.);
#16488 = LINE('',#16489,#16490);
#16489 = CARTESIAN_POINT('',(0.,8.,349.161));
#16490 = VECTOR('',#16491,1.);
#16491 = DIRECTION('',(0.987688248635,-0.15643504565,0.));
#16492 = PCURVE('',#16472,#16493);
#16493 = DEFINITIONAL_REPRESENTATION('',(#16494),#16498);
#16494 = LINE('',#16495,#16496);
#16495 = CARTESIAN_POINT('',(10.703565807711,1.110223024625E-16));
#16496 = VECTOR('',#16497,1.);
#16497 = DIRECTION('',(-0.116921817241,-0.993141122224));
#16498 = ( GEOMETRIC_REPRESENTATION_CONTEXT(2) 
PARAMETRIC_REPRESENTATION_CONTEXT() REPRESENTATION_CONTEXT('2D SPACE',''
  ) );
#16499 = ORIENTED_EDGE('',*,*,#16500,.T.);
#16500 = EDGE_CURVE('',#16485,#16462,#16501,.T.);
#16501 = SURFACE_CURVE('',#16502,(#16506),.PCURVE_S1.);
#16502 = LINE('',#16503,#16504);
#16503 = CARTESIAN_POINT('',(0.,8.,349.161));
#16504 = VECTOR('',#16505,1.);
#16505 = DIRECTION('',(0.,-0.747414473244,-0.664358039905));
#16506 = PCURVE('',#16472,#16507);
#16507 = DEFINITIONAL_REPRESENTATION('',(#16508),#16512);
#16508 = LINE('',#16509,#16510);
#16509 = CARTESIAN_POINT('',(10.703565807711,1.110223024625E-16));
#16510 = VECTOR('',#16511,1.);
#16511 = DIRECTION('',(-1.,0.));
#16512 = ( GEOMETRIC_REPRESENTATION_CONTEXT(2) 
PARAMETRIC_REPRESENTATION_CONTEXT() REPRESENTATION_CONTEXT('2D SPACE',''
  ) );
#16513 = ( GEOMETRIC_REPRESENTATION_CONTEXT(3) 
GLOBAL_UNCERTAINTY_ASSIGNED_CONTEXT((#16517)) 
GLOBAL_UNIT_ASSIGNED_CONTEXT((#16514,#16515,#16516)) 
REPRESENTATION_CONTEXT('Context #1',
  '3D Context with UNIT and UNCERTAINTY') );
#16514 = ( LENGTH_UNIT() NAMED_UNIT(*) SI_UNIT(.MILLI.,.METRE.) );
#16515 = ( NAMED_UNIT(*) PLANE_ANGLE_UNIT() SI_UNIT($,.RADIAN.) );
#16516 = ( NAMED_UNIT(*) SI_UNIT($,.STERADIAN.) SOLID_ANGLE_UNIT() );
#16517 = UNCERTAINTY_MEASURE_WITH_UNIT(LENGTH_MEASURE(1.E-07),#16514,
  'distance_accuracy_value','confusion accuracy');
#16518 = CONTEXT_DEPENDENT_SHAPE_REPRESENTATION(#16519,#16521);
#16519 = ( REPRESENTATION_RELATIONSHIP('','',#16454,#10) 
REPRESENTATION_RELATIONSHIP_WITH_TRANSFORMATION(#16520) 
SHAPE_REPRESENTATION_RELATIONSHIP() );
#16520 = ITEM_DEFINED_TRANSFORMATION('','',#11,#823);
#16521 = PRODUCT_DEFINITION_SHAPE('Placement','Placement of an item',
  #16522);
#16522 = NEXT_ASSEMBLY_USAGE_OCCURRENCE('1967','','',#5,#16449,$);
#16523 = PRODUCT_RELATED_PRODUCT_CATEGORY('part',$,(#16451));
#16524 = SHAPE_DEFINITION_REPRESENTATION(#16525,#16531);
#16525 = PRODUCT_DEFINITION_SHAPE('','',#16526);
#16526 = PRODUCT_DEFINITION('design','',#16527,#16530);
#16527 = PRODUCT_DEFINITION_FORMATION('','',#16528);
#16528 = PRODUCT('Open CASCADE STEP translator 7.9 2.204',
  'Open CASCADE STEP translator 7.9 2.204','',(#16529));
#16529 = PRODUCT_CONTEXT('',#2,'mechanical');
#16530 = PRODUCT_DEFINITION_CONTEXT('part definition',#2,'design');
#16531 = MANIFOLD_SURFACE_SHAPE_REPRESENTATION('',(#11,#16532),#16590);
#16532 = SHELL_BASED_SURFACE_MODEL('',(#16533));
#16533 = OPEN_SHELL('',(#16534));
#16534 = ADVANCED_FACE('',(#16535),#16549,.T.);
#16535 = FACE_BOUND('',#16536,.T.);
#16536 = EDGE_LOOP('',(#16537,#16560,#16576));
#16537 = ORIENTED_EDGE('',*,*,#16538,.F.);
#16538 = EDGE_CURVE('',#16539,#16541,#16543,.T.);
#16539 = VERTEX_POINT('',#16540);
#16540 = CARTESIAN_POINT('',(4.70228,6.47214,349.161));
#16541 = VERTEX_POINT('',#16542);
#16542 = CARTESIAN_POINT('',(6.47214,4.70228,349.161));
#16543 = SURFACE_CURVE('',#16544,(#16548),.PCURVE_S1.);
#16544 = LINE('',#16545,#16546);
#16545 = CARTESIAN_POINT('',(4.70228,6.47214,349.161));
#16546 = VECTOR('',#16547,1.);
#16547 = DIRECTION('',(0.707106781187,-0.707106781187,0.));
#16548 = PCURVE('',#16549,#16554);
#16549 = PLANE('',#16550);
#16550 = AXIS2_PLACEMENT_3D('',#16551,#16552,#16553);
#16551 = CARTESIAN_POINT('',(6.47214,4.70228,349.161));
#16552 = DIRECTION('',(-0.473016365348,-0.473016365348,0.743310861098));
#16553 = DIRECTION('',(0.843661301204,2.775557561563E-17,0.536875785308)
  );
#16554 = DEFINITIONAL_REPRESENTATION('',(#16555),#16559);
#16555 = LINE('',#16556,#16557);
#16556 = CARTESIAN_POINT('',(-1.493162390549,2.008799371428));
#16557 = VECTOR('',#16558,1.);
#16558 = DIRECTION('',(0.596558627106,-0.802569501305));
#16559 = ( GEOMETRIC_REPRESENTATION_CONTEXT(2) 
PARAMETRIC_REPRESENTATION_CONTEXT() REPRESENTATION_CONTEXT('2D SPACE',''
  ) );
#16560 = ORIENTED_EDGE('',*,*,#16561,.T.);
#16561 = EDGE_CURVE('',#16539,#16562,#16564,.T.);
#16562 = VERTEX_POINT('',#16563);
#16563 = CARTESIAN_POINT('',(0.,0.,342.05));
#16564 = SURFACE_CURVE('',#16565,(#16569),.PCURVE_S1.);
#16565 = LINE('',#16566,#16567);
#16566 = CARTESIAN_POINT('',(4.70228,6.47214,349.161));
#16567 = VECTOR('',#16568,1.);
#16568 = DIRECTION('',(-0.43931895216,-0.604671300524,-0.664357943127));
#16569 = PCURVE('',#16549,#16570);
#16570 = DEFINITIONAL_REPRESENTATION('',(#16571),#16575);
#16571 = LINE('',#16572,#16573);
#16572 = CARTESIAN_POINT('',(-1.493162390549,2.008799371428));
#16573 = VECTOR('',#16574,1.);
#16574 = DIRECTION('',(-0.727314091265,-0.686304752022));
#16575 = ( GEOMETRIC_REPRESENTATION_CONTEXT(2) 
PARAMETRIC_REPRESENTATION_CONTEXT() REPRESENTATION_CONTEXT('2D SPACE',''
  ) );
#16576 = ORIENTED_EDGE('',*,*,#16577,.T.);
#16577 = EDGE_CURVE('',#16562,#16541,#16578,.T.);
#16578 = SURFACE_CURVE('',#16579,(#16583),.PCURVE_S1.);
#16579 = LINE('',#16580,#16581);
#16580 = CARTESIAN_POINT('',(0.,0.,342.05));
#16581 = VECTOR('',#16582,1.);
#16582 = DIRECTION('',(0.604671300524,0.43931895216,0.664357943127));
#16583 = PCURVE('',#16549,#16584);
#16584 = DEFINITIONAL_REPRESENTATION('',(#16585),#16589);
#16585 = LINE('',#16586,#16587);
#16586 = CARTESIAN_POINT('',(-9.278017763303,-5.337109776071));
#16587 = VECTOR('',#16588,1.);
#16588 = DIRECTION('',(0.866815468643,0.498629063855));
#16589 = ( GEOMETRIC_REPRESENTATION_CONTEXT(2) 
PARAMETRIC_REPRESENTATION_CONTEXT() REPRESENTATION_CONTEXT('2D SPACE',''
  ) );
#16590 = ( GEOMETRIC_REPRESENTATION_CONTEXT(3) 
GLOBAL_UNCERTAINTY_ASSIGNED_CONTEXT((#16594)) 
GLOBAL_UNIT_ASSIGNED_CONTEXT((#16591,#16592,#16593)) 
REPRESENTATION_CONTEXT('Context #1',
  '3D Context with UNIT and UNCERTAINTY') );
#16591 = ( LENGTH_UNIT() NAMED_UNIT(*) SI_UNIT(.MILLI.,.METRE.) );
#16592 = ( NAMED_UNIT(*) PLANE_ANGLE_UNIT() SI_UNIT($,.RADIAN.) );
#16593 = ( NAMED_UNIT(*) SI_UNIT($,.STERADIAN.) SOLID_ANGLE_UNIT() );
#16594 = UNCERTAINTY_MEASURE_WITH_UNIT(LENGTH_MEASURE(1.E-07),#16591,
  'distance_accuracy_value','confusion accuracy');
#16595 = CONTEXT_DEPENDENT_SHAPE_REPRESENTATION(#16596,#16598);
#16596 = ( REPRESENTATION_RELATIONSHIP('','',#16531,#10) 
REPRESENTATION_RELATIONSHIP_WITH_TRANSFORMATION(#16597) 
SHAPE_REPRESENTATION_RELATIONSHIP() );
#16597 = ITEM_DEFINED_TRANSFORMATION('','',#11,#827);
#16598 = PRODUCT_DEFINITION_SHAPE('Placement','Placement of an item',
  #16599);
#16599 = NEXT_ASSEMBLY_USAGE_OCCURRENCE('1968','','',#5,#16526,$);
#16600 = PRODUCT_RELATED_PRODUCT_CATEGORY('part',$,(#16528));
#16601 = SHAPE_DEFINITION_REPRESENTATION(#16602,#16608);
#16602 = PRODUCT_DEFINITION_SHAPE('','',#16603);
#16603 = PRODUCT_DEFINITION('design','',#16604,#16607);
#16604 = PRODUCT_DEFINITION_FORMATION('','',#16605);
#16605 = PRODUCT('Open CASCADE STEP translator 7.9 2.205',
  'Open CASCADE STEP translator 7.9 2.205','',(#16606));
#16606 = PRODUCT_CONTEXT('',#2,'mechanical');
#16607 = PRODUCT_DEFINITION_CONTEXT('part definition',#2,'design');
#16608 = MANIFOLD_SURFACE_SHAPE_REPRESENTATION('',(#11,#16609),#16667);
#16609 = SHELL_BASED_SURFACE_MODEL('',(#16610));
#16610 = OPEN_SHELL('',(#16611));
#16611 = ADVANCED_FACE('',(#16612),#16626,.T.);
#16612 = FACE_BOUND('',#16613,.T.);
#16613 = EDGE_LOOP('',(#16614,#16637,#16653));
#16614 = ORIENTED_EDGE('',*,*,#16615,.T.);
#16615 = EDGE_CURVE('',#16616,#16618,#16620,.T.);
#16616 = VERTEX_POINT('',#16617);
#16617 = CARTESIAN_POINT('',(-2.47214,7.60845,349.161));
#16618 = VERTEX_POINT('',#16619);
#16619 = CARTESIAN_POINT('',(0.,0.,342.05));
#16620 = SURFACE_CURVE('',#16621,(#16625),.PCURVE_S1.);
#16621 = LINE('',#16622,#16623);
#16622 = CARTESIAN_POINT('',(-2.47214,7.60845,349.161));
#16623 = VECTOR('',#16624,1.);
#16624 = DIRECTION('',(0.230964164503,-0.710833244643,-0.66435807591));
#16625 = PCURVE('',#16626,#16631);
#16626 = PLANE('',#16627);
#16627 = AXIS2_PLACEMENT_3D('',#16628,#16629,#16630);
#16628 = CARTESIAN_POINT('',(-2.47214,7.60845,349.161));
#16629 = DIRECTION('',(0.104646638806,-0.660710360508,0.743310769802));
#16630 = DIRECTION('',(0.,0.747414473244,0.664358039905));
#16631 = DEFINITIONAL_REPRESENTATION('',(#16632),#16636);
#16632 = LINE('',#16633,#16634);
#16633 = CARTESIAN_POINT('',(0.,0.));
#16634 = VECTOR('',#16635,1.);
#16635 = DIRECTION('',(-0.972658684215,-0.232239281823));
#16636 = ( GEOMETRIC_REPRESENTATION_CONTEXT(2) 
PARAMETRIC_REPRESENTATION_CONTEXT() REPRESENTATION_CONTEXT('2D SPACE',''
  ) );
#16637 = ORIENTED_EDGE('',*,*,#16638,.F.);
#16638 = EDGE_CURVE('',#16639,#16618,#16641,.T.);
#16639 = VERTEX_POINT('',#16640);
#16640 = CARTESIAN_POINT('',(0.,8.,349.161));
#16641 = SURFACE_CURVE('',#16642,(#16646),.PCURVE_S1.);
#16642 = LINE('',#16643,#16644);
#16643 = CARTESIAN_POINT('',(0.,8.,349.161));
#16644 = VECTOR('',#16645,1.);
#16645 = DIRECTION('',(0.,-0.747414473244,-0.664358039905));
#16646 = PCURVE('',#16626,#16647);
#16647 = DEFINITIONAL_REPRESENTATION('',(#16648),#16652);
#16648 = LINE('',#16649,#16650);
#16649 = CARTESIAN_POINT('',(0.292650136999,-2.485788301408));
#16650 = VECTOR('',#16651,1.);
#16651 = DIRECTION('',(-1.,2.081668171172E-17));
#16652 = ( GEOMETRIC_REPRESENTATION_CONTEXT(2) 
PARAMETRIC_REPRESENTATION_CONTEXT() REPRESENTATION_CONTEXT('2D SPACE',''
  ) );
#16653 = ORIENTED_EDGE('',*,*,#16654,.F.);
#16654 = EDGE_CURVE('',#16616,#16639,#16655,.T.);
#16655 = SURFACE_CURVE('',#16656,(#16660),.PCURVE_S1.);
#16656 = LINE('',#16657,#16658);
#16657 = CARTESIAN_POINT('',(-2.47214,7.60845,349.161));
#16658 = VECTOR('',#16659,1.);
#16659 = DIRECTION('',(0.987688248635,0.15643504565,0.));
#16660 = PCURVE('',#16626,#16661);
#16661 = DEFINITIONAL_REPRESENTATION('',(#16662),#16666);
#16662 = LINE('',#16663,#16664);
#16663 = CARTESIAN_POINT('',(0.,0.));
#16664 = VECTOR('',#16665,1.);
#16665 = DIRECTION('',(0.116921817241,-0.993141122224));
#16666 = ( GEOMETRIC_REPRESENTATION_CONTEXT(2) 
PARAMETRIC_REPRESENTATION_CONTEXT() REPRESENTATION_CONTEXT('2D SPACE',''
  ) );
#16667 = ( GEOMETRIC_REPRESENTATION_CONTEXT(3) 
GLOBAL_UNCERTAINTY_ASSIGNED_CONTEXT((#16671)) 
GLOBAL_UNIT_ASSIGNED_CONTEXT((#16668,#16669,#16670)) 
REPRESENTATION_CONTEXT('Context #1',
  '3D Context with UNIT and UNCERTAINTY') );
#16668 = ( LENGTH_UNIT() NAMED_UNIT(*) SI_UNIT(.MILLI.,.METRE.) );
#16669 = ( NAMED_UNIT(*) PLANE_ANGLE_UNIT() SI_UNIT($,.RADIAN.) );
#16670 = ( NAMED_UNIT(*) SI_UNIT($,.STERADIAN.) SOLID_ANGLE_UNIT() );
#16671 = UNCERTAINTY_MEASURE_WITH_UNIT(LENGTH_MEASURE(1.E-07),#16668,
  'distance_accuracy_value','confusion accuracy');
#16672 = CONTEXT_DEPENDENT_SHAPE_REPRESENTATION(#16673,#16675);
#16673 = ( REPRESENTATION_RELATIONSHIP('','',#16608,#10) 
REPRESENTATION_RELATIONSHIP_WITH_TRANSFORMATION(#16674) 
SHAPE_REPRESENTATION_RELATIONSHIP() );
#16674 = ITEM_DEFINED_TRANSFORMATION('','',#11,#831);
#16675 = PRODUCT_DEFINITION_SHAPE('Placement','Placement of an item',
  #16676);
#16676 = NEXT_ASSEMBLY_USAGE_OCCURRENCE('1969','','',#5,#16603,$);
#16677 = PRODUCT_RELATED_PRODUCT_CATEGORY('part',$,(#16605));
#16678 = SHAPE_DEFINITION_REPRESENTATION(#16679,#16685);
#16679 = PRODUCT_DEFINITION_SHAPE('','',#16680);
#16680 = PRODUCT_DEFINITION('design','',#16681,#16684);
#16681 = PRODUCT_DEFINITION_FORMATION('','',#16682);
#16682 = PRODUCT('Open CASCADE STEP translator 7.9 2.206',
  'Open CASCADE STEP translator 7.9 2.206','',(#16683));
#16683 = PRODUCT_CONTEXT('',#2,'mechanical');
#16684 = PRODUCT_DEFINITION_CONTEXT('part definition',#2,'design');
#16685 = MANIFOLD_SURFACE_SHAPE_REPRESENTATION('',(#11,#16686),#16744);
#16686 = SHELL_BASED_SURFACE_MODEL('',(#16687));
#16687 = OPEN_SHELL('',(#16688));
#16688 = ADVANCED_FACE('',(#16689),#16703,.T.);
#16689 = FACE_BOUND('',#16690,.T.);
#16690 = EDGE_LOOP('',(#16691,#16714,#16730));
#16691 = ORIENTED_EDGE('',*,*,#16692,.F.);
#16692 = EDGE_CURVE('',#16693,#16695,#16697,.T.);
#16693 = VERTEX_POINT('',#16694);
#16694 = CARTESIAN_POINT('',(-4.70228,-6.47214,349.161));
#16695 = VERTEX_POINT('',#16696);
#16696 = CARTESIAN_POINT('',(-6.47214,-4.70228,349.161));
#16697 = SURFACE_CURVE('',#16698,(#16702),.PCURVE_S1.);
#16698 = LINE('',#16699,#16700);
#16699 = CARTESIAN_POINT('',(-4.70228,-6.47214,349.161));
#16700 = VECTOR('',#16701,1.);
#16701 = DIRECTION('',(-0.707106781187,0.707106781187,0.));
#16702 = PCURVE('',#16703,#16708);
#16703 = PLANE('',#16704);
#16704 = AXIS2_PLACEMENT_3D('',#16705,#16706,#16707);
#16705 = CARTESIAN_POINT('',(-6.47214,-4.70228,349.161));
#16706 = DIRECTION('',(0.473016365348,0.473016365348,0.743310861098));
#16707 = DIRECTION('',(0.843661301204,2.775557561563E-17,-0.536875785308
    ));
#16708 = DEFINITIONAL_REPRESENTATION('',(#16709),#16713);
#16709 = LINE('',#16710,#16711);
#16710 = CARTESIAN_POINT('',(1.493162390549,-2.008799371428));
#16711 = VECTOR('',#16712,1.);
#16712 = DIRECTION('',(-0.596558627106,0.802569501305));
#16713 = ( GEOMETRIC_REPRESENTATION_CONTEXT(2) 
PARAMETRIC_REPRESENTATION_CONTEXT() REPRESENTATION_CONTEXT('2D SPACE',''
  ) );
#16714 = ORIENTED_EDGE('',*,*,#16715,.T.);
#16715 = EDGE_CURVE('',#16693,#16716,#16718,.T.);
#16716 = VERTEX_POINT('',#16717);
#16717 = CARTESIAN_POINT('',(0.,0.,342.05));
#16718 = SURFACE_CURVE('',#16719,(#16723),.PCURVE_S1.);
#16719 = LINE('',#16720,#16721);
#16720 = CARTESIAN_POINT('',(-4.70228,-6.47214,349.161));
#16721 = VECTOR('',#16722,1.);
#16722 = DIRECTION('',(0.43931895216,0.604671300524,-0.664357943127));
#16723 = PCURVE('',#16703,#16724);
#16724 = DEFINITIONAL_REPRESENTATION('',(#16725),#16729);
#16725 = LINE('',#16726,#16727);
#16726 = CARTESIAN_POINT('',(1.493162390549,-2.008799371428));
#16727 = VECTOR('',#16728,1.);
#16728 = DIRECTION('',(0.727314091265,0.686304752022));
#16729 = ( GEOMETRIC_REPRESENTATION_CONTEXT(2) 
PARAMETRIC_REPRESENTATION_CONTEXT() REPRESENTATION_CONTEXT('2D SPACE',''
  ) );
#16730 = ORIENTED_EDGE('',*,*,#16731,.F.);
#16731 = EDGE_CURVE('',#16695,#16716,#16732,.T.);
#16732 = SURFACE_CURVE('',#16733,(#16737),.PCURVE_S1.);
#16733 = LINE('',#16734,#16735);
#16734 = CARTESIAN_POINT('',(-6.47214,-4.70228,349.161));
#16735 = VECTOR('',#16736,1.);
#16736 = DIRECTION('',(0.604671300524,0.43931895216,-0.664357943127));
#16737 = PCURVE('',#16703,#16738);
#16738 = DEFINITIONAL_REPRESENTATION('',(#16739),#16743);
#16739 = LINE('',#16740,#16741);
#16740 = CARTESIAN_POINT('',(0.,0.));
#16741 = VECTOR('',#16742,1.);
#16742 = DIRECTION('',(0.866815468643,0.498629063855));
#16743 = ( GEOMETRIC_REPRESENTATION_CONTEXT(2) 
PARAMETRIC_REPRESENTATION_CONTEXT() REPRESENTATION_CONTEXT('2D SPACE',''
  ) );
#16744 = ( GEOMETRIC_REPRESENTATION_CONTEXT(3) 
GLOBAL_UNCERTAINTY_ASSIGNED_CONTEXT((#16748)) 
GLOBAL_UNIT_ASSIGNED_CONTEXT((#16745,#16746,#16747)) 
REPRESENTATION_CONTEXT('Context #1',
  '3D Context with UNIT and UNCERTAINTY') );
#16745 = ( LENGTH_UNIT() NAMED_UNIT(*) SI_UNIT(.MILLI.,.METRE.) );
#16746 = ( NAMED_UNIT(*) PLANE_ANGLE_UNIT() SI_UNIT($,.RADIAN.) );
#16747 = ( NAMED_UNIT(*) SI_UNIT($,.STERADIAN.) SOLID_ANGLE_UNIT() );
#16748 = UNCERTAINTY_MEASURE_WITH_UNIT(LENGTH_MEASURE(1.E-07),#16745,
  'distance_accuracy_value','confusion accuracy');
#16749 = CONTEXT_DEPENDENT_SHAPE_REPRESENTATION(#16750,#16752);
#16750 = ( REPRESENTATION_RELATIONSHIP('','',#16685,#10) 
REPRESENTATION_RELATIONSHIP_WITH_TRANSFORMATION(#16751) 
SHAPE_REPRESENTATION_RELATIONSHIP() );
#16751 = ITEM_DEFINED_TRANSFORMATION('','',#11,#835);
#16752 = PRODUCT_DEFINITION_SHAPE('Placement','Placement of an item',
  #16753);
#16753 = NEXT_ASSEMBLY_USAGE_OCCURRENCE('1970','','',#5,#16680,$);
#16754 = PRODUCT_RELATED_PRODUCT_CATEGORY('part',$,(#16682));
#16755 = SHAPE_DEFINITION_REPRESENTATION(#16756,#16762);
#16756 = PRODUCT_DEFINITION_SHAPE('','',#16757);
#16757 = PRODUCT_DEFINITION('design','',#16758,#16761);
#16758 = PRODUCT_DEFINITION_FORMATION('','',#16759);
#16759 = PRODUCT('Open CASCADE STEP translator 7.9 2.207',
  'Open CASCADE STEP translator 7.9 2.207','',(#16760));
#16760 = PRODUCT_CONTEXT('',#2,'mechanical');
#16761 = PRODUCT_DEFINITION_CONTEXT('part definition',#2,'design');
#16762 = MANIFOLD_SURFACE_SHAPE_REPRESENTATION('',(#11,#16763),#16821);
#16763 = SHELL_BASED_SURFACE_MODEL('',(#16764));
#16764 = OPEN_SHELL('',(#16765));
#16765 = ADVANCED_FACE('',(#16766),#16780,.T.);
#16766 = FACE_BOUND('',#16767,.T.);
#16767 = EDGE_LOOP('',(#16768,#16791,#16807));
#16768 = ORIENTED_EDGE('',*,*,#16769,.T.);
#16769 = EDGE_CURVE('',#16770,#16772,#16774,.T.);
#16770 = VERTEX_POINT('',#16771);
#16771 = CARTESIAN_POINT('',(0.,0.,342.05));
#16772 = VERTEX_POINT('',#16773);
#16773 = CARTESIAN_POINT('',(-7.60845,2.47214,349.161));
#16774 = SURFACE_CURVE('',#16775,(#16779),.PCURVE_S1.);
#16775 = LINE('',#16776,#16777);
#16776 = CARTESIAN_POINT('',(0.,0.,342.05));
#16777 = VECTOR('',#16778,1.);
#16778 = DIRECTION('',(-0.710833244643,0.230964164503,0.66435807591));
#16779 = PCURVE('',#16780,#16785);
#16780 = PLANE('',#16781);
#16781 = AXIS2_PLACEMENT_3D('',#16782,#16783,#16784);
#16782 = CARTESIAN_POINT('',(0.,0.,342.05));
#16783 = DIRECTION('',(0.660710360508,-0.104646638806,0.743310769802));
#16784 = DIRECTION('',(0.747414473244,0.,-0.664358039905));
#16785 = DEFINITIONAL_REPRESENTATION('',(#16786),#16790);
#16786 = LINE('',#16787,#16788);
#16787 = CARTESIAN_POINT('',(0.,0.));
#16788 = VECTOR('',#16789,1.);
#16789 = DIRECTION('',(-0.972658684215,0.232239281823));
#16790 = ( GEOMETRIC_REPRESENTATION_CONTEXT(2) 
PARAMETRIC_REPRESENTATION_CONTEXT() REPRESENTATION_CONTEXT('2D SPACE',''
  ) );
#16791 = ORIENTED_EDGE('',*,*,#16792,.F.);
#16792 = EDGE_CURVE('',#16793,#16772,#16795,.T.);
#16793 = VERTEX_POINT('',#16794);
#16794 = CARTESIAN_POINT('',(-8.,0.,349.161));
#16795 = SURFACE_CURVE('',#16796,(#16800),.PCURVE_S1.);
#16796 = LINE('',#16797,#16798);
#16797 = CARTESIAN_POINT('',(-8.,0.,349.161));
#16798 = VECTOR('',#16799,1.);
#16799 = DIRECTION('',(0.15643504565,0.987688248635,0.));
#16800 = PCURVE('',#16780,#16801);
#16801 = DEFINITIONAL_REPRESENTATION('',(#16802),#16806);
#16802 = LINE('',#16803,#16804);
#16803 = CARTESIAN_POINT('',(-10.70356580771,-1.110223024625E-16));
#16804 = VECTOR('',#16805,1.);
#16805 = DIRECTION('',(0.116921817241,0.993141122224));
#16806 = ( GEOMETRIC_REPRESENTATION_CONTEXT(2) 
PARAMETRIC_REPRESENTATION_CONTEXT() REPRESENTATION_CONTEXT('2D SPACE',''
  ) );
#16807 = ORIENTED_EDGE('',*,*,#16808,.F.);
#16808 = EDGE_CURVE('',#16770,#16793,#16809,.T.);
#16809 = SURFACE_CURVE('',#16810,(#16814),.PCURVE_S1.);
#16810 = LINE('',#16811,#16812);
#16811 = CARTESIAN_POINT('',(0.,0.,342.05));
#16812 = VECTOR('',#16813,1.);
#16813 = DIRECTION('',(-0.747414473244,0.,0.664358039905));
#16814 = PCURVE('',#16780,#16815);
#16815 = DEFINITIONAL_REPRESENTATION('',(#16816),#16820);
#16816 = LINE('',#16817,#16818);
#16817 = CARTESIAN_POINT('',(0.,0.));
#16818 = VECTOR('',#16819,1.);
#16819 = DIRECTION('',(-1.,0.));
#16820 = ( GEOMETRIC_REPRESENTATION_CONTEXT(2) 
PARAMETRIC_REPRESENTATION_CONTEXT() REPRESENTATION_CONTEXT('2D SPACE',''
  ) );
#16821 = ( GEOMETRIC_REPRESENTATION_CONTEXT(3) 
GLOBAL_UNCERTAINTY_ASSIGNED_CONTEXT((#16825)) 
GLOBAL_UNIT_ASSIGNED_CONTEXT((#16822,#16823,#16824)) 
REPRESENTATION_CONTEXT('Context #1',
  '3D Context with UNIT and UNCERTAINTY') );
#16822 = ( LENGTH_UNIT() NAMED_UNIT(*) SI_UNIT(.MILLI.,.METRE.) );
#16823 = ( NAMED_UNIT(*) PLANE_ANGLE_UNIT() SI_UNIT($,.RADIAN.) );
#16824 = ( NAMED_UNIT(*) SI_UNIT($,.STERADIAN.) SOLID_ANGLE_UNIT() );
#16825 = UNCERTAINTY_MEASURE_WITH_UNIT(LENGTH_MEASURE(1.E-07),#16822,
  'distance_accuracy_value','confusion accuracy');
#16826 = CONTEXT_DEPENDENT_SHAPE_REPRESENTATION(#16827,#16829);
#16827 = ( REPRESENTATION_RELATIONSHIP('','',#16762,#10) 
REPRESENTATION_RELATIONSHIP_WITH_TRANSFORMATION(#16828) 
SHAPE_REPRESENTATION_RELATIONSHIP() );
#16828 = ITEM_DEFINED_TRANSFORMATION('','',#11,#839);
#16829 = PRODUCT_DEFINITION_SHAPE('Placement','Placement of an item',
  #16830);
#16830 = NEXT_ASSEMBLY_USAGE_OCCURRENCE('1971','','',#5,#16757,$);
#16831 = PRODUCT_RELATED_PRODUCT_CATEGORY('part',$,(#16759));
#16832 = SHAPE_DEFINITION_REPRESENTATION(#16833,#16839);
#16833 = PRODUCT_DEFINITION_SHAPE('','',#16834);
#16834 = PRODUCT_DEFINITION('design','',#16835,#16838);
#16835 = PRODUCT_DEFINITION_FORMATION('','',#16836);
#16836 = PRODUCT('Open CASCADE STEP translator 7.9 2.208',
  'Open CASCADE STEP translator 7.9 2.208','',(#16837));
#16837 = PRODUCT_CONTEXT('',#2,'mechanical');
#16838 = PRODUCT_DEFINITION_CONTEXT('part definition',#2,'design');
#16839 = MANIFOLD_SURFACE_SHAPE_REPRESENTATION('',(#11,#16840),#16898);
#16840 = SHELL_BASED_SURFACE_MODEL('',(#16841));
#16841 = OPEN_SHELL('',(#16842));
#16842 = ADVANCED_FACE('',(#16843),#16857,.T.);
#16843 = FACE_BOUND('',#16844,.T.);
#16844 = EDGE_LOOP('',(#16845,#16868,#16884));
#16845 = ORIENTED_EDGE('',*,*,#16846,.F.);
#16846 = EDGE_CURVE('',#16847,#16849,#16851,.T.);
#16847 = VERTEX_POINT('',#16848);
#16848 = CARTESIAN_POINT('',(-6.47214,4.70228,349.161));
#16849 = VERTEX_POINT('',#16850);
#16850 = CARTESIAN_POINT('',(-4.70228,6.47214,349.161));
#16851 = SURFACE_CURVE('',#16852,(#16856),.PCURVE_S1.);
#16852 = LINE('',#16853,#16854);
#16853 = CARTESIAN_POINT('',(-6.47214,4.70228,349.161));
#16854 = VECTOR('',#16855,1.);
#16855 = DIRECTION('',(0.707106781187,0.707106781187,0.));
#16856 = PCURVE('',#16857,#16862);
#16857 = PLANE('',#16858);
#16858 = AXIS2_PLACEMENT_3D('',#16859,#16860,#16861);
#16859 = CARTESIAN_POINT('',(-4.70228,6.47214,349.161));
#16860 = DIRECTION('',(0.473016365348,-0.473016365348,0.743310861098));
#16861 = DIRECTION('',(0.843661301204,-2.775557561563E-17,
    -0.536875785308));
#16862 = DEFINITIONAL_REPRESENTATION('',(#16863),#16867);
#16863 = LINE('',#16864,#16865);
#16864 = CARTESIAN_POINT('',(-1.493162390549,-2.008799371428));
#16865 = VECTOR('',#16866,1.);
#16866 = DIRECTION('',(0.596558627106,0.802569501305));
#16867 = ( GEOMETRIC_REPRESENTATION_CONTEXT(2) 
PARAMETRIC_REPRESENTATION_CONTEXT() REPRESENTATION_CONTEXT('2D SPACE',''
  ) );
#16868 = ORIENTED_EDGE('',*,*,#16869,.T.);
#16869 = EDGE_CURVE('',#16847,#16870,#16872,.T.);
#16870 = VERTEX_POINT('',#16871);
#16871 = CARTESIAN_POINT('',(0.,0.,342.05));
#16872 = SURFACE_CURVE('',#16873,(#16877),.PCURVE_S1.);
#16873 = LINE('',#16874,#16875);
#16874 = CARTESIAN_POINT('',(-6.47214,4.70228,349.161));
#16875 = VECTOR('',#16876,1.);
#16876 = DIRECTION('',(0.604671300524,-0.43931895216,-0.664357943127));
#16877 = PCURVE('',#16857,#16878);
#16878 = DEFINITIONAL_REPRESENTATION('',(#16879),#16883);
#16879 = LINE('',#16880,#16881);
#16880 = CARTESIAN_POINT('',(-1.493162390549,-2.008799371428));
#16881 = VECTOR('',#16882,1.);
#16882 = DIRECTION('',(0.866815468643,-0.498629063855));
#16883 = ( GEOMETRIC_REPRESENTATION_CONTEXT(2) 
PARAMETRIC_REPRESENTATION_CONTEXT() REPRESENTATION_CONTEXT('2D SPACE',''
  ) );
#16884 = ORIENTED_EDGE('',*,*,#16885,.T.);
#16885 = EDGE_CURVE('',#16870,#16849,#16886,.T.);
#16886 = SURFACE_CURVE('',#16887,(#16891),.PCURVE_S1.);
#16887 = LINE('',#16888,#16889);
#16888 = CARTESIAN_POINT('',(0.,0.,342.05));
#16889 = VECTOR('',#16890,1.);
#16890 = DIRECTION('',(-0.43931895216,0.604671300524,0.664357943127));
#16891 = PCURVE('',#16857,#16892);
#16892 = DEFINITIONAL_REPRESENTATION('',(#16893),#16897);
#16893 = LINE('',#16894,#16895);
#16894 = CARTESIAN_POINT('',(7.784855372753,-7.345909147499));
#16895 = VECTOR('',#16896,1.);
#16896 = DIRECTION('',(-0.727314091265,0.686304752022));
#16897 = ( GEOMETRIC_REPRESENTATION_CONTEXT(2) 
PARAMETRIC_REPRESENTATION_CONTEXT() REPRESENTATION_CONTEXT('2D SPACE',''
  ) );
#16898 = ( GEOMETRIC_REPRESENTATION_CONTEXT(3) 
GLOBAL_UNCERTAINTY_ASSIGNED_CONTEXT((#16902)) 
GLOBAL_UNIT_ASSIGNED_CONTEXT((#16899,#16900,#16901)) 
REPRESENTATION_CONTEXT('Context #1',
  '3D Context with UNIT and UNCERTAINTY') );
#16899 = ( LENGTH_UNIT() NAMED_UNIT(*) SI_UNIT(.MILLI.,.METRE.) );
#16900 = ( NAMED_UNIT(*) PLANE_ANGLE_UNIT() SI_UNIT($,.RADIAN.) );
#16901 = ( NAMED_UNIT(*) SI_UNIT($,.STERADIAN.) SOLID_ANGLE_UNIT() );
#16902 = UNCERTAINTY_MEASURE_WITH_UNIT(LENGTH_MEASURE(1.E-07),#16899,
  'distance_accuracy_value','confusion accuracy');
#16903 = CONTEXT_DEPENDENT_SHAPE_REPRESENTATION(#16904,#16906);
#16904 = ( REPRESENTATION_RELATIONSHIP('','',#16839,#10) 
REPRESENTATION_RELATIONSHIP_WITH_TRANSFORMATION(#16905) 
SHAPE_REPRESENTATION_RELATIONSHIP() );
#16905 = ITEM_DEFINED_TRANSFORMATION('','',#11,#843);
#16906 = PRODUCT_DEFINITION_SHAPE('Placement','Placement of an item',
  #16907);
#16907 = NEXT_ASSEMBLY_USAGE_OCCURRENCE('1972','','',#5,#16834,$);
#16908 = PRODUCT_RELATED_PRODUCT_CATEGORY('part',$,(#16836));
#16909 = SHAPE_DEFINITION_REPRESENTATION(#16910,#16916);
#16910 = PRODUCT_DEFINITION_SHAPE('','',#16911);
#16911 = PRODUCT_DEFINITION('design','',#16912,#16915);
#16912 = PRODUCT_DEFINITION_FORMATION('','',#16913);
#16913 = PRODUCT('Open CASCADE STEP translator 7.9 2.209',
  'Open CASCADE STEP translator 7.9 2.209','',(#16914));
#16914 = PRODUCT_CONTEXT('',#2,'mechanical');
#16915 = PRODUCT_DEFINITION_CONTEXT('part definition',#2,'design');
#16916 = MANIFOLD_SURFACE_SHAPE_REPRESENTATION('',(#11,#16917),#16975);
#16917 = SHELL_BASED_SURFACE_MODEL('',(#16918));
#16918 = OPEN_SHELL('',(#16919));
#16919 = ADVANCED_FACE('',(#16920),#16934,.T.);
#16920 = FACE_BOUND('',#16921,.T.);
#16921 = EDGE_LOOP('',(#16922,#16945,#16961));
#16922 = ORIENTED_EDGE('',*,*,#16923,.F.);
#16923 = EDGE_CURVE('',#16924,#16926,#16928,.T.);
#16924 = VERTEX_POINT('',#16925);
#16925 = CARTESIAN_POINT('',(2.47214,7.60845,349.161));
#16926 = VERTEX_POINT('',#16927);
#16927 = CARTESIAN_POINT('',(4.70228,6.47214,349.161));
#16928 = SURFACE_CURVE('',#16929,(#16933),.PCURVE_S1.);
#16929 = LINE('',#16930,#16931);
#16930 = CARTESIAN_POINT('',(2.47214,7.60845,349.161));
#16931 = VECTOR('',#16932,1.);
#16932 = DIRECTION('',(0.891007022916,-0.453989520931,0.));
#16933 = PCURVE('',#16934,#16939);
#16934 = PLANE('',#16935);
#16935 = AXIS2_PLACEMENT_3D('',#16936,#16937,#16938);
#16936 = CARTESIAN_POINT('',(4.70228,6.47214,349.161));
#16937 = DIRECTION('',(-0.303694548847,-0.596035730713,0.743310856044));
#16938 = DIRECTION('',(0.,0.780158156437,0.625582329469));
#16939 = DEFINITIONAL_REPRESENTATION('',(#16940),#16944);
#16940 = LINE('',#16941,#16942);
#16941 = CARTESIAN_POINT('',(0.886501514741,2.340692183962));
#16942 = VECTOR('',#16943,1.);
#16943 = DIRECTION('',(-0.354183627691,-0.935175896757));
#16944 = ( GEOMETRIC_REPRESENTATION_CONTEXT(2) 
PARAMETRIC_REPRESENTATION_CONTEXT() REPRESENTATION_CONTEXT('2D SPACE',''
  ) );
#16945 = ORIENTED_EDGE('',*,*,#16946,.F.);
#16946 = EDGE_CURVE('',#16947,#16924,#16949,.T.);
#16947 = VERTEX_POINT('',#16948);
#16948 = CARTESIAN_POINT('',(0.,0.,342.05));
#16949 = SURFACE_CURVE('',#16950,(#16954),.PCURVE_S1.);
#16950 = LINE('',#16951,#16952);
#16951 = CARTESIAN_POINT('',(0.,0.,342.05));
#16952 = VECTOR('',#16953,1.);
#16953 = DIRECTION('',(0.230964164503,0.710833244643,0.66435807591));
#16954 = PCURVE('',#16934,#16955);
#16955 = DEFINITIONAL_REPRESENTATION('',(#16956),#16960);
#16956 = LINE('',#16957,#16958);
#16957 = CARTESIAN_POINT('',(-9.497808755461,4.935380757621));
#16958 = VECTOR('',#16959,1.);
#16959 = DIRECTION('',(0.970173026404,-0.242413487327));
#16960 = ( GEOMETRIC_REPRESENTATION_CONTEXT(2) 
PARAMETRIC_REPRESENTATION_CONTEXT() REPRESENTATION_CONTEXT('2D SPACE',''
  ) );
#16961 = ORIENTED_EDGE('',*,*,#16962,.F.);
#16962 = EDGE_CURVE('',#16926,#16947,#16963,.T.);
#16963 = SURFACE_CURVE('',#16964,(#16968),.PCURVE_S1.);
#16964 = LINE('',#16965,#16966);
#16965 = CARTESIAN_POINT('',(4.70228,6.47214,349.161));
#16966 = VECTOR('',#16967,1.);
#16967 = DIRECTION('',(-0.43931895216,-0.604671300524,-0.664357943127));
#16968 = PCURVE('',#16934,#16969);
#16969 = DEFINITIONAL_REPRESENTATION('',(#16970),#16974);
#16970 = LINE('',#16971,#16972);
#16971 = CARTESIAN_POINT('',(0.,0.));
#16972 = VECTOR('',#16973,1.);
#16973 = DIRECTION('',(-0.88734983673,0.461096808983));
#16974 = ( GEOMETRIC_REPRESENTATION_CONTEXT(2) 
PARAMETRIC_REPRESENTATION_CONTEXT() REPRESENTATION_CONTEXT('2D SPACE',''
  ) );
#16975 = ( GEOMETRIC_REPRESENTATION_CONTEXT(3) 
GLOBAL_UNCERTAINTY_ASSIGNED_CONTEXT((#16979)) 
GLOBAL_UNIT_ASSIGNED_CONTEXT((#16976,#16977,#16978)) 
REPRESENTATION_CONTEXT('Context #1',
  '3D Context with UNIT and UNCERTAINTY') );
#16976 = ( LENGTH_UNIT() NAMED_UNIT(*) SI_UNIT(.MILLI.,.METRE.) );
#16977 = ( NAMED_UNIT(*) PLANE_ANGLE_UNIT() SI_UNIT($,.RADIAN.) );
#16978 = ( NAMED_UNIT(*) SI_UNIT($,.STERADIAN.) SOLID_ANGLE_UNIT() );
#16979 = UNCERTAINTY_MEASURE_WITH_UNIT(LENGTH_MEASURE(1.E-07),#16976,
  'distance_accuracy_value','confusion accuracy');
#16980 = CONTEXT_DEPENDENT_SHAPE_REPRESENTATION(#16981,#16983);
#16981 = ( REPRESENTATION_RELATIONSHIP('','',#16916,#10) 
REPRESENTATION_RELATIONSHIP_WITH_TRANSFORMATION(#16982) 
SHAPE_REPRESENTATION_RELATIONSHIP() );
#16982 = ITEM_DEFINED_TRANSFORMATION('','',#11,#847);
#16983 = PRODUCT_DEFINITION_SHAPE('Placement','Placement of an item',
  #16984);
#16984 = NEXT_ASSEMBLY_USAGE_OCCURRENCE('1973','','',#5,#16911,$);
#16985 = PRODUCT_RELATED_PRODUCT_CATEGORY('part',$,(#16913));
#16986 = SHAPE_DEFINITION_REPRESENTATION(#16987,#16993);
#16987 = PRODUCT_DEFINITION_SHAPE('','',#16988);
#16988 = PRODUCT_DEFINITION('design','',#16989,#16992);
#16989 = PRODUCT_DEFINITION_FORMATION('','',#16990);
#16990 = PRODUCT('Open CASCADE STEP translator 7.9 2.210',
  'Open CASCADE STEP translator 7.9 2.210','',(#16991));
#16991 = PRODUCT_CONTEXT('',#2,'mechanical');
#16992 = PRODUCT_DEFINITION_CONTEXT('part definition',#2,'design');
#16993 = MANIFOLD_SURFACE_SHAPE_REPRESENTATION('',(#11,#16994),#17052);
#16994 = SHELL_BASED_SURFACE_MODEL('',(#16995));
#16995 = OPEN_SHELL('',(#16996));
#16996 = ADVANCED_FACE('',(#16997),#17011,.T.);
#16997 = FACE_BOUND('',#16998,.T.);
#16998 = EDGE_LOOP('',(#16999,#17022,#17038));
#16999 = ORIENTED_EDGE('',*,*,#17000,.F.);
#17000 = EDGE_CURVE('',#17001,#17003,#17005,.T.);
#17001 = VERTEX_POINT('',#17002);
#17002 = CARTESIAN_POINT('',(4.70228,-6.47214,349.161));
#17003 = VERTEX_POINT('',#17004);
#17004 = CARTESIAN_POINT('',(2.47214,-7.60845,349.161));
#17005 = SURFACE_CURVE('',#17006,(#17010),.PCURVE_S1.);
#17006 = LINE('',#17007,#17008);
#17007 = CARTESIAN_POINT('',(4.70228,-6.47214,349.161));
#17008 = VECTOR('',#17009,1.);
#17009 = DIRECTION('',(-0.891007022916,-0.453989520931,0.));
#17010 = PCURVE('',#17011,#17016);
#17011 = PLANE('',#17012);
#17012 = AXIS2_PLACEMENT_3D('',#17013,#17014,#17015);
#17013 = CARTESIAN_POINT('',(2.47214,-7.60845,349.161));
#17014 = DIRECTION('',(-0.303694548847,0.596035730713,0.743310856044));
#17015 = DIRECTION('',(0.,0.780158156437,-0.625582329469));
#17016 = DEFINITIONAL_REPRESENTATION('',(#17017),#17021);
#17017 = LINE('',#17018,#17019);
#17018 = CARTESIAN_POINT('',(0.886501514741,-2.340692183962));
#17019 = VECTOR('',#17020,1.);
#17020 = DIRECTION('',(-0.354183627691,0.935175896757));
#17021 = ( GEOMETRIC_REPRESENTATION_CONTEXT(2) 
PARAMETRIC_REPRESENTATION_CONTEXT() REPRESENTATION_CONTEXT('2D SPACE',''
  ) );
#17022 = ORIENTED_EDGE('',*,*,#17023,.T.);
#17023 = EDGE_CURVE('',#17001,#17024,#17026,.T.);
#17024 = VERTEX_POINT('',#17025);
#17025 = CARTESIAN_POINT('',(0.,0.,342.05));
#17026 = SURFACE_CURVE('',#17027,(#17031),.PCURVE_S1.);
#17027 = LINE('',#17028,#17029);
#17028 = CARTESIAN_POINT('',(4.70228,-6.47214,349.161));
#17029 = VECTOR('',#17030,1.);
#17030 = DIRECTION('',(-0.43931895216,0.604671300524,-0.664357943127));
#17031 = PCURVE('',#17011,#17032);
#17032 = DEFINITIONAL_REPRESENTATION('',(#17033),#17037);
#17033 = LINE('',#17034,#17035);
#17034 = CARTESIAN_POINT('',(0.886501514741,-2.340692183962));
#17035 = VECTOR('',#17036,1.);
#17036 = DIRECTION('',(0.88734983673,0.461096808983));
#17037 = ( GEOMETRIC_REPRESENTATION_CONTEXT(2) 
PARAMETRIC_REPRESENTATION_CONTEXT() REPRESENTATION_CONTEXT('2D SPACE',''
  ) );
#17038 = ORIENTED_EDGE('',*,*,#17039,.F.);
#17039 = EDGE_CURVE('',#17003,#17024,#17040,.T.);
#17040 = SURFACE_CURVE('',#17041,(#17045),.PCURVE_S1.);
#17041 = LINE('',#17042,#17043);
#17042 = CARTESIAN_POINT('',(2.47214,-7.60845,349.161));
#17043 = VECTOR('',#17044,1.);
#17044 = DIRECTION('',(-0.230964164503,0.710833244643,-0.66435807591));
#17045 = PCURVE('',#17011,#17046);
#17046 = DEFINITIONAL_REPRESENTATION('',(#17047),#17051);
#17047 = LINE('',#17048,#17049);
#17048 = CARTESIAN_POINT('',(0.,-0.));
#17049 = VECTOR('',#17050,1.);
#17050 = DIRECTION('',(0.970173026404,0.242413487327));
#17051 = ( GEOMETRIC_REPRESENTATION_CONTEXT(2) 
PARAMETRIC_REPRESENTATION_CONTEXT() REPRESENTATION_CONTEXT('2D SPACE',''
  ) );
#17052 = ( GEOMETRIC_REPRESENTATION_CONTEXT(3) 
GLOBAL_UNCERTAINTY_ASSIGNED_CONTEXT((#17056)) 
GLOBAL_UNIT_ASSIGNED_CONTEXT((#17053,#17054,#17055)) 
REPRESENTATION_CONTEXT('Context #1',
  '3D Context with UNIT and UNCERTAINTY') );
#17053 = ( LENGTH_UNIT() NAMED_UNIT(*) SI_UNIT(.MILLI.,.METRE.) );
#17054 = ( NAMED_UNIT(*) PLANE_ANGLE_UNIT() SI_UNIT($,.RADIAN.) );
#17055 = ( NAMED_UNIT(*) SI_UNIT($,.STERADIAN.) SOLID_ANGLE_UNIT() );
#17056 = UNCERTAINTY_MEASURE_WITH_UNIT(LENGTH_MEASURE(1.E-07),#17053,
  'distance_accuracy_value','confusion accuracy');
#17057 = CONTEXT_DEPENDENT_SHAPE_REPRESENTATION(#17058,#17060);
#17058 = ( REPRESENTATION_RELATIONSHIP('','',#16993,#10) 
REPRESENTATION_RELATIONSHIP_WITH_TRANSFORMATION(#17059) 
SHAPE_REPRESENTATION_RELATIONSHIP() );
#17059 = ITEM_DEFINED_TRANSFORMATION('','',#11,#851);
#17060 = PRODUCT_DEFINITION_SHAPE('Placement','Placement of an item',
  #17061);
#17061 = NEXT_ASSEMBLY_USAGE_OCCURRENCE('1974','','',#5,#16988,$);
#17062 = PRODUCT_RELATED_PRODUCT_CATEGORY('part',$,(#16990));
#17063 = SHAPE_DEFINITION_REPRESENTATION(#17064,#17070);
#17064 = PRODUCT_DEFINITION_SHAPE('','',#17065);
#17065 = PRODUCT_DEFINITION('design','',#17066,#17069);
#17066 = PRODUCT_DEFINITION_FORMATION('','',#17067);
#17067 = PRODUCT('Open CASCADE STEP translator 7.9 2.211',
  'Open CASCADE STEP translator 7.9 2.211','',(#17068));
#17068 = PRODUCT_CONTEXT('',#2,'mechanical');
#17069 = PRODUCT_DEFINITION_CONTEXT('part definition',#2,'design');
#17070 = MANIFOLD_SURFACE_SHAPE_REPRESENTATION('',(#11,#17071),#17129);
#17071 = SHELL_BASED_SURFACE_MODEL('',(#17072));
#17072 = OPEN_SHELL('',(#17073));
#17073 = ADVANCED_FACE('',(#17074),#17088,.T.);
#17074 = FACE_BOUND('',#17075,.T.);
#17075 = EDGE_LOOP('',(#17076,#17099,#17115));
#17076 = ORIENTED_EDGE('',*,*,#17077,.F.);
#17077 = EDGE_CURVE('',#17078,#17080,#17082,.T.);
#17078 = VERTEX_POINT('',#17079);
#17079 = CARTESIAN_POINT('',(6.47214,4.70228,349.161));
#17080 = VERTEX_POINT('',#17081);
#17081 = CARTESIAN_POINT('',(7.60845,2.47214,349.161));
#17082 = SURFACE_CURVE('',#17083,(#17087),.PCURVE_S1.);
#17083 = LINE('',#17084,#17085);
#17084 = CARTESIAN_POINT('',(6.47214,4.70228,349.161));
#17085 = VECTOR('',#17086,1.);
#17086 = DIRECTION('',(0.453989520931,-0.891007022916,0.));
#17087 = PCURVE('',#17088,#17093);
#17088 = PLANE('',#17089);
#17089 = AXIS2_PLACEMENT_3D('',#17090,#17091,#17092);
#17090 = CARTESIAN_POINT('',(7.60845,2.47214,349.161));
#17091 = DIRECTION('',(-0.596035730713,-0.303694548847,0.743310856044));
#17092 = DIRECTION('',(0.780158156437,0.,0.625582329469));
#17093 = DEFINITIONAL_REPRESENTATION('',(#17094),#17098);
#17094 = LINE('',#17095,#17096);
#17095 = CARTESIAN_POINT('',(-0.886501514741,2.340692183962));
#17096 = VECTOR('',#17097,1.);
#17097 = DIRECTION('',(0.354183627691,-0.935175896757));
#17098 = ( GEOMETRIC_REPRESENTATION_CONTEXT(2) 
PARAMETRIC_REPRESENTATION_CONTEXT() REPRESENTATION_CONTEXT('2D SPACE',''
  ) );
#17099 = ORIENTED_EDGE('',*,*,#17100,.F.);
#17100 = EDGE_CURVE('',#17101,#17078,#17103,.T.);
#17101 = VERTEX_POINT('',#17102);
#17102 = CARTESIAN_POINT('',(0.,0.,342.05));
#17103 = SURFACE_CURVE('',#17104,(#17108),.PCURVE_S1.);
#17104 = LINE('',#17105,#17106);
#17105 = CARTESIAN_POINT('',(0.,0.,342.05));
#17106 = VECTOR('',#17107,1.);
#17107 = DIRECTION('',(0.604671300524,0.43931895216,0.664357943127));
#17108 = PCURVE('',#17088,#17109);
#17109 = DEFINITIONAL_REPRESENTATION('',(#17110),#17114);
#17110 = LINE('',#17111,#17112);
#17111 = CARTESIAN_POINT('',(-10.3843102702,-2.594688573659));
#17112 = VECTOR('',#17113,1.);
#17113 = DIRECTION('',(0.88734983673,0.461096808983));
#17114 = ( GEOMETRIC_REPRESENTATION_CONTEXT(2) 
PARAMETRIC_REPRESENTATION_CONTEXT() REPRESENTATION_CONTEXT('2D SPACE',''
  ) );
#17115 = ORIENTED_EDGE('',*,*,#17116,.F.);
#17116 = EDGE_CURVE('',#17080,#17101,#17117,.T.);
#17117 = SURFACE_CURVE('',#17118,(#17122),.PCURVE_S1.);
#17118 = LINE('',#17119,#17120);
#17119 = CARTESIAN_POINT('',(7.60845,2.47214,349.161));
#17120 = VECTOR('',#17121,1.);
#17121 = DIRECTION('',(-0.710833244643,-0.230964164503,-0.66435807591));
#17122 = PCURVE('',#17088,#17123);
#17123 = DEFINITIONAL_REPRESENTATION('',(#17124),#17128);
#17124 = LINE('',#17125,#17126);
#17125 = CARTESIAN_POINT('',(0.,0.));
#17126 = VECTOR('',#17127,1.);
#17127 = DIRECTION('',(-0.970173026404,-0.242413487327));
#17128 = ( GEOMETRIC_REPRESENTATION_CONTEXT(2) 
PARAMETRIC_REPRESENTATION_CONTEXT() REPRESENTATION_CONTEXT('2D SPACE',''
  ) );
#17129 = ( GEOMETRIC_REPRESENTATION_CONTEXT(3) 
GLOBAL_UNCERTAINTY_ASSIGNED_CONTEXT((#17133)) 
GLOBAL_UNIT_ASSIGNED_CONTEXT((#17130,#17131,#17132)) 
REPRESENTATION_CONTEXT('Context #1',
  '3D Context with UNIT and UNCERTAINTY') );
#17130 = ( LENGTH_UNIT() NAMED_UNIT(*) SI_UNIT(.MILLI.,.METRE.) );
#17131 = ( NAMED_UNIT(*) PLANE_ANGLE_UNIT() SI_UNIT($,.RADIAN.) );
#17132 = ( NAMED_UNIT(*) SI_UNIT($,.STERADIAN.) SOLID_ANGLE_UNIT() );
#17133 = UNCERTAINTY_MEASURE_WITH_UNIT(LENGTH_MEASURE(1.E-07),#17130,
  'distance_accuracy_value','confusion accuracy');
#17134 = CONTEXT_DEPENDENT_SHAPE_REPRESENTATION(#17135,#17137);
#17135 = ( REPRESENTATION_RELATIONSHIP('','',#17070,#10) 
REPRESENTATION_RELATIONSHIP_WITH_TRANSFORMATION(#17136) 
SHAPE_REPRESENTATION_RELATIONSHIP() );
#17136 = ITEM_DEFINED_TRANSFORMATION('','',#11,#855);
#17137 = PRODUCT_DEFINITION_SHAPE('Placement','Placement of an item',
  #17138);
#17138 = NEXT_ASSEMBLY_USAGE_OCCURRENCE('1975','','',#5,#17065,$);
#17139 = PRODUCT_RELATED_PRODUCT_CATEGORY('part',$,(#17067));
#17140 = SHAPE_DEFINITION_REPRESENTATION(#17141,#17147);
#17141 = PRODUCT_DEFINITION_SHAPE('','',#17142);
#17142 = PRODUCT_DEFINITION('design','',#17143,#17146);
#17143 = PRODUCT_DEFINITION_FORMATION('','',#17144);
#17144 = PRODUCT('Open CASCADE STEP translator 7.9 2.212',
  'Open CASCADE STEP translator 7.9 2.212','',(#17145));
#17145 = PRODUCT_CONTEXT('',#2,'mechanical');
#17146 = PRODUCT_DEFINITION_CONTEXT('part definition',#2,'design');
#17147 = MANIFOLD_SURFACE_SHAPE_REPRESENTATION('',(#11,#17148),#17206);
#17148 = SHELL_BASED_SURFACE_MODEL('',(#17149));
#17149 = OPEN_SHELL('',(#17150));
#17150 = ADVANCED_FACE('',(#17151),#17165,.T.);
#17151 = FACE_BOUND('',#17152,.T.);
#17152 = EDGE_LOOP('',(#17153,#17176,#17192));
#17153 = ORIENTED_EDGE('',*,*,#17154,.F.);
#17154 = EDGE_CURVE('',#17155,#17157,#17159,.T.);
#17155 = VERTEX_POINT('',#17156);
#17156 = CARTESIAN_POINT('',(6.47214,-4.70228,349.161));
#17157 = VERTEX_POINT('',#17158);
#17158 = CARTESIAN_POINT('',(4.70228,-6.47214,349.161));
#17159 = SURFACE_CURVE('',#17160,(#17164),.PCURVE_S1.);
#17160 = LINE('',#17161,#17162);
#17161 = CARTESIAN_POINT('',(6.47214,-4.70228,349.161));
#17162 = VECTOR('',#17163,1.);
#17163 = DIRECTION('',(-0.707106781187,-0.707106781187,0.));
#17164 = PCURVE('',#17165,#17170);
#17165 = PLANE('',#17166);
#17166 = AXIS2_PLACEMENT_3D('',#17167,#17168,#17169);
#17167 = CARTESIAN_POINT('',(4.70228,-6.47214,349.161));
#17168 = DIRECTION('',(-0.473016365348,0.473016365348,0.743310861098));
#17169 = DIRECTION('',(0.843661301204,-2.775557561563E-17,0.536875785308
    ));
#17170 = DEFINITIONAL_REPRESENTATION('',(#17171),#17175);
#17171 = LINE('',#17172,#17173);
#17172 = CARTESIAN_POINT('',(1.493162390549,2.008799371428));
#17173 = VECTOR('',#17174,1.);
#17174 = DIRECTION('',(-0.596558627106,-0.802569501305));
#17175 = ( GEOMETRIC_REPRESENTATION_CONTEXT(2) 
PARAMETRIC_REPRESENTATION_CONTEXT() REPRESENTATION_CONTEXT('2D SPACE',''
  ) );
#17176 = ORIENTED_EDGE('',*,*,#17177,.T.);
#17177 = EDGE_CURVE('',#17155,#17178,#17180,.T.);
#17178 = VERTEX_POINT('',#17179);
#17179 = CARTESIAN_POINT('',(0.,0.,342.05));
#17180 = SURFACE_CURVE('',#17181,(#17185),.PCURVE_S1.);
#17181 = LINE('',#17182,#17183);
#17182 = CARTESIAN_POINT('',(6.47214,-4.70228,349.161));
#17183 = VECTOR('',#17184,1.);
#17184 = DIRECTION('',(-0.604671300524,0.43931895216,-0.664357943127));
#17185 = PCURVE('',#17165,#17186);
#17186 = DEFINITIONAL_REPRESENTATION('',(#17187),#17191);
#17187 = LINE('',#17188,#17189);
#17188 = CARTESIAN_POINT('',(1.493162390549,2.008799371428));
#17189 = VECTOR('',#17190,1.);
#17190 = DIRECTION('',(-0.866815468643,0.498629063855));
#17191 = ( GEOMETRIC_REPRESENTATION_CONTEXT(2) 
PARAMETRIC_REPRESENTATION_CONTEXT() REPRESENTATION_CONTEXT('2D SPACE',''
  ) );
#17192 = ORIENTED_EDGE('',*,*,#17193,.F.);
#17193 = EDGE_CURVE('',#17157,#17178,#17194,.T.);
#17194 = SURFACE_CURVE('',#17195,(#17199),.PCURVE_S1.);
#17195 = LINE('',#17196,#17197);
#17196 = CARTESIAN_POINT('',(4.70228,-6.47214,349.161));
#17197 = VECTOR('',#17198,1.);
#17198 = DIRECTION('',(-0.43931895216,0.604671300524,-0.664357943127));
#17199 = PCURVE('',#17165,#17200);
#17200 = DEFINITIONAL_REPRESENTATION('',(#17201),#17205);
#17201 = LINE('',#17202,#17203);
#17202 = CARTESIAN_POINT('',(0.,0.));
#17203 = VECTOR('',#17204,1.);
#17204 = DIRECTION('',(-0.727314091265,0.686304752022));
#17205 = ( GEOMETRIC_REPRESENTATION_CONTEXT(2) 
PARAMETRIC_REPRESENTATION_CONTEXT() REPRESENTATION_CONTEXT('2D SPACE',''
  ) );
#17206 = ( GEOMETRIC_REPRESENTATION_CONTEXT(3) 
GLOBAL_UNCERTAINTY_ASSIGNED_CONTEXT((#17210)) 
GLOBAL_UNIT_ASSIGNED_CONTEXT((#17207,#17208,#17209)) 
REPRESENTATION_CONTEXT('Context #1',
  '3D Context with UNIT and UNCERTAINTY') );
#17207 = ( LENGTH_UNIT() NAMED_UNIT(*) SI_UNIT(.MILLI.,.METRE.) );
#17208 = ( NAMED_UNIT(*) PLANE_ANGLE_UNIT() SI_UNIT($,.RADIAN.) );
#17209 = ( NAMED_UNIT(*) SI_UNIT($,.STERADIAN.) SOLID_ANGLE_UNIT() );
#17210 = UNCERTAINTY_MEASURE_WITH_UNIT(LENGTH_MEASURE(1.E-07),#17207,
  'distance_accuracy_value','confusion accuracy');
#17211 = CONTEXT_DEPENDENT_SHAPE_REPRESENTATION(#17212,#17214);
#17212 = ( REPRESENTATION_RELATIONSHIP('','',#17147,#10) 
REPRESENTATION_RELATIONSHIP_WITH_TRANSFORMATION(#17213) 
SHAPE_REPRESENTATION_RELATIONSHIP() );
#17213 = ITEM_DEFINED_TRANSFORMATION('','',#11,#859);
#17214 = PRODUCT_DEFINITION_SHAPE('Placement','Placement of an item',
  #17215);
#17215 = NEXT_ASSEMBLY_USAGE_OCCURRENCE('1976','','',#5,#17142,$);
#17216 = PRODUCT_RELATED_PRODUCT_CATEGORY('part',$,(#17144));
#17217 = SHAPE_DEFINITION_REPRESENTATION(#17218,#17224);
#17218 = PRODUCT_DEFINITION_SHAPE('','',#17219);
#17219 = PRODUCT_DEFINITION('design','',#17220,#17223);
#17220 = PRODUCT_DEFINITION_FORMATION('','',#17221);
#17221 = PRODUCT('Open CASCADE STEP translator 7.9 2.213',
  'Open CASCADE STEP translator 7.9 2.213','',(#17222));
#17222 = PRODUCT_CONTEXT('',#2,'mechanical');
#17223 = PRODUCT_DEFINITION_CONTEXT('part definition',#2,'design');
#17224 = MANIFOLD_SURFACE_SHAPE_REPRESENTATION('',(#11,#17225),#17283);
#17225 = SHELL_BASED_SURFACE_MODEL('',(#17226));
#17226 = OPEN_SHELL('',(#17227));
#17227 = ADVANCED_FACE('',(#17228),#17242,.T.);
#17228 = FACE_BOUND('',#17229,.T.);
#17229 = EDGE_LOOP('',(#17230,#17253,#17269));
#17230 = ORIENTED_EDGE('',*,*,#17231,.F.);
#17231 = EDGE_CURVE('',#17232,#17234,#17236,.T.);
#17232 = VERTEX_POINT('',#17233);
#17233 = CARTESIAN_POINT('',(-2.47214,7.60845,349.161));
#17234 = VERTEX_POINT('',#17235);
#17235 = CARTESIAN_POINT('',(0.,0.,342.05));
#17236 = SURFACE_CURVE('',#17237,(#17241),.PCURVE_S1.);
#17237 = LINE('',#17238,#17239);
#17238 = CARTESIAN_POINT('',(-2.47214,7.60845,349.161));
#17239 = VECTOR('',#17240,1.);
#17240 = DIRECTION('',(0.230964164503,-0.710833244643,-0.66435807591));
#17241 = PCURVE('',#17242,#17247);
#17242 = PLANE('',#17243);
#17243 = AXIS2_PLACEMENT_3D('',#17244,#17245,#17246);
#17244 = CARTESIAN_POINT('',(0.,0.,342.05));
#17245 = DIRECTION('',(0.303694548847,-0.596035730713,0.743310856044));
#17246 = DIRECTION('',(0.,0.780158156437,0.625582329469));
#17247 = DEFINITIONAL_REPRESENTATION('',(#17248),#17252);
#17248 = LINE('',#17249,#17250);
#17249 = CARTESIAN_POINT('',(10.384310270202,2.594688573659));
#17250 = VECTOR('',#17251,1.);
#17251 = DIRECTION('',(-0.970173026404,-0.242413487327));
#17252 = ( GEOMETRIC_REPRESENTATION_CONTEXT(2) 
PARAMETRIC_REPRESENTATION_CONTEXT() REPRESENTATION_CONTEXT('2D SPACE',''
  ) );
#17253 = ORIENTED_EDGE('',*,*,#17254,.F.);
#17254 = EDGE_CURVE('',#17255,#17232,#17257,.T.);
#17255 = VERTEX_POINT('',#17256);
#17256 = CARTESIAN_POINT('',(-4.70228,6.47214,349.161));
#17257 = SURFACE_CURVE('',#17258,(#17262),.PCURVE_S1.);
#17258 = LINE('',#17259,#17260);
#17259 = CARTESIAN_POINT('',(-4.70228,6.47214,349.161));
#17260 = VECTOR('',#17261,1.);
#17261 = DIRECTION('',(0.891007022916,0.453989520931,0.));
#17262 = PCURVE('',#17242,#17263);
#17263 = DEFINITIONAL_REPRESENTATION('',(#17264),#17268);
#17264 = LINE('',#17265,#17266);
#17265 = CARTESIAN_POINT('',(9.497808755461,4.935380757621));
#17266 = VECTOR('',#17267,1.);
#17267 = DIRECTION('',(0.354183627691,-0.935175896757));
#17268 = ( GEOMETRIC_REPRESENTATION_CONTEXT(2) 
PARAMETRIC_REPRESENTATION_CONTEXT() REPRESENTATION_CONTEXT('2D SPACE',''
  ) );
#17269 = ORIENTED_EDGE('',*,*,#17270,.F.);
#17270 = EDGE_CURVE('',#17234,#17255,#17271,.T.);
#17271 = SURFACE_CURVE('',#17272,(#17276),.PCURVE_S1.);
#17272 = LINE('',#17273,#17274);
#17273 = CARTESIAN_POINT('',(0.,0.,342.05));
#17274 = VECTOR('',#17275,1.);
#17275 = DIRECTION('',(-0.43931895216,0.604671300524,0.664357943127));
#17276 = PCURVE('',#17242,#17277);
#17277 = DEFINITIONAL_REPRESENTATION('',(#17278),#17282);
#17278 = LINE('',#17279,#17280);
#17279 = CARTESIAN_POINT('',(0.,0.));
#17280 = VECTOR('',#17281,1.);
#17281 = DIRECTION('',(0.88734983673,0.461096808983));
#17282 = ( GEOMETRIC_REPRESENTATION_CONTEXT(2) 
PARAMETRIC_REPRESENTATION_CONTEXT() REPRESENTATION_CONTEXT('2D SPACE',''
  ) );
#17283 = ( GEOMETRIC_REPRESENTATION_CONTEXT(3) 
GLOBAL_UNCERTAINTY_ASSIGNED_CONTEXT((#17287)) 
GLOBAL_UNIT_ASSIGNED_CONTEXT((#17284,#17285,#17286)) 
REPRESENTATION_CONTEXT('Context #1',
  '3D Context with UNIT and UNCERTAINTY') );
#17284 = ( LENGTH_UNIT() NAMED_UNIT(*) SI_UNIT(.MILLI.,.METRE.) );
#17285 = ( NAMED_UNIT(*) PLANE_ANGLE_UNIT() SI_UNIT($,.RADIAN.) );
#17286 = ( NAMED_UNIT(*) SI_UNIT($,.STERADIAN.) SOLID_ANGLE_UNIT() );
#17287 = UNCERTAINTY_MEASURE_WITH_UNIT(LENGTH_MEASURE(1.E-07),#17284,
  'distance_accuracy_value','confusion accuracy');
#17288 = CONTEXT_DEPENDENT_SHAPE_REPRESENTATION(#17289,#17291);
#17289 = ( REPRESENTATION_RELATIONSHIP('','',#17224,#10) 
REPRESENTATION_RELATIONSHIP_WITH_TRANSFORMATION(#17290) 
SHAPE_REPRESENTATION_RELATIONSHIP() );
#17290 = ITEM_DEFINED_TRANSFORMATION('','',#11,#863);
#17291 = PRODUCT_DEFINITION_SHAPE('Placement','Placement of an item',
  #17292);
#17292 = NEXT_ASSEMBLY_USAGE_OCCURRENCE('1977','','',#5,#17219,$);
#17293 = PRODUCT_RELATED_PRODUCT_CATEGORY('part',$,(#17221));
#17294 = SHAPE_DEFINITION_REPRESENTATION(#17295,#17301);
#17295 = PRODUCT_DEFINITION_SHAPE('','',#17296);
#17296 = PRODUCT_DEFINITION('design','',#17297,#17300);
#17297 = PRODUCT_DEFINITION_FORMATION('','',#17298);
#17298 = PRODUCT('Open CASCADE STEP translator 7.9 2.214',
  'Open CASCADE STEP translator 7.9 2.214','',(#17299));
#17299 = PRODUCT_CONTEXT('',#2,'mechanical');
#17300 = PRODUCT_DEFINITION_CONTEXT('part definition',#2,'design');
#17301 = MANIFOLD_SURFACE_SHAPE_REPRESENTATION('',(#11,#17302),#17360);
#17302 = SHELL_BASED_SURFACE_MODEL('',(#17303));
#17303 = OPEN_SHELL('',(#17304));
#17304 = ADVANCED_FACE('',(#17305),#17319,.T.);
#17305 = FACE_BOUND('',#17306,.T.);
#17306 = EDGE_LOOP('',(#17307,#17330,#17346));
#17307 = ORIENTED_EDGE('',*,*,#17308,.T.);
#17308 = EDGE_CURVE('',#17309,#17311,#17313,.T.);
#17309 = VERTEX_POINT('',#17310);
#17310 = CARTESIAN_POINT('',(-2.47214,-7.60845,349.161));
#17311 = VERTEX_POINT('',#17312);
#17312 = CARTESIAN_POINT('',(0.,0.,342.05));
#17313 = SURFACE_CURVE('',#17314,(#17318),.PCURVE_S1.);
#17314 = LINE('',#17315,#17316);
#17315 = CARTESIAN_POINT('',(-2.47214,-7.60845,349.161));
#17316 = VECTOR('',#17317,1.);
#17317 = DIRECTION('',(0.230964164503,0.710833244643,-0.66435807591));
#17318 = PCURVE('',#17319,#17324);
#17319 = PLANE('',#17320);
#17320 = AXIS2_PLACEMENT_3D('',#17321,#17322,#17323);
#17321 = CARTESIAN_POINT('',(-2.47214,-7.60845,349.161));
#17322 = DIRECTION('',(0.303694548847,0.596035730713,0.743310856044));
#17323 = DIRECTION('',(0.,0.780158156437,-0.625582329469));
#17324 = DEFINITIONAL_REPRESENTATION('',(#17325),#17329);
#17325 = LINE('',#17326,#17327);
#17326 = CARTESIAN_POINT('',(0.,0.));
#17327 = VECTOR('',#17328,1.);
#17328 = DIRECTION('',(0.970173026404,-0.242413487327));
#17329 = ( GEOMETRIC_REPRESENTATION_CONTEXT(2) 
PARAMETRIC_REPRESENTATION_CONTEXT() REPRESENTATION_CONTEXT('2D SPACE',''
  ) );
#17330 = ORIENTED_EDGE('',*,*,#17331,.F.);
#17331 = EDGE_CURVE('',#17332,#17311,#17334,.T.);
#17332 = VERTEX_POINT('',#17333);
#17333 = CARTESIAN_POINT('',(-4.70228,-6.47214,349.161));
#17334 = SURFACE_CURVE('',#17335,(#17339),.PCURVE_S1.);
#17335 = LINE('',#17336,#17337);
#17336 = CARTESIAN_POINT('',(-4.70228,-6.47214,349.161));
#17337 = VECTOR('',#17338,1.);
#17338 = DIRECTION('',(0.43931895216,0.604671300524,-0.664357943127));
#17339 = PCURVE('',#17319,#17340);
#17340 = DEFINITIONAL_REPRESENTATION('',(#17341),#17345);
#17341 = LINE('',#17342,#17343);
#17342 = CARTESIAN_POINT('',(0.886501514741,2.340692183962));
#17343 = VECTOR('',#17344,1.);
#17344 = DIRECTION('',(0.88734983673,-0.461096808983));
#17345 = ( GEOMETRIC_REPRESENTATION_CONTEXT(2) 
PARAMETRIC_REPRESENTATION_CONTEXT() REPRESENTATION_CONTEXT('2D SPACE',''
  ) );
#17346 = ORIENTED_EDGE('',*,*,#17347,.F.);
#17347 = EDGE_CURVE('',#17309,#17332,#17348,.T.);
#17348 = SURFACE_CURVE('',#17349,(#17353),.PCURVE_S1.);
#17349 = LINE('',#17350,#17351);
#17350 = CARTESIAN_POINT('',(-2.47214,-7.60845,349.161));
#17351 = VECTOR('',#17352,1.);
#17352 = DIRECTION('',(-0.891007022916,0.453989520931,0.));
#17353 = PCURVE('',#17319,#17354);
#17354 = DEFINITIONAL_REPRESENTATION('',(#17355),#17359);
#17355 = LINE('',#17356,#17357);
#17356 = CARTESIAN_POINT('',(0.,0.));
#17357 = VECTOR('',#17358,1.);
#17358 = DIRECTION('',(0.354183627691,0.935175896757));
#17359 = ( GEOMETRIC_REPRESENTATION_CONTEXT(2) 
PARAMETRIC_REPRESENTATION_CONTEXT() REPRESENTATION_CONTEXT('2D SPACE',''
  ) );
#17360 = ( GEOMETRIC_REPRESENTATION_CONTEXT(3) 
GLOBAL_UNCERTAINTY_ASSIGNED_CONTEXT((#17364)) 
GLOBAL_UNIT_ASSIGNED_CONTEXT((#17361,#17362,#17363)) 
REPRESENTATION_CONTEXT('Context #1',
  '3D Context with UNIT and UNCERTAINTY') );
#17361 = ( LENGTH_UNIT() NAMED_UNIT(*) SI_UNIT(.MILLI.,.METRE.) );
#17362 = ( NAMED_UNIT(*) PLANE_ANGLE_UNIT() SI_UNIT($,.RADIAN.) );
#17363 = ( NAMED_UNIT(*) SI_UNIT($,.STERADIAN.) SOLID_ANGLE_UNIT() );
#17364 = UNCERTAINTY_MEASURE_WITH_UNIT(LENGTH_MEASURE(1.E-07),#17361,
  'distance_accuracy_value','confusion accuracy');
#17365 = CONTEXT_DEPENDENT_SHAPE_REPRESENTATION(#17366,#17368);
#17366 = ( REPRESENTATION_RELATIONSHIP('','',#17301,#10) 
REPRESENTATION_RELATIONSHIP_WITH_TRANSFORMATION(#17367) 
SHAPE_REPRESENTATION_RELATIONSHIP() );
#17367 = ITEM_DEFINED_TRANSFORMATION('','',#11,#867);
#17368 = PRODUCT_DEFINITION_SHAPE('Placement','Placement of an item',
  #17369);
#17369 = NEXT_ASSEMBLY_USAGE_OCCURRENCE('1978','','',#5,#17296,$);
#17370 = PRODUCT_RELATED_PRODUCT_CATEGORY('part',$,(#17298));
#17371 = SHAPE_DEFINITION_REPRESENTATION(#17372,#17378);
#17372 = PRODUCT_DEFINITION_SHAPE('','',#17373);
#17373 = PRODUCT_DEFINITION('design','',#17374,#17377);
#17374 = PRODUCT_DEFINITION_FORMATION('','',#17375);
#17375 = PRODUCT('Open CASCADE STEP translator 7.9 2.215',
  'Open CASCADE STEP translator 7.9 2.215','',(#17376));
#17376 = PRODUCT_CONTEXT('',#2,'mechanical');
#17377 = PRODUCT_DEFINITION_CONTEXT('part definition',#2,'design');
#17378 = MANIFOLD_SURFACE_SHAPE_REPRESENTATION('',(#11,#17379),#17437);
#17379 = SHELL_BASED_SURFACE_MODEL('',(#17380));
#17380 = OPEN_SHELL('',(#17381));
#17381 = ADVANCED_FACE('',(#17382),#17396,.T.);
#17382 = FACE_BOUND('',#17383,.T.);
#17383 = EDGE_LOOP('',(#17384,#17407,#17423));
#17384 = ORIENTED_EDGE('',*,*,#17385,.F.);
#17385 = EDGE_CURVE('',#17386,#17388,#17390,.T.);
#17386 = VERTEX_POINT('',#17387);
#17387 = CARTESIAN_POINT('',(-2.47214,-7.60845,349.161));
#17388 = VERTEX_POINT('',#17389);
#17389 = CARTESIAN_POINT('',(0.,0.,342.05));
#17390 = SURFACE_CURVE('',#17391,(#17395),.PCURVE_S1.);
#17391 = LINE('',#17392,#17393);
#17392 = CARTESIAN_POINT('',(-2.47214,-7.60845,349.161));
#17393 = VECTOR('',#17394,1.);
#17394 = DIRECTION('',(0.230964164503,0.710833244643,-0.66435807591));
#17395 = PCURVE('',#17396,#17401);
#17396 = PLANE('',#17397);
#17397 = AXIS2_PLACEMENT_3D('',#17398,#17399,#17400);
#17398 = CARTESIAN_POINT('',(0.,0.,342.05));
#17399 = DIRECTION('',(0.104646638806,0.660710360508,0.743310769802));
#17400 = DIRECTION('',(0.,0.747414473244,-0.664358039905));
#17401 = DEFINITIONAL_REPRESENTATION('',(#17402),#17406);
#17402 = LINE('',#17403,#17404);
#17403 = CARTESIAN_POINT('',(-10.41091567071,2.485788301408));
#17404 = VECTOR('',#17405,1.);
#17405 = DIRECTION('',(0.972658684215,-0.232239281823));
#17406 = ( GEOMETRIC_REPRESENTATION_CONTEXT(2) 
PARAMETRIC_REPRESENTATION_CONTEXT() REPRESENTATION_CONTEXT('2D SPACE',''
  ) );
#17407 = ORIENTED_EDGE('',*,*,#17408,.F.);
#17408 = EDGE_CURVE('',#17409,#17386,#17411,.T.);
#17409 = VERTEX_POINT('',#17410);
#17410 = CARTESIAN_POINT('',(0.,-8.,349.161));
#17411 = SURFACE_CURVE('',#17412,(#17416),.PCURVE_S1.);
#17412 = LINE('',#17413,#17414);
#17413 = CARTESIAN_POINT('',(0.,-8.,349.161));
#17414 = VECTOR('',#17415,1.);
#17415 = DIRECTION('',(-0.987688248635,0.15643504565,0.));
#17416 = PCURVE('',#17396,#17417);
#17417 = DEFINITIONAL_REPRESENTATION('',(#17418),#17422);
#17418 = LINE('',#17419,#17420);
#17419 = CARTESIAN_POINT('',(-10.70356580771,-1.110223024625E-16));
#17420 = VECTOR('',#17421,1.);
#17421 = DIRECTION('',(0.116921817241,0.993141122224));
#17422 = ( GEOMETRIC_REPRESENTATION_CONTEXT(2) 
PARAMETRIC_REPRESENTATION_CONTEXT() REPRESENTATION_CONTEXT('2D SPACE',''
  ) );
#17423 = ORIENTED_EDGE('',*,*,#17424,.F.);
#17424 = EDGE_CURVE('',#17388,#17409,#17425,.T.);
#17425 = SURFACE_CURVE('',#17426,(#17430),.PCURVE_S1.);
#17426 = LINE('',#17427,#17428);
#17427 = CARTESIAN_POINT('',(0.,0.,342.05));
#17428 = VECTOR('',#17429,1.);
#17429 = DIRECTION('',(0.,-0.747414473244,0.664358039905));
#17430 = PCURVE('',#17396,#17431);
#17431 = DEFINITIONAL_REPRESENTATION('',(#17432),#17436);
#17432 = LINE('',#17433,#17434);
#17433 = CARTESIAN_POINT('',(0.,0.));
#17434 = VECTOR('',#17435,1.);
#17435 = DIRECTION('',(-1.,0.));
#17436 = ( GEOMETRIC_REPRESENTATION_CONTEXT(2) 
PARAMETRIC_REPRESENTATION_CONTEXT() REPRESENTATION_CONTEXT('2D SPACE',''
  ) );
#17437 = ( GEOMETRIC_REPRESENTATION_CONTEXT(3) 
GLOBAL_UNCERTAINTY_ASSIGNED_CONTEXT((#17441)) 
GLOBAL_UNIT_ASSIGNED_CONTEXT((#17438,#17439,#17440)) 
REPRESENTATION_CONTEXT('Context #1',
  '3D Context with UNIT and UNCERTAINTY') );
#17438 = ( LENGTH_UNIT() NAMED_UNIT(*) SI_UNIT(.MILLI.,.METRE.) );
#17439 = ( NAMED_UNIT(*) PLANE_ANGLE_UNIT() SI_UNIT($,.RADIAN.) );
#17440 = ( NAMED_UNIT(*) SI_UNIT($,.STERADIAN.) SOLID_ANGLE_UNIT() );
#17441 = UNCERTAINTY_MEASURE_WITH_UNIT(LENGTH_MEASURE(1.E-07),#17438,
  'distance_accuracy_value','confusion accuracy');
#17442 = CONTEXT_DEPENDENT_SHAPE_REPRESENTATION(#17443,#17445);
#17443 = ( REPRESENTATION_RELATIONSHIP('','',#17378,#10) 
REPRESENTATION_RELATIONSHIP_WITH_TRANSFORMATION(#17444) 
SHAPE_REPRESENTATION_RELATIONSHIP() );
#17444 = ITEM_DEFINED_TRANSFORMATION('','',#11,#871);
#17445 = PRODUCT_DEFINITION_SHAPE('Placement','Placement of an item',
  #17446);
#17446 = NEXT_ASSEMBLY_USAGE_OCCURRENCE('1979','','',#5,#17373,$);
#17447 = PRODUCT_RELATED_PRODUCT_CATEGORY('part',$,(#17375));
#17448 = SHAPE_DEFINITION_REPRESENTATION(#17449,#17455);
#17449 = PRODUCT_DEFINITION_SHAPE('','',#17450);
#17450 = PRODUCT_DEFINITION('design','',#17451,#17454);
#17451 = PRODUCT_DEFINITION_FORMATION('','',#17452);
#17452 = PRODUCT('Open CASCADE STEP translator 7.9 2.216',
  'Open CASCADE STEP translator 7.9 2.216','',(#17453));
#17453 = PRODUCT_CONTEXT('',#2,'mechanical');
#17454 = PRODUCT_DEFINITION_CONTEXT('part definition',#2,'design');
#17455 = MANIFOLD_SURFACE_SHAPE_REPRESENTATION('',(#11,#17456),#17514);
#17456 = SHELL_BASED_SURFACE_MODEL('',(#17457));
#17457 = OPEN_SHELL('',(#17458));
#17458 = ADVANCED_FACE('',(#17459),#17473,.T.);
#17459 = FACE_BOUND('',#17460,.T.);
#17460 = EDGE_LOOP('',(#17461,#17484,#17500));
#17461 = ORIENTED_EDGE('',*,*,#17462,.F.);
#17462 = EDGE_CURVE('',#17463,#17465,#17467,.T.);
#17463 = VERTEX_POINT('',#17464);
#17464 = CARTESIAN_POINT('',(-6.47214,4.70228,349.161));
#17465 = VERTEX_POINT('',#17466);
#17466 = CARTESIAN_POINT('',(0.,0.,342.05));
#17467 = SURFACE_CURVE('',#17468,(#17472),.PCURVE_S1.);
#17468 = LINE('',#17469,#17470);
#17469 = CARTESIAN_POINT('',(-6.47214,4.70228,349.161));
#17470 = VECTOR('',#17471,1.);
#17471 = DIRECTION('',(0.604671300524,-0.43931895216,-0.664357943127));
#17472 = PCURVE('',#17473,#17478);
#17473 = PLANE('',#17474);
#17474 = AXIS2_PLACEMENT_3D('',#17475,#17476,#17477);
#17475 = CARTESIAN_POINT('',(0.,0.,342.05));
#17476 = DIRECTION('',(0.596035730713,-0.303694548847,0.743310856044));
#17477 = DIRECTION('',(0.780158156437,0.,-0.625582329469));
#17478 = DEFINITIONAL_REPRESENTATION('',(#17479),#17483);
#17479 = LINE('',#17480,#17481);
#17480 = CARTESIAN_POINT('',(-9.497808755461,4.935380757621));
#17481 = VECTOR('',#17482,1.);
#17482 = DIRECTION('',(0.88734983673,-0.461096808983));
#17483 = ( GEOMETRIC_REPRESENTATION_CONTEXT(2) 
PARAMETRIC_REPRESENTATION_CONTEXT() REPRESENTATION_CONTEXT('2D SPACE',''
  ) );
#17484 = ORIENTED_EDGE('',*,*,#17485,.F.);
#17485 = EDGE_CURVE('',#17486,#17463,#17488,.T.);
#17486 = VERTEX_POINT('',#17487);
#17487 = CARTESIAN_POINT('',(-7.60845,2.47214,349.161));
#17488 = SURFACE_CURVE('',#17489,(#17493),.PCURVE_S1.);
#17489 = LINE('',#17490,#17491);
#17490 = CARTESIAN_POINT('',(-7.60845,2.47214,349.161));
#17491 = VECTOR('',#17492,1.);
#17492 = DIRECTION('',(0.453989520931,0.891007022916,0.));
#17493 = PCURVE('',#17473,#17494);
#17494 = DEFINITIONAL_REPRESENTATION('',(#17495),#17499);
#17495 = LINE('',#17496,#17497);
#17496 = CARTESIAN_POINT('',(-10.3843102702,2.594688573659));
#17497 = VECTOR('',#17498,1.);
#17498 = DIRECTION('',(0.354183627691,0.935175896757));
#17499 = ( GEOMETRIC_REPRESENTATION_CONTEXT(2) 
PARAMETRIC_REPRESENTATION_CONTEXT() REPRESENTATION_CONTEXT('2D SPACE',''
  ) );
#17500 = ORIENTED_EDGE('',*,*,#17501,.F.);
#17501 = EDGE_CURVE('',#17465,#17486,#17502,.T.);
#17502 = SURFACE_CURVE('',#17503,(#17507),.PCURVE_S1.);
#17503 = LINE('',#17504,#17505);
#17504 = CARTESIAN_POINT('',(0.,0.,342.05));
#17505 = VECTOR('',#17506,1.);
#17506 = DIRECTION('',(-0.710833244643,0.230964164503,0.66435807591));
#17507 = PCURVE('',#17473,#17508);
#17508 = DEFINITIONAL_REPRESENTATION('',(#17509),#17513);
#17509 = LINE('',#17510,#17511);
#17510 = CARTESIAN_POINT('',(0.,0.));
#17511 = VECTOR('',#17512,1.);
#17512 = DIRECTION('',(-0.970173026404,0.242413487327));
#17513 = ( GEOMETRIC_REPRESENTATION_CONTEXT(2) 
PARAMETRIC_REPRESENTATION_CONTEXT() REPRESENTATION_CONTEXT('2D SPACE',''
  ) );
#17514 = ( GEOMETRIC_REPRESENTATION_CONTEXT(3) 
GLOBAL_UNCERTAINTY_ASSIGNED_CONTEXT((#17518)) 
GLOBAL_UNIT_ASSIGNED_CONTEXT((#17515,#17516,#17517)) 
REPRESENTATION_CONTEXT('Context #1',
  '3D Context with UNIT and UNCERTAINTY') );
#17515 = ( LENGTH_UNIT() NAMED_UNIT(*) SI_UNIT(.MILLI.,.METRE.) );
#17516 = ( NAMED_UNIT(*) PLANE_ANGLE_UNIT() SI_UNIT($,.RADIAN.) );
#17517 = ( NAMED_UNIT(*) SI_UNIT($,.STERADIAN.) SOLID_ANGLE_UNIT() );
#17518 = UNCERTAINTY_MEASURE_WITH_UNIT(LENGTH_MEASURE(1.E-07),#17515,
  'distance_accuracy_value','confusion accuracy');
#17519 = CONTEXT_DEPENDENT_SHAPE_REPRESENTATION(#17520,#17522);
#17520 = ( REPRESENTATION_RELATIONSHIP('','',#17455,#10) 
REPRESENTATION_RELATIONSHIP_WITH_TRANSFORMATION(#17521) 
SHAPE_REPRESENTATION_RELATIONSHIP() );
#17521 = ITEM_DEFINED_TRANSFORMATION('','',#11,#875);
#17522 = PRODUCT_DEFINITION_SHAPE('Placement','Placement of an item',
  #17523);
#17523 = NEXT_ASSEMBLY_USAGE_OCCURRENCE('1980','','',#5,#17450,$);
#17524 = PRODUCT_RELATED_PRODUCT_CATEGORY('part',$,(#17452));
#17525 = SHAPE_DEFINITION_REPRESENTATION(#17526,#17532);
#17526 = PRODUCT_DEFINITION_SHAPE('','',#17527);
#17527 = PRODUCT_DEFINITION('design','',#17528,#17531);
#17528 = PRODUCT_DEFINITION_FORMATION('','',#17529);
#17529 = PRODUCT('Open CASCADE STEP translator 7.9 2.217',
  'Open CASCADE STEP translator 7.9 2.217','',(#17530));
#17530 = PRODUCT_CONTEXT('',#2,'mechanical');
#17531 = PRODUCT_DEFINITION_CONTEXT('part definition',#2,'design');
#17532 = MANIFOLD_SURFACE_SHAPE_REPRESENTATION('',(#11,#17533),#17591);
#17533 = SHELL_BASED_SURFACE_MODEL('',(#17534));
#17534 = OPEN_SHELL('',(#17535));
#17535 = ADVANCED_FACE('',(#17536),#17550,.T.);
#17536 = FACE_BOUND('',#17537,.T.);
#17537 = EDGE_LOOP('',(#17538,#17561,#17577));
#17538 = ORIENTED_EDGE('',*,*,#17539,.F.);
#17539 = EDGE_CURVE('',#17540,#17542,#17544,.T.);
#17540 = VERTEX_POINT('',#17541);
#17541 = CARTESIAN_POINT('',(7.60845,-2.47214,349.161));
#17542 = VERTEX_POINT('',#17543);
#17543 = CARTESIAN_POINT('',(6.47214,-4.70228,349.161));
#17544 = SURFACE_CURVE('',#17545,(#17549),.PCURVE_S1.);
#17545 = LINE('',#17546,#17547);
#17546 = CARTESIAN_POINT('',(7.60845,-2.47214,349.161));
#17547 = VECTOR('',#17548,1.);
#17548 = DIRECTION('',(-0.453989520931,-0.891007022916,0.));
#17549 = PCURVE('',#17550,#17555);
#17550 = PLANE('',#17551);
#17551 = AXIS2_PLACEMENT_3D('',#17552,#17553,#17554);
#17552 = CARTESIAN_POINT('',(6.47214,-4.70228,349.161));
#17553 = DIRECTION('',(-0.596035730713,0.303694548847,0.743310856044));
#17554 = DIRECTION('',(0.780158156437,0.,0.625582329469));
#17555 = DEFINITIONAL_REPRESENTATION('',(#17556),#17560);
#17556 = LINE('',#17557,#17558);
#17557 = CARTESIAN_POINT('',(0.886501514741,2.340692183962));
#17558 = VECTOR('',#17559,1.);
#17559 = DIRECTION('',(-0.354183627691,-0.935175896757));
#17560 = ( GEOMETRIC_REPRESENTATION_CONTEXT(2) 
PARAMETRIC_REPRESENTATION_CONTEXT() REPRESENTATION_CONTEXT('2D SPACE',''
  ) );
#17561 = ORIENTED_EDGE('',*,*,#17562,.T.);
#17562 = EDGE_CURVE('',#17540,#17563,#17565,.T.);
#17563 = VERTEX_POINT('',#17564);
#17564 = CARTESIAN_POINT('',(0.,0.,342.05));
#17565 = SURFACE_CURVE('',#17566,(#17570),.PCURVE_S1.);
#17566 = LINE('',#17567,#17568);
#17567 = CARTESIAN_POINT('',(7.60845,-2.47214,349.161));
#17568 = VECTOR('',#17569,1.);
#17569 = DIRECTION('',(-0.710833244643,0.230964164503,-0.66435807591));
#17570 = PCURVE('',#17550,#17571);
#17571 = DEFINITIONAL_REPRESENTATION('',(#17572),#17576);
#17572 = LINE('',#17573,#17574);
#17573 = CARTESIAN_POINT('',(0.886501514741,2.340692183962));
#17574 = VECTOR('',#17575,1.);
#17575 = DIRECTION('',(-0.970173026404,0.242413487327));
#17576 = ( GEOMETRIC_REPRESENTATION_CONTEXT(2) 
PARAMETRIC_REPRESENTATION_CONTEXT() REPRESENTATION_CONTEXT('2D SPACE',''
  ) );
#17577 = ORIENTED_EDGE('',*,*,#17578,.F.);
#17578 = EDGE_CURVE('',#17542,#17563,#17579,.T.);
#17579 = SURFACE_CURVE('',#17580,(#17584),.PCURVE_S1.);
#17580 = LINE('',#17581,#17582);
#17581 = CARTESIAN_POINT('',(6.47214,-4.70228,349.161));
#17582 = VECTOR('',#17583,1.);
#17583 = DIRECTION('',(-0.604671300524,0.43931895216,-0.664357943127));
#17584 = PCURVE('',#17550,#17585);
#17585 = DEFINITIONAL_REPRESENTATION('',(#17586),#17590);
#17586 = LINE('',#17587,#17588);
#17587 = CARTESIAN_POINT('',(0.,0.));
#17588 = VECTOR('',#17589,1.);
#17589 = DIRECTION('',(-0.88734983673,0.461096808983));
#17590 = ( GEOMETRIC_REPRESENTATION_CONTEXT(2) 
PARAMETRIC_REPRESENTATION_CONTEXT() REPRESENTATION_CONTEXT('2D SPACE',''
  ) );
#17591 = ( GEOMETRIC_REPRESENTATION_CONTEXT(3) 
GLOBAL_UNCERTAINTY_ASSIGNED_CONTEXT((#17595)) 
GLOBAL_UNIT_ASSIGNED_CONTEXT((#17592,#17593,#17594)) 
REPRESENTATION_CONTEXT('Context #1',
  '3D Context with UNIT and UNCERTAINTY') );
#17592 = ( LENGTH_UNIT() NAMED_UNIT(*) SI_UNIT(.MILLI.,.METRE.) );
#17593 = ( NAMED_UNIT(*) PLANE_ANGLE_UNIT() SI_UNIT($,.RADIAN.) );
#17594 = ( NAMED_UNIT(*) SI_UNIT($,.STERADIAN.) SOLID_ANGLE_UNIT() );
#17595 = UNCERTAINTY_MEASURE_WITH_UNIT(LENGTH_MEASURE(1.E-07),#17592,
  'distance_accuracy_value','confusion accuracy');
#17596 = CONTEXT_DEPENDENT_SHAPE_REPRESENTATION(#17597,#17599);
#17597 = ( REPRESENTATION_RELATIONSHIP('','',#17532,#10) 
REPRESENTATION_RELATIONSHIP_WITH_TRANSFORMATION(#17598) 
SHAPE_REPRESENTATION_RELATIONSHIP() );
#17598 = ITEM_DEFINED_TRANSFORMATION('','',#11,#879);
#17599 = PRODUCT_DEFINITION_SHAPE('Placement','Placement of an item',
  #17600);
#17600 = NEXT_ASSEMBLY_USAGE_OCCURRENCE('1981','','',#5,#17527,$);
#17601 = PRODUCT_RELATED_PRODUCT_CATEGORY('part',$,(#17529));
#17602 = SHAPE_DEFINITION_REPRESENTATION(#17603,#17609);
#17603 = PRODUCT_DEFINITION_SHAPE('','',#17604);
#17604 = PRODUCT_DEFINITION('design','',#17605,#17608);
#17605 = PRODUCT_DEFINITION_FORMATION('','',#17606);
#17606 = PRODUCT('Open CASCADE STEP translator 7.9 2.218',
  'Open CASCADE STEP translator 7.9 2.218','',(#17607));
#17607 = PRODUCT_CONTEXT('',#2,'mechanical');
#17608 = PRODUCT_DEFINITION_CONTEXT('part definition',#2,'design');
#17609 = MANIFOLD_SURFACE_SHAPE_REPRESENTATION('',(#11,#17610),#17668);
#17610 = SHELL_BASED_SURFACE_MODEL('',(#17611));
#17611 = OPEN_SHELL('',(#17612));
#17612 = ADVANCED_FACE('',(#17613),#17627,.T.);
#17613 = FACE_BOUND('',#17614,.T.);
#17614 = EDGE_LOOP('',(#17615,#17638,#17654));
#17615 = ORIENTED_EDGE('',*,*,#17616,.F.);
#17616 = EDGE_CURVE('',#17617,#17619,#17621,.T.);
#17617 = VERTEX_POINT('',#17618);
#17618 = CARTESIAN_POINT('',(7.60845,-2.47214,349.161));
#17619 = VERTEX_POINT('',#17620);
#17620 = CARTESIAN_POINT('',(0.,0.,342.05));
#17621 = SURFACE_CURVE('',#17622,(#17626),.PCURVE_S1.);
#17622 = LINE('',#17623,#17624);
#17623 = CARTESIAN_POINT('',(7.60845,-2.47214,349.161));
#17624 = VECTOR('',#17625,1.);
#17625 = DIRECTION('',(-0.710833244643,0.230964164503,-0.66435807591));
#17626 = PCURVE('',#17627,#17632);
#17627 = PLANE('',#17628);
#17628 = AXIS2_PLACEMENT_3D('',#17629,#17630,#17631);
#17629 = CARTESIAN_POINT('',(0.,0.,342.05));
#17630 = DIRECTION('',(-0.660710360508,0.104646638806,0.743310769802));
#17631 = DIRECTION('',(0.747414473244,0.,0.664358039905));
#17632 = DEFINITIONAL_REPRESENTATION('',(#17633),#17637);
#17633 = LINE('',#17634,#17635);
#17634 = CARTESIAN_POINT('',(10.410915670712,-2.485788301408));
#17635 = VECTOR('',#17636,1.);
#17636 = DIRECTION('',(-0.972658684215,0.232239281823));
#17637 = ( GEOMETRIC_REPRESENTATION_CONTEXT(2) 
PARAMETRIC_REPRESENTATION_CONTEXT() REPRESENTATION_CONTEXT('2D SPACE',''
  ) );
#17638 = ORIENTED_EDGE('',*,*,#17639,.F.);
#17639 = EDGE_CURVE('',#17640,#17617,#17642,.T.);
#17640 = VERTEX_POINT('',#17641);
#17641 = CARTESIAN_POINT('',(8.,0.,349.161));
#17642 = SURFACE_CURVE('',#17643,(#17647),.PCURVE_S1.);
#17643 = LINE('',#17644,#17645);
#17644 = CARTESIAN_POINT('',(8.,0.,349.161));
#17645 = VECTOR('',#17646,1.);
#17646 = DIRECTION('',(-0.15643504565,-0.987688248635,0.));
#17647 = PCURVE('',#17627,#17648);
#17648 = DEFINITIONAL_REPRESENTATION('',(#17649),#17653);
#17649 = LINE('',#17650,#17651);
#17650 = CARTESIAN_POINT('',(10.703565807711,1.110223024625E-16));
#17651 = VECTOR('',#17652,1.);
#17652 = DIRECTION('',(-0.116921817241,-0.993141122224));
#17653 = ( GEOMETRIC_REPRESENTATION_CONTEXT(2) 
PARAMETRIC_REPRESENTATION_CONTEXT() REPRESENTATION_CONTEXT('2D SPACE',''
  ) );
#17654 = ORIENTED_EDGE('',*,*,#17655,.F.);
#17655 = EDGE_CURVE('',#17619,#17640,#17656,.T.);
#17656 = SURFACE_CURVE('',#17657,(#17661),.PCURVE_S1.);
#17657 = LINE('',#17658,#17659);
#17658 = CARTESIAN_POINT('',(0.,0.,342.05));
#17659 = VECTOR('',#17660,1.);
#17660 = DIRECTION('',(0.747414473244,0.,0.664358039905));
#17661 = PCURVE('',#17627,#17662);
#17662 = DEFINITIONAL_REPRESENTATION('',(#17663),#17667);
#17663 = LINE('',#17664,#17665);
#17664 = CARTESIAN_POINT('',(0.,0.));
#17665 = VECTOR('',#17666,1.);
#17666 = DIRECTION('',(1.,0.));
#17667 = ( GEOMETRIC_REPRESENTATION_CONTEXT(2) 
PARAMETRIC_REPRESENTATION_CONTEXT() REPRESENTATION_CONTEXT('2D SPACE',''
  ) );
#17668 = ( GEOMETRIC_REPRESENTATION_CONTEXT(3) 
GLOBAL_UNCERTAINTY_ASSIGNED_CONTEXT((#17672)) 
GLOBAL_UNIT_ASSIGNED_CONTEXT((#17669,#17670,#17671)) 
REPRESENTATION_CONTEXT('Context #1',
  '3D Context with UNIT and UNCERTAINTY') );
#17669 = ( LENGTH_UNIT() NAMED_UNIT(*) SI_UNIT(.MILLI.,.METRE.) );
#17670 = ( NAMED_UNIT(*) PLANE_ANGLE_UNIT() SI_UNIT($,.RADIAN.) );
#17671 = ( NAMED_UNIT(*) SI_UNIT($,.STERADIAN.) SOLID_ANGLE_UNIT() );
#17672 = UNCERTAINTY_MEASURE_WITH_UNIT(LENGTH_MEASURE(1.E-07),#17669,
  'distance_accuracy_value','confusion accuracy');
#17673 = CONTEXT_DEPENDENT_SHAPE_REPRESENTATION(#17674,#17676);
#17674 = ( REPRESENTATION_RELATIONSHIP('','',#17609,#10) 
REPRESENTATION_RELATIONSHIP_WITH_TRANSFORMATION(#17675) 
SHAPE_REPRESENTATION_RELATIONSHIP() );
#17675 = ITEM_DEFINED_TRANSFORMATION('','',#11,#883);
#17676 = PRODUCT_DEFINITION_SHAPE('Placement','Placement of an item',
  #17677);
#17677 = NEXT_ASSEMBLY_USAGE_OCCURRENCE('1982','','',#5,#17604,$);
#17678 = PRODUCT_RELATED_PRODUCT_CATEGORY('part',$,(#17606));
ENDSEC;
END-ISO-10303-21;
