solid OpenSCAD_Model
  facet normal -0.342021 -0.939692 0
    outer loop
      vertex 7.51754 -2.73616 5
      vertex 9.20899 -3.3518 9
      vertex 7.51754 -2.73616 9
    endloop
  endfacet
  facet normal -0.342021 -0.939692 -0
    outer loop
      vertex 9.20899 -3.3518 9
      vertex 7.51754 -2.73616 5
      vertex 9.20899 -3.3518 5
    endloop
  endfacet
  facet normal -0.342021 0.939692 0
    outer loop
      vertex 9.20899 3.3518 5
      vertex 7.51754 2.73616 9
      vertex 9.20899 3.3518 9
    endloop
  endfacet
  facet normal -0.342021 0.939692 0
    outer loop
      vertex 7.51754 2.73616 9
      vertex 9.20899 3.3518 5
      vertex 7.51754 2.73616 5
    endloop
  endfacet
  facet normal 0 0 1
    outer loop
      vertex 8 0 9
      vertex 9.8 0 9
      vertex 9.76271 0.854126 9
    endloop
  endfacet
  facet normal 0 0 1
    outer loop
      vertex 7.96956 0.697246 9
      vertex 9.76271 0.854126 9
      vertex 9.65112 1.70175 9
    endloop
  endfacet
  facet normal 0 0 1
    outer loop
      vertex 9.8 0 9
      vertex 8 0 9
      vertex 9.76271 -0.854126 9
    endloop
  endfacet
  facet normal 0 0 1
    outer loop
      vertex 7.87846 1.38918 9
      vertex 9.65112 1.70175 9
      vertex 9.46607 2.53643 9
    endloop
  endfacet
  facet normal -0 0 1
    outer loop
      vertex 7.96956 -0.697246 9
      vertex 9.76271 -0.854126 9
      vertex 8 0 9
    endloop
  endfacet
  facet normal 0 0 1
    outer loop
      vertex 7.72741 2.07055 9
      vertex 9.46607 2.53643 9
      vertex 9.20899 3.3518 9
    endloop
  endfacet
  facet normal 0 0 1
    outer loop
      vertex 9.76271 -0.854126 9
      vertex 7.96956 -0.697246 9
      vertex 9.65112 -1.70175 9
    endloop
  endfacet
  facet normal -0 0 1
    outer loop
      vertex 7.87846 -1.38918 9
      vertex 9.65112 -1.70175 9
      vertex 7.96956 -0.697246 9
    endloop
  endfacet
  facet normal 0 0 1
    outer loop
      vertex 9.76271 0.854126 9
      vertex 7.96956 0.697246 9
      vertex 8 0 9
    endloop
  endfacet
  facet normal 0 0 1
    outer loop
      vertex 9.65112 1.70175 9
      vertex 7.87846 1.38918 9
      vertex 7.96956 0.697246 9
    endloop
  endfacet
  facet normal 0 0 1
    outer loop
      vertex 9.46607 2.53643 9
      vertex 7.72741 2.07055 9
      vertex 7.87846 1.38918 9
    endloop
  endfacet
  facet normal 0 0 1
    outer loop
      vertex 9.20899 3.3518 9
      vertex 7.51754 2.73616 9
      vertex 7.72741 2.07055 9
    endloop
  endfacet
  facet normal 0 0 1
    outer loop
      vertex 9.65112 -1.70175 9
      vertex 7.87846 -1.38918 9
      vertex 9.46607 -2.53643 9
    endloop
  endfacet
  facet normal -0 0 1
    outer loop
      vertex 7.72741 -2.07055 9
      vertex 9.46607 -2.53643 9
      vertex 7.87846 -1.38918 9
    endloop
  endfacet
  facet normal 0 0 1
    outer loop
      vertex 9.46607 -2.53643 9
      vertex 7.72741 -2.07055 9
      vertex 9.20899 -3.3518 9
    endloop
  endfacet
  facet normal -0 0 1
    outer loop
      vertex 7.51754 -2.73616 9
      vertex 9.20899 -3.3518 9
      vertex 7.72741 -2.07055 9
    endloop
  endfacet
  facet normal 0.953719 -0.3007 0
    outer loop
      vertex 9.20899 -3.3518 9
      vertex 9.46607 -2.53643 5
      vertex 9.46607 -2.53643 9
    endloop
  endfacet
  facet normal 0.953719 -0.3007 0
    outer loop
      vertex 9.46607 -2.53643 5
      vertex 9.20899 -3.3518 9
      vertex 9.20899 -3.3518 5
    endloop
  endfacet
  facet normal 0 0 -1
    outer loop
      vertex 8 0 5
      vertex 9.8 0 5
      vertex 9.76271 -0.854126 5
    endloop
  endfacet
  facet normal 0 0 -1
    outer loop
      vertex 7.96956 -0.697246 5
      vertex 9.76271 -0.854126 5
      vertex 9.65112 -1.70175 5
    endloop
  endfacet
  facet normal 0 0 -1
    outer loop
      vertex 9.8 0 5
      vertex 8 0 5
      vertex 9.76271 0.854126 5
    endloop
  endfacet
  facet normal 0 0 -1
    outer loop
      vertex 7.87846 -1.38918 5
      vertex 9.65112 -1.70175 5
      vertex 9.46607 -2.53643 5
    endloop
  endfacet
  facet normal 0 0 -1
    outer loop
      vertex 7.96956 0.697246 5
      vertex 9.76271 0.854126 5
      vertex 8 0 5
    endloop
  endfacet
  facet normal 0 0 -1
    outer loop
      vertex 7.72741 -2.07055 5
      vertex 9.46607 -2.53643 5
      vertex 9.20899 -3.3518 5
    endloop
  endfacet
  facet normal -0 0 -1
    outer loop
      vertex 9.76271 0.854126 5
      vertex 7.96956 0.697246 5
      vertex 9.65112 1.70175 5
    endloop
  endfacet
  facet normal 0 0 -1
    outer loop
      vertex 7.87846 1.38918 5
      vertex 9.65112 1.70175 5
      vertex 7.96956 0.697246 5
    endloop
  endfacet
  facet normal 0 0 -1
    outer loop
      vertex 9.76271 -0.854126 5
      vertex 7.96956 -0.697246 5
      vertex 8 0 5
    endloop
  endfacet
  facet normal 0 0 -1
    outer loop
      vertex 9.65112 -1.70175 5
      vertex 7.87846 -1.38918 5
      vertex 7.96956 -0.697246 5
    endloop
  endfacet
  facet normal 0 0 -1
    outer loop
      vertex 9.46607 -2.53643 5
      vertex 7.72741 -2.07055 5
      vertex 7.87846 -1.38918 5
    endloop
  endfacet
  facet normal 0 0 -1
    outer loop
      vertex 9.20899 -3.3518 5
      vertex 7.51754 -2.73616 5
      vertex 7.72741 -2.07055 5
    endloop
  endfacet
  facet normal -0 0 -1
    outer loop
      vertex 9.65112 1.70175 5
      vertex 7.87846 1.38918 5
      vertex 9.46607 2.53643 5
    endloop
  endfacet
  facet normal 0 0 -1
    outer loop
      vertex 7.72741 2.07055 5
      vertex 9.46607 2.53643 5
      vertex 7.87846 1.38918 5
    endloop
  endfacet
  facet normal -0 0 -1
    outer loop
      vertex 9.46607 2.53643 5
      vertex 7.72741 2.07055 5
      vertex 9.20899 3.3518 5
    endloop
  endfacet
  facet normal 0 0 -1
    outer loop
      vertex 7.51754 2.73616 5
      vertex 9.20899 3.3518 5
      vertex 7.72741 2.07055 5
    endloop
  endfacet
  facet normal 0.976295 -0.216446 0
    outer loop
      vertex 9.46607 -2.53643 9
      vertex 9.65112 -1.70175 5
      vertex 9.65112 -1.70175 9
    endloop
  endfacet
  facet normal 0.976295 -0.216446 0
    outer loop
      vertex 9.65112 -1.70175 5
      vertex 9.46607 -2.53643 9
      vertex 9.46607 -2.53643 5
    endloop
  endfacet
  facet normal 0.991445 -0.130524 0
    outer loop
      vertex 9.65112 -1.70175 9
      vertex 9.76271 -0.854126 5
      vertex 9.76271 -0.854126 9
    endloop
  endfacet
  facet normal 0.991445 -0.130524 0
    outer loop
      vertex 9.76271 -0.854126 5
      vertex 9.65112 -1.70175 9
      vertex 9.65112 -1.70175 5
    endloop
  endfacet
  facet normal 0.999048 -0.0436171 0
    outer loop
      vertex 9.76271 -0.854126 9
      vertex 9.8 0 5
      vertex 9.8 0 9
    endloop
  endfacet
  facet normal 0.999048 -0.0436171 0
    outer loop
      vertex 9.8 0 5
      vertex 9.76271 -0.854126 9
      vertex 9.76271 -0.854126 5
    endloop
  endfacet
  facet normal 0.999048 0.0436171 0
    outer loop
      vertex 9.8 0 9
      vertex 9.76271 0.854126 5
      vertex 9.76271 0.854126 9
    endloop
  endfacet
  facet normal 0.999048 0.0436171 0
    outer loop
      vertex 9.76271 0.854126 5
      vertex 9.8 0 9
      vertex 9.8 0 5
    endloop
  endfacet
  facet normal 0.991445 0.130524 0
    outer loop
      vertex 9.76271 0.854126 9
      vertex 9.65112 1.70175 5
      vertex 9.65112 1.70175 9
    endloop
  endfacet
  facet normal 0.991445 0.130524 0
    outer loop
      vertex 9.65112 1.70175 5
      vertex 9.76271 0.854126 9
      vertex 9.76271 0.854126 5
    endloop
  endfacet
  facet normal 0.976295 0.216446 0
    outer loop
      vertex 9.65112 1.70175 9
      vertex 9.46607 2.53643 5
      vertex 9.46607 2.53643 9
    endloop
  endfacet
  facet normal 0.976295 0.216446 0
    outer loop
      vertex 9.46607 2.53643 5
      vertex 9.65112 1.70175 9
      vertex 9.65112 1.70175 5
    endloop
  endfacet
  facet normal 0.953719 0.3007 0
    outer loop
      vertex 9.46607 2.53643 9
      vertex 9.20899 3.3518 5
      vertex 9.20899 3.3518 9
    endloop
  endfacet
  facet normal 0.953719 0.3007 0
    outer loop
      vertex 9.20899 3.3518 5
      vertex 9.46607 2.53643 9
      vertex 9.46607 2.53643 5
    endloop
  endfacet
  facet normal 0.342021 0.939692 -0
    outer loop
      vertex -7.51754 2.73616 5
      vertex -9.20899 3.3518 9
      vertex -7.51754 2.73616 9
    endloop
  endfacet
  facet normal 0.342021 0.939692 0
    outer loop
      vertex -9.20899 3.3518 9
      vertex -7.51754 2.73616 5
      vertex -9.20899 3.3518 5
    endloop
  endfacet
  facet normal 0.342021 -0.939692 0
    outer loop
      vertex -9.20899 -3.3518 5
      vertex -7.51754 -2.73616 9
      vertex -9.20899 -3.3518 9
    endloop
  endfacet
  facet normal 0.342021 -0.939692 0
    outer loop
      vertex -7.51754 -2.73616 9
      vertex -9.20899 -3.3518 5
      vertex -7.51754 -2.73616 5
    endloop
  endfacet
  facet normal -0.953719 0.3007 0
    outer loop
      vertex -9.46607 2.53643 5
      vertex -9.20899 3.3518 9
      vertex -9.20899 3.3518 5
    endloop
  endfacet
  facet normal -0.953719 0.3007 0
    outer loop
      vertex -9.20899 3.3518 9
      vertex -9.46607 2.53643 5
      vertex -9.46607 2.53643 9
    endloop
  endfacet
  facet normal -0.976295 0.216446 0
    outer loop
      vertex -9.65112 1.70175 5
      vertex -9.46607 2.53643 9
      vertex -9.46607 2.53643 5
    endloop
  endfacet
  facet normal -0.976295 0.216446 0
    outer loop
      vertex -9.46607 2.53643 9
      vertex -9.65112 1.70175 5
      vertex -9.65112 1.70175 9
    endloop
  endfacet
  facet normal -0.991445 0.130524 0
    outer loop
      vertex -9.76271 0.854126 5
      vertex -9.65112 1.70175 9
      vertex -9.65112 1.70175 5
    endloop
  endfacet
  facet normal -0.991445 0.130524 0
    outer loop
      vertex -9.65112 1.70175 9
      vertex -9.76271 0.854126 5
      vertex -9.76271 0.854126 9
    endloop
  endfacet
  facet normal -0.999048 0.0436171 0
    outer loop
      vertex -9.8 0 5
      vertex -9.76271 0.854126 9
      vertex -9.76271 0.854126 5
    endloop
  endfacet
  facet normal -0.999048 0.0436171 0
    outer loop
      vertex -9.76271 0.854126 9
      vertex -9.8 0 5
      vertex -9.8 0 9
    endloop
  endfacet
  facet normal 0 0 -1
    outer loop
      vertex -9.65112 -1.70175 5
      vertex -7.87846 -1.38918 5
      vertex -9.46607 -2.53643 5
    endloop
  endfacet
  facet normal -0 0 -1
    outer loop
      vertex -7.72741 -2.07055 5
      vertex -9.46607 -2.53643 5
      vertex -7.87846 -1.38918 5
    endloop
  endfacet
  facet normal 0 0 -1
    outer loop
      vertex -9.46607 -2.53643 5
      vertex -7.72741 -2.07055 5
      vertex -9.20899 -3.3518 5
    endloop
  endfacet
  facet normal -0 0 -1
    outer loop
      vertex -7.51754 -2.73616 5
      vertex -9.20899 -3.3518 5
      vertex -7.72741 -2.07055 5
    endloop
  endfacet
  facet normal -0 0 -1
    outer loop
      vertex -7.87846 -1.38918 5
      vertex -9.65112 -1.70175 5
      vertex -7.96956 -0.697246 5
    endloop
  endfacet
  facet normal 0 0 -1
    outer loop
      vertex -9.76271 -0.854126 5
      vertex -7.96956 -0.697246 5
      vertex -9.65112 -1.70175 5
    endloop
  endfacet
  facet normal -0 0 -1
    outer loop
      vertex -7.96956 -0.697246 5
      vertex -9.76271 -0.854126 5
      vertex -8 0 5
    endloop
  endfacet
  facet normal 0 0 -1
    outer loop
      vertex -7.72741 2.07055 5
      vertex -9.20899 3.3518 5
      vertex -7.51754 2.73616 5
    endloop
  endfacet
  facet normal 0 0 -1
    outer loop
      vertex -9.8 0 5
      vertex -8 0 5
      vertex -9.76271 -0.854126 5
    endloop
  endfacet
  facet normal 0 0 -1
    outer loop
      vertex -8 0 5
      vertex -9.8 0 5
      vertex -7.96956 0.697246 5
    endloop
  endfacet
  facet normal 0 0 -1
    outer loop
      vertex -7.72741 2.07055 5
      vertex -9.46607 2.53643 5
      vertex -9.20899 3.3518 5
    endloop
  endfacet
  facet normal 0 -0 -1
    outer loop
      vertex -9.76271 0.854126 5
      vertex -7.96956 0.697246 5
      vertex -9.8 0 5
    endloop
  endfacet
  facet normal -0 0 -1
    outer loop
      vertex -7.72741 2.07055 5
      vertex -9.65112 1.70175 5
      vertex -9.46607 2.53643 5
    endloop
  endfacet
  facet normal 0 0 -1
    outer loop
      vertex -7.96956 0.697246 5
      vertex -9.76271 0.854126 5
      vertex -7.87846 1.38918 5
    endloop
  endfacet
  facet normal 0 0 -1
    outer loop
      vertex -7.87846 1.38918 5
      vertex -9.65112 1.70175 5
      vertex -7.72741 2.07055 5
    endloop
  endfacet
  facet normal 0 -0 -1
    outer loop
      vertex -9.65112 1.70175 5
      vertex -7.87846 1.38918 5
      vertex -9.76271 0.854126 5
    endloop
  endfacet
  facet normal -0 0 1
    outer loop
      vertex -9.65112 1.70175 9
      vertex -7.87846 1.38918 9
      vertex -9.46607 2.53643 9
    endloop
  endfacet
  facet normal 0 0 1
    outer loop
      vertex -7.72741 2.07055 9
      vertex -9.46607 2.53643 9
      vertex -7.87846 1.38918 9
    endloop
  endfacet
  facet normal -0 0 1
    outer loop
      vertex -9.46607 2.53643 9
      vertex -7.72741 2.07055 9
      vertex -9.20899 3.3518 9
    endloop
  endfacet
  facet normal 0 0 1
    outer loop
      vertex -7.51754 2.73616 9
      vertex -9.20899 3.3518 9
      vertex -7.72741 2.07055 9
    endloop
  endfacet
  facet normal 0 0 1
    outer loop
      vertex -7.87846 1.38918 9
      vertex -9.65112 1.70175 9
      vertex -7.96956 0.697246 9
    endloop
  endfacet
  facet normal -0 0 1
    outer loop
      vertex -9.76271 0.854126 9
      vertex -7.96956 0.697246 9
      vertex -9.65112 1.70175 9
    endloop
  endfacet
  facet normal 0 0 1
    outer loop
      vertex -7.96956 0.697246 9
      vertex -9.76271 0.854126 9
      vertex -8 0 9
    endloop
  endfacet
  facet normal 0 0 1
    outer loop
      vertex -7.72741 -2.07055 9
      vertex -9.20899 -3.3518 9
      vertex -7.51754 -2.73616 9
    endloop
  endfacet
  facet normal 0 0 1
    outer loop
      vertex -9.8 0 9
      vertex -8 0 9
      vertex -9.76271 0.854126 9
    endloop
  endfacet
  facet normal 0 0 1
    outer loop
      vertex -8 0 9
      vertex -9.8 0 9
      vertex -7.96956 -0.697246 9
    endloop
  endfacet
  facet normal 0 0 1
    outer loop
      vertex -7.72741 -2.07055 9
      vertex -9.46607 -2.53643 9
      vertex -9.20899 -3.3518 9
    endloop
  endfacet
  facet normal 0 -0 1
    outer loop
      vertex -9.76271 -0.854126 9
      vertex -7.96956 -0.697246 9
      vertex -9.8 0 9
    endloop
  endfacet
  facet normal 0 0 1
    outer loop
      vertex -7.72741 -2.07055 9
      vertex -9.65112 -1.70175 9
      vertex -9.46607 -2.53643 9
    endloop
  endfacet
  facet normal 0 0 1
    outer loop
      vertex -7.96956 -0.697246 9
      vertex -9.76271 -0.854126 9
      vertex -7.87846 -1.38918 9
    endloop
  endfacet
  facet normal 0 0 1
    outer loop
      vertex -7.87846 -1.38918 9
      vertex -9.65112 -1.70175 9
      vertex -7.72741 -2.07055 9
    endloop
  endfacet
  facet normal 0 -0 1
    outer loop
      vertex -9.65112 -1.70175 9
      vertex -7.87846 -1.38918 9
      vertex -9.76271 -0.854126 9
    endloop
  endfacet
  facet normal -0.999048 -0.0436171 0
    outer loop
      vertex -9.76271 -0.854126 5
      vertex -9.8 0 9
      vertex -9.8 0 5
    endloop
  endfacet
  facet normal -0.999048 -0.0436171 0
    outer loop
      vertex -9.8 0 9
      vertex -9.76271 -0.854126 5
      vertex -9.76271 -0.854126 9
    endloop
  endfacet
  facet normal -0.991445 -0.130524 0
    outer loop
      vertex -9.65112 -1.70175 5
      vertex -9.76271 -0.854126 9
      vertex -9.76271 -0.854126 5
    endloop
  endfacet
  facet normal -0.991445 -0.130524 0
    outer loop
      vertex -9.76271 -0.854126 9
      vertex -9.65112 -1.70175 5
      vertex -9.65112 -1.70175 9
    endloop
  endfacet
  facet normal -0.976295 -0.216446 0
    outer loop
      vertex -9.46607 -2.53643 5
      vertex -9.65112 -1.70175 9
      vertex -9.65112 -1.70175 5
    endloop
  endfacet
  facet normal -0.976295 -0.216446 0
    outer loop
      vertex -9.65112 -1.70175 9
      vertex -9.46607 -2.53643 5
      vertex -9.46607 -2.53643 9
    endloop
  endfacet
  facet normal -0.953719 -0.3007 0
    outer loop
      vertex -9.20899 -3.3518 5
      vertex -9.46607 -2.53643 9
      vertex -9.46607 -2.53643 5
    endloop
  endfacet
  facet normal -0.953719 -0.3007 0
    outer loop
      vertex -9.46607 -2.53643 9
      vertex -9.20899 -3.3518 5
      vertex -9.20899 -3.3518 9
    endloop
  endfacet
  facet normal -0.537294 0.843395 0
    outer loop
      vertex -4 6.9282 1.15
      vertex -4.58861 6.55322 172
      vertex -4 6.9282 172
    endloop
  endfacet
  facet normal -0.537295 0.843395 -5.84995e-09
    outer loop
      vertex -4.1913 6.80633 1.15
      vertex -4.58861 6.55322 172
      vertex -4 6.9282 1.15
    endloop
  endfacet
  facet normal -0.537293 0.843396 0
    outer loop
      vertex -4.58861 6.55322 172
      vertex -4.1913 6.80633 1.15
      vertex -4.58861 6.55322 1.15
    endloop
  endfacet
  facet normal 0.991444 0.130533 0
    outer loop
      vertex 7.96956 0.697246 172
      vertex 7.87846 1.38918 9
      vertex 7.87846 1.38918 172
    endloop
  endfacet
  facet normal 0.991444 0.130533 0
    outer loop
      vertex 7.87846 1.38918 9
      vertex 7.96956 0.697246 172
      vertex 7.96956 0.697246 9
    endloop
  endfacet
  facet normal 0.991443 0.130543 0
    outer loop
      vertex 7.87846 1.38918 5
      vertex 7.90807 1.1643 1.15
      vertex 7.87846 1.38918 1.15
    endloop
  endfacet
  facet normal 0.991444 0.130533 5.94633e-07
    outer loop
      vertex 7.96956 0.697246 5
      vertex 7.90807 1.1643 1.15
      vertex 7.87846 1.38918 5
    endloop
  endfacet
  facet normal 0.991445 0.130529 0
    outer loop
      vertex 7.90807 1.1643 1.15
      vertex 7.96956 0.697246 5
      vertex 7.96956 0.697246 1.15
    endloop
  endfacet
  facet normal 0.737273 -0.675595 0
    outer loop
      vertex 6.12836 -5.1423 172
      vertex 5.97512 -5.30953 1.15
      vertex 6.12836 -5.1423 1.15
    endloop
  endfacet
  facet normal 0.737269 -0.675599 8.1794e-09
    outer loop
      vertex 5.65685 -5.65685 172
      vertex 5.97512 -5.30953 1.15
      vertex 6.12836 -5.1423 172
    endloop
  endfacet
  facet normal 0.737267 -0.675602 0
    outer loop
      vertex 5.97512 -5.30953 1.15
      vertex 5.65685 -5.65685 172
      vertex 5.65685 -5.65685 1.15
    endloop
  endfacet
  facet normal -0.887006 0.461758 0
    outer loop
      vertex -7.14573 3.58214 1.15
      vertex -6.9282 4 172
      vertex -6.9282 4 1.15
    endloop
  endfacet
  facet normal -0.887016 0.461739 6.14916e-08
    outer loop
      vertex -7.25046 3.38095 1.15
      vertex -6.9282 4 172
      vertex -7.14573 3.58214 1.15
    endloop
  endfacet
  facet normal -0.887009 0.461752 0
    outer loop
      vertex -6.9282 4 172
      vertex -7.25046 3.38095 1.15
      vertex -7.25046 3.38095 172
    endloop
  endfacet
  facet normal -0.991444 0.130533 0
    outer loop
      vertex -7.96956 0.697246 9
      vertex -7.87846 1.38918 172
      vertex -7.87846 1.38918 9
    endloop
  endfacet
  facet normal -0.991444 0.130533 0
    outer loop
      vertex -7.87846 1.38918 172
      vertex -7.96956 0.697246 9
      vertex -7.96956 0.697246 172
    endloop
  endfacet
  facet normal -0.991443 0.130543 0
    outer loop
      vertex -7.90807 1.1643 1.15
      vertex -7.87846 1.38918 5
      vertex -7.87846 1.38918 1.15
    endloop
  endfacet
  facet normal -0.991445 0.130529 0
    outer loop
      vertex -7.96956 0.697246 5
      vertex -7.90807 1.1643 1.15
      vertex -7.96956 0.697246 1.15
    endloop
  endfacet
  facet normal -0.991444 0.130533 5.94633e-07
    outer loop
      vertex -7.90807 1.1643 1.15
      vertex -7.96956 0.697246 5
      vertex -7.87846 1.38918 5
    endloop
  endfacet
  facet normal -0.953715 0.300711 0
    outer loop
      vertex -7.72741 2.07055 9
      vertex -7.51754 2.73616 172
      vertex -7.51754 2.73616 9
    endloop
  endfacet
  facet normal -0.953715 0.300711 0
    outer loop
      vertex -7.51754 2.73616 172
      vertex -7.72741 2.07055 9
      vertex -7.72741 2.07055 172
    endloop
  endfacet
  facet normal -0.953711 0.300724 0
    outer loop
      vertex -7.58575 2.51984 1.15
      vertex -7.51754 2.73616 5
      vertex -7.51754 2.73616 1.15
    endloop
  endfacet
  facet normal -0.953717 0.300705 0
    outer loop
      vertex -7.72741 2.07055 5
      vertex -7.58575 2.51984 1.15
      vertex -7.72741 2.07055 1.15
    endloop
  endfacet
  facet normal -0.953715 0.300711 8.11213e-07
    outer loop
      vertex -7.58575 2.51984 1.15
      vertex -7.72741 2.07055 5
      vertex -7.51754 2.73616 5
    endloop
  endfacet
  facet normal -0.300711 0.953715 1.82802e-08
    outer loop
      vertex -2.07055 7.72741 172
      vertex -2.51984 7.58575 1.15
      vertex -2.73616 7.51754 172
    endloop
  endfacet
  facet normal -0.300705 0.953717 0
    outer loop
      vertex -2.51984 7.58575 1.15
      vertex -2.07055 7.72741 172
      vertex -2.07055 7.72741 1.15
    endloop
  endfacet
  facet normal -0.300724 0.953711 0
    outer loop
      vertex -2.73616 7.51754 172
      vertex -2.51984 7.58575 1.15
      vertex -2.73616 7.51754 1.15
    endloop
  endfacet
  facet normal 0.537294 0.843395 -1.90125e-09
    outer loop
      vertex 4.58861 6.55322 172
      vertex 4.1913 6.80633 1.15
      vertex 4 6.9282 172
    endloop
  endfacet
  facet normal 0.537293 0.843396 0
    outer loop
      vertex 4.1913 6.80633 1.15
      vertex 4.58861 6.55322 172
      vertex 4.58861 6.55322 1.15
    endloop
  endfacet
  facet normal 0.537295 0.843395 0
    outer loop
      vertex 4 6.9282 172
      vertex 4.1913 6.80633 1.15
      vertex 4 6.9282 1.15
    endloop
  endfacet
  facet normal 0.300711 -0.953715 1.82802e-08
    outer loop
      vertex 2.07055 -7.72741 172
      vertex 2.51984 -7.58575 1.15
      vertex 2.73616 -7.51754 172
    endloop
  endfacet
  facet normal 0.300705 -0.953717 0
    outer loop
      vertex 2.51984 -7.58575 1.15
      vertex 2.07055 -7.72741 172
      vertex 2.07055 -7.72741 1.15
    endloop
  endfacet
  facet normal 0.300724 -0.953711 0
    outer loop
      vertex 2.73616 -7.51754 172
      vertex 2.51984 -7.58575 1.15
      vertex 2.73616 -7.51754 1.15
    endloop
  endfacet
  facet normal -0.537294 -0.843395 -1.90125e-09
    outer loop
      vertex -4.58861 -6.55322 172
      vertex -4.1913 -6.80633 1.15
      vertex -4 -6.9282 172
    endloop
  endfacet
  facet normal -0.537293 -0.843396 0
    outer loop
      vertex -4.1913 -6.80633 1.15
      vertex -4.58861 -6.55322 172
      vertex -4.58861 -6.55322 1.15
    endloop
  endfacet
  facet normal -0.537295 -0.843395 -0
    outer loop
      vertex -4 -6.9282 172
      vertex -4.1913 -6.80633 1.15
      vertex -4 -6.9282 1.15
    endloop
  endfacet
  facet normal -0.130533 0.991444 0
    outer loop
      vertex -0.697246 7.96956 1.15
      vertex -1.38918 7.87846 172
      vertex -0.697246 7.96956 172
    endloop
  endfacet
  facet normal -0.130529 0.991445 1.98515e-08
    outer loop
      vertex -1.1643 7.90807 1.15
      vertex -1.38918 7.87846 172
      vertex -0.697246 7.96956 1.15
    endloop
  endfacet
  facet normal -0.130543 0.991443 0
    outer loop
      vertex -1.38918 7.87846 1.15
      vertex -1.38918 7.87846 172
      vertex -1.1643 7.90807 1.15
    endloop
  endfacet
  facet normal -0.953715 -0.300711 0
    outer loop
      vertex -7.51754 -2.73616 9
      vertex -7.72741 -2.07055 172
      vertex -7.72741 -2.07055 9
    endloop
  endfacet
  facet normal -0.953715 -0.300711 0
    outer loop
      vertex -7.72741 -2.07055 172
      vertex -7.51754 -2.73616 9
      vertex -7.51754 -2.73616 172
    endloop
  endfacet
  facet normal -0.953717 -0.300705 0
    outer loop
      vertex -7.58575 -2.51984 1.15
      vertex -7.72741 -2.07055 5
      vertex -7.72741 -2.07055 1.15
    endloop
  endfacet
  facet normal -0.953711 -0.300724 -0
    outer loop
      vertex -7.51754 -2.73616 5
      vertex -7.58575 -2.51984 1.15
      vertex -7.51754 -2.73616 1.15
    endloop
  endfacet
  facet normal -0.953715 -0.300711 8.11213e-07
    outer loop
      vertex -7.58575 -2.51984 1.15
      vertex -7.51754 -2.73616 5
      vertex -7.72741 -2.07055 5
    endloop
  endfacet
  facet normal 0.793376 0.608732 0
    outer loop
      vertex 6.12836 5.1423 172
      vertex 6.26643 4.96235 1.15
      vertex 6.12836 5.1423 1.15
    endloop
  endfacet
  facet normal 0.793344 0.608774 -6.93122e-08
    outer loop
      vertex 6.12836 5.1423 172
      vertex 6.55322 4.58861 1.15
      vertex 6.26643 4.96235 1.15
    endloop
  endfacet
  facet normal 0.793354 0.60876 0
    outer loop
      vertex 6.55322 4.58861 172
      vertex 6.55322 4.58861 1.15
      vertex 6.12836 5.1423 172
    endloop
  endfacet
  facet normal 0.382682 0.92388 -0
    outer loop
      vertex 3.38095 7.25046 1.15
      vertex 2.73616 7.51754 172
      vertex 3.38095 7.25046 172
    endloop
  endfacet
  facet normal 0.382674 0.923884 -3.90369e-08
    outer loop
      vertex 3.17139 7.33726 1.15
      vertex 2.73616 7.51754 172
      vertex 3.38095 7.25046 1.15
    endloop
  endfacet
  facet normal 0.382687 0.923878 -0
    outer loop
      vertex 2.73616 7.51754 1.15
      vertex 2.73616 7.51754 172
      vertex 3.17139 7.33726 1.15
    endloop
  endfacet
  facet normal -0.991444 -0.130533 0
    outer loop
      vertex -7.87846 -1.38918 9
      vertex -7.96956 -0.697246 172
      vertex -7.96956 -0.697246 9
    endloop
  endfacet
  facet normal -0.991444 -0.130533 0
    outer loop
      vertex -7.96956 -0.697246 172
      vertex -7.87846 -1.38918 9
      vertex -7.87846 -1.38918 172
    endloop
  endfacet
  facet normal -0.991445 -0.130529 0
    outer loop
      vertex -7.90807 -1.1643 1.15
      vertex -7.96956 -0.697246 5
      vertex -7.96956 -0.697246 1.15
    endloop
  endfacet
  facet normal -0.991443 -0.130543 -0
    outer loop
      vertex -7.87846 -1.38918 5
      vertex -7.90807 -1.1643 1.15
      vertex -7.87846 -1.38918 1.15
    endloop
  endfacet
  facet normal -0.991444 -0.130533 5.94633e-07
    outer loop
      vertex -7.90807 -1.1643 1.15
      vertex -7.87846 -1.38918 5
      vertex -7.96956 -0.697246 5
    endloop
  endfacet
  facet normal 0.887006 0.461758 0
    outer loop
      vertex 6.9282 4 172
      vertex 7.14573 3.58214 1.15
      vertex 6.9282 4 1.15
    endloop
  endfacet
  facet normal 0.887016 0.461739 6.14916e-08
    outer loop
      vertex 6.9282 4 172
      vertex 7.25046 3.38095 1.15
      vertex 7.14573 3.58214 1.15
    endloop
  endfacet
  facet normal 0.887009 0.461752 0
    outer loop
      vertex 7.25046 3.38095 172
      vertex 7.25046 3.38095 1.15
      vertex 6.9282 4 172
    endloop
  endfacet
  facet normal -0.300711 -0.953715 1.82802e-08
    outer loop
      vertex -2.73616 -7.51754 172
      vertex -2.51984 -7.58575 1.15
      vertex -2.07055 -7.72741 172
    endloop
  endfacet
  facet normal -0.300724 -0.953711 0
    outer loop
      vertex -2.51984 -7.58575 1.15
      vertex -2.73616 -7.51754 172
      vertex -2.73616 -7.51754 1.15
    endloop
  endfacet
  facet normal -0.300705 -0.953717 -0
    outer loop
      vertex -2.07055 -7.72741 172
      vertex -2.51984 -7.58575 1.15
      vertex -2.07055 -7.72741 1.15
    endloop
  endfacet
  facet normal 0.999048 0.0436159 0
    outer loop
      vertex 8 0 172
      vertex 7.96956 0.697246 9
      vertex 7.96956 0.697246 172
    endloop
  endfacet
  facet normal 0.999048 0.0436159 0
    outer loop
      vertex 7.96956 0.697246 9
      vertex 8 0 172
      vertex 8 0 9
    endloop
  endfacet
  facet normal 1 0 0
    outer loop
      vertex 7.96956 0.697246 5
      vertex 7.96956 0.697245 1.15
      vertex 7.96956 0.697246 1.15
    endloop
  endfacet
  facet normal 0.999048 0.0436224 -1.13305e-08
    outer loop
      vertex 7.96956 0.697246 5
      vertex 7.99011 0.226605 1.15
      vertex 7.96956 0.697245 1.15
    endloop
  endfacet
  facet normal 0.999048 0.0436159 7.79046e-07
    outer loop
      vertex 8 0 5
      vertex 7.99011 0.226605 1.15
      vertex 7.96956 0.697246 5
    endloop
  endfacet
  facet normal 0.999049 0.0436027 0
    outer loop
      vertex 7.99011 0.226605 1.15
      vertex 8 0 5
      vertex 8 0 1.15
    endloop
  endfacet
  facet normal -0.999048 0.0436159 0
    outer loop
      vertex -8 0 9
      vertex -7.96956 0.697246 172
      vertex -7.96956 0.697246 9
    endloop
  endfacet
  facet normal -0.999048 0.0436159 0
    outer loop
      vertex -7.96956 0.697246 172
      vertex -8 0 9
      vertex -8 0 172
    endloop
  endfacet
  facet normal -1 0 0
    outer loop
      vertex -7.96956 0.697245 1.15
      vertex -7.96956 0.697246 5
      vertex -7.96956 0.697246 1.15
    endloop
  endfacet
  facet normal -0.999048 0.0436224 -1.13305e-08
    outer loop
      vertex -7.99011 0.226605 1.15
      vertex -7.96956 0.697246 5
      vertex -7.96956 0.697245 1.15
    endloop
  endfacet
  facet normal -0.999049 0.0436027 0
    outer loop
      vertex -8 0 5
      vertex -7.99011 0.226605 1.15
      vertex -8 0 1.15
    endloop
  endfacet
  facet normal -0.999048 0.0436159 7.79046e-07
    outer loop
      vertex -7.99011 0.226605 1.15
      vertex -8 0 5
      vertex -7.96956 0.697246 5
    endloop
  endfacet
  facet normal 0.537294 -0.843395 0
    outer loop
      vertex 4 -6.9282 1.15
      vertex 4.58861 -6.55322 172
      vertex 4 -6.9282 172
    endloop
  endfacet
  facet normal 0.537295 -0.843395 -5.84995e-09
    outer loop
      vertex 4.1913 -6.80633 1.15
      vertex 4.58861 -6.55322 172
      vertex 4 -6.9282 1.15
    endloop
  endfacet
  facet normal 0.537293 -0.843396 0
    outer loop
      vertex 4.58861 -6.55322 172
      vertex 4.1913 -6.80633 1.15
      vertex 4.58861 -6.55322 1.15
    endloop
  endfacet
  facet normal -0.216431 -0.976298 0
    outer loop
      vertex -2.07055 -7.72741 1.15
      vertex -1.38918 -7.87846 172
      vertex -2.07055 -7.72741 172
    endloop
  endfacet
  facet normal -0.216436 -0.976297 1.94968e-08
    outer loop
      vertex -1.61063 -7.82937 1.15
      vertex -1.38918 -7.87846 172
      vertex -2.07055 -7.72741 1.15
    endloop
  endfacet
  facet normal -0.216422 -0.9763 -0
    outer loop
      vertex -1.38918 -7.87846 172
      vertex -1.61063 -7.82937 1.15
      vertex -1.38918 -7.87846 1.15
    endloop
  endfacet
  facet normal 0.0436159 0.999048 -0
    outer loop
      vertex 0.697246 7.96956 1.15
      vertex 0 8 172
      vertex 0.697246 7.96956 172
    endloop
  endfacet
  facet normal 0 1 -0.000178168
    outer loop
      vertex 0.697245 7.96956 1.15
      vertex 0 8 172
      vertex 0.697246 7.96956 1.15
    endloop
  endfacet
  facet normal 0.0436224 0.999048 2.61308e-08
    outer loop
      vertex 0.226605 7.99011 1.15
      vertex 0 8 172
      vertex 0.697245 7.96956 1.15
    endloop
  endfacet
  facet normal 0.0436027 0.999049 0
    outer loop
      vertex 0 8 172
      vertex 0.226605 7.99011 1.15
      vertex 0 8 1.15
    endloop
  endfacet
  facet normal 0.999048 -0.0436159 0
    outer loop
      vertex 7.96956 -0.697246 172
      vertex 8 0 9
      vertex 8 0 172
    endloop
  endfacet
  facet normal 0.999048 -0.0436159 0
    outer loop
      vertex 8 0 9
      vertex 7.96956 -0.697246 172
      vertex 7.96956 -0.697246 9
    endloop
  endfacet
  facet normal 0.999049 -0.0436027 0
    outer loop
      vertex 8 0 5
      vertex 7.99011 -0.226605 1.15
      vertex 8 0 1.15
    endloop
  endfacet
  facet normal 0.999048 -0.0436159 7.79046e-07
    outer loop
      vertex 7.96956 -0.697246 5
      vertex 7.99011 -0.226605 1.15
      vertex 8 0 5
    endloop
  endfacet
  facet normal 0.999048 -0.0436224 -1.13305e-08
    outer loop
      vertex 7.99011 -0.226605 1.15
      vertex 7.96956 -0.697246 5
      vertex 7.96956 -0.697245 1.15
    endloop
  endfacet
  facet normal 1 0 0
    outer loop
      vertex 7.96956 -0.697245 1.15
      vertex 7.96956 -0.697246 5
      vertex 7.96956 -0.697246 1.15
    endloop
  endfacet
  facet normal 0.0436159 -0.999048 -2.55288e-10
    outer loop
      vertex 0 -8 172
      vertex 0.697245 -7.96956 1.15
      vertex 0.697246 -7.96956 172
    endloop
  endfacet
  facet normal 0.0436224 -0.999048 2.61308e-08
    outer loop
      vertex 0 -8 172
      vertex 0.226605 -7.99011 1.15
      vertex 0.697245 -7.96956 1.15
    endloop
  endfacet
  facet normal 0.0436027 -0.999049 0
    outer loop
      vertex 0.226605 -7.99011 1.15
      vertex 0 -8 172
      vertex 0 -8 1.15
    endloop
  endfacet
  facet normal 0 -1 -0
    outer loop
      vertex 0.697246 -7.96956 172
      vertex 0.697245 -7.96956 1.15
      vertex 0.697246 -7.96956 1.15
    endloop
  endfacet
  facet normal 0.976298 0.216431 0
    outer loop
      vertex 7.87846 1.38918 172
      vertex 7.72741 2.07055 9
      vertex 7.72741 2.07055 172
    endloop
  endfacet
  facet normal 0.976298 0.216431 0
    outer loop
      vertex 7.72741 2.07055 9
      vertex 7.87846 1.38918 172
      vertex 7.87846 1.38918 9
    endloop
  endfacet
  facet normal 0.976297 0.216436 0
    outer loop
      vertex 7.72741 2.07055 5
      vertex 7.82937 1.61063 1.15
      vertex 7.72741 2.07055 1.15
    endloop
  endfacet
  facet normal 0.976298 0.216431 5.84005e-07
    outer loop
      vertex 7.87846 1.38918 5
      vertex 7.82937 1.61063 1.15
      vertex 7.72741 2.07055 5
    endloop
  endfacet
  facet normal 0.9763 0.216422 0
    outer loop
      vertex 7.82937 1.61063 1.15
      vertex 7.87846 1.38918 5
      vertex 7.87846 1.38918 1.15
    endloop
  endfacet
  facet normal 0.216431 0.976298 -0
    outer loop
      vertex 2.07055 7.72741 1.15
      vertex 1.38918 7.87846 172
      vertex 2.07055 7.72741 172
    endloop
  endfacet
  facet normal 0.216436 0.976297 1.94968e-08
    outer loop
      vertex 1.61063 7.82937 1.15
      vertex 1.38918 7.87846 172
      vertex 2.07055 7.72741 1.15
    endloop
  endfacet
  facet normal 0.216422 0.9763 0
    outer loop
      vertex 1.38918 7.87846 172
      vertex 1.61063 7.82937 1.15
      vertex 1.38918 7.87846 1.15
    endloop
  endfacet
  facet normal -0.675599 0.737269 0
    outer loop
      vertex -5.1423 6.12836 172
      vertex -5.65685 5.65685 1.15
      vertex -5.65685 5.65685 172
    endloop
  endfacet
  facet normal -0.675599 0.737269 0
    outer loop
      vertex -5.1423 6.12836 1.15
      vertex -5.65685 5.65685 1.15
      vertex -5.1423 6.12836 172
    endloop
  endfacet
  facet normal 0 0 1
    outer loop
      vertex -5.65685 5.65685 1.15
      vertex -5.1423 6.12836 1.15
      vertex -5.30953 5.97512 1.15
    endloop
  endfacet
  facet normal -0.999048 -0.0436159 0
    outer loop
      vertex -7.96956 -0.697246 9
      vertex -8 0 172
      vertex -8 0 9
    endloop
  endfacet
  facet normal -0.999048 -0.0436159 0
    outer loop
      vertex -8 0 172
      vertex -7.96956 -0.697246 9
      vertex -7.96956 -0.697246 172
    endloop
  endfacet
  facet normal -0.999049 -0.0436027 0
    outer loop
      vertex -7.99011 -0.226605 1.15
      vertex -8 0 5
      vertex -8 0 1.15
    endloop
  endfacet
  facet normal -0.999048 -0.0436224 -1.13305e-08
    outer loop
      vertex -7.96956 -0.697246 5
      vertex -7.99011 -0.226605 1.15
      vertex -7.96956 -0.697245 1.15
    endloop
  endfacet
  facet normal -1 0 0
    outer loop
      vertex -7.96956 -0.697246 5
      vertex -7.96956 -0.697245 1.15
      vertex -7.96956 -0.697246 1.15
    endloop
  endfacet
  facet normal -0.999048 -0.0436159 7.79046e-07
    outer loop
      vertex -7.99011 -0.226605 1.15
      vertex -7.96956 -0.697246 5
      vertex -8 0 5
    endloop
  endfacet
  facet normal 0.216431 -0.976298 1.31602e-08
    outer loop
      vertex 1.38918 -7.87846 172
      vertex 1.61063 -7.82937 1.15
      vertex 2.07055 -7.72741 172
    endloop
  endfacet
  facet normal 0.216422 -0.9763 0
    outer loop
      vertex 1.61063 -7.82937 1.15
      vertex 1.38918 -7.87846 172
      vertex 1.38918 -7.87846 1.15
    endloop
  endfacet
  facet normal 0.216436 -0.976297 0
    outer loop
      vertex 2.07055 -7.72741 172
      vertex 1.61063 -7.82937 1.15
      vertex 2.07055 -7.72741 1.15
    endloop
  endfacet
  facet normal -0.0436159 -0.999048 0
    outer loop
      vertex -0.697246 -7.96956 1.15
      vertex 0 -8 172
      vertex -0.697246 -7.96956 172
    endloop
  endfacet
  facet normal -0 -1 -0.000178168
    outer loop
      vertex -0.697245 -7.96956 1.15
      vertex 0 -8 172
      vertex -0.697246 -7.96956 1.15
    endloop
  endfacet
  facet normal -0.0436224 -0.999048 2.61308e-08
    outer loop
      vertex -0.226605 -7.99011 1.15
      vertex 0 -8 172
      vertex -0.697245 -7.96956 1.15
    endloop
  endfacet
  facet normal -0.0436027 -0.999049 -0
    outer loop
      vertex 0 -8 172
      vertex -0.226605 -7.99011 1.15
      vertex 0 -8 1.15
    endloop
  endfacet
  facet normal 0.887016 -0.461739 0
    outer loop
      vertex 7.25046 -3.38095 172
      vertex 7.14573 -3.58214 1.15
      vertex 7.25046 -3.38095 1.15
    endloop
  endfacet
  facet normal 0.887006 -0.461758 2.96065e-08
    outer loop
      vertex 7.25046 -3.38095 172
      vertex 6.9282 -4 1.15
      vertex 7.14573 -3.58214 1.15
    endloop
  endfacet
  facet normal 0.887009 -0.461752 0
    outer loop
      vertex 6.9282 -4 172
      vertex 6.9282 -4 1.15
      vertex 7.25046 -3.38095 172
    endloop
  endfacet
  facet normal 0.130533 -0.991444 0
    outer loop
      vertex 0.697246 -7.96956 1.15
      vertex 1.38918 -7.87846 172
      vertex 0.697246 -7.96956 172
    endloop
  endfacet
  facet normal 0.130529 -0.991445 1.98515e-08
    outer loop
      vertex 1.1643 -7.90807 1.15
      vertex 1.38918 -7.87846 172
      vertex 0.697246 -7.96956 1.15
    endloop
  endfacet
  facet normal 0.130543 -0.991443 0
    outer loop
      vertex 1.38918 -7.87846 1.15
      vertex 1.38918 -7.87846 172
      vertex 1.1643 -7.90807 1.15
    endloop
  endfacet
  facet normal -0.737273 -0.675595 0
    outer loop
      vertex -5.97512 -5.30953 1.15
      vertex -6.12836 -5.1423 172
      vertex -6.12836 -5.1423 1.15
    endloop
  endfacet
  facet normal -0.737267 -0.675602 1.21176e-08
    outer loop
      vertex -5.65685 -5.65685 1.15
      vertex -6.12836 -5.1423 172
      vertex -5.97512 -5.30953 1.15
    endloop
  endfacet
  facet normal -0.737269 -0.675599 0
    outer loop
      vertex -6.12836 -5.1423 172
      vertex -5.65685 -5.65685 1.15
      vertex -5.65685 -5.65685 172
    endloop
  endfacet
  facet normal -0.675599 -0.737269 0
    outer loop
      vertex -5.65685 -5.65685 1.15
      vertex -5.1423 -6.12836 172
      vertex -5.65685 -5.65685 172
    endloop
  endfacet
  facet normal -0.675602 -0.737267 1.21176e-08
    outer loop
      vertex -5.30953 -5.97512 1.15
      vertex -5.1423 -6.12836 172
      vertex -5.65685 -5.65685 1.15
    endloop
  endfacet
  facet normal -0.675595 -0.737273 -0
    outer loop
      vertex -5.1423 -6.12836 172
      vertex -5.30953 -5.97512 1.15
      vertex -5.1423 -6.12836 1.15
    endloop
  endfacet
  facet normal 0.991444 -0.130533 0
    outer loop
      vertex 7.87846 -1.38918 172
      vertex 7.96956 -0.697246 9
      vertex 7.96956 -0.697246 172
    endloop
  endfacet
  facet normal 0.991444 -0.130533 0
    outer loop
      vertex 7.96956 -0.697246 9
      vertex 7.87846 -1.38918 172
      vertex 7.87846 -1.38918 9
    endloop
  endfacet
  facet normal 0.991445 -0.130529 0
    outer loop
      vertex 7.96956 -0.697246 5
      vertex 7.90807 -1.1643 1.15
      vertex 7.96956 -0.697246 1.15
    endloop
  endfacet
  facet normal 0.991444 -0.130533 5.94633e-07
    outer loop
      vertex 7.87846 -1.38918 5
      vertex 7.90807 -1.1643 1.15
      vertex 7.96956 -0.697246 5
    endloop
  endfacet
  facet normal 0.991443 -0.130543 0
    outer loop
      vertex 7.90807 -1.1643 1.15
      vertex 7.87846 -1.38918 5
      vertex 7.87846 -1.38918 1.15
    endloop
  endfacet
  facet normal 0.953715 0.300711 0
    outer loop
      vertex 7.72741 2.07055 172
      vertex 7.51754 2.73616 9
      vertex 7.51754 2.73616 172
    endloop
  endfacet
  facet normal 0.953715 0.300711 0
    outer loop
      vertex 7.51754 2.73616 9
      vertex 7.72741 2.07055 172
      vertex 7.72741 2.07055 9
    endloop
  endfacet
  facet normal 0.953711 0.300724 0
    outer loop
      vertex 7.51754 2.73616 5
      vertex 7.58575 2.51984 1.15
      vertex 7.51754 2.73616 1.15
    endloop
  endfacet
  facet normal 0.953715 0.300711 8.11213e-07
    outer loop
      vertex 7.72741 2.07055 5
      vertex 7.58575 2.51984 1.15
      vertex 7.51754 2.73616 5
    endloop
  endfacet
  facet normal 0.953717 0.300705 0
    outer loop
      vertex 7.58575 2.51984 1.15
      vertex 7.72741 2.07055 5
      vertex 7.72741 2.07055 1.15
    endloop
  endfacet
  facet normal -0.843396 0.537293 0
    outer loop
      vertex -6.80633 4.1913 1.15
      vertex -6.55322 4.58861 172
      vertex -6.55322 4.58861 1.15
    endloop
  endfacet
  facet normal -0.843395 0.537295 -5.84995e-09
    outer loop
      vertex -6.9282 4 1.15
      vertex -6.55322 4.58861 172
      vertex -6.80633 4.1913 1.15
    endloop
  endfacet
  facet normal -0.843395 0.537294 0
    outer loop
      vertex -6.55322 4.58861 172
      vertex -6.9282 4 1.15
      vertex -6.9282 4 172
    endloop
  endfacet
  facet normal -0.793344 -0.608774 0
    outer loop
      vertex -6.26643 -4.96235 1.15
      vertex -6.55322 -4.58861 172
      vertex -6.55322 -4.58861 1.15
    endloop
  endfacet
  facet normal -0.793376 -0.608732 -1.43961e-07
    outer loop
      vertex -6.12836 -5.1423 1.15
      vertex -6.55322 -4.58861 172
      vertex -6.26643 -4.96235 1.15
    endloop
  endfacet
  facet normal -0.793354 -0.60876 0
    outer loop
      vertex -6.55322 -4.58861 172
      vertex -6.12836 -5.1423 1.15
      vertex -6.12836 -5.1423 172
    endloop
  endfacet
  facet normal 0 0 1
    outer loop
      vertex 4.675 0 172
      vertex 8 0 172
      vertex 7.96956 0.697246 172
    endloop
  endfacet
  facet normal 0 0 1
    outer loop
      vertex 4.65721 0.407453 172
      vertex 7.96956 0.697246 172
      vertex 7.87846 1.38918 172
    endloop
  endfacet
  facet normal 0 0 1
    outer loop
      vertex 8 0 172
      vertex 4.675 0 172
      vertex 7.96956 -0.697246 172
    endloop
  endfacet
  facet normal 0 0 1
    outer loop
      vertex 4.60398 0.811805 172
      vertex 7.87846 1.38918 172
      vertex 7.72741 2.07055 172
    endloop
  endfacet
  facet normal -0 0 1
    outer loop
      vertex 4.65721 -0.407453 172
      vertex 7.96956 -0.697246 172
      vertex 4.675 0 172
    endloop
  endfacet
  facet normal 0 0 1
    outer loop
      vertex 4.5157 1.20998 172
      vertex 7.72741 2.07055 172
      vertex 7.51754 2.73616 172
    endloop
  endfacet
  facet normal 0 0 1
    outer loop
      vertex 7.96956 -0.697246 172
      vertex 4.65721 -0.407453 172
      vertex 7.87846 -1.38918 172
    endloop
  endfacet
  facet normal 0 0 1
    outer loop
      vertex 4.39306 1.59894 172
      vertex 7.51754 2.73616 172
      vertex 7.25046 3.38095 172
    endloop
  endfacet
  facet normal -0 0 1
    outer loop
      vertex 4.60398 -0.811805 172
      vertex 7.87846 -1.38918 172
      vertex 4.65721 -0.407453 172
    endloop
  endfacet
  facet normal 0 0 1
    outer loop
      vertex 4.23699 1.97574 172
      vertex 7.25046 3.38095 172
      vertex 6.9282 4 172
    endloop
  endfacet
  facet normal 0 0 1
    outer loop
      vertex 7.87846 -1.38918 172
      vertex 4.60398 -0.811805 172
      vertex 7.72741 -2.07055 172
    endloop
  endfacet
  facet normal 0 0 1
    outer loop
      vertex 4.04867 2.3375 172
      vertex 6.9282 4 172
      vertex 6.55322 4.58861 172
    endloop
  endfacet
  facet normal -0 0 1
    outer loop
      vertex 4.5157 -1.20998 172
      vertex 7.72741 -2.07055 172
      vertex 4.60398 -0.811805 172
    endloop
  endfacet
  facet normal 0 0 1
    outer loop
      vertex 3.82954 2.68147 172
      vertex 6.55322 4.58861 172
      vertex 6.12836 5.1423 172
    endloop
  endfacet
  facet normal 0 0 1
    outer loop
      vertex 7.72741 -2.07055 172
      vertex 4.5157 -1.20998 172
      vertex 7.51754 -2.73616 172
    endloop
  endfacet
  facet normal 0 0 1
    outer loop
      vertex 3.58126 3.00503 172
      vertex 6.12836 5.1423 172
      vertex 5.65685 5.65685 172
    endloop
  endfacet
  facet normal -0 0 1
    outer loop
      vertex 4.39306 -1.59894 172
      vertex 7.51754 -2.73616 172
      vertex 4.5157 -1.20998 172
    endloop
  endfacet
  facet normal 0 0 1
    outer loop
      vertex 3.30572 3.30572 172
      vertex 5.65685 5.65685 172
      vertex 5.1423 6.12836 172
    endloop
  endfacet
  facet normal 0 0 1
    outer loop
      vertex 7.51754 -2.73616 172
      vertex 4.39306 -1.59894 172
      vertex 7.25046 -3.38095 172
    endloop
  endfacet
  facet normal -0 0 1
    outer loop
      vertex 4.23699 -1.97574 172
      vertex 7.25046 -3.38095 172
      vertex 4.39306 -1.59894 172
    endloop
  endfacet
  facet normal 0 0 1
    outer loop
      vertex 7.96956 0.697246 172
      vertex 4.65721 0.407453 172
      vertex 4.675 0 172
    endloop
  endfacet
  facet normal 0 0 1
    outer loop
      vertex 7.87846 1.38918 172
      vertex 4.60398 0.811805 172
      vertex 4.65721 0.407453 172
    endloop
  endfacet
  facet normal 0 0 1
    outer loop
      vertex 3.00503 3.58126 172
      vertex 5.1423 6.12836 172
      vertex 4.58861 6.55322 172
    endloop
  endfacet
  facet normal 0 0 1
    outer loop
      vertex 7.72741 2.07055 172
      vertex 4.5157 1.20998 172
      vertex 4.60398 0.811805 172
    endloop
  endfacet
  facet normal 0 0 1
    outer loop
      vertex 7.51754 2.73616 172
      vertex 4.39306 1.59894 172
      vertex 4.5157 1.20998 172
    endloop
  endfacet
  facet normal 0 0 1
    outer loop
      vertex 7.25046 3.38095 172
      vertex 4.23699 1.97574 172
      vertex 4.39306 1.59894 172
    endloop
  endfacet
  facet normal 0 0 1
    outer loop
      vertex 6.9282 4 172
      vertex 4.04867 2.3375 172
      vertex 4.23699 1.97574 172
    endloop
  endfacet
  facet normal 0 0 1
    outer loop
      vertex 2.68147 3.82954 172
      vertex 4.58861 6.55322 172
      vertex 4 6.9282 172
    endloop
  endfacet
  facet normal 0 0 1
    outer loop
      vertex 6.55322 4.58861 172
      vertex 3.82954 2.68147 172
      vertex 4.04867 2.3375 172
    endloop
  endfacet
  facet normal 0 0 1
    outer loop
      vertex 6.12836 5.1423 172
      vertex 3.58126 3.00503 172
      vertex 3.82954 2.68147 172
    endloop
  endfacet
  facet normal 0 0 1
    outer loop
      vertex 2.3375 4.04867 172
      vertex 4 6.9282 172
      vertex 3.38095 7.25046 172
    endloop
  endfacet
  facet normal 0 0 1
    outer loop
      vertex 5.65685 5.65685 172
      vertex 3.30572 3.30572 172
      vertex 3.58126 3.00503 172
    endloop
  endfacet
  facet normal 0 0 1
    outer loop
      vertex 5.1423 6.12836 172
      vertex 3.00503 3.58126 172
      vertex 3.30572 3.30572 172
    endloop
  endfacet
  facet normal 0 0 1
    outer loop
      vertex 1.97574 4.23699 172
      vertex 3.38095 7.25046 172
      vertex 2.73616 7.51754 172
    endloop
  endfacet
  facet normal 0 0 1
    outer loop
      vertex 4.58861 6.55322 172
      vertex 2.68147 3.82954 172
      vertex 3.00503 3.58126 172
    endloop
  endfacet
  facet normal 0 0 1
    outer loop
      vertex 4 6.9282 172
      vertex 2.3375 4.04867 172
      vertex 2.68147 3.82954 172
    endloop
  endfacet
  facet normal 0 0 1
    outer loop
      vertex 1.59894 4.39306 172
      vertex 2.73616 7.51754 172
      vertex 2.07055 7.72741 172
    endloop
  endfacet
  facet normal 0 0 1
    outer loop
      vertex 3.38095 7.25046 172
      vertex 1.97574 4.23699 172
      vertex 2.3375 4.04867 172
    endloop
  endfacet
  facet normal 0 0 1
    outer loop
      vertex 2.73616 7.51754 172
      vertex 1.59894 4.39306 172
      vertex 1.97574 4.23699 172
    endloop
  endfacet
  facet normal 0 0 1
    outer loop
      vertex 1.20998 4.5157 172
      vertex 2.07055 7.72741 172
      vertex 1.38918 7.87846 172
    endloop
  endfacet
  facet normal 0 0 1
    outer loop
      vertex 2.07055 7.72741 172
      vertex 1.20998 4.5157 172
      vertex 1.59894 4.39306 172
    endloop
  endfacet
  facet normal 0 0 1
    outer loop
      vertex 1.38918 7.87846 172
      vertex 0.811805 4.60398 172
      vertex 1.20998 4.5157 172
    endloop
  endfacet
  facet normal 0 0 1
    outer loop
      vertex 0.697246 7.96956 172
      vertex 0.811805 4.60398 172
      vertex 1.38918 7.87846 172
    endloop
  endfacet
  facet normal 0 0 1
    outer loop
      vertex 0.697246 7.96956 172
      vertex 0.407453 4.65721 172
      vertex 0.811805 4.60398 172
    endloop
  endfacet
  facet normal 0 0 1
    outer loop
      vertex 0 8 172
      vertex 0.407453 4.65721 172
      vertex 0.697246 7.96956 172
    endloop
  endfacet
  facet normal 0 0 1
    outer loop
      vertex 0 8 172
      vertex 0 4.675 172
      vertex 0.407453 4.65721 172
    endloop
  endfacet
  facet normal 0 0 1
    outer loop
      vertex 0 8 172
      vertex -0.407453 4.65721 172
      vertex 0 4.675 172
    endloop
  endfacet
  facet normal -0 0 1
    outer loop
      vertex -0.697246 7.96956 172
      vertex -0.407453 4.65721 172
      vertex 0 8 172
    endloop
  endfacet
  facet normal 0 0 1
    outer loop
      vertex -0.697246 7.96956 172
      vertex -0.811805 4.60398 172
      vertex -0.407453 4.65721 172
    endloop
  endfacet
  facet normal -0 0 1
    outer loop
      vertex -1.38918 7.87846 172
      vertex -0.811805 4.60398 172
      vertex -0.697246 7.96956 172
    endloop
  endfacet
  facet normal 0 0 1
    outer loop
      vertex -0.811805 4.60398 172
      vertex -1.38918 7.87846 172
      vertex -1.20998 4.5157 172
    endloop
  endfacet
  facet normal -0 0 1
    outer loop
      vertex -2.07055 7.72741 172
      vertex -1.20998 4.5157 172
      vertex -1.38918 7.87846 172
    endloop
  endfacet
  facet normal 0 0 1
    outer loop
      vertex -1.20998 4.5157 172
      vertex -2.07055 7.72741 172
      vertex -1.59894 4.39306 172
    endloop
  endfacet
  facet normal -0 0 1
    outer loop
      vertex -2.73616 7.51754 172
      vertex -1.59894 4.39306 172
      vertex -2.07055 7.72741 172
    endloop
  endfacet
  facet normal 0 0 1
    outer loop
      vertex -1.59894 4.39306 172
      vertex -2.73616 7.51754 172
      vertex -1.97574 4.23699 172
    endloop
  endfacet
  facet normal -0 0 1
    outer loop
      vertex -3.38095 7.25046 172
      vertex -1.97574 4.23699 172
      vertex -2.73616 7.51754 172
    endloop
  endfacet
  facet normal 0 0 1
    outer loop
      vertex -1.97574 4.23699 172
      vertex -3.38095 7.25046 172
      vertex -2.3375 4.04867 172
    endloop
  endfacet
  facet normal -0 0 1
    outer loop
      vertex -4 6.9282 172
      vertex -2.3375 4.04867 172
      vertex -3.38095 7.25046 172
    endloop
  endfacet
  facet normal 0 0 1
    outer loop
      vertex -2.3375 4.04867 172
      vertex -4 6.9282 172
      vertex -2.68147 3.82954 172
    endloop
  endfacet
  facet normal -0 0 1
    outer loop
      vertex -4.58861 6.55322 172
      vertex -2.68147 3.82954 172
      vertex -4 6.9282 172
    endloop
  endfacet
  facet normal 0 0 1
    outer loop
      vertex -2.68147 3.82954 172
      vertex -4.58861 6.55322 172
      vertex -3.00503 3.58126 172
    endloop
  endfacet
  facet normal -0 0 1
    outer loop
      vertex -5.1423 6.12836 172
      vertex -3.00503 3.58126 172
      vertex -4.58861 6.55322 172
    endloop
  endfacet
  facet normal 0 0 1
    outer loop
      vertex -3.00503 3.58126 172
      vertex -5.1423 6.12836 172
      vertex -3.30572 3.30572 172
    endloop
  endfacet
  facet normal -0 0 1
    outer loop
      vertex -5.65685 5.65685 172
      vertex -3.30572 3.30572 172
      vertex -5.1423 6.12836 172
    endloop
  endfacet
  facet normal 0 0 1
    outer loop
      vertex -3.30572 3.30572 172
      vertex -5.65685 5.65685 172
      vertex -3.58126 3.00503 172
    endloop
  endfacet
  facet normal -0 0 1
    outer loop
      vertex -6.12836 5.1423 172
      vertex -3.58126 3.00503 172
      vertex -5.65685 5.65685 172
    endloop
  endfacet
  facet normal 0 0 1
    outer loop
      vertex -3.58126 3.00503 172
      vertex -6.12836 5.1423 172
      vertex -3.82954 2.68147 172
    endloop
  endfacet
  facet normal -0 0 1
    outer loop
      vertex -6.55322 4.58861 172
      vertex -3.82954 2.68147 172
      vertex -6.12836 5.1423 172
    endloop
  endfacet
  facet normal 0 0 1
    outer loop
      vertex -3.82954 2.68147 172
      vertex -6.55322 4.58861 172
      vertex -4.04867 2.3375 172
    endloop
  endfacet
  facet normal -0 0 1
    outer loop
      vertex -6.9282 4 172
      vertex -4.04867 2.3375 172
      vertex -6.55322 4.58861 172
    endloop
  endfacet
  facet normal 0 0 1
    outer loop
      vertex -4.04867 2.3375 172
      vertex -6.9282 4 172
      vertex -4.23699 1.97574 172
    endloop
  endfacet
  facet normal -0 0 1
    outer loop
      vertex -7.25046 3.38095 172
      vertex -4.23699 1.97574 172
      vertex -6.9282 4 172
    endloop
  endfacet
  facet normal 0 0 1
    outer loop
      vertex 7.25046 -3.38095 172
      vertex 4.23699 -1.97574 172
      vertex 6.9282 -4 172
    endloop
  endfacet
  facet normal -0 0 1
    outer loop
      vertex 4.04867 -2.3375 172
      vertex 6.9282 -4 172
      vertex 4.23699 -1.97574 172
    endloop
  endfacet
  facet normal 0 0 1
    outer loop
      vertex 6.9282 -4 172
      vertex 4.04867 -2.3375 172
      vertex 6.55322 -4.58861 172
    endloop
  endfacet
  facet normal -0 0 1
    outer loop
      vertex 3.82954 -2.68147 172
      vertex 6.55322 -4.58861 172
      vertex 4.04867 -2.3375 172
    endloop
  endfacet
  facet normal 0 0 1
    outer loop
      vertex 6.55322 -4.58861 172
      vertex 3.82954 -2.68147 172
      vertex 6.12836 -5.1423 172
    endloop
  endfacet
  facet normal -0 0 1
    outer loop
      vertex 3.58126 -3.00503 172
      vertex 6.12836 -5.1423 172
      vertex 3.82954 -2.68147 172
    endloop
  endfacet
  facet normal 0 0 1
    outer loop
      vertex 6.12836 -5.1423 172
      vertex 3.58126 -3.00503 172
      vertex 5.65685 -5.65685 172
    endloop
  endfacet
  facet normal -0 0 1
    outer loop
      vertex 3.30572 -3.30572 172
      vertex 5.65685 -5.65685 172
      vertex 3.58126 -3.00503 172
    endloop
  endfacet
  facet normal 0 0 1
    outer loop
      vertex 5.65685 -5.65685 172
      vertex 3.30572 -3.30572 172
      vertex 5.1423 -6.12836 172
    endloop
  endfacet
  facet normal -0 0 1
    outer loop
      vertex 3.00503 -3.58126 172
      vertex 5.1423 -6.12836 172
      vertex 3.30572 -3.30572 172
    endloop
  endfacet
  facet normal 0 0 1
    outer loop
      vertex 5.1423 -6.12836 172
      vertex 3.00503 -3.58126 172
      vertex 4.58861 -6.55322 172
    endloop
  endfacet
  facet normal -0 0 1
    outer loop
      vertex 2.68147 -3.82954 172
      vertex 4.58861 -6.55322 172
      vertex 3.00503 -3.58126 172
    endloop
  endfacet
  facet normal 0 0 1
    outer loop
      vertex 4.58861 -6.55322 172
      vertex 2.68147 -3.82954 172
      vertex 4 -6.9282 172
    endloop
  endfacet
  facet normal -0 0 1
    outer loop
      vertex 2.3375 -4.04867 172
      vertex 4 -6.9282 172
      vertex 2.68147 -3.82954 172
    endloop
  endfacet
  facet normal 0 0 1
    outer loop
      vertex 4 -6.9282 172
      vertex 2.3375 -4.04867 172
      vertex 3.38095 -7.25046 172
    endloop
  endfacet
  facet normal -0 0 1
    outer loop
      vertex 1.97574 -4.23699 172
      vertex 3.38095 -7.25046 172
      vertex 2.3375 -4.04867 172
    endloop
  endfacet
  facet normal 0 0 1
    outer loop
      vertex 3.38095 -7.25046 172
      vertex 1.97574 -4.23699 172
      vertex 2.73616 -7.51754 172
    endloop
  endfacet
  facet normal -0 0 1
    outer loop
      vertex 1.59894 -4.39306 172
      vertex 2.73616 -7.51754 172
      vertex 1.97574 -4.23699 172
    endloop
  endfacet
  facet normal 0 0 1
    outer loop
      vertex 2.73616 -7.51754 172
      vertex 1.59894 -4.39306 172
      vertex 2.07055 -7.72741 172
    endloop
  endfacet
  facet normal -0 0 1
    outer loop
      vertex 1.20998 -4.5157 172
      vertex 2.07055 -7.72741 172
      vertex 1.59894 -4.39306 172
    endloop
  endfacet
  facet normal 0 0 1
    outer loop
      vertex 2.07055 -7.72741 172
      vertex 1.20998 -4.5157 172
      vertex 1.38918 -7.87846 172
    endloop
  endfacet
  facet normal -0 0 1
    outer loop
      vertex 0.811805 -4.60398 172
      vertex 1.38918 -7.87846 172
      vertex 1.20998 -4.5157 172
    endloop
  endfacet
  facet normal 0 0 1
    outer loop
      vertex 0.811805 -4.60398 172
      vertex 0.697246 -7.96956 172
      vertex 1.38918 -7.87846 172
    endloop
  endfacet
  facet normal -0 0 1
    outer loop
      vertex 0.407453 -4.65721 172
      vertex 0.697246 -7.96956 172
      vertex 0.811805 -4.60398 172
    endloop
  endfacet
  facet normal -0 0 1
    outer loop
      vertex 0 -4.675 172
      vertex 0.697246 -7.96956 172
      vertex 0.407453 -4.65721 172
    endloop
  endfacet
  facet normal 0 0 1
    outer loop
      vertex 0 -4.675 172
      vertex 0 -8 172
      vertex 0.697246 -7.96956 172
    endloop
  endfacet
  facet normal 0 0 1
    outer loop
      vertex -0.407453 -4.65721 172
      vertex 0 -8 172
      vertex 0 -4.675 172
    endloop
  endfacet
  facet normal 0 0 1
    outer loop
      vertex -0.407453 -4.65721 172
      vertex -0.697246 -7.96956 172
      vertex 0 -8 172
    endloop
  endfacet
  facet normal 0 0 1
    outer loop
      vertex -0.811805 -4.60398 172
      vertex -0.697246 -7.96956 172
      vertex -0.407453 -4.65721 172
    endloop
  endfacet
  facet normal 0 0 1
    outer loop
      vertex -1.38918 -7.87846 172
      vertex -0.811805 -4.60398 172
      vertex -1.20998 -4.5157 172
    endloop
  endfacet
  facet normal 0 0 1
    outer loop
      vertex -0.811805 -4.60398 172
      vertex -1.38918 -7.87846 172
      vertex -0.697246 -7.96956 172
    endloop
  endfacet
  facet normal 0 0 1
    outer loop
      vertex -2.07055 -7.72741 172
      vertex -1.20998 -4.5157 172
      vertex -1.59894 -4.39306 172
    endloop
  endfacet
  facet normal 0 0 1
    outer loop
      vertex -2.73616 -7.51754 172
      vertex -1.59894 -4.39306 172
      vertex -1.97574 -4.23699 172
    endloop
  endfacet
  facet normal 0 0 1
    outer loop
      vertex -1.20998 -4.5157 172
      vertex -2.07055 -7.72741 172
      vertex -1.38918 -7.87846 172
    endloop
  endfacet
  facet normal 0 0 1
    outer loop
      vertex -3.38095 -7.25046 172
      vertex -1.97574 -4.23699 172
      vertex -2.3375 -4.04867 172
    endloop
  endfacet
  facet normal 0 0 1
    outer loop
      vertex -4 -6.9282 172
      vertex -2.3375 -4.04867 172
      vertex -2.68147 -3.82954 172
    endloop
  endfacet
  facet normal 0 0 1
    outer loop
      vertex -1.59894 -4.39306 172
      vertex -2.73616 -7.51754 172
      vertex -2.07055 -7.72741 172
    endloop
  endfacet
  facet normal 0 0 1
    outer loop
      vertex -4.58861 -6.55322 172
      vertex -2.68147 -3.82954 172
      vertex -3.00503 -3.58126 172
    endloop
  endfacet
  facet normal 0 0 1
    outer loop
      vertex -5.1423 -6.12836 172
      vertex -3.00503 -3.58126 172
      vertex -3.30572 -3.30572 172
    endloop
  endfacet
  facet normal 0 0 1
    outer loop
      vertex -1.97574 -4.23699 172
      vertex -3.38095 -7.25046 172
      vertex -2.73616 -7.51754 172
    endloop
  endfacet
  facet normal 0 0 1
    outer loop
      vertex -5.65685 -5.65685 172
      vertex -3.30572 -3.30572 172
      vertex -3.58126 -3.00503 172
    endloop
  endfacet
  facet normal 0 0 1
    outer loop
      vertex -6.12836 -5.1423 172
      vertex -3.58126 -3.00503 172
      vertex -3.82954 -2.68147 172
    endloop
  endfacet
  facet normal 0 0 1
    outer loop
      vertex -2.3375 -4.04867 172
      vertex -4 -6.9282 172
      vertex -3.38095 -7.25046 172
    endloop
  endfacet
  facet normal 0 0 1
    outer loop
      vertex -6.55322 -4.58861 172
      vertex -3.82954 -2.68147 172
      vertex -4.04867 -2.3375 172
    endloop
  endfacet
  facet normal 0 0 1
    outer loop
      vertex -6.9282 -4 172
      vertex -4.04867 -2.3375 172
      vertex -4.23699 -1.97574 172
    endloop
  endfacet
  facet normal 0 0 1
    outer loop
      vertex -7.25046 -3.38095 172
      vertex -4.23699 -1.97574 172
      vertex -4.39306 -1.59894 172
    endloop
  endfacet
  facet normal 0 0 1
    outer loop
      vertex -7.51754 -2.73616 172
      vertex -4.39306 -1.59894 172
      vertex -4.5157 -1.20998 172
    endloop
  endfacet
  facet normal 0 0 1
    outer loop
      vertex -2.68147 -3.82954 172
      vertex -4.58861 -6.55322 172
      vertex -4 -6.9282 172
    endloop
  endfacet
  facet normal 0 0 1
    outer loop
      vertex -7.72741 -2.07055 172
      vertex -4.5157 -1.20998 172
      vertex -4.60398 -0.811805 172
    endloop
  endfacet
  facet normal 0 0 1
    outer loop
      vertex -7.87846 -1.38918 172
      vertex -4.60398 -0.811805 172
      vertex -4.65721 -0.407453 172
    endloop
  endfacet
  facet normal 0 0 1
    outer loop
      vertex -7.96956 -0.697246 172
      vertex -4.65721 -0.407453 172
      vertex -4.675 0 172
    endloop
  endfacet
  facet normal 0 0 1
    outer loop
      vertex -4.23699 1.97574 172
      vertex -7.25046 3.38095 172
      vertex -4.39306 1.59894 172
    endloop
  endfacet
  facet normal 0 0 1
    outer loop
      vertex -3.00503 -3.58126 172
      vertex -5.1423 -6.12836 172
      vertex -4.58861 -6.55322 172
    endloop
  endfacet
  facet normal -0 0 1
    outer loop
      vertex -7.51754 2.73616 172
      vertex -4.39306 1.59894 172
      vertex -7.25046 3.38095 172
    endloop
  endfacet
  facet normal 0 0 1
    outer loop
      vertex -3.30572 -3.30572 172
      vertex -5.65685 -5.65685 172
      vertex -5.1423 -6.12836 172
    endloop
  endfacet
  facet normal 0 0 1
    outer loop
      vertex -4.39306 1.59894 172
      vertex -7.51754 2.73616 172
      vertex -4.5157 1.20998 172
    endloop
  endfacet
  facet normal 0 0 1
    outer loop
      vertex -3.58126 -3.00503 172
      vertex -6.12836 -5.1423 172
      vertex -5.65685 -5.65685 172
    endloop
  endfacet
  facet normal -0 0 1
    outer loop
      vertex -7.72741 2.07055 172
      vertex -4.5157 1.20998 172
      vertex -7.51754 2.73616 172
    endloop
  endfacet
  facet normal 0 0 1
    outer loop
      vertex -3.82954 -2.68147 172
      vertex -6.55322 -4.58861 172
      vertex -6.12836 -5.1423 172
    endloop
  endfacet
  facet normal 0 0 1
    outer loop
      vertex -4.5157 1.20998 172
      vertex -7.72741 2.07055 172
      vertex -4.60398 0.811805 172
    endloop
  endfacet
  facet normal 0 0 1
    outer loop
      vertex -4.04867 -2.3375 172
      vertex -6.9282 -4 172
      vertex -6.55322 -4.58861 172
    endloop
  endfacet
  facet normal -0 0 1
    outer loop
      vertex -7.87846 1.38918 172
      vertex -4.60398 0.811805 172
      vertex -7.72741 2.07055 172
    endloop
  endfacet
  facet normal 0 0 1
    outer loop
      vertex -4.23699 -1.97574 172
      vertex -7.25046 -3.38095 172
      vertex -6.9282 -4 172
    endloop
  endfacet
  facet normal 0 0 1
    outer loop
      vertex -4.60398 0.811805 172
      vertex -7.87846 1.38918 172
      vertex -4.65721 0.407453 172
    endloop
  endfacet
  facet normal 0 0 1
    outer loop
      vertex -4.39306 -1.59894 172
      vertex -7.51754 -2.73616 172
      vertex -7.25046 -3.38095 172
    endloop
  endfacet
  facet normal -0 0 1
    outer loop
      vertex -7.96956 0.697246 172
      vertex -4.65721 0.407453 172
      vertex -7.87846 1.38918 172
    endloop
  endfacet
  facet normal 0 0 1
    outer loop
      vertex -4.5157 -1.20998 172
      vertex -7.72741 -2.07055 172
      vertex -7.51754 -2.73616 172
    endloop
  endfacet
  facet normal 0 0 1
    outer loop
      vertex -4.65721 0.407453 172
      vertex -7.96956 0.697246 172
      vertex -4.675 0 172
    endloop
  endfacet
  facet normal 0 0 1
    outer loop
      vertex -4.60398 -0.811805 172
      vertex -7.87846 -1.38918 172
      vertex -7.72741 -2.07055 172
    endloop
  endfacet
  facet normal 0 0 1
    outer loop
      vertex -8 0 172
      vertex -4.675 0 172
      vertex -7.96956 0.697246 172
    endloop
  endfacet
  facet normal 0 0 1
    outer loop
      vertex -4.65721 -0.407453 172
      vertex -7.96956 -0.697246 172
      vertex -7.87846 -1.38918 172
    endloop
  endfacet
  facet normal 0 0 1
    outer loop
      vertex -4.675 0 172
      vertex -8 0 172
      vertex -7.96956 -0.697246 172
    endloop
  endfacet
  facet normal 0.843395 -0.537295 0
    outer loop
      vertex 6.9282 -4 172
      vertex 6.80633 -4.1913 1.15
      vertex 6.9282 -4 1.15
    endloop
  endfacet
  facet normal 0.843395 -0.537294 -1.90125e-09
    outer loop
      vertex 6.55322 -4.58861 172
      vertex 6.80633 -4.1913 1.15
      vertex 6.9282 -4 172
    endloop
  endfacet
  facet normal 0.843396 -0.537293 0
    outer loop
      vertex 6.80633 -4.1913 1.15
      vertex 6.55322 -4.58861 172
      vertex 6.55322 -4.58861 1.15
    endloop
  endfacet
  facet normal -0.461752 -0.887009 1.99845e-08
    outer loop
      vertex -4 -6.9282 172
      vertex -3.58214 -7.14573 1.15
      vertex -3.38095 -7.25046 172
    endloop
  endfacet
  facet normal -0.461758 -0.887006 0
    outer loop
      vertex -4 -6.9282 1.15
      vertex -3.58214 -7.14573 1.15
      vertex -4 -6.9282 172
    endloop
  endfacet
  facet normal -0.461739 -0.887016 0
    outer loop
      vertex -3.38095 -7.25046 1.15
      vertex -3.38095 -7.25046 172
      vertex -3.58214 -7.14573 1.15
    endloop
  endfacet
  facet normal 0.130533 0.991444 0
    outer loop
      vertex 1.38918 7.87846 172
      vertex 0.697246 7.96956 1.15
      vertex 0.697246 7.96956 172
    endloop
  endfacet
  facet normal 0.130529 0.991445 1.98515e-08
    outer loop
      vertex 1.38918 7.87846 172
      vertex 1.1643 7.90807 1.15
      vertex 0.697246 7.96956 1.15
    endloop
  endfacet
  facet normal 0.130543 0.991443 -0
    outer loop
      vertex 1.38918 7.87846 1.15
      vertex 1.1643 7.90807 1.15
      vertex 1.38918 7.87846 172
    endloop
  endfacet
  facet normal 0.60876 0.793354 0
    outer loop
      vertex 5.1423 6.12836 172
      vertex 4.58861 6.55322 1.15
      vertex 4.58861 6.55322 172
    endloop
  endfacet
  facet normal 0.608774 0.793344 -6.93122e-08
    outer loop
      vertex 5.1423 6.12836 172
      vertex 4.96235 6.26643 1.15
      vertex 4.58861 6.55322 1.15
    endloop
  endfacet
  facet normal 0.608732 0.793376 -0
    outer loop
      vertex 5.1423 6.12836 1.15
      vertex 4.96235 6.26643 1.15
      vertex 5.1423 6.12836 172
    endloop
  endfacet
  facet normal 0.843396 0.537293 0
    outer loop
      vertex 6.55322 4.58861 172
      vertex 6.80633 4.1913 1.15
      vertex 6.55322 4.58861 1.15
    endloop
  endfacet
  facet normal 0.843395 0.537294 -1.90125e-09
    outer loop
      vertex 6.9282 4 172
      vertex 6.80633 4.1913 1.15
      vertex 6.55322 4.58861 172
    endloop
  endfacet
  facet normal 0.843395 0.537295 0
    outer loop
      vertex 6.80633 4.1913 1.15
      vertex 6.9282 4 172
      vertex 6.9282 4 1.15
    endloop
  endfacet
  facet normal -0.382682 -0.92388 0
    outer loop
      vertex -3.38095 -7.25046 1.15
      vertex -2.73616 -7.51754 172
      vertex -3.38095 -7.25046 172
    endloop
  endfacet
  facet normal -0.382674 -0.923884 -3.90369e-08
    outer loop
      vertex -3.17139 -7.33726 1.15
      vertex -2.73616 -7.51754 172
      vertex -3.38095 -7.25046 1.15
    endloop
  endfacet
  facet normal -0.382687 -0.923878 0
    outer loop
      vertex -2.73616 -7.51754 1.15
      vertex -2.73616 -7.51754 172
      vertex -3.17139 -7.33726 1.15
    endloop
  endfacet
  facet normal 0.737267 0.675602 0
    outer loop
      vertex 5.65685 5.65685 172
      vertex 5.97512 5.30953 1.15
      vertex 5.65685 5.65685 1.15
    endloop
  endfacet
  facet normal 0.737269 0.675599 8.1794e-09
    outer loop
      vertex 6.12836 5.1423 172
      vertex 5.97512 5.30953 1.15
      vertex 5.65685 5.65685 172
    endloop
  endfacet
  facet normal 0.737273 0.675595 0
    outer loop
      vertex 5.97512 5.30953 1.15
      vertex 6.12836 5.1423 172
      vertex 6.12836 5.1423 1.15
    endloop
  endfacet
  facet normal -0.793376 0.608732 0
    outer loop
      vertex -6.26643 4.96235 1.15
      vertex -6.12836 5.1423 172
      vertex -6.12836 5.1423 1.15
    endloop
  endfacet
  facet normal -0.793344 0.608774 -6.93122e-08
    outer loop
      vertex -6.55322 4.58861 1.15
      vertex -6.12836 5.1423 172
      vertex -6.26643 4.96235 1.15
    endloop
  endfacet
  facet normal -0.793354 0.60876 0
    outer loop
      vertex -6.12836 5.1423 172
      vertex -6.55322 4.58861 1.15
      vertex -6.55322 4.58861 172
    endloop
  endfacet
  facet normal 0.461752 0.887009 1.99845e-08
    outer loop
      vertex 4 6.9282 172
      vertex 3.58214 7.14573 1.15
      vertex 3.38095 7.25046 172
    endloop
  endfacet
  facet normal 0.461758 0.887006 -0
    outer loop
      vertex 4 6.9282 1.15
      vertex 3.58214 7.14573 1.15
      vertex 4 6.9282 172
    endloop
  endfacet
  facet normal 0.461739 0.887016 -0
    outer loop
      vertex 3.38095 7.25046 1.15
      vertex 3.38095 7.25046 172
      vertex 3.58214 7.14573 1.15
    endloop
  endfacet
  facet normal 0.92388 -0.382682 0
    outer loop
      vertex 7.25046 -3.38095 1.15
      vertex 7.51754 -2.73616 5
      vertex 7.51754 -2.73616 9
    endloop
  endfacet
  facet normal 0.92388 -0.382682 0
    outer loop
      vertex 7.25046 -3.38095 172
      vertex 7.51754 -2.73616 9
      vertex 7.51754 -2.73616 172
    endloop
  endfacet
  facet normal 0.92388 -0.382682 0
    outer loop
      vertex 7.25046 -3.38095 1.15
      vertex 7.51754 -2.73616 9
      vertex 7.25046 -3.38095 172
    endloop
  endfacet
  facet normal 0.923884 -0.382674 -1.73233e-06
    outer loop
      vertex 7.51754 -2.73616 5
      vertex 7.25046 -3.38095 1.15
      vertex 7.33726 -3.17139 1.15
    endloop
  endfacet
  facet normal 0.923878 -0.382687 0
    outer loop
      vertex 7.51754 -2.73616 1.15
      vertex 7.51754 -2.73616 5
      vertex 7.33726 -3.17139 1.15
    endloop
  endfacet
  facet normal -0.0436159 0.999048 -2.55288e-10
    outer loop
      vertex 0 8 172
      vertex -0.697245 7.96956 1.15
      vertex -0.697246 7.96956 172
    endloop
  endfacet
  facet normal -0.0436224 0.999048 2.61308e-08
    outer loop
      vertex 0 8 172
      vertex -0.226605 7.99011 1.15
      vertex -0.697245 7.96956 1.15
    endloop
  endfacet
  facet normal -0.0436027 0.999049 0
    outer loop
      vertex -0.226605 7.99011 1.15
      vertex 0 8 172
      vertex 0 8 1.15
    endloop
  endfacet
  facet normal 0 1 0
    outer loop
      vertex -0.697246 7.96956 172
      vertex -0.697245 7.96956 1.15
      vertex -0.697246 7.96956 1.15
    endloop
  endfacet
  facet normal -0.216431 0.976298 1.31602e-08
    outer loop
      vertex -1.38918 7.87846 172
      vertex -1.61063 7.82937 1.15
      vertex -2.07055 7.72741 172
    endloop
  endfacet
  facet normal -0.216422 0.9763 0
    outer loop
      vertex -1.61063 7.82937 1.15
      vertex -1.38918 7.87846 172
      vertex -1.38918 7.87846 1.15
    endloop
  endfacet
  facet normal -0.216436 0.976297 0
    outer loop
      vertex -2.07055 7.72741 172
      vertex -1.61063 7.82937 1.15
      vertex -2.07055 7.72741 1.15
    endloop
  endfacet
  facet normal -0.60876 0.793354 0
    outer loop
      vertex -4.58861 6.55322 1.15
      vertex -5.1423 6.12836 172
      vertex -4.58861 6.55322 172
    endloop
  endfacet
  facet normal -0.608774 0.793344 -6.93122e-08
    outer loop
      vertex -4.96235 6.26643 1.15
      vertex -5.1423 6.12836 172
      vertex -4.58861 6.55322 1.15
    endloop
  endfacet
  facet normal -0.608732 0.793376 0
    outer loop
      vertex -5.1423 6.12836 1.15
      vertex -5.1423 6.12836 172
      vertex -4.96235 6.26643 1.15
    endloop
  endfacet
  facet normal 0.675599 -0.737269 0
    outer loop
      vertex 5.1423 -6.12836 172
      vertex 5.65685 -5.65685 1.15
      vertex 5.65685 -5.65685 172
    endloop
  endfacet
  facet normal 0.675599 -0.737269 0
    outer loop
      vertex 5.1423 -6.12836 1.15
      vertex 5.65685 -5.65685 1.15
      vertex 5.1423 -6.12836 172
    endloop
  endfacet
  facet normal 0 0 1
    outer loop
      vertex 5.65685 -5.65685 1.15
      vertex 5.1423 -6.12836 1.15
      vertex 5.30953 -5.97512 1.15
    endloop
  endfacet
  facet normal -0.887016 -0.461739 0
    outer loop
      vertex -7.14573 -3.58214 1.15
      vertex -7.25046 -3.38095 172
      vertex -7.25046 -3.38095 1.15
    endloop
  endfacet
  facet normal -0.887006 -0.461758 2.96065e-08
    outer loop
      vertex -6.9282 -4 1.15
      vertex -7.25046 -3.38095 172
      vertex -7.14573 -3.58214 1.15
    endloop
  endfacet
  facet normal -0.887009 -0.461752 0
    outer loop
      vertex -7.25046 -3.38095 172
      vertex -6.9282 -4 1.15
      vertex -6.9282 -4 172
    endloop
  endfacet
  facet normal -0.923884 -0.382674 -1.73233e-06
    outer loop
      vertex -7.25046 -3.38095 1.15
      vertex -7.51754 -2.73616 5
      vertex -7.33726 -3.17139 1.15
    endloop
  endfacet
  facet normal -0.923878 -0.382687 0
    outer loop
      vertex -7.33726 -3.17139 1.15
      vertex -7.51754 -2.73616 5
      vertex -7.51754 -2.73616 1.15
    endloop
  endfacet
  facet normal -0.92388 -0.382682 0
    outer loop
      vertex -7.51754 -2.73616 5
      vertex -7.25046 -3.38095 1.15
      vertex -7.51754 -2.73616 9
    endloop
  endfacet
  facet normal -0.92388 -0.382682 -0
    outer loop
      vertex -7.25046 -3.38095 172
      vertex -7.51754 -2.73616 9
      vertex -7.25046 -3.38095 1.15
    endloop
  endfacet
  facet normal -0.92388 -0.382682 0
    outer loop
      vertex -7.51754 -2.73616 9
      vertex -7.25046 -3.38095 172
      vertex -7.51754 -2.73616 172
    endloop
  endfacet
  facet normal 0.976298 -0.216431 0
    outer loop
      vertex 7.72741 -2.07055 172
      vertex 7.87846 -1.38918 9
      vertex 7.87846 -1.38918 172
    endloop
  endfacet
  facet normal 0.976298 -0.216431 0
    outer loop
      vertex 7.87846 -1.38918 9
      vertex 7.72741 -2.07055 172
      vertex 7.72741 -2.07055 9
    endloop
  endfacet
  facet normal 0.9763 -0.216422 0
    outer loop
      vertex 7.87846 -1.38918 5
      vertex 7.82937 -1.61063 1.15
      vertex 7.87846 -1.38918 1.15
    endloop
  endfacet
  facet normal 0.976298 -0.216431 5.84005e-07
    outer loop
      vertex 7.72741 -2.07055 5
      vertex 7.82937 -1.61063 1.15
      vertex 7.87846 -1.38918 5
    endloop
  endfacet
  facet normal 0.976297 -0.216436 0
    outer loop
      vertex 7.82937 -1.61063 1.15
      vertex 7.72741 -2.07055 5
      vertex 7.72741 -2.07055 1.15
    endloop
  endfacet
  facet normal -0.60876 -0.793354 0
    outer loop
      vertex -5.1423 -6.12836 172
      vertex -4.58861 -6.55322 1.15
      vertex -4.58861 -6.55322 172
    endloop
  endfacet
  facet normal -0.608774 -0.793344 -6.93122e-08
    outer loop
      vertex -5.1423 -6.12836 172
      vertex -4.96235 -6.26643 1.15
      vertex -4.58861 -6.55322 1.15
    endloop
  endfacet
  facet normal -0.608732 -0.793376 0
    outer loop
      vertex -5.1423 -6.12836 1.15
      vertex -4.96235 -6.26643 1.15
      vertex -5.1423 -6.12836 172
    endloop
  endfacet
  facet normal -0.976298 0.216431 0
    outer loop
      vertex -7.87846 1.38918 9
      vertex -7.72741 2.07055 172
      vertex -7.72741 2.07055 9
    endloop
  endfacet
  facet normal -0.976298 0.216431 0
    outer loop
      vertex -7.72741 2.07055 172
      vertex -7.87846 1.38918 9
      vertex -7.87846 1.38918 172
    endloop
  endfacet
  facet normal -0.976297 0.216436 0
    outer loop
      vertex -7.82937 1.61063 1.15
      vertex -7.72741 2.07055 5
      vertex -7.72741 2.07055 1.15
    endloop
  endfacet
  facet normal -0.9763 0.216422 0
    outer loop
      vertex -7.87846 1.38918 5
      vertex -7.82937 1.61063 1.15
      vertex -7.87846 1.38918 1.15
    endloop
  endfacet
  facet normal -0.976298 0.216431 5.84005e-07
    outer loop
      vertex -7.82937 1.61063 1.15
      vertex -7.87846 1.38918 5
      vertex -7.72741 2.07055 5
    endloop
  endfacet
  facet normal 0.675599 0.737269 -0
    outer loop
      vertex 5.65685 5.65685 1.15
      vertex 5.1423 6.12836 172
      vertex 5.65685 5.65685 172
    endloop
  endfacet
  facet normal 0.675602 0.737267 1.21176e-08
    outer loop
      vertex 5.30953 5.97512 1.15
      vertex 5.1423 6.12836 172
      vertex 5.65685 5.65685 1.15
    endloop
  endfacet
  facet normal 0.675595 0.737273 0
    outer loop
      vertex 5.1423 6.12836 172
      vertex 5.30953 5.97512 1.15
      vertex 5.1423 6.12836 1.15
    endloop
  endfacet
  facet normal -0.976298 -0.216431 0
    outer loop
      vertex -7.72741 -2.07055 9
      vertex -7.87846 -1.38918 172
      vertex -7.87846 -1.38918 9
    endloop
  endfacet
  facet normal -0.976298 -0.216431 0
    outer loop
      vertex -7.87846 -1.38918 172
      vertex -7.72741 -2.07055 9
      vertex -7.72741 -2.07055 172
    endloop
  endfacet
  facet normal -0.9763 -0.216422 0
    outer loop
      vertex -7.82937 -1.61063 1.15
      vertex -7.87846 -1.38918 5
      vertex -7.87846 -1.38918 1.15
    endloop
  endfacet
  facet normal -0.976297 -0.216436 -0
    outer loop
      vertex -7.72741 -2.07055 5
      vertex -7.82937 -1.61063 1.15
      vertex -7.72741 -2.07055 1.15
    endloop
  endfacet
  facet normal -0.976298 -0.216431 5.84005e-07
    outer loop
      vertex -7.82937 -1.61063 1.15
      vertex -7.72741 -2.07055 5
      vertex -7.87846 -1.38918 5
    endloop
  endfacet
  facet normal 0.382682 -0.92388 -1.26871e-08
    outer loop
      vertex 2.73616 -7.51754 172
      vertex 3.17139 -7.33726 1.15
      vertex 3.38095 -7.25046 172
    endloop
  endfacet
  facet normal 0.382687 -0.923878 0
    outer loop
      vertex 2.73616 -7.51754 172
      vertex 2.73616 -7.51754 1.15
      vertex 3.17139 -7.33726 1.15
    endloop
  endfacet
  facet normal 0.382674 -0.923884 0
    outer loop
      vertex 3.38095 -7.25046 172
      vertex 3.17139 -7.33726 1.15
      vertex 3.38095 -7.25046 1.15
    endloop
  endfacet
  facet normal 0.461752 -0.887009 1.99845e-08
    outer loop
      vertex 3.38095 -7.25046 172
      vertex 3.58214 -7.14573 1.15
      vertex 4 -6.9282 172
    endloop
  endfacet
  facet normal 0.461739 -0.887016 0
    outer loop
      vertex 3.38095 -7.25046 1.15
      vertex 3.58214 -7.14573 1.15
      vertex 3.38095 -7.25046 172
    endloop
  endfacet
  facet normal 0.461758 -0.887006 0
    outer loop
      vertex 4 -6.9282 1.15
      vertex 4 -6.9282 172
      vertex 3.58214 -7.14573 1.15
    endloop
  endfacet
  facet normal -0.461752 0.887009 1.99845e-08
    outer loop
      vertex -3.38095 7.25046 172
      vertex -3.58214 7.14573 1.15
      vertex -4 6.9282 172
    endloop
  endfacet
  facet normal -0.461739 0.887016 0
    outer loop
      vertex -3.38095 7.25046 1.15
      vertex -3.58214 7.14573 1.15
      vertex -3.38095 7.25046 172
    endloop
  endfacet
  facet normal -0.461758 0.887006 0
    outer loop
      vertex -4 6.9282 1.15
      vertex -4 6.9282 172
      vertex -3.58214 7.14573 1.15
    endloop
  endfacet
  facet normal -0.737267 0.675602 0
    outer loop
      vertex -5.97512 5.30953 1.15
      vertex -5.65685 5.65685 172
      vertex -5.65685 5.65685 1.15
    endloop
  endfacet
  facet normal -0.737273 0.675595 2.51673e-08
    outer loop
      vertex -6.12836 5.1423 1.15
      vertex -5.65685 5.65685 172
      vertex -5.97512 5.30953 1.15
    endloop
  endfacet
  facet normal -0.737269 0.675599 0
    outer loop
      vertex -5.65685 5.65685 172
      vertex -6.12836 5.1423 1.15
      vertex -6.12836 5.1423 172
    endloop
  endfacet
  facet normal 0.60876 -0.793354 0
    outer loop
      vertex 4.58861 -6.55322 1.15
      vertex 5.1423 -6.12836 172
      vertex 4.58861 -6.55322 172
    endloop
  endfacet
  facet normal 0.608774 -0.793344 -6.93122e-08
    outer loop
      vertex 4.96235 -6.26643 1.15
      vertex 5.1423 -6.12836 172
      vertex 4.58861 -6.55322 1.15
    endloop
  endfacet
  facet normal 0.608732 -0.793376 0
    outer loop
      vertex 5.1423 -6.12836 1.15
      vertex 5.1423 -6.12836 172
      vertex 4.96235 -6.26643 1.15
    endloop
  endfacet
  facet normal 0.92388 0.382682 0
    outer loop
      vertex 7.51754 2.73616 9
      vertex 7.25046 3.38095 1.15
      vertex 7.25046 3.38095 172
    endloop
  endfacet
  facet normal 0.92388 0.382682 -0
    outer loop
      vertex 7.51754 2.73616 5
      vertex 7.25046 3.38095 1.15
      vertex 7.51754 2.73616 9
    endloop
  endfacet
  facet normal 0.92388 0.382682 0
    outer loop
      vertex 7.51754 2.73616 172
      vertex 7.51754 2.73616 9
      vertex 7.25046 3.38095 172
    endloop
  endfacet
  facet normal 0.923884 0.382674 -1.73233e-06
    outer loop
      vertex 7.25046 3.38095 1.15
      vertex 7.51754 2.73616 5
      vertex 7.33726 3.17139 1.15
    endloop
  endfacet
  facet normal 0.923878 0.382687 0
    outer loop
      vertex 7.51754 2.73616 5
      vertex 7.51754 2.73616 1.15
      vertex 7.33726 3.17139 1.15
    endloop
  endfacet
  facet normal 0.793344 -0.608774 0
    outer loop
      vertex 6.55322 -4.58861 172
      vertex 6.26643 -4.96235 1.15
      vertex 6.55322 -4.58861 1.15
    endloop
  endfacet
  facet normal 0.793376 -0.608732 -1.43961e-07
    outer loop
      vertex 6.55322 -4.58861 172
      vertex 6.12836 -5.1423 1.15
      vertex 6.26643 -4.96235 1.15
    endloop
  endfacet
  facet normal 0.793354 -0.60876 0
    outer loop
      vertex 6.12836 -5.1423 172
      vertex 6.12836 -5.1423 1.15
      vertex 6.55322 -4.58861 172
    endloop
  endfacet
  facet normal -0.382682 0.92388 -1.26871e-08
    outer loop
      vertex -2.73616 7.51754 172
      vertex -3.17139 7.33726 1.15
      vertex -3.38095 7.25046 172
    endloop
  endfacet
  facet normal -0.382687 0.923878 0
    outer loop
      vertex -2.73616 7.51754 172
      vertex -2.73616 7.51754 1.15
      vertex -3.17139 7.33726 1.15
    endloop
  endfacet
  facet normal -0.382674 0.923884 0
    outer loop
      vertex -3.38095 7.25046 172
      vertex -3.17139 7.33726 1.15
      vertex -3.38095 7.25046 1.15
    endloop
  endfacet
  facet normal 0.300711 0.953715 1.82802e-08
    outer loop
      vertex 2.73616 7.51754 172
      vertex 2.51984 7.58575 1.15
      vertex 2.07055 7.72741 172
    endloop
  endfacet
  facet normal 0.300724 0.953711 0
    outer loop
      vertex 2.51984 7.58575 1.15
      vertex 2.73616 7.51754 172
      vertex 2.73616 7.51754 1.15
    endloop
  endfacet
  facet normal 0.300705 0.953717 0
    outer loop
      vertex 2.07055 7.72741 172
      vertex 2.51984 7.58575 1.15
      vertex 2.07055 7.72741 1.15
    endloop
  endfacet
  facet normal -0.130533 -0.991444 0
    outer loop
      vertex -1.38918 -7.87846 172
      vertex -0.697246 -7.96956 1.15
      vertex -0.697246 -7.96956 172
    endloop
  endfacet
  facet normal -0.130529 -0.991445 1.98515e-08
    outer loop
      vertex -1.38918 -7.87846 172
      vertex -1.1643 -7.90807 1.15
      vertex -0.697246 -7.96956 1.15
    endloop
  endfacet
  facet normal -0.130543 -0.991443 0
    outer loop
      vertex -1.38918 -7.87846 1.15
      vertex -1.1643 -7.90807 1.15
      vertex -1.38918 -7.87846 172
    endloop
  endfacet
  facet normal 0.953715 -0.300711 0
    outer loop
      vertex 7.51754 -2.73616 172
      vertex 7.72741 -2.07055 9
      vertex 7.72741 -2.07055 172
    endloop
  endfacet
  facet normal 0.953715 -0.300711 0
    outer loop
      vertex 7.72741 -2.07055 9
      vertex 7.51754 -2.73616 172
      vertex 7.51754 -2.73616 9
    endloop
  endfacet
  facet normal 0.953717 -0.300705 0
    outer loop
      vertex 7.72741 -2.07055 5
      vertex 7.58575 -2.51984 1.15
      vertex 7.72741 -2.07055 1.15
    endloop
  endfacet
  facet normal 0.953715 -0.300711 8.11213e-07
    outer loop
      vertex 7.51754 -2.73616 5
      vertex 7.58575 -2.51984 1.15
      vertex 7.72741 -2.07055 5
    endloop
  endfacet
  facet normal 0.953711 -0.300724 0
    outer loop
      vertex 7.58575 -2.51984 1.15
      vertex 7.51754 -2.73616 5
      vertex 7.51754 -2.73616 1.15
    endloop
  endfacet
  facet normal -0.923878 0.382687 0
    outer loop
      vertex -7.51754 2.73616 1.15
      vertex -7.51754 2.73616 5
      vertex -7.33726 3.17139 1.15
    endloop
  endfacet
  facet normal -0.923884 0.382674 -1.73233e-06
    outer loop
      vertex -7.51754 2.73616 5
      vertex -7.25046 3.38095 1.15
      vertex -7.33726 3.17139 1.15
    endloop
  endfacet
  facet normal -0.92388 0.382682 0
    outer loop
      vertex -7.25046 3.38095 1.15
      vertex -7.51754 2.73616 5
      vertex -7.51754 2.73616 9
    endloop
  endfacet
  facet normal -0.92388 0.382682 0
    outer loop
      vertex -7.25046 3.38095 1.15
      vertex -7.51754 2.73616 9
      vertex -7.25046 3.38095 172
    endloop
  endfacet
  facet normal -0.92388 0.382682 0
    outer loop
      vertex -7.25046 3.38095 172
      vertex -7.51754 2.73616 9
      vertex -7.51754 2.73616 172
    endloop
  endfacet
  facet normal -0.843395 -0.537295 0
    outer loop
      vertex -6.80633 -4.1913 1.15
      vertex -6.9282 -4 172
      vertex -6.9282 -4 1.15
    endloop
  endfacet
  facet normal -0.843396 -0.537293 -2.81669e-09
    outer loop
      vertex -6.55322 -4.58861 1.15
      vertex -6.9282 -4 172
      vertex -6.80633 -4.1913 1.15
    endloop
  endfacet
  facet normal -0.843395 -0.537294 0
    outer loop
      vertex -6.9282 -4 172
      vertex -6.55322 -4.58861 1.15
      vertex -6.55322 -4.58861 172
    endloop
  endfacet
  facet normal -0.991446 -0.130517 0
    outer loop
      vertex 4.65721 0.407453 157.65
      vertex 4.60398 0.811805 172
      vertex 4.60398 0.811805 157.65
    endloop
  endfacet
  facet normal -0.991446 -0.130517 0
    outer loop
      vertex 4.60398 0.811805 172
      vertex 4.65721 0.407453 157.65
      vertex 4.65721 0.407453 172
    endloop
  endfacet
  facet normal -0.999048 -0.0436199 0
    outer loop
      vertex 4.675 0 157.65
      vertex 4.65721 0.407453 172
      vertex 4.65721 0.407453 157.65
    endloop
  endfacet
  facet normal -0.999048 -0.0436199 0
    outer loop
      vertex 4.65721 0.407453 172
      vertex 4.675 0 157.65
      vertex 4.675 0 172
    endloop
  endfacet
  facet normal -0.976293 -0.216455 0
    outer loop
      vertex 4.60398 0.811805 157.65
      vertex 4.5157 1.20998 172
      vertex 4.5157 1.20998 157.65
    endloop
  endfacet
  facet normal -0.976293 -0.216455 0
    outer loop
      vertex 4.5157 1.20998 172
      vertex 4.60398 0.811805 157.65
      vertex 4.60398 0.811805 172
    endloop
  endfacet
  facet normal 0.130517 -0.991446 0
    outer loop
      vertex -0.811805 4.60398 157.65
      vertex -0.407453 4.65721 172
      vertex -0.811805 4.60398 172
    endloop
  endfacet
  facet normal 0.130517 -0.991446 0
    outer loop
      vertex -0.407453 4.65721 172
      vertex -0.811805 4.60398 157.65
      vertex -0.407453 4.65721 157.65
    endloop
  endfacet
  facet normal -0.608767 -0.793349 0
    outer loop
      vertex 2.68147 3.82954 157.65
      vertex 3.00503 3.58126 172
      vertex 2.68147 3.82954 172
    endloop
  endfacet
  facet normal -0.608767 -0.793349 -0
    outer loop
      vertex 3.00503 3.58126 172
      vertex 2.68147 3.82954 157.65
      vertex 3.00503 3.58126 157.65
    endloop
  endfacet
  facet normal -0.216455 0.976293 0
    outer loop
      vertex 1.20998 -4.5157 157.65
      vertex 0.811805 -4.60398 172
      vertex 1.20998 -4.5157 172
    endloop
  endfacet
  facet normal -0.216455 0.976293 0
    outer loop
      vertex 0.811805 -4.60398 172
      vertex 1.20998 -4.5157 157.65
      vertex 0.811805 -4.60398 157.65
    endloop
  endfacet
  facet normal 0.608767 -0.793349 0
    outer loop
      vertex -3.00503 3.58126 157.65
      vertex -2.68147 3.82954 172
      vertex -3.00503 3.58126 172
    endloop
  endfacet
  facet normal 0.608767 -0.793349 0
    outer loop
      vertex -2.68147 3.82954 172
      vertex -3.00503 3.58126 157.65
      vertex -2.68147 3.82954 157.65
    endloop
  endfacet
  facet normal -0.0436199 0.999048 0
    outer loop
      vertex 0.407453 -4.65721 157.65
      vertex 0 -4.675 172
      vertex 0.407453 -4.65721 172
    endloop
  endfacet
  facet normal -0.0436199 0.999048 0
    outer loop
      vertex 0 -4.675 172
      vertex 0.407453 -4.65721 157.65
      vertex 0 -4.675 157.65
    endloop
  endfacet
  facet normal -0.216455 -0.976293 0
    outer loop
      vertex 0.811805 4.60398 157.65
      vertex 1.20998 4.5157 172
      vertex 0.811805 4.60398 172
    endloop
  endfacet
  facet normal -0.216455 -0.976293 -0
    outer loop
      vertex 1.20998 4.5157 172
      vertex 0.811805 4.60398 157.65
      vertex 1.20998 4.5157 157.65
    endloop
  endfacet
  facet normal 0.887011 0.461748 0
    outer loop
      vertex -4.04867 -2.3375 172
      vertex -4.23699 -1.97574 157.65
      vertex -4.23699 -1.97574 172
    endloop
  endfacet
  facet normal 0.887011 0.461748 0
    outer loop
      vertex -4.23699 -1.97574 157.65
      vertex -4.04867 -2.3375 172
      vertex -4.04867 -2.3375 157.65
    endloop
  endfacet
  facet normal -0.461748 -0.887011 0
    outer loop
      vertex 1.97574 4.23699 157.65
      vertex 2.3375 4.04867 172
      vertex 1.97574 4.23699 172
    endloop
  endfacet
  facet normal -0.461748 -0.887011 -0
    outer loop
      vertex 2.3375 4.04867 172
      vertex 1.97574 4.23699 157.65
      vertex 2.3375 4.04867 157.65
    endloop
  endfacet
  facet normal -0.923884 -0.382672 0
    outer loop
      vertex 4.39306 1.59894 157.65
      vertex 4.23699 1.97574 172
      vertex 4.23699 1.97574 157.65
    endloop
  endfacet
  facet normal -0.923884 -0.382672 0
    outer loop
      vertex 4.23699 1.97574 172
      vertex 4.39306 1.59894 157.65
      vertex 4.39306 1.59894 172
    endloop
  endfacet
  facet normal 0.737267 -0.675601 0
    outer loop
      vertex -3.58126 3.00503 172
      vertex -3.30572 3.30572 157.65
      vertex -3.30572 3.30572 172
    endloop
  endfacet
  facet normal 0.737267 -0.675601 0
    outer loop
      vertex -3.30572 3.30572 157.65
      vertex -3.58126 3.00503 172
      vertex -3.58126 3.00503 157.65
    endloop
  endfacet
  facet normal 0.382672 -0.923884 0
    outer loop
      vertex -1.97574 4.23699 157.65
      vertex -1.59894 4.39306 172
      vertex -1.97574 4.23699 172
    endloop
  endfacet
  facet normal 0.382672 -0.923884 0
    outer loop
      vertex -1.59894 4.39306 172
      vertex -1.97574 4.23699 157.65
      vertex -1.59894 4.39306 157.65
    endloop
  endfacet
  facet normal 0.382672 0.923884 -0
    outer loop
      vertex -1.59894 -4.39306 157.65
      vertex -1.97574 -4.23699 172
      vertex -1.59894 -4.39306 172
    endloop
  endfacet
  facet normal 0.382672 0.923884 0
    outer loop
      vertex -1.97574 -4.23699 172
      vertex -1.59894 -4.39306 157.65
      vertex -1.97574 -4.23699 157.65
    endloop
  endfacet
  facet normal -0.675601 -0.737267 0
    outer loop
      vertex 3.00503 3.58126 157.65
      vertex 3.30572 3.30572 172
      vertex 3.00503 3.58126 172
    endloop
  endfacet
  facet normal -0.675601 -0.737267 -0
    outer loop
      vertex 3.30572 3.30572 172
      vertex 3.00503 3.58126 157.65
      vertex 3.30572 3.30572 157.65
    endloop
  endfacet
  facet normal -0.999048 0.0436199 0
    outer loop
      vertex 4.65721 -0.407453 157.65
      vertex 4.675 0 172
      vertex 4.675 0 157.65
    endloop
  endfacet
  facet normal -0.999048 0.0436199 0
    outer loop
      vertex 4.675 0 172
      vertex 4.65721 -0.407453 157.65
      vertex 4.65721 -0.407453 172
    endloop
  endfacet
  facet normal -0.737267 0.675601 0
    outer loop
      vertex 3.30572 -3.30572 157.65
      vertex 3.58126 -3.00503 172
      vertex 3.58126 -3.00503 157.65
    endloop
  endfacet
  facet normal -0.737267 0.675601 0
    outer loop
      vertex 3.58126 -3.00503 172
      vertex 3.30572 -3.30572 157.65
      vertex 3.30572 -3.30572 172
    endloop
  endfacet
  facet normal 0.675601 0.737267 -0
    outer loop
      vertex -3.00503 -3.58126 157.65
      vertex -3.30572 -3.30572 172
      vertex -3.00503 -3.58126 172
    endloop
  endfacet
  facet normal 0.675601 0.737267 0
    outer loop
      vertex -3.30572 -3.30572 172
      vertex -3.00503 -3.58126 157.65
      vertex -3.30572 -3.30572 157.65
    endloop
  endfacet
  facet normal -0.843395 -0.537294 0
    outer loop
      vertex 4.04867 2.3375 157.65
      vertex 3.82954 2.68147 172
      vertex 3.82954 2.68147 157.65
    endloop
  endfacet
  facet normal -0.843395 -0.537294 0
    outer loop
      vertex 3.82954 2.68147 172
      vertex 4.04867 2.3375 157.65
      vertex 4.04867 2.3375 172
    endloop
  endfacet
  facet normal 0.0436199 -0.999048 0
    outer loop
      vertex -0.407453 4.65721 157.65
      vertex 0 4.675 172
      vertex -0.407453 4.65721 172
    endloop
  endfacet
  facet normal 0.0436199 -0.999048 0
    outer loop
      vertex 0 4.675 172
      vertex -0.407453 4.65721 157.65
      vertex 0 4.675 157.65
    endloop
  endfacet
  facet normal -0.0436199 -0.999048 0
    outer loop
      vertex 0 4.675 157.65
      vertex 0.407453 4.65721 172
      vertex 0 4.675 172
    endloop
  endfacet
  facet normal -0.0436199 -0.999048 -0
    outer loop
      vertex 0.407453 4.65721 172
      vertex 0 4.675 157.65
      vertex 0.407453 4.65721 157.65
    endloop
  endfacet
  facet normal 0.976293 0.216455 0
    outer loop
      vertex -4.5157 -1.20998 172
      vertex -4.60398 -0.811805 157.65
      vertex -4.60398 -0.811805 172
    endloop
  endfacet
  facet normal 0.976293 0.216455 0
    outer loop
      vertex -4.60398 -0.811805 157.65
      vertex -4.5157 -1.20998 172
      vertex -4.5157 -1.20998 157.65
    endloop
  endfacet
  facet normal 0.300709 -0.953716 0
    outer loop
      vertex -1.59894 4.39306 157.65
      vertex -1.20998 4.5157 172
      vertex -1.59894 4.39306 172
    endloop
  endfacet
  facet normal 0.300709 -0.953716 0
    outer loop
      vertex -1.20998 4.5157 172
      vertex -1.59894 4.39306 157.65
      vertex -1.20998 4.5157 157.65
    endloop
  endfacet
  facet normal -0.843395 0.537294 0
    outer loop
      vertex 3.82954 -2.68147 157.65
      vertex 4.04867 -2.3375 172
      vertex 4.04867 -2.3375 157.65
    endloop
  endfacet
  facet normal -0.843395 0.537294 0
    outer loop
      vertex 4.04867 -2.3375 172
      vertex 3.82954 -2.68147 157.65
      vertex 3.82954 -2.68147 172
    endloop
  endfacet
  facet normal 0.608767 0.793349 -0
    outer loop
      vertex -2.68147 -3.82954 157.65
      vertex -3.00503 -3.58126 172
      vertex -2.68147 -3.82954 172
    endloop
  endfacet
  facet normal 0.608767 0.793349 0
    outer loop
      vertex -3.00503 -3.58126 172
      vertex -2.68147 -3.82954 157.65
      vertex -3.00503 -3.58126 157.65
    endloop
  endfacet
  facet normal 0.793349 -0.608767 0
    outer loop
      vertex -3.82954 2.68147 172
      vertex -3.58126 3.00503 157.65
      vertex -3.58126 3.00503 172
    endloop
  endfacet
  facet normal 0.793349 -0.608767 0
    outer loop
      vertex -3.58126 3.00503 157.65
      vertex -3.82954 2.68147 172
      vertex -3.82954 2.68147 157.65
    endloop
  endfacet
  facet normal -0.300709 -0.953716 0
    outer loop
      vertex 1.20998 4.5157 157.65
      vertex 1.59894 4.39306 172
      vertex 1.20998 4.5157 172
    endloop
  endfacet
  facet normal -0.300709 -0.953716 -0
    outer loop
      vertex 1.59894 4.39306 172
      vertex 1.20998 4.5157 157.65
      vertex 1.59894 4.39306 157.65
    endloop
  endfacet
  facet normal 0.953716 0.300709 0
    outer loop
      vertex -4.39306 -1.59894 172
      vertex -4.5157 -1.20998 157.65
      vertex -4.5157 -1.20998 172
    endloop
  endfacet
  facet normal 0.953716 0.300709 0
    outer loop
      vertex -4.5157 -1.20998 157.65
      vertex -4.39306 -1.59894 172
      vertex -4.39306 -1.59894 157.65
    endloop
  endfacet
  facet normal -0.608767 0.793349 0
    outer loop
      vertex 3.00503 -3.58126 157.65
      vertex 2.68147 -3.82954 172
      vertex 3.00503 -3.58126 172
    endloop
  endfacet
  facet normal -0.608767 0.793349 0
    outer loop
      vertex 2.68147 -3.82954 172
      vertex 3.00503 -3.58126 157.65
      vertex 2.68147 -3.82954 157.65
    endloop
  endfacet
  facet normal -0.130517 0.991446 0
    outer loop
      vertex 0.811805 -4.60398 157.65
      vertex 0.407453 -4.65721 172
      vertex 0.811805 -4.60398 172
    endloop
  endfacet
  facet normal -0.130517 0.991446 0
    outer loop
      vertex 0.407453 -4.65721 172
      vertex 0.811805 -4.60398 157.65
      vertex 0.407453 -4.65721 157.65
    endloop
  endfacet
  facet normal -0.991446 0.130517 0
    outer loop
      vertex 4.60398 -0.811805 157.65
      vertex 4.65721 -0.407453 172
      vertex 4.65721 -0.407453 157.65
    endloop
  endfacet
  facet normal -0.991446 0.130517 0
    outer loop
      vertex 4.65721 -0.407453 172
      vertex 4.60398 -0.811805 157.65
      vertex 4.60398 -0.811805 172
    endloop
  endfacet
  facet normal -0.953716 -0.300709 0
    outer loop
      vertex 4.5157 1.20998 157.65
      vertex 4.39306 1.59894 172
      vertex 4.39306 1.59894 157.65
    endloop
  endfacet
  facet normal -0.953716 -0.300709 0
    outer loop
      vertex 4.39306 1.59894 172
      vertex 4.5157 1.20998 157.65
      vertex 4.5157 1.20998 172
    endloop
  endfacet
  facet normal 0.537294 -0.843395 0
    outer loop
      vertex -2.68147 3.82954 157.65
      vertex -2.3375 4.04867 172
      vertex -2.68147 3.82954 172
    endloop
  endfacet
  facet normal 0.537294 -0.843395 0
    outer loop
      vertex -2.3375 4.04867 172
      vertex -2.68147 3.82954 157.65
      vertex -2.3375 4.04867 157.65
    endloop
  endfacet
  facet normal -0.737267 -0.675601 0
    outer loop
      vertex 3.58126 3.00503 157.65
      vertex 3.30572 3.30572 172
      vertex 3.30572 3.30572 157.65
    endloop
  endfacet
  facet normal -0.737267 -0.675601 0
    outer loop
      vertex 3.30572 3.30572 172
      vertex 3.58126 3.00503 157.65
      vertex 3.58126 3.00503 172
    endloop
  endfacet
  facet normal 0.843395 -0.537294 0
    outer loop
      vertex -4.04867 2.3375 172
      vertex -3.82954 2.68147 157.65
      vertex -3.82954 2.68147 172
    endloop
  endfacet
  facet normal 0.843395 -0.537294 0
    outer loop
      vertex -3.82954 2.68147 157.65
      vertex -4.04867 2.3375 172
      vertex -4.04867 2.3375 157.65
    endloop
  endfacet
  facet normal -0.953716 0.300709 0
    outer loop
      vertex 4.39306 -1.59894 157.65
      vertex 4.5157 -1.20998 172
      vertex 4.5157 -1.20998 157.65
    endloop
  endfacet
  facet normal -0.953716 0.300709 0
    outer loop
      vertex 4.5157 -1.20998 172
      vertex 4.39306 -1.59894 157.65
      vertex 4.39306 -1.59894 172
    endloop
  endfacet
  facet normal 0.216455 -0.976293 0
    outer loop
      vertex -1.20998 4.5157 157.65
      vertex -0.811805 4.60398 172
      vertex -1.20998 4.5157 172
    endloop
  endfacet
  facet normal 0.216455 -0.976293 0
    outer loop
      vertex -0.811805 4.60398 172
      vertex -1.20998 4.5157 157.65
      vertex -0.811805 4.60398 157.65
    endloop
  endfacet
  facet normal 0.130517 0.991446 -0
    outer loop
      vertex -0.407453 -4.65721 157.65
      vertex -0.811805 -4.60398 172
      vertex -0.407453 -4.65721 172
    endloop
  endfacet
  facet normal 0.130517 0.991446 0
    outer loop
      vertex -0.811805 -4.60398 172
      vertex -0.407453 -4.65721 157.65
      vertex -0.811805 -4.60398 157.65
    endloop
  endfacet
  facet normal -0.976293 0.216455 0
    outer loop
      vertex 4.5157 -1.20998 157.65
      vertex 4.60398 -0.811805 172
      vertex 4.60398 -0.811805 157.65
    endloop
  endfacet
  facet normal -0.976293 0.216455 0
    outer loop
      vertex 4.60398 -0.811805 172
      vertex 4.5157 -1.20998 157.65
      vertex 4.5157 -1.20998 172
    endloop
  endfacet
  facet normal -0.461748 0.887011 0
    outer loop
      vertex 2.3375 -4.04867 157.65
      vertex 1.97574 -4.23699 172
      vertex 2.3375 -4.04867 172
    endloop
  endfacet
  facet normal -0.461748 0.887011 0
    outer loop
      vertex 1.97574 -4.23699 172
      vertex 2.3375 -4.04867 157.65
      vertex 1.97574 -4.23699 157.65
    endloop
  endfacet
  facet normal -0.793349 0.608767 0
    outer loop
      vertex 3.58126 -3.00503 157.65
      vertex 3.82954 -2.68147 172
      vertex 3.82954 -2.68147 157.65
    endloop
  endfacet
  facet normal -0.793349 0.608767 0
    outer loop
      vertex 3.82954 -2.68147 172
      vertex 3.58126 -3.00503 157.65
      vertex 3.58126 -3.00503 172
    endloop
  endfacet
  facet normal -0.537294 -0.843395 0
    outer loop
      vertex 2.3375 4.04867 157.65
      vertex 2.68147 3.82954 172
      vertex 2.3375 4.04867 172
    endloop
  endfacet
  facet normal -0.537294 -0.843395 -0
    outer loop
      vertex 2.68147 3.82954 172
      vertex 2.3375 4.04867 157.65
      vertex 2.68147 3.82954 157.65
    endloop
  endfacet
  facet normal 0.0436199 0.999048 -0
    outer loop
      vertex 0 -4.675 157.65
      vertex -0.407453 -4.65721 172
      vertex 0 -4.675 172
    endloop
  endfacet
  facet normal 0.0436199 0.999048 0
    outer loop
      vertex -0.407453 -4.65721 172
      vertex 0 -4.675 157.65
      vertex -0.407453 -4.65721 157.65
    endloop
  endfacet
  facet normal 0.843395 0.537294 0
    outer loop
      vertex -3.82954 -2.68147 172
      vertex -4.04867 -2.3375 157.65
      vertex -4.04867 -2.3375 172
    endloop
  endfacet
  facet normal 0.843395 0.537294 0
    outer loop
      vertex -4.04867 -2.3375 157.65
      vertex -3.82954 -2.68147 172
      vertex -3.82954 -2.68147 157.65
    endloop
  endfacet
  facet normal -0.887011 -0.461748 0
    outer loop
      vertex 4.23699 1.97574 157.65
      vertex 4.04867 2.3375 172
      vertex 4.04867 2.3375 157.65
    endloop
  endfacet
  facet normal -0.887011 -0.461748 0
    outer loop
      vertex 4.04867 2.3375 172
      vertex 4.23699 1.97574 157.65
      vertex 4.23699 1.97574 172
    endloop
  endfacet
  facet normal 0.537294 0.843395 -0
    outer loop
      vertex -2.3375 -4.04867 157.65
      vertex -2.68147 -3.82954 172
      vertex -2.3375 -4.04867 172
    endloop
  endfacet
  facet normal 0.537294 0.843395 0
    outer loop
      vertex -2.68147 -3.82954 172
      vertex -2.3375 -4.04867 157.65
      vertex -2.68147 -3.82954 157.65
    endloop
  endfacet
  facet normal 0.953716 -0.300709 0
    outer loop
      vertex -4.5157 1.20998 172
      vertex -4.39306 1.59894 157.65
      vertex -4.39306 1.59894 172
    endloop
  endfacet
  facet normal 0.953716 -0.300709 0
    outer loop
      vertex -4.39306 1.59894 157.65
      vertex -4.5157 1.20998 172
      vertex -4.5157 1.20998 157.65
    endloop
  endfacet
  facet normal -0.923884 0.382672 0
    outer loop
      vertex 4.23699 -1.97574 157.65
      vertex 4.39306 -1.59894 172
      vertex 4.39306 -1.59894 157.65
    endloop
  endfacet
  facet normal -0.923884 0.382672 0
    outer loop
      vertex 4.39306 -1.59894 172
      vertex 4.23699 -1.97574 157.65
      vertex 4.23699 -1.97574 172
    endloop
  endfacet
  facet normal 0.675601 -0.737267 0
    outer loop
      vertex -3.30572 3.30572 157.65
      vertex -3.00503 3.58126 172
      vertex -3.30572 3.30572 172
    endloop
  endfacet
  facet normal 0.675601 -0.737267 0
    outer loop
      vertex -3.00503 3.58126 172
      vertex -3.30572 3.30572 157.65
      vertex -3.00503 3.58126 157.65
    endloop
  endfacet
  facet normal -0.382672 -0.923884 0
    outer loop
      vertex 1.59894 4.39306 157.65
      vertex 1.97574 4.23699 172
      vertex 1.59894 4.39306 172
    endloop
  endfacet
  facet normal -0.382672 -0.923884 -0
    outer loop
      vertex 1.97574 4.23699 172
      vertex 1.59894 4.39306 157.65
      vertex 1.97574 4.23699 157.65
    endloop
  endfacet
  facet normal -0.887011 0.461748 0
    outer loop
      vertex 4.04867 -2.3375 157.65
      vertex 4.23699 -1.97574 172
      vertex 4.23699 -1.97574 157.65
    endloop
  endfacet
  facet normal -0.887011 0.461748 0
    outer loop
      vertex 4.23699 -1.97574 172
      vertex 4.04867 -2.3375 157.65
      vertex 4.04867 -2.3375 172
    endloop
  endfacet
  facet normal 0.216455 0.976293 -0
    outer loop
      vertex -0.811805 -4.60398 157.65
      vertex -1.20998 -4.5157 172
      vertex -0.811805 -4.60398 172
    endloop
  endfacet
  facet normal 0.216455 0.976293 0
    outer loop
      vertex -1.20998 -4.5157 172
      vertex -0.811805 -4.60398 157.65
      vertex -1.20998 -4.5157 157.65
    endloop
  endfacet
  facet normal 0.737267 0.675601 0
    outer loop
      vertex -3.30572 -3.30572 172
      vertex -3.58126 -3.00503 157.65
      vertex -3.58126 -3.00503 172
    endloop
  endfacet
  facet normal 0.737267 0.675601 0
    outer loop
      vertex -3.58126 -3.00503 157.65
      vertex -3.30572 -3.30572 172
      vertex -3.30572 -3.30572 157.65
    endloop
  endfacet
  facet normal 0.300709 0.953716 -0
    outer loop
      vertex -1.20998 -4.5157 157.65
      vertex -1.59894 -4.39306 172
      vertex -1.20998 -4.5157 172
    endloop
  endfacet
  facet normal 0.300709 0.953716 0
    outer loop
      vertex -1.59894 -4.39306 172
      vertex -1.20998 -4.5157 157.65
      vertex -1.59894 -4.39306 157.65
    endloop
  endfacet
  facet normal 0.887011 -0.461748 0
    outer loop
      vertex -4.23699 1.97574 172
      vertex -4.04867 2.3375 157.65
      vertex -4.04867 2.3375 172
    endloop
  endfacet
  facet normal 0.887011 -0.461748 0
    outer loop
      vertex -4.04867 2.3375 157.65
      vertex -4.23699 1.97574 172
      vertex -4.23699 1.97574 157.65
    endloop
  endfacet
  facet normal 0.991446 0.130517 0
    outer loop
      vertex -4.60398 -0.811805 172
      vertex -4.65721 -0.407453 157.65
      vertex -4.65721 -0.407453 172
    endloop
  endfacet
  facet normal 0.991446 0.130517 0
    outer loop
      vertex -4.65721 -0.407453 157.65
      vertex -4.60398 -0.811805 172
      vertex -4.60398 -0.811805 157.65
    endloop
  endfacet
  facet normal -0.130517 -0.991446 0
    outer loop
      vertex 0.407453 4.65721 157.65
      vertex 0.811805 4.60398 172
      vertex 0.407453 4.65721 172
    endloop
  endfacet
  facet normal -0.130517 -0.991446 -0
    outer loop
      vertex 0.811805 4.60398 172
      vertex 0.407453 4.65721 157.65
      vertex 0.811805 4.60398 157.65
    endloop
  endfacet
  facet normal 0.793349 0.608767 0
    outer loop
      vertex -3.58126 -3.00503 172
      vertex -3.82954 -2.68147 157.65
      vertex -3.82954 -2.68147 172
    endloop
  endfacet
  facet normal 0.793349 0.608767 0
    outer loop
      vertex -3.82954 -2.68147 157.65
      vertex -3.58126 -3.00503 172
      vertex -3.58126 -3.00503 157.65
    endloop
  endfacet
  facet normal -0.300709 0.953716 0
    outer loop
      vertex 1.59894 -4.39306 157.65
      vertex 1.20998 -4.5157 172
      vertex 1.59894 -4.39306 172
    endloop
  endfacet
  facet normal -0.300709 0.953716 0
    outer loop
      vertex 1.20998 -4.5157 172
      vertex 1.59894 -4.39306 157.65
      vertex 1.20998 -4.5157 157.65
    endloop
  endfacet
  facet normal 0.999048 0.0436199 0
    outer loop
      vertex -4.65721 -0.407453 172
      vertex -4.675 0 157.65
      vertex -4.675 0 172
    endloop
  endfacet
  facet normal 0.999048 0.0436199 0
    outer loop
      vertex -4.675 0 157.65
      vertex -4.65721 -0.407453 172
      vertex -4.65721 -0.407453 157.65
    endloop
  endfacet
  facet normal 0.976293 -0.216455 0
    outer loop
      vertex -4.60398 0.811805 172
      vertex -4.5157 1.20998 157.65
      vertex -4.5157 1.20998 172
    endloop
  endfacet
  facet normal 0.976293 -0.216455 0
    outer loop
      vertex -4.5157 1.20998 157.65
      vertex -4.60398 0.811805 172
      vertex -4.60398 0.811805 157.65
    endloop
  endfacet
  facet normal -0.537294 0.843395 0
    outer loop
      vertex 2.68147 -3.82954 157.65
      vertex 2.3375 -4.04867 172
      vertex 2.68147 -3.82954 172
    endloop
  endfacet
  facet normal -0.537294 0.843395 0
    outer loop
      vertex 2.3375 -4.04867 172
      vertex 2.68147 -3.82954 157.65
      vertex 2.3375 -4.04867 157.65
    endloop
  endfacet
  facet normal 0.923884 0.382672 0
    outer loop
      vertex -4.23699 -1.97574 172
      vertex -4.39306 -1.59894 157.65
      vertex -4.39306 -1.59894 172
    endloop
  endfacet
  facet normal 0.923884 0.382672 0
    outer loop
      vertex -4.39306 -1.59894 157.65
      vertex -4.23699 -1.97574 172
      vertex -4.23699 -1.97574 157.65
    endloop
  endfacet
  facet normal -0.793349 -0.608767 0
    outer loop
      vertex 3.82954 2.68147 157.65
      vertex 3.58126 3.00503 172
      vertex 3.58126 3.00503 157.65
    endloop
  endfacet
  facet normal -0.793349 -0.608767 0
    outer loop
      vertex 3.58126 3.00503 172
      vertex 3.82954 2.68147 157.65
      vertex 3.82954 2.68147 172
    endloop
  endfacet
  facet normal -0.382672 0.923884 0
    outer loop
      vertex 1.97574 -4.23699 157.65
      vertex 1.59894 -4.39306 172
      vertex 1.97574 -4.23699 172
    endloop
  endfacet
  facet normal -0.382672 0.923884 0
    outer loop
      vertex 1.59894 -4.39306 172
      vertex 1.97574 -4.23699 157.65
      vertex 1.59894 -4.39306 157.65
    endloop
  endfacet
  facet normal 0.991446 -0.130517 0
    outer loop
      vertex -4.65721 0.407453 172
      vertex -4.60398 0.811805 157.65
      vertex -4.60398 0.811805 172
    endloop
  endfacet
  facet normal 0.991446 -0.130517 0
    outer loop
      vertex -4.60398 0.811805 157.65
      vertex -4.65721 0.407453 172
      vertex -4.65721 0.407453 157.65
    endloop
  endfacet
  facet normal 0.999048 -0.0436199 0
    outer loop
      vertex -4.675 0 172
      vertex -4.65721 0.407453 157.65
      vertex -4.65721 0.407453 172
    endloop
  endfacet
  facet normal 0.999048 -0.0436199 0
    outer loop
      vertex -4.65721 0.407453 157.65
      vertex -4.675 0 172
      vertex -4.675 0 157.65
    endloop
  endfacet
  facet normal -0.675601 0.737267 0
    outer loop
      vertex 3.30572 -3.30572 157.65
      vertex 3.00503 -3.58126 172
      vertex 3.30572 -3.30572 172
    endloop
  endfacet
  facet normal -0.675601 0.737267 0
    outer loop
      vertex 3.00503 -3.58126 172
      vertex 3.30572 -3.30572 157.65
      vertex 3.00503 -3.58126 157.65
    endloop
  endfacet
  facet normal 0.461748 -0.887011 0
    outer loop
      vertex -2.3375 4.04867 157.65
      vertex -1.97574 4.23699 172
      vertex -2.3375 4.04867 172
    endloop
  endfacet
  facet normal 0.461748 -0.887011 0
    outer loop
      vertex -1.97574 4.23699 172
      vertex -2.3375 4.04867 157.65
      vertex -1.97574 4.23699 157.65
    endloop
  endfacet
  facet normal 0 0 1
    outer loop
      vertex 4.65721 0.407453 157.65
      vertex 4.65721 -0.407453 157.65
      vertex 4.675 0 157.65
    endloop
  endfacet
  facet normal 0 0 1
    outer loop
      vertex 4.60398 0.811805 157.65
      vertex 4.65721 -0.407453 157.65
      vertex 4.65721 0.407453 157.65
    endloop
  endfacet
  facet normal 0 0 1
    outer loop
      vertex 4.60398 0.811805 157.65
      vertex 4.60398 -0.811805 157.65
      vertex 4.65721 -0.407453 157.65
    endloop
  endfacet
  facet normal 0 0 1
    outer loop
      vertex 4.5157 1.20998 157.65
      vertex 4.60398 -0.811805 157.65
      vertex 4.60398 0.811805 157.65
    endloop
  endfacet
  facet normal 0 0 1
    outer loop
      vertex 4.5157 1.20998 157.65
      vertex 4.5157 -1.20998 157.65
      vertex 4.60398 -0.811805 157.65
    endloop
  endfacet
  facet normal 0 0 1
    outer loop
      vertex 4.39306 1.59894 157.65
      vertex 4.5157 -1.20998 157.65
      vertex 4.5157 1.20998 157.65
    endloop
  endfacet
  facet normal 0 0 1
    outer loop
      vertex 4.39306 1.59894 157.65
      vertex 4.39306 -1.59894 157.65
      vertex 4.5157 -1.20998 157.65
    endloop
  endfacet
  facet normal 0 0 1
    outer loop
      vertex 4.23699 1.97574 157.65
      vertex 4.39306 -1.59894 157.65
      vertex 4.39306 1.59894 157.65
    endloop
  endfacet
  facet normal 0 0 1
    outer loop
      vertex 4.23699 1.97574 157.65
      vertex 4.23699 -1.97574 157.65
      vertex 4.39306 -1.59894 157.65
    endloop
  endfacet
  facet normal 0 0 1
    outer loop
      vertex 4.04867 2.3375 157.65
      vertex 4.23699 -1.97574 157.65
      vertex 4.23699 1.97574 157.65
    endloop
  endfacet
  facet normal 0 0 1
    outer loop
      vertex 4.04867 2.3375 157.65
      vertex 4.04867 -2.3375 157.65
      vertex 4.23699 -1.97574 157.65
    endloop
  endfacet
  facet normal 0 0 1
    outer loop
      vertex 3.82954 2.68147 157.65
      vertex 4.04867 -2.3375 157.65
      vertex 4.04867 2.3375 157.65
    endloop
  endfacet
  facet normal 0 0 1
    outer loop
      vertex 3.82954 2.68147 157.65
      vertex 3.82954 -2.68147 157.65
      vertex 4.04867 -2.3375 157.65
    endloop
  endfacet
  facet normal 0 0 1
    outer loop
      vertex 3.58126 3.00503 157.65
      vertex 3.82954 -2.68147 157.65
      vertex 3.82954 2.68147 157.65
    endloop
  endfacet
  facet normal 0 0 1
    outer loop
      vertex 3.58126 3.00503 157.65
      vertex 3.58126 -3.00503 157.65
      vertex 3.82954 -2.68147 157.65
    endloop
  endfacet
  facet normal 0 0 1
    outer loop
      vertex 3.30572 3.30572 157.65
      vertex 3.58126 -3.00503 157.65
      vertex 3.58126 3.00503 157.65
    endloop
  endfacet
  facet normal 0 0 1
    outer loop
      vertex 3.30572 3.30572 157.65
      vertex 3.30572 -3.30572 157.65
      vertex 3.58126 -3.00503 157.65
    endloop
  endfacet
  facet normal 0 0 1
    outer loop
      vertex 3.00503 3.58126 157.65
      vertex 3.30572 -3.30572 157.65
      vertex 3.30572 3.30572 157.65
    endloop
  endfacet
  facet normal 0 0 1
    outer loop
      vertex 3.00503 3.58126 157.65
      vertex 3.00503 -3.58126 157.65
      vertex 3.30572 -3.30572 157.65
    endloop
  endfacet
  facet normal 0 0 1
    outer loop
      vertex 2.68147 3.82954 157.65
      vertex 3.00503 -3.58126 157.65
      vertex 3.00503 3.58126 157.65
    endloop
  endfacet
  facet normal 0 0 1
    outer loop
      vertex 2.68147 3.82954 157.65
      vertex 2.68147 -3.82954 157.65
      vertex 3.00503 -3.58126 157.65
    endloop
  endfacet
  facet normal 0 0 1
    outer loop
      vertex 2.3375 4.04867 157.65
      vertex 2.68147 -3.82954 157.65
      vertex 2.68147 3.82954 157.65
    endloop
  endfacet
  facet normal 0 0 1
    outer loop
      vertex 2.3375 4.04867 157.65
      vertex 2.3375 -4.04867 157.65
      vertex 2.68147 -3.82954 157.65
    endloop
  endfacet
  facet normal 0 0 1
    outer loop
      vertex 1.97574 4.23699 157.65
      vertex 2.3375 -4.04867 157.65
      vertex 2.3375 4.04867 157.65
    endloop
  endfacet
  facet normal 0 0 1
    outer loop
      vertex 1.97574 4.23699 157.65
      vertex 1.97574 -4.23699 157.65
      vertex 2.3375 -4.04867 157.65
    endloop
  endfacet
  facet normal 0 0 1
    outer loop
      vertex 1.59894 4.39306 157.65
      vertex 1.97574 -4.23699 157.65
      vertex 1.97574 4.23699 157.65
    endloop
  endfacet
  facet normal 0 0 1
    outer loop
      vertex 1.59894 4.39306 157.65
      vertex 1.59894 -4.39306 157.65
      vertex 1.97574 -4.23699 157.65
    endloop
  endfacet
  facet normal 0 0 1
    outer loop
      vertex 1.20998 4.5157 157.65
      vertex 1.59894 -4.39306 157.65
      vertex 1.59894 4.39306 157.65
    endloop
  endfacet
  facet normal 0 0 1
    outer loop
      vertex 1.20998 4.5157 157.65
      vertex 1.20998 -4.5157 157.65
      vertex 1.59894 -4.39306 157.65
    endloop
  endfacet
  facet normal 0 0 1
    outer loop
      vertex 0.811805 4.60398 157.65
      vertex 1.20998 -4.5157 157.65
      vertex 1.20998 4.5157 157.65
    endloop
  endfacet
  facet normal 0 0 1
    outer loop
      vertex 0.811805 4.60398 157.65
      vertex 0.811805 -4.60398 157.65
      vertex 1.20998 -4.5157 157.65
    endloop
  endfacet
  facet normal 0 0 1
    outer loop
      vertex 0.407453 4.65721 157.65
      vertex 0.811805 -4.60398 157.65
      vertex 0.811805 4.60398 157.65
    endloop
  endfacet
  facet normal 0 0 1
    outer loop
      vertex 0.407453 4.65721 157.65
      vertex 0.407453 -4.65721 157.65
      vertex 0.811805 -4.60398 157.65
    endloop
  endfacet
  facet normal 0 0 1
    outer loop
      vertex 0 4.675 157.65
      vertex 0.407453 -4.65721 157.65
      vertex 0.407453 4.65721 157.65
    endloop
  endfacet
  facet normal 0 0 1
    outer loop
      vertex 0 4.675 157.65
      vertex 0 -4.675 157.65
      vertex 0.407453 -4.65721 157.65
    endloop
  endfacet
  facet normal -0 0 1
    outer loop
      vertex -0.407453 4.65721 157.65
      vertex 0 -4.675 157.65
      vertex 0 4.675 157.65
    endloop
  endfacet
  facet normal 0 0 1
    outer loop
      vertex -0.407453 4.65721 157.65
      vertex -0.407453 -4.65721 157.65
      vertex 0 -4.675 157.65
    endloop
  endfacet
  facet normal -0 0 1
    outer loop
      vertex -0.811805 4.60398 157.65
      vertex -0.407453 -4.65721 157.65
      vertex -0.407453 4.65721 157.65
    endloop
  endfacet
  facet normal 0 0 1
    outer loop
      vertex -0.811805 4.60398 157.65
      vertex -0.811805 -4.60398 157.65
      vertex -0.407453 -4.65721 157.65
    endloop
  endfacet
  facet normal -0 0 1
    outer loop
      vertex -1.20998 4.5157 157.65
      vertex -0.811805 -4.60398 157.65
      vertex -0.811805 4.60398 157.65
    endloop
  endfacet
  facet normal 0 0 1
    outer loop
      vertex -1.20998 4.5157 157.65
      vertex -1.20998 -4.5157 157.65
      vertex -0.811805 -4.60398 157.65
    endloop
  endfacet
  facet normal -0 0 1
    outer loop
      vertex -1.59894 4.39306 157.65
      vertex -1.20998 -4.5157 157.65
      vertex -1.20998 4.5157 157.65
    endloop
  endfacet
  facet normal 0 0 1
    outer loop
      vertex -1.59894 4.39306 157.65
      vertex -1.59894 -4.39306 157.65
      vertex -1.20998 -4.5157 157.65
    endloop
  endfacet
  facet normal -0 0 1
    outer loop
      vertex -1.97574 4.23699 157.65
      vertex -1.59894 -4.39306 157.65
      vertex -1.59894 4.39306 157.65
    endloop
  endfacet
  facet normal 0 0 1
    outer loop
      vertex -1.97574 4.23699 157.65
      vertex -1.97574 -4.23699 157.65
      vertex -1.59894 -4.39306 157.65
    endloop
  endfacet
  facet normal -0 0 1
    outer loop
      vertex -2.3375 4.04867 157.65
      vertex -1.97574 -4.23699 157.65
      vertex -1.97574 4.23699 157.65
    endloop
  endfacet
  facet normal 0 0 1
    outer loop
      vertex -2.3375 4.04867 157.65
      vertex -2.3375 -4.04867 157.65
      vertex -1.97574 -4.23699 157.65
    endloop
  endfacet
  facet normal -0 0 1
    outer loop
      vertex -2.68147 3.82954 157.65
      vertex -2.3375 -4.04867 157.65
      vertex -2.3375 4.04867 157.65
    endloop
  endfacet
  facet normal 0 0 1
    outer loop
      vertex -2.68147 3.82954 157.65
      vertex -2.68147 -3.82954 157.65
      vertex -2.3375 -4.04867 157.65
    endloop
  endfacet
  facet normal -0 0 1
    outer loop
      vertex -3.00503 3.58126 157.65
      vertex -2.68147 -3.82954 157.65
      vertex -2.68147 3.82954 157.65
    endloop
  endfacet
  facet normal 0 0 1
    outer loop
      vertex -3.00503 3.58126 157.65
      vertex -3.00503 -3.58126 157.65
      vertex -2.68147 -3.82954 157.65
    endloop
  endfacet
  facet normal -0 0 1
    outer loop
      vertex -3.30572 3.30572 157.65
      vertex -3.00503 -3.58126 157.65
      vertex -3.00503 3.58126 157.65
    endloop
  endfacet
  facet normal 0 0 1
    outer loop
      vertex -3.30572 3.30572 157.65
      vertex -3.30572 -3.30572 157.65
      vertex -3.00503 -3.58126 157.65
    endloop
  endfacet
  facet normal -0 0 1
    outer loop
      vertex -3.58126 3.00503 157.65
      vertex -3.30572 -3.30572 157.65
      vertex -3.30572 3.30572 157.65
    endloop
  endfacet
  facet normal 0 0 1
    outer loop
      vertex -3.58126 3.00503 157.65
      vertex -3.58126 -3.00503 157.65
      vertex -3.30572 -3.30572 157.65
    endloop
  endfacet
  facet normal -0 0 1
    outer loop
      vertex -3.82954 2.68147 157.65
      vertex -3.58126 -3.00503 157.65
      vertex -3.58126 3.00503 157.65
    endloop
  endfacet
  facet normal 0 0 1
    outer loop
      vertex -3.82954 2.68147 157.65
      vertex -3.82954 -2.68147 157.65
      vertex -3.58126 -3.00503 157.65
    endloop
  endfacet
  facet normal -0 0 1
    outer loop
      vertex -4.04867 2.3375 157.65
      vertex -3.82954 -2.68147 157.65
      vertex -3.82954 2.68147 157.65
    endloop
  endfacet
  facet normal 0 0 1
    outer loop
      vertex -4.04867 2.3375 157.65
      vertex -4.04867 -2.3375 157.65
      vertex -3.82954 -2.68147 157.65
    endloop
  endfacet
  facet normal -0 0 1
    outer loop
      vertex -4.23699 1.97574 157.65
      vertex -4.04867 -2.3375 157.65
      vertex -4.04867 2.3375 157.65
    endloop
  endfacet
  facet normal 0 0 1
    outer loop
      vertex -4.23699 1.97574 157.65
      vertex -4.23699 -1.97574 157.65
      vertex -4.04867 -2.3375 157.65
    endloop
  endfacet
  facet normal -0 0 1
    outer loop
      vertex -4.39306 1.59894 157.65
      vertex -4.23699 -1.97574 157.65
      vertex -4.23699 1.97574 157.65
    endloop
  endfacet
  facet normal 0 0 1
    outer loop
      vertex -4.39306 1.59894 157.65
      vertex -4.39306 -1.59894 157.65
      vertex -4.23699 -1.97574 157.65
    endloop
  endfacet
  facet normal -0 0 1
    outer loop
      vertex -4.5157 1.20998 157.65
      vertex -4.39306 -1.59894 157.65
      vertex -4.39306 1.59894 157.65
    endloop
  endfacet
  facet normal 0 0 1
    outer loop
      vertex -4.5157 1.20998 157.65
      vertex -4.5157 -1.20998 157.65
      vertex -4.39306 -1.59894 157.65
    endloop
  endfacet
  facet normal -0 0 1
    outer loop
      vertex -4.60398 0.811805 157.65
      vertex -4.5157 -1.20998 157.65
      vertex -4.5157 1.20998 157.65
    endloop
  endfacet
  facet normal 0 0 1
    outer loop
      vertex -4.60398 0.811805 157.65
      vertex -4.60398 -0.811805 157.65
      vertex -4.5157 -1.20998 157.65
    endloop
  endfacet
  facet normal -0 0 1
    outer loop
      vertex -4.65721 0.407453 157.65
      vertex -4.60398 -0.811805 157.65
      vertex -4.60398 0.811805 157.65
    endloop
  endfacet
  facet normal 0 0 1
    outer loop
      vertex -4.65721 0.407453 157.65
      vertex -4.65721 -0.407453 157.65
      vertex -4.60398 -0.811805 157.65
    endloop
  endfacet
  facet normal 0 -0 1
    outer loop
      vertex -4.65721 -0.407453 157.65
      vertex -4.65721 0.407453 157.65
      vertex -4.675 0 157.65
    endloop
  endfacet
  facet normal 0.923884 -0.382672 0
    outer loop
      vertex -4.39306 1.59894 172
      vertex -4.23699 1.97574 157.65
      vertex -4.23699 1.97574 172
    endloop
  endfacet
  facet normal 0.923884 -0.382672 0
    outer loop
      vertex -4.23699 1.97574 157.65
      vertex -4.39306 1.59894 172
      vertex -4.39306 1.59894 157.65
    endloop
  endfacet
  facet normal 0.461748 0.887011 -0
    outer loop
      vertex -1.97574 -4.23699 157.65
      vertex -2.3375 -4.04867 172
      vertex -1.97574 -4.23699 172
    endloop
  endfacet
  facet normal 0.461748 0.887011 0
    outer loop
      vertex -2.3375 -4.04867 172
      vertex -1.97574 -4.23699 157.65
      vertex -2.3375 -4.04867 157.65
    endloop
  endfacet
  facet normal -0.0335164 -0.767789 -0.639825
    outer loop
      vertex 0 6.5 2.95
      vertex 0.226605 7.99011 1.15
      vertex 0.566512 6.47527 2.95
    endloop
  endfacet
  facet normal -0.0335096 -0.76779 -0.639825
    outer loop
      vertex 0.226605 7.99011 1.15
      vertex 0 6.5 2.95
      vertex 0 8 1.15
    endloop
  endfacet
  facet normal -0.681688 -0.354855 -0.639827
    outer loop
      vertex 7.25046 3.38095 1.15
      vertex 5.62916 3.25 2.95
      vertex 7.14573 3.58214 1.15
    endloop
  endfacet
  facet normal -0.681684 -0.354869 -0.639824
    outer loop
      vertex 5.62916 3.25 2.95
      vertex 7.25046 3.38095 1.15
      vertex 5.891 2.74702 2.95
    endloop
  endfacet
  facet normal 0.71002 0.294103 -0.639825
    outer loop
      vertex -6.108 -2.22313 2.95
      vertex -7.33726 -3.17139 1.15
      vertex -7.51754 -2.73616 1.15
    endloop
  endfacet
  facet normal -0.76779 -0.0335096 -0.639825
    outer loop
      vertex 6.5 0 2.95
      vertex 7.99011 0.226605 1.15
      vertex 8 0 1.15
    endloop
  endfacet
  facet normal -0.767789 -0.0335164 -0.639825
    outer loop
      vertex 7.99011 0.226605 1.15
      vertex 6.5 0 2.95
      vertex 6.47527 0.566512 2.95
    endloop
  endfacet
  facet normal -0.76779 -0.0335247 -0.639824
    outer loop
      vertex 7.96956 0.697245 1.15
      vertex 7.99011 0.226605 1.15
      vertex 6.47527 0.566512 2.95
    endloop
  endfacet
  facet normal 0.354871 0.681682 -0.639825
    outer loop
      vertex -3.25 -5.62916 2.95
      vertex -3.58214 -7.14573 1.15
      vertex -4 -6.9282 1.15
    endloop
  endfacet
  facet normal -0.412921 -0.648168 -0.639824
    outer loop
      vertex 4.58861 6.55322 1.15
      vertex 3.72825 5.32449 2.95
      vertex 4.1913 6.80633 1.15
    endloop
  endfacet
  facet normal -0.166335 -0.750305 -0.639824
    outer loop
      vertex 1.38918 7.87846 1.15
      vertex 1.68232 6.27852 2.95
      vertex 1.12871 6.40125 2.95
    endloop
  endfacet
  facet normal -0.166324 -0.750306 -0.639826
    outer loop
      vertex 1.68232 6.27852 2.95
      vertex 1.38918 7.87846 1.15
      vertex 1.61063 7.82937 1.15
    endloop
  endfacet
  facet normal 0.412917 0.648169 -0.639825
    outer loop
      vertex -4 -6.9282 1.15
      vertex -3.72825 -5.32449 2.95
      vertex -3.25 -5.62916 2.95
    endloop
  endfacet
  facet normal 0.412923 0.648167 -0.639824
    outer loop
      vertex -3.72825 -5.32449 2.95
      vertex -4 -6.9282 1.15
      vertex -4.1913 -6.80633 1.15
    endloop
  endfacet
  facet normal 0.767789 -0.0335164 -0.639825
    outer loop
      vertex -6.5 0 2.95
      vertex -7.99011 0.226605 1.15
      vertex -6.47527 0.566512 2.95
    endloop
  endfacet
  facet normal 0.76779 -0.0335096 -0.639825
    outer loop
      vertex -7.99011 0.226605 1.15
      vertex -6.5 0 2.95
      vertex -8 0 1.15
    endloop
  endfacet
  facet normal 0.412923 -0.648167 -0.639824
    outer loop
      vertex -4 6.9282 1.15
      vertex -3.72825 5.32449 2.95
      vertex -4.1913 6.80633 1.15
    endloop
  endfacet
  facet normal 0.412917 -0.648169 -0.639825
    outer loop
      vertex -3.72825 5.32449 2.95
      vertex -4 6.9282 1.15
      vertex -3.25 5.62916 2.95
    endloop
  endfacet
  facet normal 0.519212 -0.566606 -0.639825
    outer loop
      vertex -5.30953 5.97512 1.15
      vertex -4.17812 4.97929 2.95
      vertex -4.59619 4.59619 2.95
    endloop
  endfacet
  facet normal 0.519209 -0.56661 -0.639825
    outer loop
      vertex -4.17812 4.97929 2.95
      vertex -5.30953 5.97512 1.15
      vertex -5.1423 6.12836 1.15
    endloop
  endfacet
  facet normal -0.609702 0.467856 -0.639824
    outer loop
      vertex 6.55322 -4.58861 1.15
      vertex 6.26643 -4.96235 1.15
      vertex 5.32449 -3.72825 2.95
    endloop
  endfacet
  facet normal 0.76942 0 -0.638743
    outer loop
      vertex -6.47527 -0.566512 2.95
      vertex -7.96956 -0.697246 1.15
      vertex -7.96956 -0.697245 1.15
    endloop
  endfacet
  facet normal 0.761946 0.100314 -0.639824
    outer loop
      vertex -7.96956 -0.697246 1.15
      vertex -6.47527 -0.566512 2.95
      vertex -7.90807 -1.1643 1.15
    endloop
  endfacet
  facet normal -0.609708 -0.467849 -0.639823
    outer loop
      vertex 4.97929 4.17812 2.95
      vertex 6.26643 4.96235 1.15
      vertex 5.32449 3.72825 2.95
    endloop
  endfacet
  facet normal -0.609726 -0.467824 -0.639824
    outer loop
      vertex 6.26643 4.96235 1.15
      vertex 4.97929 4.17812 2.95
      vertex 6.12836 5.1423 1.15
    endloop
  endfacet
  facet normal 0.681684 0.354869 -0.639824
    outer loop
      vertex -5.62916 -3.25 2.95
      vertex -7.25046 -3.38095 1.15
      vertex -5.891 -2.74702 2.95
    endloop
  endfacet
  facet normal 0.681688 0.354855 -0.639827
    outer loop
      vertex -7.25046 -3.38095 1.15
      vertex -5.62916 -3.25 2.95
      vertex -7.14573 -3.58214 1.15
    endloop
  endfacet
  facet normal -0.294103 -0.71002 -0.639825
    outer loop
      vertex 2.73616 7.51754 1.15
      vertex 3.17139 7.33726 1.15
      vertex 2.22313 6.108 2.95
    endloop
  endfacet
  facet normal 0.519214 -0.566605 -0.639825
    outer loop
      vertex -5.30953 5.97512 1.15
      vertex -4.59619 4.59619 2.95
      vertex -5.65685 5.65685 1.15
    endloop
  endfacet
  facet normal 0.294093 -0.710024 -0.639824
    outer loop
      vertex -3.17139 7.33726 1.15
      vertex -2.74702 5.891 2.95
      vertex -3.38095 7.25046 1.15
    endloop
  endfacet
  facet normal 0.294098 -0.710022 -0.639824
    outer loop
      vertex -2.74702 5.891 2.95
      vertex -3.17139 7.33726 1.15
      vertex -2.22313 6.108 2.95
    endloop
  endfacet
  facet normal -0.0335164 0.767789 -0.639825
    outer loop
      vertex 0.226605 -7.99011 1.15
      vertex 0 -6.5 2.95
      vertex 0.566512 -6.47527 2.95
    endloop
  endfacet
  facet normal -0.0335096 0.76779 -0.639825
    outer loop
      vertex 0 -6.5 2.95
      vertex 0.226605 -7.99011 1.15
      vertex 0 -8 1.15
    endloop
  endfacet
  facet normal -0.56661 -0.519209 -0.639825
    outer loop
      vertex 4.97929 4.17812 2.95
      vertex 5.97512 5.30953 1.15
      vertex 6.12836 5.1423 1.15
    endloop
  endfacet
  facet normal -0.566606 -0.519212 -0.639825
    outer loop
      vertex 5.97512 5.30953 1.15
      vertex 4.97929 4.17812 2.95
      vertex 4.59619 4.59619 2.95
    endloop
  endfacet
  facet normal -0.231113 0.732947 -0.639825
    outer loop
      vertex 2.51984 -7.58575 1.15
      vertex 2.22313 -6.108 2.95
      vertex 2.73616 -7.51754 1.15
    endloop
  endfacet
  facet normal -0.231102 0.732949 -0.639826
    outer loop
      vertex 2.22313 -6.108 2.95
      vertex 2.51984 -7.58575 1.15
      vertex 1.68232 -6.27852 2.95
    endloop
  endfacet
  facet normal 0.566606 -0.519212 -0.639825
    outer loop
      vertex -4.97929 4.17812 2.95
      vertex -5.97512 5.30953 1.15
      vertex -4.59619 4.59619 2.95
    endloop
  endfacet
  facet normal 0.56661 -0.519209 -0.639825
    outer loop
      vertex -4.97929 4.17812 2.95
      vertex -6.12836 5.1423 1.15
      vertex -5.97512 5.30953 1.15
    endloop
  endfacet
  facet normal -0.412917 -0.648169 -0.639825
    outer loop
      vertex 4 6.9282 1.15
      vertex 3.72825 5.32449 2.95
      vertex 3.25 5.62916 2.95
    endloop
  endfacet
  facet normal -0.412923 -0.648167 -0.639824
    outer loop
      vertex 3.72825 5.32449 2.95
      vertex 4 6.9282 1.15
      vertex 4.1913 6.80633 1.15
    endloop
  endfacet
  facet normal 0.0335247 -0.76779 -0.639824
    outer loop
      vertex -0.226605 7.99011 1.15
      vertex -0.566512 6.47527 2.95
      vertex -0.697245 7.96956 1.15
    endloop
  endfacet
  facet normal 0.294103 0.71002 -0.639825
    outer loop
      vertex -2.22313 -6.108 2.95
      vertex -2.73616 -7.51754 1.15
      vertex -3.17139 -7.33726 1.15
    endloop
  endfacet
  facet normal -0.648169 0.412917 -0.639825
    outer loop
      vertex 6.9282 -4 1.15
      vertex 5.32449 -3.72825 2.95
      vertex 5.62916 -3.25 2.95
    endloop
  endfacet
  facet normal -0.648167 0.412923 -0.639824
    outer loop
      vertex 5.32449 -3.72825 2.95
      vertex 6.9282 -4 1.15
      vertex 6.80633 -4.1913 1.15
    endloop
  endfacet
  facet normal 0.750304 0.166336 -0.639825
    outer loop
      vertex -6.27852 -1.68232 2.95
      vertex -7.72741 -2.07055 1.15
      vertex -7.82937 -1.61063 1.15
    endloop
  endfacet
  facet normal -0.566605 0.519214 -0.639825
    outer loop
      vertex 5.97512 -5.30953 1.15
      vertex 5.65685 -5.65685 1.15
      vertex 4.59619 -4.59619 2.95
    endloop
  endfacet
  facet normal 0.0335247 0.76779 -0.639824
    outer loop
      vertex -0.566512 -6.47527 2.95
      vertex -0.226605 -7.99011 1.15
      vertex -0.697245 -7.96956 1.15
    endloop
  endfacet
  facet normal -0 -0.76942 -0.638743
    outer loop
      vertex 0.697246 7.96956 1.15
      vertex 0.566512 6.47527 2.95
      vertex 0.697245 7.96956 1.15
    endloop
  endfacet
  facet normal -0.100314 -0.761946 -0.639824
    outer loop
      vertex 0.566512 6.47527 2.95
      vertex 0.697246 7.96956 1.15
      vertex 1.1643 7.90807 1.15
    endloop
  endfacet
  facet normal 0.166336 0.750304 -0.639825
    outer loop
      vertex -1.68232 -6.27852 2.95
      vertex -1.61063 -7.82937 1.15
      vertex -2.07055 -7.72741 1.15
    endloop
  endfacet
  facet normal 0.648167 -0.412923 -0.639824
    outer loop
      vertex -5.32449 3.72825 2.95
      vertex -6.9282 4 1.15
      vertex -6.80633 4.1913 1.15
    endloop
  endfacet
  facet normal 0.648169 -0.412917 -0.639825
    outer loop
      vertex -6.9282 4 1.15
      vertex -5.32449 3.72825 2.95
      vertex -5.62916 3.25 2.95
    endloop
  endfacet
  facet normal 0.71002 -0.294103 -0.639825
    outer loop
      vertex -7.33726 3.17139 1.15
      vertex -6.108 2.22313 2.95
      vertex -7.51754 2.73616 1.15
    endloop
  endfacet
  facet normal -0.761946 -0.100314 -0.639824
    outer loop
      vertex 7.96956 0.697246 1.15
      vertex 6.47527 0.566512 2.95
      vertex 7.90807 1.1643 1.15
    endloop
  endfacet
  facet normal -0.76942 0 -0.638743
    outer loop
      vertex 6.47527 0.566512 2.95
      vertex 7.96956 0.697246 1.15
      vertex 7.96956 0.697245 1.15
    endloop
  endfacet
  facet normal 0.566605 0.519214 -0.639825
    outer loop
      vertex -4.59619 -4.59619 2.95
      vertex -5.65685 -5.65685 1.15
      vertex -5.97512 -5.30953 1.15
    endloop
  endfacet
  facet normal -0.519209 0.56661 -0.639825
    outer loop
      vertex 4.17812 -4.97929 2.95
      vertex 5.30953 -5.97512 1.15
      vertex 5.1423 -6.12836 1.15
    endloop
  endfacet
  facet normal -0.519212 0.566606 -0.639825
    outer loop
      vertex 5.30953 -5.97512 1.15
      vertex 4.17812 -4.97929 2.95
      vertex 4.59619 -4.59619 2.95
    endloop
  endfacet
  facet normal -0.761945 0.100319 -0.639825
    outer loop
      vertex 7.90807 -1.1643 1.15
      vertex 6.40125 -1.12871 2.95
      vertex 6.47527 -0.566512 2.95
    endloop
  endfacet
  facet normal -0.761945 0.100325 -0.639824
    outer loop
      vertex 6.40125 -1.12871 2.95
      vertex 7.90807 -1.1643 1.15
      vertex 7.87846 -1.38918 1.15
    endloop
  endfacet
  facet normal -0.681682 0.354871 -0.639825
    outer loop
      vertex 7.14573 -3.58214 1.15
      vertex 6.9282 -4 1.15
      vertex 5.62916 -3.25 2.95
    endloop
  endfacet
  facet normal 0.294098 0.710022 -0.639824
    outer loop
      vertex -3.17139 -7.33726 1.15
      vertex -2.74702 -5.891 2.95
      vertex -2.22313 -6.108 2.95
    endloop
  endfacet
  facet normal 0.294093 0.710024 -0.639824
    outer loop
      vertex -3.38095 -7.25046 1.15
      vertex -2.74702 -5.891 2.95
      vertex -3.17139 -7.33726 1.15
    endloop
  endfacet
  facet normal -0.519212 -0.566606 -0.639825
    outer loop
      vertex 4.17812 4.97929 2.95
      vertex 5.30953 5.97512 1.15
      vertex 4.59619 4.59619 2.95
    endloop
  endfacet
  facet normal -0.519209 -0.56661 -0.639825
    outer loop
      vertex 5.30953 5.97512 1.15
      vertex 4.17812 4.97929 2.95
      vertex 5.1423 6.12836 1.15
    endloop
  endfacet
  facet normal -0.648168 0.412921 -0.639824
    outer loop
      vertex 6.55322 -4.58861 1.15
      vertex 5.32449 -3.72825 2.95
      vertex 6.80633 -4.1913 1.15
    endloop
  endfacet
  facet normal -0.0335247 0.76779 -0.639824
    outer loop
      vertex 0.566512 -6.47527 2.95
      vertex 0.697245 -7.96956 1.15
      vertex 0.226605 -7.99011 1.15
    endloop
  endfacet
  facet normal -0.294103 0.71002 -0.639825
    outer loop
      vertex 3.17139 -7.33726 1.15
      vertex 2.73616 -7.51754 1.15
      vertex 2.22313 -6.108 2.95
    endloop
  endfacet
  facet normal -0.732947 -0.231113 -0.639825
    outer loop
      vertex 7.58575 2.51984 1.15
      vertex 6.108 2.22313 2.95
      vertex 7.51754 2.73616 1.15
    endloop
  endfacet
  facet normal -0.732949 -0.231102 -0.639826
    outer loop
      vertex 6.108 2.22313 2.95
      vertex 7.58575 2.51984 1.15
      vertex 6.27852 1.68232 2.95
    endloop
  endfacet
  facet normal 0.710022 0.294098 -0.639824
    outer loop
      vertex -5.891 -2.74702 2.95
      vertex -7.33726 -3.17139 1.15
      vertex -6.108 -2.22313 2.95
    endloop
  endfacet
  facet normal 0.710024 0.294093 -0.639824
    outer loop
      vertex -5.891 -2.74702 2.95
      vertex -7.25046 -3.38095 1.15
      vertex -7.33726 -3.17139 1.15
    endloop
  endfacet
  facet normal -0.519214 -0.566605 -0.639825
    outer loop
      vertex 5.30953 5.97512 1.15
      vertex 5.65685 5.65685 1.15
      vertex 4.59619 4.59619 2.95
    endloop
  endfacet
  facet normal -0.566605 -0.519214 -0.639825
    outer loop
      vertex 5.65685 5.65685 1.15
      vertex 5.97512 5.30953 1.15
      vertex 4.59619 4.59619 2.95
    endloop
  endfacet
  facet normal 0.609726 0.467824 -0.639824
    outer loop
      vertex -6.26643 -4.96235 1.15
      vertex -4.97929 -4.17812 2.95
      vertex -6.12836 -5.1423 1.15
    endloop
  endfacet
  facet normal 0.609708 0.467849 -0.639823
    outer loop
      vertex -4.97929 -4.17812 2.95
      vertex -6.26643 -4.96235 1.15
      vertex -5.32449 -3.72825 2.95
    endloop
  endfacet
  facet normal -0.467824 -0.609726 -0.639824
    outer loop
      vertex 4.17812 4.97929 2.95
      vertex 4.96235 6.26643 1.15
      vertex 5.1423 6.12836 1.15
    endloop
  endfacet
  facet normal -0.467849 -0.609708 -0.639823
    outer loop
      vertex 4.96235 6.26643 1.15
      vertex 4.17812 4.97929 2.95
      vertex 3.72825 5.32449 2.95
    endloop
  endfacet
  facet normal -0.710024 -0.294093 -0.639824
    outer loop
      vertex 5.891 2.74702 2.95
      vertex 7.25046 3.38095 1.15
      vertex 7.33726 3.17139 1.15
    endloop
  endfacet
  facet normal -0.710022 -0.294098 -0.639824
    outer loop
      vertex 5.891 2.74702 2.95
      vertex 7.33726 3.17139 1.15
      vertex 6.108 2.22313 2.95
    endloop
  endfacet
  facet normal -0.750306 -0.166324 -0.639826
    outer loop
      vertex 7.87846 1.38918 1.15
      vertex 6.27852 1.68232 2.95
      vertex 7.82937 1.61063 1.15
    endloop
  endfacet
  facet normal -0.750305 -0.166335 -0.639824
    outer loop
      vertex 7.87846 1.38918 1.15
      vertex 6.40125 1.12871 2.95
      vertex 6.27852 1.68232 2.95
    endloop
  endfacet
  facet normal -0.354869 -0.681684 -0.639824
    outer loop
      vertex 3.38095 7.25046 1.15
      vertex 3.25 5.62916 2.95
      vertex 2.74702 5.891 2.95
    endloop
  endfacet
  facet normal -0.354855 -0.681688 -0.639827
    outer loop
      vertex 3.25 5.62916 2.95
      vertex 3.38095 7.25046 1.15
      vertex 3.58214 7.14573 1.15
    endloop
  endfacet
  facet normal 0.732951 0.231098 -0.639825
    outer loop
      vertex -6.27852 -1.68232 2.95
      vertex -7.58575 -2.51984 1.15
      vertex -7.72741 -2.07055 1.15
    endloop
  endfacet
  facet normal -0.294093 0.710024 -0.639824
    outer loop
      vertex 3.17139 -7.33726 1.15
      vertex 2.74702 -5.891 2.95
      vertex 3.38095 -7.25046 1.15
    endloop
  endfacet
  facet normal -0.294098 0.710022 -0.639824
    outer loop
      vertex 2.74702 -5.891 2.95
      vertex 3.17139 -7.33726 1.15
      vertex 2.22313 -6.108 2.95
    endloop
  endfacet
  facet normal 0.467856 0.609702 -0.639824
    outer loop
      vertex -3.72825 -5.32449 2.95
      vertex -4.58861 -6.55322 1.15
      vertex -4.96235 -6.26643 1.15
    endloop
  endfacet
  facet normal 0.566605 -0.519214 -0.639825
    outer loop
      vertex -5.65685 5.65685 1.15
      vertex -4.59619 4.59619 2.95
      vertex -5.97512 5.30953 1.15
    endloop
  endfacet
  facet normal 0.519209 0.56661 -0.639825
    outer loop
      vertex -5.30953 -5.97512 1.15
      vertex -4.17812 -4.97929 2.95
      vertex -5.1423 -6.12836 1.15
    endloop
  endfacet
  facet normal 0.519212 0.566606 -0.639825
    outer loop
      vertex -4.17812 -4.97929 2.95
      vertex -5.30953 -5.97512 1.15
      vertex -4.59619 -4.59619 2.95
    endloop
  endfacet
  facet normal -0.750306 0.166324 -0.639826
    outer loop
      vertex 6.27852 -1.68232 2.95
      vertex 7.87846 -1.38918 1.15
      vertex 7.82937 -1.61063 1.15
    endloop
  endfacet
  facet normal -0.750305 0.166335 -0.639824
    outer loop
      vertex 7.87846 -1.38918 1.15
      vertex 6.27852 -1.68232 2.95
      vertex 6.40125 -1.12871 2.95
    endloop
  endfacet
  facet normal 0.681688 -0.354855 -0.639827
    outer loop
      vertex -5.62916 3.25 2.95
      vertex -7.25046 3.38095 1.15
      vertex -7.14573 3.58214 1.15
    endloop
  endfacet
  facet normal 0.681684 -0.354869 -0.639824
    outer loop
      vertex -7.25046 3.38095 1.15
      vertex -5.62916 3.25 2.95
      vertex -5.891 2.74702 2.95
    endloop
  endfacet
  facet normal -0.100319 -0.761945 -0.639825
    outer loop
      vertex 1.1643 7.90807 1.15
      vertex 1.12871 6.40125 2.95
      vertex 0.566512 6.47527 2.95
    endloop
  endfacet
  facet normal -0.100325 -0.761945 -0.639824
    outer loop
      vertex 1.12871 6.40125 2.95
      vertex 1.1643 7.90807 1.15
      vertex 1.38918 7.87846 1.15
    endloop
  endfacet
  facet normal 0.100319 0.761945 -0.639825
    outer loop
      vertex -1.1643 -7.90807 1.15
      vertex -1.12871 -6.40125 2.95
      vertex -0.566512 -6.47527 2.95
    endloop
  endfacet
  facet normal 0.100325 0.761945 -0.639824
    outer loop
      vertex -1.12871 -6.40125 2.95
      vertex -1.1643 -7.90807 1.15
      vertex -1.38918 -7.87846 1.15
    endloop
  endfacet
  facet normal 0.76942 0 -0.638743
    outer loop
      vertex -7.96956 0.697246 1.15
      vertex -6.47527 0.566512 2.95
      vertex -7.96956 0.697245 1.15
    endloop
  endfacet
  facet normal 0.761946 -0.100314 -0.639824
    outer loop
      vertex -6.47527 0.566512 2.95
      vertex -7.96956 0.697246 1.15
      vertex -7.90807 1.1643 1.15
    endloop
  endfacet
  facet normal -0.519214 0.566605 -0.639825
    outer loop
      vertex 5.65685 -5.65685 1.15
      vertex 5.30953 -5.97512 1.15
      vertex 4.59619 -4.59619 2.95
    endloop
  endfacet
  facet normal 0.354869 0.681684 -0.639824
    outer loop
      vertex -3.38095 -7.25046 1.15
      vertex -3.25 -5.62916 2.95
      vertex -2.74702 -5.891 2.95
    endloop
  endfacet
  facet normal 0.354855 0.681688 -0.639827
    outer loop
      vertex -3.25 -5.62916 2.95
      vertex -3.38095 -7.25046 1.15
      vertex -3.58214 -7.14573 1.15
    endloop
  endfacet
  facet normal 0.609702 -0.467856 -0.639824
    outer loop
      vertex -6.26643 4.96235 1.15
      vertex -5.32449 3.72825 2.95
      vertex -6.55322 4.58861 1.15
    endloop
  endfacet
  facet normal -0.76942 0 -0.638743
    outer loop
      vertex 7.96956 -0.697246 1.15
      vertex 6.47527 -0.566512 2.95
      vertex 7.96956 -0.697245 1.15
    endloop
  endfacet
  facet normal -0.761946 0.100314 -0.639824
    outer loop
      vertex 6.47527 -0.566512 2.95
      vertex 7.96956 -0.697246 1.15
      vertex 7.90807 -1.1643 1.15
    endloop
  endfacet
  facet normal -0.76779 0.0335247 -0.639824
    outer loop
      vertex 7.99011 -0.226605 1.15
      vertex 7.96956 -0.697245 1.15
      vertex 6.47527 -0.566512 2.95
    endloop
  endfacet
  facet normal 0.231113 -0.732947 -0.639825
    outer loop
      vertex -2.51984 7.58575 1.15
      vertex -2.22313 6.108 2.95
      vertex -2.73616 7.51754 1.15
    endloop
  endfacet
  facet normal 0.231102 -0.732949 -0.639826
    outer loop
      vertex -2.22313 6.108 2.95
      vertex -2.51984 7.58575 1.15
      vertex -1.68232 6.27852 2.95
    endloop
  endfacet
  facet normal -0.412921 0.648168 -0.639824
    outer loop
      vertex 3.72825 -5.32449 2.95
      vertex 4.58861 -6.55322 1.15
      vertex 4.1913 -6.80633 1.15
    endloop
  endfacet
  facet normal -0.231098 0.732951 -0.639825
    outer loop
      vertex 2.51984 -7.58575 1.15
      vertex 2.07055 -7.72741 1.15
      vertex 1.68232 -6.27852 2.95
    endloop
  endfacet
  facet normal 0.681682 -0.354871 -0.639825
    outer loop
      vertex -6.9282 4 1.15
      vertex -5.62916 3.25 2.95
      vertex -7.14573 3.58214 1.15
    endloop
  endfacet
  facet normal -0.0335247 -0.76779 -0.639824
    outer loop
      vertex 0.697245 7.96956 1.15
      vertex 0.566512 6.47527 2.95
      vertex 0.226605 7.99011 1.15
    endloop
  endfacet
  facet normal 0.732947 -0.231113 -0.639825
    outer loop
      vertex -6.108 2.22313 2.95
      vertex -7.58575 2.51984 1.15
      vertex -7.51754 2.73616 1.15
    endloop
  endfacet
  facet normal 0.732949 -0.231102 -0.639826
    outer loop
      vertex -7.58575 2.51984 1.15
      vertex -6.108 2.22313 2.95
      vertex -6.27852 1.68232 2.95
    endloop
  endfacet
  facet normal -0.76779 0.0335096 -0.639825
    outer loop
      vertex 7.99011 -0.226605 1.15
      vertex 6.5 0 2.95
      vertex 8 0 1.15
    endloop
  endfacet
  facet normal -0.767789 0.0335164 -0.639825
    outer loop
      vertex 6.5 0 2.95
      vertex 7.99011 -0.226605 1.15
      vertex 6.47527 -0.566512 2.95
    endloop
  endfacet
  facet normal 0.412921 0.648168 -0.639824
    outer loop
      vertex -4.58861 -6.55322 1.15
      vertex -3.72825 -5.32449 2.95
      vertex -4.1913 -6.80633 1.15
    endloop
  endfacet
  facet normal -0.354871 -0.681682 -0.639825
    outer loop
      vertex 3.58214 7.14573 1.15
      vertex 4 6.9282 1.15
      vertex 3.25 5.62916 2.95
    endloop
  endfacet
  facet normal 0.761945 0.100319 -0.639825
    outer loop
      vertex -6.40125 -1.12871 2.95
      vertex -7.90807 -1.1643 1.15
      vertex -6.47527 -0.566512 2.95
    endloop
  endfacet
  facet normal 0.761945 0.100325 -0.639824
    outer loop
      vertex -7.90807 -1.1643 1.15
      vertex -6.40125 -1.12871 2.95
      vertex -7.87846 -1.38918 1.15
    endloop
  endfacet
  facet normal 0.0335164 0.767789 -0.639825
    outer loop
      vertex 0 -6.5 2.95
      vertex -0.226605 -7.99011 1.15
      vertex -0.566512 -6.47527 2.95
    endloop
  endfacet
  facet normal 0.0335096 0.76779 -0.639825
    outer loop
      vertex -0.226605 -7.99011 1.15
      vertex 0 -6.5 2.95
      vertex 0 -8 1.15
    endloop
  endfacet
  facet normal -0.609702 -0.467856 -0.639824
    outer loop
      vertex 6.26643 4.96235 1.15
      vertex 6.55322 4.58861 1.15
      vertex 5.32449 3.72825 2.95
    endloop
  endfacet
  facet normal -0.648168 -0.412921 -0.639824
    outer loop
      vertex 5.32449 3.72825 2.95
      vertex 6.55322 4.58861 1.15
      vertex 6.80633 4.1913 1.15
    endloop
  endfacet
  facet normal 0 0.76942 -0.638743
    outer loop
      vertex -0.697246 -7.96956 1.15
      vertex -0.566512 -6.47527 2.95
      vertex -0.697245 -7.96956 1.15
    endloop
  endfacet
  facet normal 0.100314 0.761946 -0.639824
    outer loop
      vertex -0.566512 -6.47527 2.95
      vertex -0.697246 -7.96956 1.15
      vertex -1.1643 -7.90807 1.15
    endloop
  endfacet
  facet normal -0.732951 0.231098 -0.639825
    outer loop
      vertex 7.72741 -2.07055 1.15
      vertex 7.58575 -2.51984 1.15
      vertex 6.27852 -1.68232 2.95
    endloop
  endfacet
  facet normal 0.0335164 -0.767789 -0.639825
    outer loop
      vertex -0.226605 7.99011 1.15
      vertex 0 6.5 2.95
      vertex -0.566512 6.47527 2.95
    endloop
  endfacet
  facet normal 0.0335096 -0.76779 -0.639825
    outer loop
      vertex 0 6.5 2.95
      vertex -0.226605 7.99011 1.15
      vertex 0 8 1.15
    endloop
  endfacet
  facet normal 0.100319 -0.761945 -0.639825
    outer loop
      vertex -1.12871 6.40125 2.95
      vertex -1.1643 7.90807 1.15
      vertex -0.566512 6.47527 2.95
    endloop
  endfacet
  facet normal 0.100325 -0.761945 -0.639824
    outer loop
      vertex -1.1643 7.90807 1.15
      vertex -1.12871 6.40125 2.95
      vertex -1.38918 7.87846 1.15
    endloop
  endfacet
  facet normal -0.71002 -0.294103 -0.639825
    outer loop
      vertex 7.33726 3.17139 1.15
      vertex 7.51754 2.73616 1.15
      vertex 6.108 2.22313 2.95
    endloop
  endfacet
  facet normal -0.681682 -0.354871 -0.639825
    outer loop
      vertex 6.9282 4 1.15
      vertex 7.14573 3.58214 1.15
      vertex 5.62916 3.25 2.95
    endloop
  endfacet
  facet normal -0.648167 -0.412923 -0.639824
    outer loop
      vertex 6.9282 4 1.15
      vertex 5.32449 3.72825 2.95
      vertex 6.80633 4.1913 1.15
    endloop
  endfacet
  facet normal -0.648169 -0.412917 -0.639825
    outer loop
      vertex 5.32449 3.72825 2.95
      vertex 6.9282 4 1.15
      vertex 5.62916 3.25 2.95
    endloop
  endfacet
  facet normal -0.732951 -0.231098 -0.639825
    outer loop
      vertex 7.58575 2.51984 1.15
      vertex 7.72741 2.07055 1.15
      vertex 6.27852 1.68232 2.95
    endloop
  endfacet
  facet normal -0.750304 -0.166336 -0.639825
    outer loop
      vertex 7.72741 2.07055 1.15
      vertex 7.82937 1.61063 1.15
      vertex 6.27852 1.68232 2.95
    endloop
  endfacet
  facet normal -0.761945 -0.100325 -0.639824
    outer loop
      vertex 7.90807 1.1643 1.15
      vertex 6.40125 1.12871 2.95
      vertex 7.87846 1.38918 1.15
    endloop
  endfacet
  facet normal -0.761945 -0.100319 -0.639825
    outer loop
      vertex 6.40125 1.12871 2.95
      vertex 7.90807 1.1643 1.15
      vertex 6.47527 0.566512 2.95
    endloop
  endfacet
  facet normal 0.76779 0.0335247 -0.639824
    outer loop
      vertex -6.47527 -0.566512 2.95
      vertex -7.96956 -0.697245 1.15
      vertex -7.99011 -0.226605 1.15
    endloop
  endfacet
  facet normal 0.76779 0.0335096 -0.639825
    outer loop
      vertex -6.5 0 2.95
      vertex -7.99011 -0.226605 1.15
      vertex -8 0 1.15
    endloop
  endfacet
  facet normal 0.767789 0.0335164 -0.639825
    outer loop
      vertex -7.99011 -0.226605 1.15
      vertex -6.5 0 2.95
      vertex -6.47527 -0.566512 2.95
    endloop
  endfacet
  facet normal -0.56661 0.519209 -0.639825
    outer loop
      vertex 5.97512 -5.30953 1.15
      vertex 4.97929 -4.17812 2.95
      vertex 6.12836 -5.1423 1.15
    endloop
  endfacet
  facet normal -0.566606 0.519212 -0.639825
    outer loop
      vertex 4.97929 -4.17812 2.95
      vertex 5.97512 -5.30953 1.15
      vertex 4.59619 -4.59619 2.95
    endloop
  endfacet
  facet normal -0.100314 0.761946 -0.639824
    outer loop
      vertex 0.566512 -6.47527 2.95
      vertex 1.1643 -7.90807 1.15
      vertex 0.697246 -7.96956 1.15
    endloop
  endfacet
  facet normal 0 0.76942 -0.638743
    outer loop
      vertex 0.566512 -6.47527 2.95
      vertex 0.697246 -7.96956 1.15
      vertex 0.697245 -7.96956 1.15
    endloop
  endfacet
  facet normal 0.166336 -0.750304 -0.639825
    outer loop
      vertex -1.61063 7.82937 1.15
      vertex -1.68232 6.27852 2.95
      vertex -2.07055 7.72741 1.15
    endloop
  endfacet
  facet normal 0.519214 0.566605 -0.639825
    outer loop
      vertex -4.59619 -4.59619 2.95
      vertex -5.30953 -5.97512 1.15
      vertex -5.65685 -5.65685 1.15
    endloop
  endfacet
  facet normal 0.166324 -0.750306 -0.639826
    outer loop
      vertex -1.38918 7.87846 1.15
      vertex -1.68232 6.27852 2.95
      vertex -1.61063 7.82937 1.15
    endloop
  endfacet
  facet normal 0.166335 -0.750305 -0.639824
    outer loop
      vertex -1.68232 6.27852 2.95
      vertex -1.38918 7.87846 1.15
      vertex -1.12871 6.40125 2.95
    endloop
  endfacet
  facet normal 0.566606 0.519212 -0.639825
    outer loop
      vertex -5.97512 -5.30953 1.15
      vertex -4.97929 -4.17812 2.95
      vertex -4.59619 -4.59619 2.95
    endloop
  endfacet
  facet normal 0.56661 0.519209 -0.639825
    outer loop
      vertex -6.12836 -5.1423 1.15
      vertex -4.97929 -4.17812 2.95
      vertex -5.97512 -5.30953 1.15
    endloop
  endfacet
  facet normal -0.710022 0.294098 -0.639824
    outer loop
      vertex 7.33726 -3.17139 1.15
      vertex 5.891 -2.74702 2.95
      vertex 6.108 -2.22313 2.95
    endloop
  endfacet
  facet normal -0.710024 0.294093 -0.639824
    outer loop
      vertex 7.25046 -3.38095 1.15
      vertex 5.891 -2.74702 2.95
      vertex 7.33726 -3.17139 1.15
    endloop
  endfacet
  facet normal -0.100319 0.761945 -0.639825
    outer loop
      vertex 1.12871 -6.40125 2.95
      vertex 1.1643 -7.90807 1.15
      vertex 0.566512 -6.47527 2.95
    endloop
  endfacet
  facet normal -0.100325 0.761945 -0.639824
    outer loop
      vertex 1.1643 -7.90807 1.15
      vertex 1.12871 -6.40125 2.95
      vertex 1.38918 -7.87846 1.15
    endloop
  endfacet
  facet normal 0.294103 -0.71002 -0.639825
    outer loop
      vertex -2.73616 7.51754 1.15
      vertex -2.22313 6.108 2.95
      vertex -3.17139 7.33726 1.15
    endloop
  endfacet
  facet normal -0.71002 0.294103 -0.639825
    outer loop
      vertex 7.51754 -2.73616 1.15
      vertex 7.33726 -3.17139 1.15
      vertex 6.108 -2.22313 2.95
    endloop
  endfacet
  facet normal -0.609726 0.467824 -0.639824
    outer loop
      vertex 4.97929 -4.17812 2.95
      vertex 6.26643 -4.96235 1.15
      vertex 6.12836 -5.1423 1.15
    endloop
  endfacet
  facet normal -0.609708 0.467849 -0.639823
    outer loop
      vertex 6.26643 -4.96235 1.15
      vertex 4.97929 -4.17812 2.95
      vertex 5.32449 -3.72825 2.95
    endloop
  endfacet
  facet normal -0.467856 -0.609702 -0.639824
    outer loop
      vertex 4.58861 6.55322 1.15
      vertex 4.96235 6.26643 1.15
      vertex 3.72825 5.32449 2.95
    endloop
  endfacet
  facet normal 0.100314 -0.761946 -0.639824
    outer loop
      vertex -0.566512 6.47527 2.95
      vertex -1.1643 7.90807 1.15
      vertex -0.697246 7.96956 1.15
    endloop
  endfacet
  facet normal 0 -0.76942 -0.638743
    outer loop
      vertex -0.566512 6.47527 2.95
      vertex -0.697246 7.96956 1.15
      vertex -0.697245 7.96956 1.15
    endloop
  endfacet
  facet normal -0.166336 -0.750304 -0.639825
    outer loop
      vertex 2.07055 7.72741 1.15
      vertex 1.68232 6.27852 2.95
      vertex 1.61063 7.82937 1.15
    endloop
  endfacet
  facet normal -0.231102 -0.732949 -0.639826
    outer loop
      vertex 2.51984 7.58575 1.15
      vertex 2.22313 6.108 2.95
      vertex 1.68232 6.27852 2.95
    endloop
  endfacet
  facet normal -0.231113 -0.732947 -0.639825
    outer loop
      vertex 2.51984 7.58575 1.15
      vertex 2.73616 7.51754 1.15
      vertex 2.22313 6.108 2.95
    endloop
  endfacet
  facet normal -0.732949 0.231102 -0.639826
    outer loop
      vertex 7.58575 -2.51984 1.15
      vertex 6.108 -2.22313 2.95
      vertex 6.27852 -1.68232 2.95
    endloop
  endfacet
  facet normal -0.732947 0.231113 -0.639825
    outer loop
      vertex 7.58575 -2.51984 1.15
      vertex 7.51754 -2.73616 1.15
      vertex 6.108 -2.22313 2.95
    endloop
  endfacet
  facet normal -0.750304 0.166336 -0.639825
    outer loop
      vertex 7.82937 -1.61063 1.15
      vertex 7.72741 -2.07055 1.15
      vertex 6.27852 -1.68232 2.95
    endloop
  endfacet
  facet normal -0.467856 0.609702 -0.639824
    outer loop
      vertex 4.96235 -6.26643 1.15
      vertex 4.58861 -6.55322 1.15
      vertex 3.72825 -5.32449 2.95
    endloop
  endfacet
  facet normal 0.231098 -0.732951 -0.639825
    outer loop
      vertex -2.07055 7.72741 1.15
      vertex -1.68232 6.27852 2.95
      vertex -2.51984 7.58575 1.15
    endloop
  endfacet
  facet normal -0.294098 -0.710022 -0.639824
    outer loop
      vertex 3.17139 7.33726 1.15
      vertex 2.74702 5.891 2.95
      vertex 2.22313 6.108 2.95
    endloop
  endfacet
  facet normal -0.294093 -0.710024 -0.639824
    outer loop
      vertex 3.38095 7.25046 1.15
      vertex 2.74702 5.891 2.95
      vertex 3.17139 7.33726 1.15
    endloop
  endfacet
  facet normal -0.231098 -0.732951 -0.639825
    outer loop
      vertex 2.07055 7.72741 1.15
      vertex 2.51984 7.58575 1.15
      vertex 1.68232 6.27852 2.95
    endloop
  endfacet
  facet normal 0.467849 0.609708 -0.639823
    outer loop
      vertex -4.96235 -6.26643 1.15
      vertex -4.17812 -4.97929 2.95
      vertex -3.72825 -5.32449 2.95
    endloop
  endfacet
  facet normal 0.467824 0.609726 -0.639824
    outer loop
      vertex -4.17812 -4.97929 2.95
      vertex -4.96235 -6.26643 1.15
      vertex -5.1423 -6.12836 1.15
    endloop
  endfacet
  facet normal 0.231102 0.732949 -0.639826
    outer loop
      vertex -2.51984 -7.58575 1.15
      vertex -2.22313 -6.108 2.95
      vertex -1.68232 -6.27852 2.95
    endloop
  endfacet
  facet normal 0.231113 0.732947 -0.639825
    outer loop
      vertex -2.51984 -7.58575 1.15
      vertex -2.73616 -7.51754 1.15
      vertex -2.22313 -6.108 2.95
    endloop
  endfacet
  facet normal 0.231098 0.732951 -0.639825
    outer loop
      vertex -1.68232 -6.27852 2.95
      vertex -2.07055 -7.72741 1.15
      vertex -2.51984 -7.58575 1.15
    endloop
  endfacet
  facet normal 0.648168 0.412921 -0.639824
    outer loop
      vertex -5.32449 -3.72825 2.95
      vertex -6.55322 -4.58861 1.15
      vertex -6.80633 -4.1913 1.15
    endloop
  endfacet
  facet normal -0.681684 0.354869 -0.639824
    outer loop
      vertex 7.25046 -3.38095 1.15
      vertex 5.62916 -3.25 2.95
      vertex 5.891 -2.74702 2.95
    endloop
  endfacet
  facet normal -0.681688 0.354855 -0.639827
    outer loop
      vertex 5.62916 -3.25 2.95
      vertex 7.25046 -3.38095 1.15
      vertex 7.14573 -3.58214 1.15
    endloop
  endfacet
  facet normal 0.609702 0.467856 -0.639824
    outer loop
      vertex -5.32449 -3.72825 2.95
      vertex -6.26643 -4.96235 1.15
      vertex -6.55322 -4.58861 1.15
    endloop
  endfacet
  facet normal 0.732949 0.231102 -0.639826
    outer loop
      vertex -6.108 -2.22313 2.95
      vertex -7.58575 -2.51984 1.15
      vertex -6.27852 -1.68232 2.95
    endloop
  endfacet
  facet normal 0.732947 0.231113 -0.639825
    outer loop
      vertex -7.51754 -2.73616 1.15
      vertex -7.58575 -2.51984 1.15
      vertex -6.108 -2.22313 2.95
    endloop
  endfacet
  facet normal 0.76779 -0.0335247 -0.639824
    outer loop
      vertex -7.96956 0.697245 1.15
      vertex -6.47527 0.566512 2.95
      vertex -7.99011 0.226605 1.15
    endloop
  endfacet
  facet normal 0 0 -1
    outer loop
      vertex 6.47527 -0.566512 2.95
      vertex 6.47527 0.566512 2.95
      vertex 6.5 0 2.95
    endloop
  endfacet
  facet normal 0 0 -1
    outer loop
      vertex 6.40125 -1.12871 2.95
      vertex 6.47527 0.566512 2.95
      vertex 6.47527 -0.566512 2.95
    endloop
  endfacet
  facet normal 0 0 -1
    outer loop
      vertex 6.40125 -1.12871 2.95
      vertex 6.40125 1.12871 2.95
      vertex 6.47527 0.566512 2.95
    endloop
  endfacet
  facet normal 0 0 -1
    outer loop
      vertex 6.27852 -1.68232 2.95
      vertex 6.40125 1.12871 2.95
      vertex 6.40125 -1.12871 2.95
    endloop
  endfacet
  facet normal 0 0 -1
    outer loop
      vertex 6.27852 -1.68232 2.95
      vertex 6.27852 1.68232 2.95
      vertex 6.40125 1.12871 2.95
    endloop
  endfacet
  facet normal 0 0 -1
    outer loop
      vertex 6.108 -2.22313 2.95
      vertex 6.27852 1.68232 2.95
      vertex 6.27852 -1.68232 2.95
    endloop
  endfacet
  facet normal 0 0 -1
    outer loop
      vertex 6.108 -2.22313 2.95
      vertex 6.108 2.22313 2.95
      vertex 6.27852 1.68232 2.95
    endloop
  endfacet
  facet normal 0 0 -1
    outer loop
      vertex 5.891 -2.74702 2.95
      vertex 6.108 2.22313 2.95
      vertex 6.108 -2.22313 2.95
    endloop
  endfacet
  facet normal 0 0 -1
    outer loop
      vertex 5.891 -2.74702 2.95
      vertex 5.891 2.74702 2.95
      vertex 6.108 2.22313 2.95
    endloop
  endfacet
  facet normal 0 0 -1
    outer loop
      vertex 5.62916 -3.25 2.95
      vertex 5.891 2.74702 2.95
      vertex 5.891 -2.74702 2.95
    endloop
  endfacet
  facet normal 0 0 -1
    outer loop
      vertex 5.62916 -3.25 2.95
      vertex 5.62916 3.25 2.95
      vertex 5.891 2.74702 2.95
    endloop
  endfacet
  facet normal 0 0 -1
    outer loop
      vertex 5.32449 -3.72825 2.95
      vertex 5.62916 3.25 2.95
      vertex 5.62916 -3.25 2.95
    endloop
  endfacet
  facet normal 0 0 -1
    outer loop
      vertex 5.32449 -3.72825 2.95
      vertex 5.32449 3.72825 2.95
      vertex 5.62916 3.25 2.95
    endloop
  endfacet
  facet normal 0 0 -1
    outer loop
      vertex 4.97929 -4.17812 2.95
      vertex 5.32449 3.72825 2.95
      vertex 5.32449 -3.72825 2.95
    endloop
  endfacet
  facet normal 0 0 -1
    outer loop
      vertex 4.97929 -4.17812 2.95
      vertex 4.97929 4.17812 2.95
      vertex 5.32449 3.72825 2.95
    endloop
  endfacet
  facet normal 0 0 -1
    outer loop
      vertex 4.59619 -4.59619 2.95
      vertex 4.97929 4.17812 2.95
      vertex 4.97929 -4.17812 2.95
    endloop
  endfacet
  facet normal 0 0 -1
    outer loop
      vertex 4.59619 -4.59619 2.95
      vertex 4.59619 4.59619 2.95
      vertex 4.97929 4.17812 2.95
    endloop
  endfacet
  facet normal 0 0 -1
    outer loop
      vertex 4.17812 -4.97929 2.95
      vertex 4.59619 4.59619 2.95
      vertex 4.59619 -4.59619 2.95
    endloop
  endfacet
  facet normal 0 0 -1
    outer loop
      vertex 4.17812 -4.97929 2.95
      vertex 4.17812 4.97929 2.95
      vertex 4.59619 4.59619 2.95
    endloop
  endfacet
  facet normal 0 0 -1
    outer loop
      vertex 3.72825 -5.32449 2.95
      vertex 4.17812 4.97929 2.95
      vertex 4.17812 -4.97929 2.95
    endloop
  endfacet
  facet normal 0 0 -1
    outer loop
      vertex 3.72825 -5.32449 2.95
      vertex 3.72825 5.32449 2.95
      vertex 4.17812 4.97929 2.95
    endloop
  endfacet
  facet normal 0 0 -1
    outer loop
      vertex 3.25 -5.62916 2.95
      vertex 3.72825 5.32449 2.95
      vertex 3.72825 -5.32449 2.95
    endloop
  endfacet
  facet normal 0 0 -1
    outer loop
      vertex 3.25 -5.62916 2.95
      vertex 3.25 5.62916 2.95
      vertex 3.72825 5.32449 2.95
    endloop
  endfacet
  facet normal 0 0 -1
    outer loop
      vertex 2.74702 -5.891 2.95
      vertex 3.25 5.62916 2.95
      vertex 3.25 -5.62916 2.95
    endloop
  endfacet
  facet normal 0 0 -1
    outer loop
      vertex 2.74702 -5.891 2.95
      vertex 2.74702 5.891 2.95
      vertex 3.25 5.62916 2.95
    endloop
  endfacet
  facet normal 0 0 -1
    outer loop
      vertex 2.22313 -6.108 2.95
      vertex 2.74702 5.891 2.95
      vertex 2.74702 -5.891 2.95
    endloop
  endfacet
  facet normal 0 0 -1
    outer loop
      vertex 2.22313 -6.108 2.95
      vertex 2.22313 6.108 2.95
      vertex 2.74702 5.891 2.95
    endloop
  endfacet
  facet normal 0 0 -1
    outer loop
      vertex 1.68232 -6.27852 2.95
      vertex 2.22313 6.108 2.95
      vertex 2.22313 -6.108 2.95
    endloop
  endfacet
  facet normal 0 0 -1
    outer loop
      vertex 1.68232 -6.27852 2.95
      vertex 1.68232 6.27852 2.95
      vertex 2.22313 6.108 2.95
    endloop
  endfacet
  facet normal 0 0 -1
    outer loop
      vertex 1.12871 -6.40125 2.95
      vertex 1.68232 6.27852 2.95
      vertex 1.68232 -6.27852 2.95
    endloop
  endfacet
  facet normal 0 0 -1
    outer loop
      vertex 1.12871 -6.40125 2.95
      vertex 1.12871 6.40125 2.95
      vertex 1.68232 6.27852 2.95
    endloop
  endfacet
  facet normal 0 0 -1
    outer loop
      vertex 0.566512 -6.47527 2.95
      vertex 1.12871 6.40125 2.95
      vertex 1.12871 -6.40125 2.95
    endloop
  endfacet
  facet normal 0 0 -1
    outer loop
      vertex 0.566512 -6.47527 2.95
      vertex 0.566512 6.47527 2.95
      vertex 1.12871 6.40125 2.95
    endloop
  endfacet
  facet normal 0 0 -1
    outer loop
      vertex 0 -6.5 2.95
      vertex 0.566512 6.47527 2.95
      vertex 0.566512 -6.47527 2.95
    endloop
  endfacet
  facet normal 0 0 -1
    outer loop
      vertex 0 -6.5 2.95
      vertex 0 6.5 2.95
      vertex 0.566512 6.47527 2.95
    endloop
  endfacet
  facet normal 0 0 -1
    outer loop
      vertex -0.566512 -6.47527 2.95
      vertex 0 6.5 2.95
      vertex 0 -6.5 2.95
    endloop
  endfacet
  facet normal 0 0 -1
    outer loop
      vertex -0.566512 -6.47527 2.95
      vertex -0.566512 6.47527 2.95
      vertex 0 6.5 2.95
    endloop
  endfacet
  facet normal 0 0 -1
    outer loop
      vertex -1.12871 -6.40125 2.95
      vertex -0.566512 6.47527 2.95
      vertex -0.566512 -6.47527 2.95
    endloop
  endfacet
  facet normal 0 0 -1
    outer loop
      vertex -1.12871 -6.40125 2.95
      vertex -1.12871 6.40125 2.95
      vertex -0.566512 6.47527 2.95
    endloop
  endfacet
  facet normal 0 0 -1
    outer loop
      vertex -1.68232 -6.27852 2.95
      vertex -1.12871 6.40125 2.95
      vertex -1.12871 -6.40125 2.95
    endloop
  endfacet
  facet normal 0 0 -1
    outer loop
      vertex -1.68232 -6.27852 2.95
      vertex -1.68232 6.27852 2.95
      vertex -1.12871 6.40125 2.95
    endloop
  endfacet
  facet normal 0 0 -1
    outer loop
      vertex -2.22313 -6.108 2.95
      vertex -1.68232 6.27852 2.95
      vertex -1.68232 -6.27852 2.95
    endloop
  endfacet
  facet normal 0 0 -1
    outer loop
      vertex -2.22313 -6.108 2.95
      vertex -2.22313 6.108 2.95
      vertex -1.68232 6.27852 2.95
    endloop
  endfacet
  facet normal 0 0 -1
    outer loop
      vertex -2.74702 -5.891 2.95
      vertex -2.22313 6.108 2.95
      vertex -2.22313 -6.108 2.95
    endloop
  endfacet
  facet normal 0 0 -1
    outer loop
      vertex -2.74702 -5.891 2.95
      vertex -2.74702 5.891 2.95
      vertex -2.22313 6.108 2.95
    endloop
  endfacet
  facet normal 0 0 -1
    outer loop
      vertex -3.25 -5.62916 2.95
      vertex -2.74702 5.891 2.95
      vertex -2.74702 -5.891 2.95
    endloop
  endfacet
  facet normal 0 0 -1
    outer loop
      vertex -3.25 -5.62916 2.95
      vertex -3.25 5.62916 2.95
      vertex -2.74702 5.891 2.95
    endloop
  endfacet
  facet normal 0 0 -1
    outer loop
      vertex -3.72825 -5.32449 2.95
      vertex -3.25 5.62916 2.95
      vertex -3.25 -5.62916 2.95
    endloop
  endfacet
  facet normal 0 0 -1
    outer loop
      vertex -3.72825 -5.32449 2.95
      vertex -3.72825 5.32449 2.95
      vertex -3.25 5.62916 2.95
    endloop
  endfacet
  facet normal 0 0 -1
    outer loop
      vertex -4.17812 -4.97929 2.95
      vertex -3.72825 5.32449 2.95
      vertex -3.72825 -5.32449 2.95
    endloop
  endfacet
  facet normal 0 0 -1
    outer loop
      vertex -4.17812 -4.97929 2.95
      vertex -4.17812 4.97929 2.95
      vertex -3.72825 5.32449 2.95
    endloop
  endfacet
  facet normal 0 0 -1
    outer loop
      vertex -4.59619 -4.59619 2.95
      vertex -4.17812 4.97929 2.95
      vertex -4.17812 -4.97929 2.95
    endloop
  endfacet
  facet normal 0 0 -1
    outer loop
      vertex -4.59619 -4.59619 2.95
      vertex -4.59619 4.59619 2.95
      vertex -4.17812 4.97929 2.95
    endloop
  endfacet
  facet normal 0 0 -1
    outer loop
      vertex -4.97929 -4.17812 2.95
      vertex -4.59619 4.59619 2.95
      vertex -4.59619 -4.59619 2.95
    endloop
  endfacet
  facet normal 0 0 -1
    outer loop
      vertex -4.97929 -4.17812 2.95
      vertex -4.97929 4.17812 2.95
      vertex -4.59619 4.59619 2.95
    endloop
  endfacet
  facet normal 0 0 -1
    outer loop
      vertex -5.32449 -3.72825 2.95
      vertex -4.97929 4.17812 2.95
      vertex -4.97929 -4.17812 2.95
    endloop
  endfacet
  facet normal 0 0 -1
    outer loop
      vertex -5.32449 -3.72825 2.95
      vertex -5.32449 3.72825 2.95
      vertex -4.97929 4.17812 2.95
    endloop
  endfacet
  facet normal 0 0 -1
    outer loop
      vertex -5.62916 -3.25 2.95
      vertex -5.32449 3.72825 2.95
      vertex -5.32449 -3.72825 2.95
    endloop
  endfacet
  facet normal 0 0 -1
    outer loop
      vertex -5.62916 -3.25 2.95
      vertex -5.62916 3.25 2.95
      vertex -5.32449 3.72825 2.95
    endloop
  endfacet
  facet normal 0 0 -1
    outer loop
      vertex -5.891 -2.74702 2.95
      vertex -5.62916 3.25 2.95
      vertex -5.62916 -3.25 2.95
    endloop
  endfacet
  facet normal 0 0 -1
    outer loop
      vertex -5.891 -2.74702 2.95
      vertex -5.891 2.74702 2.95
      vertex -5.62916 3.25 2.95
    endloop
  endfacet
  facet normal 0 0 -1
    outer loop
      vertex -6.108 -2.22313 2.95
      vertex -5.891 2.74702 2.95
      vertex -5.891 -2.74702 2.95
    endloop
  endfacet
  facet normal 0 0 -1
    outer loop
      vertex -6.108 -2.22313 2.95
      vertex -6.108 2.22313 2.95
      vertex -5.891 2.74702 2.95
    endloop
  endfacet
  facet normal 0 0 -1
    outer loop
      vertex -6.27852 -1.68232 2.95
      vertex -6.108 2.22313 2.95
      vertex -6.108 -2.22313 2.95
    endloop
  endfacet
  facet normal 0 0 -1
    outer loop
      vertex -6.27852 -1.68232 2.95
      vertex -6.27852 1.68232 2.95
      vertex -6.108 2.22313 2.95
    endloop
  endfacet
  facet normal 0 0 -1
    outer loop
      vertex -6.40125 -1.12871 2.95
      vertex -6.27852 1.68232 2.95
      vertex -6.27852 -1.68232 2.95
    endloop
  endfacet
  facet normal 0 0 -1
    outer loop
      vertex -6.40125 -1.12871 2.95
      vertex -6.40125 1.12871 2.95
      vertex -6.27852 1.68232 2.95
    endloop
  endfacet
  facet normal 0 0 -1
    outer loop
      vertex -6.47527 -0.566512 2.95
      vertex -6.40125 1.12871 2.95
      vertex -6.40125 -1.12871 2.95
    endloop
  endfacet
  facet normal 0 0 -1
    outer loop
      vertex -6.47527 -0.566512 2.95
      vertex -6.47527 0.566512 2.95
      vertex -6.40125 1.12871 2.95
    endloop
  endfacet
  facet normal 0 -0 -1
    outer loop
      vertex -6.47527 0.566512 2.95
      vertex -6.47527 -0.566512 2.95
      vertex -6.5 0 2.95
    endloop
  endfacet
  facet normal 0.648168 -0.412921 -0.639824
    outer loop
      vertex -6.55322 4.58861 1.15
      vertex -5.32449 3.72825 2.95
      vertex -6.80633 4.1913 1.15
    endloop
  endfacet
  facet normal 0.710024 -0.294093 -0.639824
    outer loop
      vertex -7.25046 3.38095 1.15
      vertex -5.891 2.74702 2.95
      vertex -7.33726 3.17139 1.15
    endloop
  endfacet
  facet normal 0.710022 -0.294098 -0.639824
    outer loop
      vertex -7.33726 3.17139 1.15
      vertex -5.891 2.74702 2.95
      vertex -6.108 2.22313 2.95
    endloop
  endfacet
  facet normal 0.609708 -0.467849 -0.639823
    outer loop
      vertex -6.26643 4.96235 1.15
      vertex -4.97929 4.17812 2.95
      vertex -5.32449 3.72825 2.95
    endloop
  endfacet
  facet normal 0.609726 -0.467824 -0.639824
    outer loop
      vertex -4.97929 4.17812 2.95
      vertex -6.26643 4.96235 1.15
      vertex -6.12836 5.1423 1.15
    endloop
  endfacet
  facet normal -0.467824 0.609726 -0.639824
    outer loop
      vertex 4.96235 -6.26643 1.15
      vertex 4.17812 -4.97929 2.95
      vertex 5.1423 -6.12836 1.15
    endloop
  endfacet
  facet normal -0.467849 0.609708 -0.639823
    outer loop
      vertex 4.17812 -4.97929 2.95
      vertex 4.96235 -6.26643 1.15
      vertex 3.72825 -5.32449 2.95
    endloop
  endfacet
  facet normal 0.354855 -0.681688 -0.639827
    outer loop
      vertex -3.38095 7.25046 1.15
      vertex -3.25 5.62916 2.95
      vertex -3.58214 7.14573 1.15
    endloop
  endfacet
  facet normal 0.354869 -0.681684 -0.639824
    outer loop
      vertex -3.25 5.62916 2.95
      vertex -3.38095 7.25046 1.15
      vertex -2.74702 5.891 2.95
    endloop
  endfacet
  facet normal 0.750305 0.166335 -0.639824
    outer loop
      vertex -6.27852 -1.68232 2.95
      vertex -7.87846 -1.38918 1.15
      vertex -6.40125 -1.12871 2.95
    endloop
  endfacet
  facet normal 0.750306 0.166324 -0.639826
    outer loop
      vertex -7.87846 -1.38918 1.15
      vertex -6.27852 -1.68232 2.95
      vertex -7.82937 -1.61063 1.15
    endloop
  endfacet
  facet normal -0.166324 0.750306 -0.639826
    outer loop
      vertex 1.38918 -7.87846 1.15
      vertex 1.68232 -6.27852 2.95
      vertex 1.61063 -7.82937 1.15
    endloop
  endfacet
  facet normal -0.166335 0.750305 -0.639824
    outer loop
      vertex 1.68232 -6.27852 2.95
      vertex 1.38918 -7.87846 1.15
      vertex 1.12871 -6.40125 2.95
    endloop
  endfacet
  facet normal -0.166336 0.750304 -0.639825
    outer loop
      vertex 1.68232 -6.27852 2.95
      vertex 2.07055 -7.72741 1.15
      vertex 1.61063 -7.82937 1.15
    endloop
  endfacet
  facet normal 0.412921 -0.648168 -0.639824
    outer loop
      vertex -3.72825 5.32449 2.95
      vertex -4.58861 6.55322 1.15
      vertex -4.1913 6.80633 1.15
    endloop
  endfacet
  facet normal 0.681682 0.354871 -0.639825
    outer loop
      vertex -5.62916 -3.25 2.95
      vertex -6.9282 -4 1.15
      vertex -7.14573 -3.58214 1.15
    endloop
  endfacet
  facet normal 0.648169 0.412917 -0.639825
    outer loop
      vertex -5.32449 -3.72825 2.95
      vertex -6.9282 -4 1.15
      vertex -5.62916 -3.25 2.95
    endloop
  endfacet
  facet normal 0.648167 0.412923 -0.639824
    outer loop
      vertex -6.9282 -4 1.15
      vertex -5.32449 -3.72825 2.95
      vertex -6.80633 -4.1913 1.15
    endloop
  endfacet
  facet normal 0.732951 -0.231098 -0.639825
    outer loop
      vertex -7.72741 2.07055 1.15
      vertex -7.58575 2.51984 1.15
      vertex -6.27852 1.68232 2.95
    endloop
  endfacet
  facet normal -0.354855 0.681688 -0.639827
    outer loop
      vertex 3.38095 -7.25046 1.15
      vertex 3.25 -5.62916 2.95
      vertex 3.58214 -7.14573 1.15
    endloop
  endfacet
  facet normal -0.354869 0.681684 -0.639824
    outer loop
      vertex 3.25 -5.62916 2.95
      vertex 3.38095 -7.25046 1.15
      vertex 2.74702 -5.891 2.95
    endloop
  endfacet
  facet normal 0.467856 -0.609702 -0.639824
    outer loop
      vertex -4.58861 6.55322 1.15
      vertex -3.72825 5.32449 2.95
      vertex -4.96235 6.26643 1.15
    endloop
  endfacet
  facet normal -0.354871 0.681682 -0.639825
    outer loop
      vertex 4 -6.9282 1.15
      vertex 3.58214 -7.14573 1.15
      vertex 3.25 -5.62916 2.95
    endloop
  endfacet
  facet normal -0.412923 0.648167 -0.639824
    outer loop
      vertex 4 -6.9282 1.15
      vertex 3.72825 -5.32449 2.95
      vertex 4.1913 -6.80633 1.15
    endloop
  endfacet
  facet normal -0.412917 0.648169 -0.639825
    outer loop
      vertex 3.72825 -5.32449 2.95
      vertex 4 -6.9282 1.15
      vertex 3.25 -5.62916 2.95
    endloop
  endfacet
  facet normal 0.354871 -0.681682 -0.639825
    outer loop
      vertex -3.58214 7.14573 1.15
      vertex -3.25 5.62916 2.95
      vertex -4 6.9282 1.15
    endloop
  endfacet
  facet normal 0.761945 -0.100325 -0.639824
    outer loop
      vertex -6.40125 1.12871 2.95
      vertex -7.90807 1.1643 1.15
      vertex -7.87846 1.38918 1.15
    endloop
  endfacet
  facet normal 0.761945 -0.100319 -0.639825
    outer loop
      vertex -7.90807 1.1643 1.15
      vertex -6.40125 1.12871 2.95
      vertex -6.47527 0.566512 2.95
    endloop
  endfacet
  facet normal 0.750304 -0.166336 -0.639825
    outer loop
      vertex -7.72741 2.07055 1.15
      vertex -6.27852 1.68232 2.95
      vertex -7.82937 1.61063 1.15
    endloop
  endfacet
  facet normal 0.750306 -0.166324 -0.639826
    outer loop
      vertex -6.27852 1.68232 2.95
      vertex -7.87846 1.38918 1.15
      vertex -7.82937 1.61063 1.15
    endloop
  endfacet
  facet normal 0.750305 -0.166335 -0.639824
    outer loop
      vertex -6.40125 1.12871 2.95
      vertex -7.87846 1.38918 1.15
      vertex -6.27852 1.68232 2.95
    endloop
  endfacet
  facet normal 0.467849 -0.609708 -0.639823
    outer loop
      vertex -4.17812 4.97929 2.95
      vertex -4.96235 6.26643 1.15
      vertex -3.72825 5.32449 2.95
    endloop
  endfacet
  facet normal 0.467824 -0.609726 -0.639824
    outer loop
      vertex -4.96235 6.26643 1.15
      vertex -4.17812 4.97929 2.95
      vertex -5.1423 6.12836 1.15
    endloop
  endfacet
  facet normal 0.166335 0.750305 -0.639824
    outer loop
      vertex -1.38918 -7.87846 1.15
      vertex -1.68232 -6.27852 2.95
      vertex -1.12871 -6.40125 2.95
    endloop
  endfacet
  facet normal 0.166324 0.750306 -0.639826
    outer loop
      vertex -1.68232 -6.27852 2.95
      vertex -1.38918 -7.87846 1.15
      vertex -1.61063 -7.82937 1.15
    endloop
  endfacet
endsolid OpenSCAD_Model
