solid OpenSCAD_Model
  facet normal -0.342021 -0.939692 0
    outer loop
      vertex 7.51754 -2.73616 5
      vertex 9.20899 -3.3518 9
      vertex 7.51754 -2.73616 9
    endloop
  endfacet
  facet normal -0.342021 -0.939692 -0
    outer loop
      vertex 9.20899 -3.3518 9
      vertex 7.51754 -2.73616 5
      vertex 9.20899 -3.3518 5
    endloop
  endfacet
  facet normal -0.342021 0.939692 0
    outer loop
      vertex 9.20899 3.3518 5
      vertex 7.51754 2.73616 9
      vertex 9.20899 3.3518 9
    endloop
  endfacet
  facet normal -0.342021 0.939692 0
    outer loop
      vertex 7.51754 2.73616 9
      vertex 9.20899 3.3518 5
      vertex 7.51754 2.73616 5
    endloop
  endfacet
  facet normal 0 0 1
    outer loop
      vertex 8 0 9
      vertex 9.8 0 9
      vertex 9.76271 0.854126 9
    endloop
  endfacet
  facet normal 0 0 1
    outer loop
      vertex 7.96956 0.697246 9
      vertex 9.76271 0.854126 9
      vertex 9.65112 1.70175 9
    endloop
  endfacet
  facet normal 0 0 1
    outer loop
      vertex 9.8 0 9
      vertex 8 0 9
      vertex 9.76271 -0.854126 9
    endloop
  endfacet
  facet normal 0 0 1
    outer loop
      vertex 7.87846 1.38918 9
      vertex 9.65112 1.70175 9
      vertex 9.46607 2.53643 9
    endloop
  endfacet
  facet normal -0 0 1
    outer loop
      vertex 7.96956 -0.697246 9
      vertex 9.76271 -0.854126 9
      vertex 8 0 9
    endloop
  endfacet
  facet normal 0 0 1
    outer loop
      vertex 7.72741 2.07055 9
      vertex 9.46607 2.53643 9
      vertex 9.20899 3.3518 9
    endloop
  endfacet
  facet normal 0 0 1
    outer loop
      vertex 9.76271 -0.854126 9
      vertex 7.96956 -0.697246 9
      vertex 9.65112 -1.70175 9
    endloop
  endfacet
  facet normal -0 0 1
    outer loop
      vertex 7.87846 -1.38918 9
      vertex 9.65112 -1.70175 9
      vertex 7.96956 -0.697246 9
    endloop
  endfacet
  facet normal 0 0 1
    outer loop
      vertex 9.76271 0.854126 9
      vertex 7.96956 0.697246 9
      vertex 8 0 9
    endloop
  endfacet
  facet normal 0 0 1
    outer loop
      vertex 9.65112 1.70175 9
      vertex 7.87846 1.38918 9
      vertex 7.96956 0.697246 9
    endloop
  endfacet
  facet normal 0 0 1
    outer loop
      vertex 9.46607 2.53643 9
      vertex 7.72741 2.07055 9
      vertex 7.87846 1.38918 9
    endloop
  endfacet
  facet normal 0 0 1
    outer loop
      vertex 9.20899 3.3518 9
      vertex 7.51754 2.73616 9
      vertex 7.72741 2.07055 9
    endloop
  endfacet
  facet normal 0 0 1
    outer loop
      vertex 9.65112 -1.70175 9
      vertex 7.87846 -1.38918 9
      vertex 9.46607 -2.53643 9
    endloop
  endfacet
  facet normal -0 0 1
    outer loop
      vertex 7.72741 -2.07055 9
      vertex 9.46607 -2.53643 9
      vertex 7.87846 -1.38918 9
    endloop
  endfacet
  facet normal 0 0 1
    outer loop
      vertex 9.46607 -2.53643 9
      vertex 7.72741 -2.07055 9
      vertex 9.20899 -3.3518 9
    endloop
  endfacet
  facet normal -0 0 1
    outer loop
      vertex 7.51754 -2.73616 9
      vertex 9.20899 -3.3518 9
      vertex 7.72741 -2.07055 9
    endloop
  endfacet
  facet normal 0.953719 -0.3007 0
    outer loop
      vertex 9.20899 -3.3518 9
      vertex 9.46607 -2.53643 5
      vertex 9.46607 -2.53643 9
    endloop
  endfacet
  facet normal 0.953719 -0.3007 0
    outer loop
      vertex 9.46607 -2.53643 5
      vertex 9.20899 -3.3518 9
      vertex 9.20899 -3.3518 5
    endloop
  endfacet
  facet normal 0 0 -1
    outer loop
      vertex 8 0 5
      vertex 9.8 0 5
      vertex 9.76271 -0.854126 5
    endloop
  endfacet
  facet normal 0 0 -1
    outer loop
      vertex 7.96956 -0.697246 5
      vertex 9.76271 -0.854126 5
      vertex 9.65112 -1.70175 5
    endloop
  endfacet
  facet normal 0 0 -1
    outer loop
      vertex 9.8 0 5
      vertex 8 0 5
      vertex 9.76271 0.854126 5
    endloop
  endfacet
  facet normal 0 0 -1
    outer loop
      vertex 7.87846 -1.38918 5
      vertex 9.65112 -1.70175 5
      vertex 9.46607 -2.53643 5
    endloop
  endfacet
  facet normal 0 0 -1
    outer loop
      vertex 7.96956 0.697246 5
      vertex 9.76271 0.854126 5
      vertex 8 0 5
    endloop
  endfacet
  facet normal 0 0 -1
    outer loop
      vertex 7.72741 -2.07055 5
      vertex 9.46607 -2.53643 5
      vertex 9.20899 -3.3518 5
    endloop
  endfacet
  facet normal -0 0 -1
    outer loop
      vertex 9.76271 0.854126 5
      vertex 7.96956 0.697246 5
      vertex 9.65112 1.70175 5
    endloop
  endfacet
  facet normal 0 0 -1
    outer loop
      vertex 7.87846 1.38918 5
      vertex 9.65112 1.70175 5
      vertex 7.96956 0.697246 5
    endloop
  endfacet
  facet normal 0 0 -1
    outer loop
      vertex 9.76271 -0.854126 5
      vertex 7.96956 -0.697246 5
      vertex 8 0 5
    endloop
  endfacet
  facet normal 0 0 -1
    outer loop
      vertex 9.65112 -1.70175 5
      vertex 7.87846 -1.38918 5
      vertex 7.96956 -0.697246 5
    endloop
  endfacet
  facet normal 0 0 -1
    outer loop
      vertex 9.46607 -2.53643 5
      vertex 7.72741 -2.07055 5
      vertex 7.87846 -1.38918 5
    endloop
  endfacet
  facet normal 0 0 -1
    outer loop
      vertex 9.20899 -3.3518 5
      vertex 7.51754 -2.73616 5
      vertex 7.72741 -2.07055 5
    endloop
  endfacet
  facet normal -0 0 -1
    outer loop
      vertex 9.65112 1.70175 5
      vertex 7.87846 1.38918 5
      vertex 9.46607 2.53643 5
    endloop
  endfacet
  facet normal 0 0 -1
    outer loop
      vertex 7.72741 2.07055 5
      vertex 9.46607 2.53643 5
      vertex 7.87846 1.38918 5
    endloop
  endfacet
  facet normal -0 0 -1
    outer loop
      vertex 9.46607 2.53643 5
      vertex 7.72741 2.07055 5
      vertex 9.20899 3.3518 5
    endloop
  endfacet
  facet normal 0 0 -1
    outer loop
      vertex 7.51754 2.73616 5
      vertex 9.20899 3.3518 5
      vertex 7.72741 2.07055 5
    endloop
  endfacet
  facet normal 0.976295 -0.216446 0
    outer loop
      vertex 9.46607 -2.53643 9
      vertex 9.65112 -1.70175 5
      vertex 9.65112 -1.70175 9
    endloop
  endfacet
  facet normal 0.976295 -0.216446 0
    outer loop
      vertex 9.65112 -1.70175 5
      vertex 9.46607 -2.53643 9
      vertex 9.46607 -2.53643 5
    endloop
  endfacet
  facet normal 0.991445 -0.130524 0
    outer loop
      vertex 9.65112 -1.70175 9
      vertex 9.76271 -0.854126 5
      vertex 9.76271 -0.854126 9
    endloop
  endfacet
  facet normal 0.991445 -0.130524 0
    outer loop
      vertex 9.76271 -0.854126 5
      vertex 9.65112 -1.70175 9
      vertex 9.65112 -1.70175 5
    endloop
  endfacet
  facet normal 0.999048 -0.0436171 0
    outer loop
      vertex 9.76271 -0.854126 9
      vertex 9.8 0 5
      vertex 9.8 0 9
    endloop
  endfacet
  facet normal 0.999048 -0.0436171 0
    outer loop
      vertex 9.8 0 5
      vertex 9.76271 -0.854126 9
      vertex 9.76271 -0.854126 5
    endloop
  endfacet
  facet normal 0.999048 0.0436171 0
    outer loop
      vertex 9.8 0 9
      vertex 9.76271 0.854126 5
      vertex 9.76271 0.854126 9
    endloop
  endfacet
  facet normal 0.999048 0.0436171 0
    outer loop
      vertex 9.76271 0.854126 5
      vertex 9.8 0 9
      vertex 9.8 0 5
    endloop
  endfacet
  facet normal 0.991445 0.130524 0
    outer loop
      vertex 9.76271 0.854126 9
      vertex 9.65112 1.70175 5
      vertex 9.65112 1.70175 9
    endloop
  endfacet
  facet normal 0.991445 0.130524 0
    outer loop
      vertex 9.65112 1.70175 5
      vertex 9.76271 0.854126 9
      vertex 9.76271 0.854126 5
    endloop
  endfacet
  facet normal 0.976295 0.216446 0
    outer loop
      vertex 9.65112 1.70175 9
      vertex 9.46607 2.53643 5
      vertex 9.46607 2.53643 9
    endloop
  endfacet
  facet normal 0.976295 0.216446 0
    outer loop
      vertex 9.46607 2.53643 5
      vertex 9.65112 1.70175 9
      vertex 9.65112 1.70175 5
    endloop
  endfacet
  facet normal 0.953719 0.3007 0
    outer loop
      vertex 9.46607 2.53643 9
      vertex 9.20899 3.3518 5
      vertex 9.20899 3.3518 9
    endloop
  endfacet
  facet normal 0.953719 0.3007 0
    outer loop
      vertex 9.20899 3.3518 5
      vertex 9.46607 2.53643 9
      vertex 9.46607 2.53643 5
    endloop
  endfacet
  facet normal 0.342021 0.939692 -0
    outer loop
      vertex -7.51754 2.73616 5
      vertex -9.20899 3.3518 9
      vertex -7.51754 2.73616 9
    endloop
  endfacet
  facet normal 0.342021 0.939692 0
    outer loop
      vertex -9.20899 3.3518 9
      vertex -7.51754 2.73616 5
      vertex -9.20899 3.3518 5
    endloop
  endfacet
  facet normal 0.342021 -0.939692 0
    outer loop
      vertex -9.20899 -3.3518 5
      vertex -7.51754 -2.73616 9
      vertex -9.20899 -3.3518 9
    endloop
  endfacet
  facet normal 0.342021 -0.939692 0
    outer loop
      vertex -7.51754 -2.73616 9
      vertex -9.20899 -3.3518 5
      vertex -7.51754 -2.73616 5
    endloop
  endfacet
  facet normal -0.953719 0.3007 0
    outer loop
      vertex -9.46607 2.53643 5
      vertex -9.20899 3.3518 9
      vertex -9.20899 3.3518 5
    endloop
  endfacet
  facet normal -0.953719 0.3007 0
    outer loop
      vertex -9.20899 3.3518 9
      vertex -9.46607 2.53643 5
      vertex -9.46607 2.53643 9
    endloop
  endfacet
  facet normal -0.976295 0.216446 0
    outer loop
      vertex -9.65112 1.70175 5
      vertex -9.46607 2.53643 9
      vertex -9.46607 2.53643 5
    endloop
  endfacet
  facet normal -0.976295 0.216446 0
    outer loop
      vertex -9.46607 2.53643 9
      vertex -9.65112 1.70175 5
      vertex -9.65112 1.70175 9
    endloop
  endfacet
  facet normal -0.991445 0.130524 0
    outer loop
      vertex -9.76271 0.854126 5
      vertex -9.65112 1.70175 9
      vertex -9.65112 1.70175 5
    endloop
  endfacet
  facet normal -0.991445 0.130524 0
    outer loop
      vertex -9.65112 1.70175 9
      vertex -9.76271 0.854126 5
      vertex -9.76271 0.854126 9
    endloop
  endfacet
  facet normal -0.999048 0.0436171 0
    outer loop
      vertex -9.8 0 5
      vertex -9.76271 0.854126 9
      vertex -9.76271 0.854126 5
    endloop
  endfacet
  facet normal -0.999048 0.0436171 0
    outer loop
      vertex -9.76271 0.854126 9
      vertex -9.8 0 5
      vertex -9.8 0 9
    endloop
  endfacet
  facet normal 0 0 -1
    outer loop
      vertex -9.65112 -1.70175 5
      vertex -7.87846 -1.38918 5
      vertex -9.46607 -2.53643 5
    endloop
  endfacet
  facet normal -0 0 -1
    outer loop
      vertex -7.72741 -2.07055 5
      vertex -9.46607 -2.53643 5
      vertex -7.87846 -1.38918 5
    endloop
  endfacet
  facet normal 0 0 -1
    outer loop
      vertex -9.46607 -2.53643 5
      vertex -7.72741 -2.07055 5
      vertex -9.20899 -3.3518 5
    endloop
  endfacet
  facet normal -0 0 -1
    outer loop
      vertex -7.51754 -2.73616 5
      vertex -9.20899 -3.3518 5
      vertex -7.72741 -2.07055 5
    endloop
  endfacet
  facet normal -0 0 -1
    outer loop
      vertex -7.87846 -1.38918 5
      vertex -9.65112 -1.70175 5
      vertex -7.96956 -0.697246 5
    endloop
  endfacet
  facet normal 0 0 -1
    outer loop
      vertex -9.76271 -0.854126 5
      vertex -7.96956 -0.697246 5
      vertex -9.65112 -1.70175 5
    endloop
  endfacet
  facet normal -0 0 -1
    outer loop
      vertex -7.96956 -0.697246 5
      vertex -9.76271 -0.854126 5
      vertex -8 0 5
    endloop
  endfacet
  facet normal 0 0 -1
    outer loop
      vertex -7.72741 2.07055 5
      vertex -9.20899 3.3518 5
      vertex -7.51754 2.73616 5
    endloop
  endfacet
  facet normal 0 0 -1
    outer loop
      vertex -9.8 0 5
      vertex -8 0 5
      vertex -9.76271 -0.854126 5
    endloop
  endfacet
  facet normal 0 0 -1
    outer loop
      vertex -8 0 5
      vertex -9.8 0 5
      vertex -7.96956 0.697246 5
    endloop
  endfacet
  facet normal 0 0 -1
    outer loop
      vertex -7.72741 2.07055 5
      vertex -9.46607 2.53643 5
      vertex -9.20899 3.3518 5
    endloop
  endfacet
  facet normal 0 -0 -1
    outer loop
      vertex -9.76271 0.854126 5
      vertex -7.96956 0.697246 5
      vertex -9.8 0 5
    endloop
  endfacet
  facet normal -0 0 -1
    outer loop
      vertex -7.72741 2.07055 5
      vertex -9.65112 1.70175 5
      vertex -9.46607 2.53643 5
    endloop
  endfacet
  facet normal 0 0 -1
    outer loop
      vertex -7.96956 0.697246 5
      vertex -9.76271 0.854126 5
      vertex -7.87846 1.38918 5
    endloop
  endfacet
  facet normal 0 0 -1
    outer loop
      vertex -7.87846 1.38918 5
      vertex -9.65112 1.70175 5
      vertex -7.72741 2.07055 5
    endloop
  endfacet
  facet normal 0 -0 -1
    outer loop
      vertex -9.65112 1.70175 5
      vertex -7.87846 1.38918 5
      vertex -9.76271 0.854126 5
    endloop
  endfacet
  facet normal -0 0 1
    outer loop
      vertex -9.65112 1.70175 9
      vertex -7.87846 1.38918 9
      vertex -9.46607 2.53643 9
    endloop
  endfacet
  facet normal 0 0 1
    outer loop
      vertex -7.72741 2.07055 9
      vertex -9.46607 2.53643 9
      vertex -7.87846 1.38918 9
    endloop
  endfacet
  facet normal -0 0 1
    outer loop
      vertex -9.46607 2.53643 9
      vertex -7.72741 2.07055 9
      vertex -9.20899 3.3518 9
    endloop
  endfacet
  facet normal 0 0 1
    outer loop
      vertex -7.51754 2.73616 9
      vertex -9.20899 3.3518 9
      vertex -7.72741 2.07055 9
    endloop
  endfacet
  facet normal 0 0 1
    outer loop
      vertex -7.87846 1.38918 9
      vertex -9.65112 1.70175 9
      vertex -7.96956 0.697246 9
    endloop
  endfacet
  facet normal -0 0 1
    outer loop
      vertex -9.76271 0.854126 9
      vertex -7.96956 0.697246 9
      vertex -9.65112 1.70175 9
    endloop
  endfacet
  facet normal 0 0 1
    outer loop
      vertex -7.96956 0.697246 9
      vertex -9.76271 0.854126 9
      vertex -8 0 9
    endloop
  endfacet
  facet normal 0 0 1
    outer loop
      vertex -7.72741 -2.07055 9
      vertex -9.20899 -3.3518 9
      vertex -7.51754 -2.73616 9
    endloop
  endfacet
  facet normal 0 0 1
    outer loop
      vertex -9.8 0 9
      vertex -8 0 9
      vertex -9.76271 0.854126 9
    endloop
  endfacet
  facet normal 0 0 1
    outer loop
      vertex -8 0 9
      vertex -9.8 0 9
      vertex -7.96956 -0.697246 9
    endloop
  endfacet
  facet normal 0 0 1
    outer loop
      vertex -7.72741 -2.07055 9
      vertex -9.46607 -2.53643 9
      vertex -9.20899 -3.3518 9
    endloop
  endfacet
  facet normal 0 -0 1
    outer loop
      vertex -9.76271 -0.854126 9
      vertex -7.96956 -0.697246 9
      vertex -9.8 0 9
    endloop
  endfacet
  facet normal 0 0 1
    outer loop
      vertex -7.72741 -2.07055 9
      vertex -9.65112 -1.70175 9
      vertex -9.46607 -2.53643 9
    endloop
  endfacet
  facet normal 0 0 1
    outer loop
      vertex -7.96956 -0.697246 9
      vertex -9.76271 -0.854126 9
      vertex -7.87846 -1.38918 9
    endloop
  endfacet
  facet normal 0 0 1
    outer loop
      vertex -7.87846 -1.38918 9
      vertex -9.65112 -1.70175 9
      vertex -7.72741 -2.07055 9
    endloop
  endfacet
  facet normal 0 -0 1
    outer loop
      vertex -9.65112 -1.70175 9
      vertex -7.87846 -1.38918 9
      vertex -9.76271 -0.854126 9
    endloop
  endfacet
  facet normal -0.999048 -0.0436171 0
    outer loop
      vertex -9.76271 -0.854126 5
      vertex -9.8 0 9
      vertex -9.8 0 5
    endloop
  endfacet
  facet normal -0.999048 -0.0436171 0
    outer loop
      vertex -9.8 0 9
      vertex -9.76271 -0.854126 5
      vertex -9.76271 -0.854126 9
    endloop
  endfacet
  facet normal -0.991445 -0.130524 0
    outer loop
      vertex -9.65112 -1.70175 5
      vertex -9.76271 -0.854126 9
      vertex -9.76271 -0.854126 5
    endloop
  endfacet
  facet normal -0.991445 -0.130524 0
    outer loop
      vertex -9.76271 -0.854126 9
      vertex -9.65112 -1.70175 5
      vertex -9.65112 -1.70175 9
    endloop
  endfacet
  facet normal -0.976295 -0.216446 0
    outer loop
      vertex -9.46607 -2.53643 5
      vertex -9.65112 -1.70175 9
      vertex -9.65112 -1.70175 5
    endloop
  endfacet
  facet normal -0.976295 -0.216446 0
    outer loop
      vertex -9.65112 -1.70175 9
      vertex -9.46607 -2.53643 5
      vertex -9.46607 -2.53643 9
    endloop
  endfacet
  facet normal -0.953719 -0.3007 0
    outer loop
      vertex -9.20899 -3.3518 5
      vertex -9.46607 -2.53643 9
      vertex -9.46607 -2.53643 5
    endloop
  endfacet
  facet normal -0.953719 -0.3007 0
    outer loop
      vertex -9.46607 -2.53643 9
      vertex -9.20899 -3.3518 5
      vertex -9.20899 -3.3518 9
    endloop
  endfacet
  facet normal 0.991444 0.130533 0
    outer loop
      vertex 7.96956 0.697246 172
      vertex 7.87846 1.38918 9
      vertex 7.87846 1.38918 172
    endloop
  endfacet
  facet normal 0.991444 0.130533 0
    outer loop
      vertex 7.87846 1.38918 9
      vertex 7.96956 0.697246 172
      vertex 7.96956 0.697246 9
    endloop
  endfacet
  facet normal 0.991443 0.130543 0
    outer loop
      vertex 7.87846 1.38918 5
      vertex 7.90807 1.1643 1.15
      vertex 7.87846 1.38918 1.15
    endloop
  endfacet
  facet normal 0.991444 0.130533 5.94633e-07
    outer loop
      vertex 7.96956 0.697246 5
      vertex 7.90807 1.1643 1.15
      vertex 7.87846 1.38918 5
    endloop
  endfacet
  facet normal 0.991445 0.130529 0
    outer loop
      vertex 7.90807 1.1643 1.15
      vertex 7.96956 0.697246 5
      vertex 7.96956 0.697246 1.15
    endloop
  endfacet
  facet normal 0.999048 0.0436159 0
    outer loop
      vertex 8 0 172
      vertex 7.96956 0.697246 9
      vertex 7.96956 0.697246 172
    endloop
  endfacet
  facet normal 0.999048 0.0436159 0
    outer loop
      vertex 7.96956 0.697246 9
      vertex 8 0 172
      vertex 8 0 9
    endloop
  endfacet
  facet normal 1 0 0
    outer loop
      vertex 7.96956 0.697246 5
      vertex 7.96956 0.697245 1.15
      vertex 7.96956 0.697246 1.15
    endloop
  endfacet
  facet normal 0.999048 0.0436224 -1.13305e-08
    outer loop
      vertex 7.96956 0.697246 5
      vertex 7.99011 0.226605 1.15
      vertex 7.96956 0.697245 1.15
    endloop
  endfacet
  facet normal 0.999048 0.0436159 7.79046e-07
    outer loop
      vertex 8 0 5
      vertex 7.99011 0.226605 1.15
      vertex 7.96956 0.697246 5
    endloop
  endfacet
  facet normal 0.999049 0.0436027 0
    outer loop
      vertex 7.99011 0.226605 1.15
      vertex 8 0 5
      vertex 8 0 1.15
    endloop
  endfacet
  facet normal 0.976298 0.216431 0
    outer loop
      vertex 7.87846 1.38918 172
      vertex 7.72741 2.07055 9
      vertex 7.72741 2.07055 172
    endloop
  endfacet
  facet normal 0.976298 0.216431 0
    outer loop
      vertex 7.72741 2.07055 9
      vertex 7.87846 1.38918 172
      vertex 7.87846 1.38918 9
    endloop
  endfacet
  facet normal 0.976297 0.216436 0
    outer loop
      vertex 7.72741 2.07055 5
      vertex 7.82937 1.61063 1.15
      vertex 7.72741 2.07055 1.15
    endloop
  endfacet
  facet normal 0.976298 0.216431 5.84005e-07
    outer loop
      vertex 7.87846 1.38918 5
      vertex 7.82937 1.61063 1.15
      vertex 7.72741 2.07055 5
    endloop
  endfacet
  facet normal 0.9763 0.216422 0
    outer loop
      vertex 7.82937 1.61063 1.15
      vertex 7.87846 1.38918 5
      vertex 7.87846 1.38918 1.15
    endloop
  endfacet
  facet normal 0.300711 -0.953715 1.82802e-08
    outer loop
      vertex 2.07055 -7.72741 172
      vertex 2.51984 -7.58575 1.15
      vertex 2.73616 -7.51754 172
    endloop
  endfacet
  facet normal 0.300705 -0.953717 0
    outer loop
      vertex 2.51984 -7.58575 1.15
      vertex 2.07055 -7.72741 172
      vertex 2.07055 -7.72741 1.15
    endloop
  endfacet
  facet normal 0.300724 -0.953711 0
    outer loop
      vertex 2.73616 -7.51754 172
      vertex 2.51984 -7.58575 1.15
      vertex 2.73616 -7.51754 1.15
    endloop
  endfacet
  facet normal 0.0436159 0.999048 -0
    outer loop
      vertex 0.697246 7.96956 1.15
      vertex 0 8 172
      vertex 0.697246 7.96956 172
    endloop
  endfacet
  facet normal 0 1 -0.000178168
    outer loop
      vertex 0.697245 7.96956 1.15
      vertex 0 8 172
      vertex 0.697246 7.96956 1.15
    endloop
  endfacet
  facet normal 0.0436224 0.999048 2.61308e-08
    outer loop
      vertex 0.226605 7.99011 1.15
      vertex 0 8 172
      vertex 0.697245 7.96956 1.15
    endloop
  endfacet
  facet normal 0.0436027 0.999049 0
    outer loop
      vertex 0 8 172
      vertex 0.226605 7.99011 1.15
      vertex 0 8 1.15
    endloop
  endfacet
  facet normal 0 0 1
    outer loop
      vertex 4.5 0 172
      vertex 8 0 172
      vertex 7.96956 0.697246 172
    endloop
  endfacet
  facet normal 0 0 1
    outer loop
      vertex 4.48288 0.3922 172
      vertex 7.96956 0.697246 172
      vertex 7.87846 1.38918 172
    endloop
  endfacet
  facet normal 0 0 1
    outer loop
      vertex 8 0 172
      vertex 4.5 0 172
      vertex 7.96956 -0.697246 172
    endloop
  endfacet
  facet normal 0 0 1
    outer loop
      vertex 4.43163 0.781416 172
      vertex 7.87846 1.38918 172
      vertex 7.72741 2.07055 172
    endloop
  endfacet
  facet normal -0 0 1
    outer loop
      vertex 4.48288 -0.3922 172
      vertex 7.96956 -0.697246 172
      vertex 4.5 0 172
    endloop
  endfacet
  facet normal 0 0 1
    outer loop
      vertex 4.34667 1.16469 172
      vertex 7.72741 2.07055 172
      vertex 7.51754 2.73616 172
    endloop
  endfacet
  facet normal 0 0 1
    outer loop
      vertex 7.96956 -0.697246 172
      vertex 4.48288 -0.3922 172
      vertex 7.87846 -1.38918 172
    endloop
  endfacet
  facet normal 0 0 1
    outer loop
      vertex 4.22862 1.53909 172
      vertex 7.51754 2.73616 172
      vertex 7.25046 3.38095 172
    endloop
  endfacet
  facet normal -0 0 1
    outer loop
      vertex 4.43163 -0.781416 172
      vertex 7.87846 -1.38918 172
      vertex 4.48288 -0.3922 172
    endloop
  endfacet
  facet normal 0 0 1
    outer loop
      vertex 4.07838 1.90178 172
      vertex 7.25046 3.38095 172
      vertex 6.9282 4 172
    endloop
  endfacet
  facet normal 0 0 1
    outer loop
      vertex 7.87846 -1.38918 172
      vertex 4.43163 -0.781416 172
      vertex 7.72741 -2.07055 172
    endloop
  endfacet
  facet normal 0 0 1
    outer loop
      vertex 3.89711 2.25 172
      vertex 6.9282 4 172
      vertex 6.55322 4.58861 172
    endloop
  endfacet
  facet normal -0 0 1
    outer loop
      vertex 4.34667 -1.16469 172
      vertex 7.72741 -2.07055 172
      vertex 4.43163 -0.781416 172
    endloop
  endfacet
  facet normal 0 0 1
    outer loop
      vertex 3.68618 2.58109 172
      vertex 6.55322 4.58861 172
      vertex 6.12836 5.1423 172
    endloop
  endfacet
  facet normal 0 0 1
    outer loop
      vertex 7.72741 -2.07055 172
      vertex 4.34667 -1.16469 172
      vertex 7.51754 -2.73616 172
    endloop
  endfacet
  facet normal 0 0 1
    outer loop
      vertex 3.4472 2.89254 172
      vertex 6.12836 5.1423 172
      vertex 5.65685 5.65685 172
    endloop
  endfacet
  facet normal -0 0 1
    outer loop
      vertex 4.22862 -1.53909 172
      vertex 7.51754 -2.73616 172
      vertex 4.34667 -1.16469 172
    endloop
  endfacet
  facet normal 0 0 1
    outer loop
      vertex 3.18198 3.18198 172
      vertex 5.65685 5.65685 172
      vertex 5.1423 6.12836 172
    endloop
  endfacet
  facet normal 0 0 1
    outer loop
      vertex 7.51754 -2.73616 172
      vertex 4.22862 -1.53909 172
      vertex 7.25046 -3.38095 172
    endloop
  endfacet
  facet normal 0 0 1
    outer loop
      vertex 2.89254 3.4472 172
      vertex 5.1423 6.12836 172
      vertex 4.58861 6.55322 172
    endloop
  endfacet
  facet normal -0 0 1
    outer loop
      vertex 4.07838 -1.90178 172
      vertex 7.25046 -3.38095 172
      vertex 4.22862 -1.53909 172
    endloop
  endfacet
  facet normal 0 0 1
    outer loop
      vertex 7.25046 -3.38095 172
      vertex 4.07838 -1.90178 172
      vertex 6.9282 -4 172
    endloop
  endfacet
  facet normal 0 0 1
    outer loop
      vertex 7.96956 0.697246 172
      vertex 4.48288 0.3922 172
      vertex 4.5 0 172
    endloop
  endfacet
  facet normal 0 0 1
    outer loop
      vertex 7.87846 1.38918 172
      vertex 4.43163 0.781416 172
      vertex 4.48288 0.3922 172
    endloop
  endfacet
  facet normal 0 0 1
    outer loop
      vertex 7.72741 2.07055 172
      vertex 4.34667 1.16469 172
      vertex 4.43163 0.781416 172
    endloop
  endfacet
  facet normal 0 0 1
    outer loop
      vertex 7.51754 2.73616 172
      vertex 4.22862 1.53909 172
      vertex 4.34667 1.16469 172
    endloop
  endfacet
  facet normal 0 0 1
    outer loop
      vertex 7.25046 3.38095 172
      vertex 4.07838 1.90178 172
      vertex 4.22862 1.53909 172
    endloop
  endfacet
  facet normal 0 0 1
    outer loop
      vertex 2.58109 3.68618 172
      vertex 4.58861 6.55322 172
      vertex 4 6.9282 172
    endloop
  endfacet
  facet normal 0 0 1
    outer loop
      vertex 6.9282 4 172
      vertex 3.89711 2.25 172
      vertex 4.07838 1.90178 172
    endloop
  endfacet
  facet normal 0 0 1
    outer loop
      vertex 6.55322 4.58861 172
      vertex 3.68618 2.58109 172
      vertex 3.89711 2.25 172
    endloop
  endfacet
  facet normal 0 0 1
    outer loop
      vertex 6.12836 5.1423 172
      vertex 3.4472 2.89254 172
      vertex 3.68618 2.58109 172
    endloop
  endfacet
  facet normal 0 0 1
    outer loop
      vertex 2.25 3.89711 172
      vertex 4 6.9282 172
      vertex 3.38095 7.25046 172
    endloop
  endfacet
  facet normal 0 0 1
    outer loop
      vertex 5.65685 5.65685 172
      vertex 3.18198 3.18198 172
      vertex 3.4472 2.89254 172
    endloop
  endfacet
  facet normal 0 0 1
    outer loop
      vertex 5.1423 6.12836 172
      vertex 2.89254 3.4472 172
      vertex 3.18198 3.18198 172
    endloop
  endfacet
  facet normal 0 0 1
    outer loop
      vertex 1.90178 4.07838 172
      vertex 3.38095 7.25046 172
      vertex 2.73616 7.51754 172
    endloop
  endfacet
  facet normal 0 0 1
    outer loop
      vertex 4.58861 6.55322 172
      vertex 2.58109 3.68618 172
      vertex 2.89254 3.4472 172
    endloop
  endfacet
  facet normal 0 0 1
    outer loop
      vertex 4 6.9282 172
      vertex 2.25 3.89711 172
      vertex 2.58109 3.68618 172
    endloop
  endfacet
  facet normal 0 0 1
    outer loop
      vertex 1.53909 4.22862 172
      vertex 2.73616 7.51754 172
      vertex 2.07055 7.72741 172
    endloop
  endfacet
  facet normal 0 0 1
    outer loop
      vertex 3.38095 7.25046 172
      vertex 1.90178 4.07838 172
      vertex 2.25 3.89711 172
    endloop
  endfacet
  facet normal 0 0 1
    outer loop
      vertex 2.73616 7.51754 172
      vertex 1.53909 4.22862 172
      vertex 1.90178 4.07838 172
    endloop
  endfacet
  facet normal 0 0 1
    outer loop
      vertex 1.16469 4.34667 172
      vertex 2.07055 7.72741 172
      vertex 1.38918 7.87846 172
    endloop
  endfacet
  facet normal 0 0 1
    outer loop
      vertex 2.07055 7.72741 172
      vertex 1.16469 4.34667 172
      vertex 1.53909 4.22862 172
    endloop
  endfacet
  facet normal 0 0 1
    outer loop
      vertex 1.38918 7.87846 172
      vertex 0.781416 4.43163 172
      vertex 1.16469 4.34667 172
    endloop
  endfacet
  facet normal 0 0 1
    outer loop
      vertex 0.697246 7.96956 172
      vertex 0.781416 4.43163 172
      vertex 1.38918 7.87846 172
    endloop
  endfacet
  facet normal 0 0 1
    outer loop
      vertex 0.697246 7.96956 172
      vertex 0.3922 4.48288 172
      vertex 0.781416 4.43163 172
    endloop
  endfacet
  facet normal 0 0 1
    outer loop
      vertex 0 8 172
      vertex 0.3922 4.48288 172
      vertex 0.697246 7.96956 172
    endloop
  endfacet
  facet normal 0 0 1
    outer loop
      vertex 0 8 172
      vertex 0 4.5 172
      vertex 0.3922 4.48288 172
    endloop
  endfacet
  facet normal 0 0 1
    outer loop
      vertex 0 8 172
      vertex -0.3922 4.48288 172
      vertex 0 4.5 172
    endloop
  endfacet
  facet normal -0 0 1
    outer loop
      vertex -0.697246 7.96956 172
      vertex -0.3922 4.48288 172
      vertex 0 8 172
    endloop
  endfacet
  facet normal 0 0 1
    outer loop
      vertex -0.697246 7.96956 172
      vertex -0.781416 4.43163 172
      vertex -0.3922 4.48288 172
    endloop
  endfacet
  facet normal -0 0 1
    outer loop
      vertex -1.38918 7.87846 172
      vertex -0.781416 4.43163 172
      vertex -0.697246 7.96956 172
    endloop
  endfacet
  facet normal 0 0 1
    outer loop
      vertex -0.781416 4.43163 172
      vertex -1.38918 7.87846 172
      vertex -1.16469 4.34667 172
    endloop
  endfacet
  facet normal -0 0 1
    outer loop
      vertex -2.07055 7.72741 172
      vertex -1.16469 4.34667 172
      vertex -1.38918 7.87846 172
    endloop
  endfacet
  facet normal 0 0 1
    outer loop
      vertex -1.16469 4.34667 172
      vertex -2.07055 7.72741 172
      vertex -1.53909 4.22862 172
    endloop
  endfacet
  facet normal -0 0 1
    outer loop
      vertex -2.73616 7.51754 172
      vertex -1.53909 4.22862 172
      vertex -2.07055 7.72741 172
    endloop
  endfacet
  facet normal 0 0 1
    outer loop
      vertex -1.53909 4.22862 172
      vertex -2.73616 7.51754 172
      vertex -1.90178 4.07838 172
    endloop
  endfacet
  facet normal -0 0 1
    outer loop
      vertex -3.38095 7.25046 172
      vertex -1.90178 4.07838 172
      vertex -2.73616 7.51754 172
    endloop
  endfacet
  facet normal 0 0 1
    outer loop
      vertex -1.90178 4.07838 172
      vertex -3.38095 7.25046 172
      vertex -2.25 3.89711 172
    endloop
  endfacet
  facet normal -0 0 1
    outer loop
      vertex -4 6.9282 172
      vertex -2.25 3.89711 172
      vertex -3.38095 7.25046 172
    endloop
  endfacet
  facet normal 0 0 1
    outer loop
      vertex -2.25 3.89711 172
      vertex -4 6.9282 172
      vertex -2.58109 3.68618 172
    endloop
  endfacet
  facet normal -0 0 1
    outer loop
      vertex -4.58861 6.55322 172
      vertex -2.58109 3.68618 172
      vertex -4 6.9282 172
    endloop
  endfacet
  facet normal 0 0 1
    outer loop
      vertex -2.58109 3.68618 172
      vertex -4.58861 6.55322 172
      vertex -2.89254 3.4472 172
    endloop
  endfacet
  facet normal -0 0 1
    outer loop
      vertex -5.1423 6.12836 172
      vertex -2.89254 3.4472 172
      vertex -4.58861 6.55322 172
    endloop
  endfacet
  facet normal 0 0 1
    outer loop
      vertex -2.89254 3.4472 172
      vertex -5.1423 6.12836 172
      vertex -3.18198 3.18198 172
    endloop
  endfacet
  facet normal -0 0 1
    outer loop
      vertex -5.65685 5.65685 172
      vertex -3.18198 3.18198 172
      vertex -5.1423 6.12836 172
    endloop
  endfacet
  facet normal 0 0 1
    outer loop
      vertex -3.18198 3.18198 172
      vertex -5.65685 5.65685 172
      vertex -3.4472 2.89254 172
    endloop
  endfacet
  facet normal -0 0 1
    outer loop
      vertex -6.12836 5.1423 172
      vertex -3.4472 2.89254 172
      vertex -5.65685 5.65685 172
    endloop
  endfacet
  facet normal 0 0 1
    outer loop
      vertex -3.4472 2.89254 172
      vertex -6.12836 5.1423 172
      vertex -3.68618 2.58109 172
    endloop
  endfacet
  facet normal -0 0 1
    outer loop
      vertex -6.55322 4.58861 172
      vertex -3.68618 2.58109 172
      vertex -6.12836 5.1423 172
    endloop
  endfacet
  facet normal 0 0 1
    outer loop
      vertex -3.68618 2.58109 172
      vertex -6.55322 4.58861 172
      vertex -3.89711 2.25 172
    endloop
  endfacet
  facet normal 0 0 1
    outer loop
      vertex -3.89711 2.25 172
      vertex -6.9282 4 172
      vertex -4.07838 1.90178 172
    endloop
  endfacet
  facet normal -0 0 1
    outer loop
      vertex -6.9282 4 172
      vertex -3.89711 2.25 172
      vertex -6.55322 4.58861 172
    endloop
  endfacet
  facet normal -0 0 1
    outer loop
      vertex 3.89711 -2.25 172
      vertex 6.9282 -4 172
      vertex 4.07838 -1.90178 172
    endloop
  endfacet
  facet normal 0 0 1
    outer loop
      vertex 6.9282 -4 172
      vertex 3.89711 -2.25 172
      vertex 6.55322 -4.58861 172
    endloop
  endfacet
  facet normal -0 0 1
    outer loop
      vertex 3.68618 -2.58109 172
      vertex 6.55322 -4.58861 172
      vertex 3.89711 -2.25 172
    endloop
  endfacet
  facet normal 0 0 1
    outer loop
      vertex 6.55322 -4.58861 172
      vertex 3.68618 -2.58109 172
      vertex 6.12836 -5.1423 172
    endloop
  endfacet
  facet normal -0 0 1
    outer loop
      vertex 3.4472 -2.89254 172
      vertex 6.12836 -5.1423 172
      vertex 3.68618 -2.58109 172
    endloop
  endfacet
  facet normal 0 0 1
    outer loop
      vertex 6.12836 -5.1423 172
      vertex 3.4472 -2.89254 172
      vertex 5.65685 -5.65685 172
    endloop
  endfacet
  facet normal -0 0 1
    outer loop
      vertex 3.18198 -3.18198 172
      vertex 5.65685 -5.65685 172
      vertex 3.4472 -2.89254 172
    endloop
  endfacet
  facet normal 0 0 1
    outer loop
      vertex 5.65685 -5.65685 172
      vertex 3.18198 -3.18198 172
      vertex 5.1423 -6.12836 172
    endloop
  endfacet
  facet normal -0 0 1
    outer loop
      vertex 2.89254 -3.4472 172
      vertex 5.1423 -6.12836 172
      vertex 3.18198 -3.18198 172
    endloop
  endfacet
  facet normal 0 0 1
    outer loop
      vertex 5.1423 -6.12836 172
      vertex 2.89254 -3.4472 172
      vertex 4.58861 -6.55322 172
    endloop
  endfacet
  facet normal -0 0 1
    outer loop
      vertex 2.58109 -3.68618 172
      vertex 4.58861 -6.55322 172
      vertex 2.89254 -3.4472 172
    endloop
  endfacet
  facet normal 0 0 1
    outer loop
      vertex 4.58861 -6.55322 172
      vertex 2.58109 -3.68618 172
      vertex 4 -6.9282 172
    endloop
  endfacet
  facet normal -0 0 1
    outer loop
      vertex 2.25 -3.89711 172
      vertex 4 -6.9282 172
      vertex 2.58109 -3.68618 172
    endloop
  endfacet
  facet normal 0 0 1
    outer loop
      vertex 4 -6.9282 172
      vertex 2.25 -3.89711 172
      vertex 3.38095 -7.25046 172
    endloop
  endfacet
  facet normal -0 0 1
    outer loop
      vertex 1.90178 -4.07838 172
      vertex 3.38095 -7.25046 172
      vertex 2.25 -3.89711 172
    endloop
  endfacet
  facet normal 0 0 1
    outer loop
      vertex 3.38095 -7.25046 172
      vertex 1.90178 -4.07838 172
      vertex 2.73616 -7.51754 172
    endloop
  endfacet
  facet normal -0 0 1
    outer loop
      vertex 1.53909 -4.22862 172
      vertex 2.73616 -7.51754 172
      vertex 1.90178 -4.07838 172
    endloop
  endfacet
  facet normal 0 0 1
    outer loop
      vertex 2.73616 -7.51754 172
      vertex 1.53909 -4.22862 172
      vertex 2.07055 -7.72741 172
    endloop
  endfacet
  facet normal -0 0 1
    outer loop
      vertex 1.16469 -4.34667 172
      vertex 2.07055 -7.72741 172
      vertex 1.53909 -4.22862 172
    endloop
  endfacet
  facet normal 0 0 1
    outer loop
      vertex 2.07055 -7.72741 172
      vertex 1.16469 -4.34667 172
      vertex 1.38918 -7.87846 172
    endloop
  endfacet
  facet normal -0 0 1
    outer loop
      vertex 0.781416 -4.43163 172
      vertex 1.38918 -7.87846 172
      vertex 1.16469 -4.34667 172
    endloop
  endfacet
  facet normal 0 0 1
    outer loop
      vertex 0.781416 -4.43163 172
      vertex 0.697246 -7.96956 172
      vertex 1.38918 -7.87846 172
    endloop
  endfacet
  facet normal -0 0 1
    outer loop
      vertex 0.3922 -4.48288 172
      vertex 0.697246 -7.96956 172
      vertex 0.781416 -4.43163 172
    endloop
  endfacet
  facet normal -0 0 1
    outer loop
      vertex 0 -4.5 172
      vertex 0.697246 -7.96956 172
      vertex 0.3922 -4.48288 172
    endloop
  endfacet
  facet normal 0 0 1
    outer loop
      vertex 0 -4.5 172
      vertex 0 -8 172
      vertex 0.697246 -7.96956 172
    endloop
  endfacet
  facet normal 0 0 1
    outer loop
      vertex -0.3922 -4.48288 172
      vertex 0 -8 172
      vertex 0 -4.5 172
    endloop
  endfacet
  facet normal 0 0 1
    outer loop
      vertex -0.3922 -4.48288 172
      vertex -0.697246 -7.96956 172
      vertex 0 -8 172
    endloop
  endfacet
  facet normal 0 0 1
    outer loop
      vertex -0.781416 -4.43163 172
      vertex -0.697246 -7.96956 172
      vertex -0.3922 -4.48288 172
    endloop
  endfacet
  facet normal 0 0 1
    outer loop
      vertex -1.38918 -7.87846 172
      vertex -0.781416 -4.43163 172
      vertex -1.16469 -4.34667 172
    endloop
  endfacet
  facet normal 0 0 1
    outer loop
      vertex -0.781416 -4.43163 172
      vertex -1.38918 -7.87846 172
      vertex -0.697246 -7.96956 172
    endloop
  endfacet
  facet normal 0 0 1
    outer loop
      vertex -2.07055 -7.72741 172
      vertex -1.16469 -4.34667 172
      vertex -1.53909 -4.22862 172
    endloop
  endfacet
  facet normal 0 0 1
    outer loop
      vertex -2.73616 -7.51754 172
      vertex -1.53909 -4.22862 172
      vertex -1.90178 -4.07838 172
    endloop
  endfacet
  facet normal 0 0 1
    outer loop
      vertex -1.16469 -4.34667 172
      vertex -2.07055 -7.72741 172
      vertex -1.38918 -7.87846 172
    endloop
  endfacet
  facet normal 0 0 1
    outer loop
      vertex -3.38095 -7.25046 172
      vertex -1.90178 -4.07838 172
      vertex -2.25 -3.89711 172
    endloop
  endfacet
  facet normal 0 0 1
    outer loop
      vertex -4 -6.9282 172
      vertex -2.25 -3.89711 172
      vertex -2.58109 -3.68618 172
    endloop
  endfacet
  facet normal 0 0 1
    outer loop
      vertex -1.53909 -4.22862 172
      vertex -2.73616 -7.51754 172
      vertex -2.07055 -7.72741 172
    endloop
  endfacet
  facet normal 0 0 1
    outer loop
      vertex -4.58861 -6.55322 172
      vertex -2.58109 -3.68618 172
      vertex -2.89254 -3.4472 172
    endloop
  endfacet
  facet normal 0 0 1
    outer loop
      vertex -5.1423 -6.12836 172
      vertex -2.89254 -3.4472 172
      vertex -3.18198 -3.18198 172
    endloop
  endfacet
  facet normal 0 0 1
    outer loop
      vertex -1.90178 -4.07838 172
      vertex -3.38095 -7.25046 172
      vertex -2.73616 -7.51754 172
    endloop
  endfacet
  facet normal 0 0 1
    outer loop
      vertex -5.65685 -5.65685 172
      vertex -3.18198 -3.18198 172
      vertex -3.4472 -2.89254 172
    endloop
  endfacet
  facet normal 0 0 1
    outer loop
      vertex -6.12836 -5.1423 172
      vertex -3.4472 -2.89254 172
      vertex -3.68618 -2.58109 172
    endloop
  endfacet
  facet normal 0 0 1
    outer loop
      vertex -6.55322 -4.58861 172
      vertex -3.68618 -2.58109 172
      vertex -3.89711 -2.25 172
    endloop
  endfacet
  facet normal 0 0 1
    outer loop
      vertex -2.25 -3.89711 172
      vertex -4 -6.9282 172
      vertex -3.38095 -7.25046 172
    endloop
  endfacet
  facet normal 0 0 1
    outer loop
      vertex -6.9282 -4 172
      vertex -3.89711 -2.25 172
      vertex -4.07838 -1.90178 172
    endloop
  endfacet
  facet normal 0 0 1
    outer loop
      vertex -7.25046 -3.38095 172
      vertex -4.07838 -1.90178 172
      vertex -4.22862 -1.53909 172
    endloop
  endfacet
  facet normal 0 0 1
    outer loop
      vertex -7.51754 -2.73616 172
      vertex -4.22862 -1.53909 172
      vertex -4.34667 -1.16469 172
    endloop
  endfacet
  facet normal 0 0 1
    outer loop
      vertex -7.72741 -2.07055 172
      vertex -4.34667 -1.16469 172
      vertex -4.43163 -0.781416 172
    endloop
  endfacet
  facet normal 0 0 1
    outer loop
      vertex -7.87846 -1.38918 172
      vertex -4.43163 -0.781416 172
      vertex -4.48288 -0.3922 172
    endloop
  endfacet
  facet normal 0 0 1
    outer loop
      vertex -2.58109 -3.68618 172
      vertex -4.58861 -6.55322 172
      vertex -4 -6.9282 172
    endloop
  endfacet
  facet normal 0 0 1
    outer loop
      vertex -7.96956 -0.697246 172
      vertex -4.48288 -0.3922 172
      vertex -4.5 0 172
    endloop
  endfacet
  facet normal -0 0 1
    outer loop
      vertex -7.25046 3.38095 172
      vertex -4.07838 1.90178 172
      vertex -6.9282 4 172
    endloop
  endfacet
  facet normal 0 0 1
    outer loop
      vertex -4.07838 1.90178 172
      vertex -7.25046 3.38095 172
      vertex -4.22862 1.53909 172
    endloop
  endfacet
  facet normal 0 0 1
    outer loop
      vertex -2.89254 -3.4472 172
      vertex -5.1423 -6.12836 172
      vertex -4.58861 -6.55322 172
    endloop
  endfacet
  facet normal -0 0 1
    outer loop
      vertex -7.51754 2.73616 172
      vertex -4.22862 1.53909 172
      vertex -7.25046 3.38095 172
    endloop
  endfacet
  facet normal 0 0 1
    outer loop
      vertex -3.18198 -3.18198 172
      vertex -5.65685 -5.65685 172
      vertex -5.1423 -6.12836 172
    endloop
  endfacet
  facet normal 0 0 1
    outer loop
      vertex -4.22862 1.53909 172
      vertex -7.51754 2.73616 172
      vertex -4.34667 1.16469 172
    endloop
  endfacet
  facet normal 0 0 1
    outer loop
      vertex -3.4472 -2.89254 172
      vertex -6.12836 -5.1423 172
      vertex -5.65685 -5.65685 172
    endloop
  endfacet
  facet normal -0 0 1
    outer loop
      vertex -7.72741 2.07055 172
      vertex -4.34667 1.16469 172
      vertex -7.51754 2.73616 172
    endloop
  endfacet
  facet normal 0 0 1
    outer loop
      vertex -3.68618 -2.58109 172
      vertex -6.55322 -4.58861 172
      vertex -6.12836 -5.1423 172
    endloop
  endfacet
  facet normal 0 0 1
    outer loop
      vertex -4.34667 1.16469 172
      vertex -7.72741 2.07055 172
      vertex -4.43163 0.781416 172
    endloop
  endfacet
  facet normal 0 0 1
    outer loop
      vertex -3.89711 -2.25 172
      vertex -6.9282 -4 172
      vertex -6.55322 -4.58861 172
    endloop
  endfacet
  facet normal -0 0 1
    outer loop
      vertex -7.87846 1.38918 172
      vertex -4.43163 0.781416 172
      vertex -7.72741 2.07055 172
    endloop
  endfacet
  facet normal 0 0 1
    outer loop
      vertex -4.07838 -1.90178 172
      vertex -7.25046 -3.38095 172
      vertex -6.9282 -4 172
    endloop
  endfacet
  facet normal 0 0 1
    outer loop
      vertex -4.43163 0.781416 172
      vertex -7.87846 1.38918 172
      vertex -4.48288 0.3922 172
    endloop
  endfacet
  facet normal 0 0 1
    outer loop
      vertex -4.22862 -1.53909 172
      vertex -7.51754 -2.73616 172
      vertex -7.25046 -3.38095 172
    endloop
  endfacet
  facet normal -0 0 1
    outer loop
      vertex -7.96956 0.697246 172
      vertex -4.48288 0.3922 172
      vertex -7.87846 1.38918 172
    endloop
  endfacet
  facet normal 0 0 1
    outer loop
      vertex -4.34667 -1.16469 172
      vertex -7.72741 -2.07055 172
      vertex -7.51754 -2.73616 172
    endloop
  endfacet
  facet normal 0 0 1
    outer loop
      vertex -4.48288 0.3922 172
      vertex -7.96956 0.697246 172
      vertex -4.5 0 172
    endloop
  endfacet
  facet normal 0 0 1
    outer loop
      vertex -4.43163 -0.781416 172
      vertex -7.87846 -1.38918 172
      vertex -7.72741 -2.07055 172
    endloop
  endfacet
  facet normal 0 0 1
    outer loop
      vertex -8 0 172
      vertex -4.5 0 172
      vertex -7.96956 0.697246 172
    endloop
  endfacet
  facet normal 0 0 1
    outer loop
      vertex -4.48288 -0.3922 172
      vertex -7.96956 -0.697246 172
      vertex -7.87846 -1.38918 172
    endloop
  endfacet
  facet normal 0 0 1
    outer loop
      vertex -4.5 0 172
      vertex -8 0 172
      vertex -7.96956 -0.697246 172
    endloop
  endfacet
  facet normal -0.923884 -0.382674 -1.73233e-06
    outer loop
      vertex -7.25046 -3.38095 1.15
      vertex -7.51754 -2.73616 5
      vertex -7.33726 -3.17139 1.15
    endloop
  endfacet
  facet normal -0.923878 -0.382687 0
    outer loop
      vertex -7.33726 -3.17139 1.15
      vertex -7.51754 -2.73616 5
      vertex -7.51754 -2.73616 1.15
    endloop
  endfacet
  facet normal -0.92388 -0.382682 0
    outer loop
      vertex -7.51754 -2.73616 5
      vertex -7.25046 -3.38095 1.15
      vertex -7.51754 -2.73616 9
    endloop
  endfacet
  facet normal -0.92388 -0.382682 -0
    outer loop
      vertex -7.25046 -3.38095 172
      vertex -7.51754 -2.73616 9
      vertex -7.25046 -3.38095 1.15
    endloop
  endfacet
  facet normal -0.92388 -0.382682 0
    outer loop
      vertex -7.51754 -2.73616 9
      vertex -7.25046 -3.38095 172
      vertex -7.51754 -2.73616 172
    endloop
  endfacet
  facet normal 0.461752 -0.887009 1.99845e-08
    outer loop
      vertex 3.38095 -7.25046 172
      vertex 3.58214 -7.14573 1.15
      vertex 4 -6.9282 172
    endloop
  endfacet
  facet normal 0.461739 -0.887016 0
    outer loop
      vertex 3.38095 -7.25046 1.15
      vertex 3.58214 -7.14573 1.15
      vertex 3.38095 -7.25046 172
    endloop
  endfacet
  facet normal 0.461758 -0.887006 0
    outer loop
      vertex 4 -6.9282 1.15
      vertex 4 -6.9282 172
      vertex 3.58214 -7.14573 1.15
    endloop
  endfacet
  facet normal 0.92388 0.382682 0
    outer loop
      vertex 7.51754 2.73616 9
      vertex 7.25046 3.38095 1.15
      vertex 7.25046 3.38095 172
    endloop
  endfacet
  facet normal 0.92388 0.382682 -0
    outer loop
      vertex 7.51754 2.73616 5
      vertex 7.25046 3.38095 1.15
      vertex 7.51754 2.73616 9
    endloop
  endfacet
  facet normal 0.92388 0.382682 0
    outer loop
      vertex 7.51754 2.73616 172
      vertex 7.51754 2.73616 9
      vertex 7.25046 3.38095 172
    endloop
  endfacet
  facet normal 0.923884 0.382674 -1.73233e-06
    outer loop
      vertex 7.25046 3.38095 1.15
      vertex 7.51754 2.73616 5
      vertex 7.33726 3.17139 1.15
    endloop
  endfacet
  facet normal 0.923878 0.382687 0
    outer loop
      vertex 7.51754 2.73616 5
      vertex 7.51754 2.73616 1.15
      vertex 7.33726 3.17139 1.15
    endloop
  endfacet
  facet normal -0.461752 0.887009 1.99845e-08
    outer loop
      vertex -3.38095 7.25046 172
      vertex -3.58214 7.14573 1.15
      vertex -4 6.9282 172
    endloop
  endfacet
  facet normal -0.461739 0.887016 0
    outer loop
      vertex -3.38095 7.25046 1.15
      vertex -3.58214 7.14573 1.15
      vertex -3.38095 7.25046 172
    endloop
  endfacet
  facet normal -0.461758 0.887006 0
    outer loop
      vertex -4 6.9282 1.15
      vertex -4 6.9282 172
      vertex -3.58214 7.14573 1.15
    endloop
  endfacet
  facet normal 0.991444 -0.130533 0
    outer loop
      vertex 7.87846 -1.38918 172
      vertex 7.96956 -0.697246 9
      vertex 7.96956 -0.697246 172
    endloop
  endfacet
  facet normal 0.991444 -0.130533 0
    outer loop
      vertex 7.96956 -0.697246 9
      vertex 7.87846 -1.38918 172
      vertex 7.87846 -1.38918 9
    endloop
  endfacet
  facet normal 0.991445 -0.130529 0
    outer loop
      vertex 7.96956 -0.697246 5
      vertex 7.90807 -1.1643 1.15
      vertex 7.96956 -0.697246 1.15
    endloop
  endfacet
  facet normal 0.991444 -0.130533 5.94633e-07
    outer loop
      vertex 7.87846 -1.38918 5
      vertex 7.90807 -1.1643 1.15
      vertex 7.96956 -0.697246 5
    endloop
  endfacet
  facet normal 0.991443 -0.130543 0
    outer loop
      vertex 7.90807 -1.1643 1.15
      vertex 7.87846 -1.38918 5
      vertex 7.87846 -1.38918 1.15
    endloop
  endfacet
  facet normal -0.382682 0.92388 -1.26871e-08
    outer loop
      vertex -2.73616 7.51754 172
      vertex -3.17139 7.33726 1.15
      vertex -3.38095 7.25046 172
    endloop
  endfacet
  facet normal -0.382687 0.923878 0
    outer loop
      vertex -2.73616 7.51754 172
      vertex -2.73616 7.51754 1.15
      vertex -3.17139 7.33726 1.15
    endloop
  endfacet
  facet normal -0.382674 0.923884 0
    outer loop
      vertex -3.38095 7.25046 172
      vertex -3.17139 7.33726 1.15
      vertex -3.38095 7.25046 1.15
    endloop
  endfacet
  facet normal -0.60876 -0.793354 0
    outer loop
      vertex -5.1423 -6.12836 172
      vertex -4.58861 -6.55322 1.15
      vertex -4.58861 -6.55322 172
    endloop
  endfacet
  facet normal -0.608774 -0.793344 -6.93122e-08
    outer loop
      vertex -5.1423 -6.12836 172
      vertex -4.96235 -6.26643 1.15
      vertex -4.58861 -6.55322 1.15
    endloop
  endfacet
  facet normal -0.608732 -0.793376 0
    outer loop
      vertex -5.1423 -6.12836 1.15
      vertex -4.96235 -6.26643 1.15
      vertex -5.1423 -6.12836 172
    endloop
  endfacet
  facet normal 0.216431 -0.976298 1.31602e-08
    outer loop
      vertex 1.38918 -7.87846 172
      vertex 1.61063 -7.82937 1.15
      vertex 2.07055 -7.72741 172
    endloop
  endfacet
  facet normal 0.216422 -0.9763 0
    outer loop
      vertex 1.61063 -7.82937 1.15
      vertex 1.38918 -7.87846 172
      vertex 1.38918 -7.87846 1.15
    endloop
  endfacet
  facet normal 0.216436 -0.976297 0
    outer loop
      vertex 2.07055 -7.72741 172
      vertex 1.61063 -7.82937 1.15
      vertex 2.07055 -7.72741 1.15
    endloop
  endfacet
  facet normal -0.675599 -0.737269 0
    outer loop
      vertex -5.65685 -5.65685 1.15
      vertex -5.1423 -6.12836 172
      vertex -5.65685 -5.65685 172
    endloop
  endfacet
  facet normal -0.675602 -0.737267 1.21176e-08
    outer loop
      vertex -5.30953 -5.97512 1.15
      vertex -5.1423 -6.12836 172
      vertex -5.65685 -5.65685 1.15
    endloop
  endfacet
  facet normal -0.675595 -0.737273 -0
    outer loop
      vertex -5.1423 -6.12836 172
      vertex -5.30953 -5.97512 1.15
      vertex -5.1423 -6.12836 1.15
    endloop
  endfacet
  facet normal -0.216431 0.976298 1.31602e-08
    outer loop
      vertex -1.38918 7.87846 172
      vertex -1.61063 7.82937 1.15
      vertex -2.07055 7.72741 172
    endloop
  endfacet
  facet normal -0.216422 0.9763 0
    outer loop
      vertex -1.61063 7.82937 1.15
      vertex -1.38918 7.87846 172
      vertex -1.38918 7.87846 1.15
    endloop
  endfacet
  facet normal -0.216436 0.976297 0
    outer loop
      vertex -2.07055 7.72741 172
      vertex -1.61063 7.82937 1.15
      vertex -2.07055 7.72741 1.15
    endloop
  endfacet
  facet normal -0.923878 0.382687 0
    outer loop
      vertex -7.51754 2.73616 1.15
      vertex -7.51754 2.73616 5
      vertex -7.33726 3.17139 1.15
    endloop
  endfacet
  facet normal -0.923884 0.382674 -1.73233e-06
    outer loop
      vertex -7.51754 2.73616 5
      vertex -7.25046 3.38095 1.15
      vertex -7.33726 3.17139 1.15
    endloop
  endfacet
  facet normal -0.92388 0.382682 0
    outer loop
      vertex -7.25046 3.38095 1.15
      vertex -7.51754 2.73616 5
      vertex -7.51754 2.73616 9
    endloop
  endfacet
  facet normal -0.92388 0.382682 0
    outer loop
      vertex -7.25046 3.38095 1.15
      vertex -7.51754 2.73616 9
      vertex -7.25046 3.38095 172
    endloop
  endfacet
  facet normal -0.92388 0.382682 0
    outer loop
      vertex -7.25046 3.38095 172
      vertex -7.51754 2.73616 9
      vertex -7.51754 2.73616 172
    endloop
  endfacet
  facet normal -0.953715 -0.300711 0
    outer loop
      vertex -7.51754 -2.73616 9
      vertex -7.72741 -2.07055 172
      vertex -7.72741 -2.07055 9
    endloop
  endfacet
  facet normal -0.953715 -0.300711 0
    outer loop
      vertex -7.72741 -2.07055 172
      vertex -7.51754 -2.73616 9
      vertex -7.51754 -2.73616 172
    endloop
  endfacet
  facet normal -0.953717 -0.300705 0
    outer loop
      vertex -7.58575 -2.51984 1.15
      vertex -7.72741 -2.07055 5
      vertex -7.72741 -2.07055 1.15
    endloop
  endfacet
  facet normal -0.953711 -0.300724 -0
    outer loop
      vertex -7.51754 -2.73616 5
      vertex -7.58575 -2.51984 1.15
      vertex -7.51754 -2.73616 1.15
    endloop
  endfacet
  facet normal -0.953715 -0.300711 8.11213e-07
    outer loop
      vertex -7.58575 -2.51984 1.15
      vertex -7.51754 -2.73616 5
      vertex -7.72741 -2.07055 5
    endloop
  endfacet
  facet normal 0.793344 -0.608774 0
    outer loop
      vertex 6.55322 -4.58861 172
      vertex 6.26643 -4.96235 1.15
      vertex 6.55322 -4.58861 1.15
    endloop
  endfacet
  facet normal 0.793376 -0.608732 -1.43961e-07
    outer loop
      vertex 6.55322 -4.58861 172
      vertex 6.12836 -5.1423 1.15
      vertex 6.26643 -4.96235 1.15
    endloop
  endfacet
  facet normal 0.793354 -0.60876 0
    outer loop
      vertex 6.12836 -5.1423 172
      vertex 6.12836 -5.1423 1.15
      vertex 6.55322 -4.58861 172
    endloop
  endfacet
  facet normal -0.382682 -0.92388 0
    outer loop
      vertex -3.38095 -7.25046 1.15
      vertex -2.73616 -7.51754 172
      vertex -3.38095 -7.25046 172
    endloop
  endfacet
  facet normal -0.382674 -0.923884 -3.90369e-08
    outer loop
      vertex -3.17139 -7.33726 1.15
      vertex -2.73616 -7.51754 172
      vertex -3.38095 -7.25046 1.15
    endloop
  endfacet
  facet normal -0.382687 -0.923878 0
    outer loop
      vertex -2.73616 -7.51754 1.15
      vertex -2.73616 -7.51754 172
      vertex -3.17139 -7.33726 1.15
    endloop
  endfacet
  facet normal 0.537294 -0.843395 0
    outer loop
      vertex 4 -6.9282 1.15
      vertex 4.58861 -6.55322 172
      vertex 4 -6.9282 172
    endloop
  endfacet
  facet normal 0.537295 -0.843395 -5.84995e-09
    outer loop
      vertex 4.1913 -6.80633 1.15
      vertex 4.58861 -6.55322 172
      vertex 4 -6.9282 1.15
    endloop
  endfacet
  facet normal 0.537293 -0.843396 0
    outer loop
      vertex 4.58861 -6.55322 172
      vertex 4.1913 -6.80633 1.15
      vertex 4.58861 -6.55322 1.15
    endloop
  endfacet
  facet normal -0.461752 -0.887009 1.99845e-08
    outer loop
      vertex -4 -6.9282 172
      vertex -3.58214 -7.14573 1.15
      vertex -3.38095 -7.25046 172
    endloop
  endfacet
  facet normal -0.461758 -0.887006 0
    outer loop
      vertex -4 -6.9282 1.15
      vertex -3.58214 -7.14573 1.15
      vertex -4 -6.9282 172
    endloop
  endfacet
  facet normal -0.461739 -0.887016 0
    outer loop
      vertex -3.38095 -7.25046 1.15
      vertex -3.38095 -7.25046 172
      vertex -3.58214 -7.14573 1.15
    endloop
  endfacet
  facet normal -0.999048 0.0436159 0
    outer loop
      vertex -8 0 9
      vertex -7.96956 0.697246 172
      vertex -7.96956 0.697246 9
    endloop
  endfacet
  facet normal -0.999048 0.0436159 0
    outer loop
      vertex -7.96956 0.697246 172
      vertex -8 0 9
      vertex -8 0 172
    endloop
  endfacet
  facet normal -1 0 0
    outer loop
      vertex -7.96956 0.697245 1.15
      vertex -7.96956 0.697246 5
      vertex -7.96956 0.697246 1.15
    endloop
  endfacet
  facet normal -0.999048 0.0436224 -1.13305e-08
    outer loop
      vertex -7.99011 0.226605 1.15
      vertex -7.96956 0.697246 5
      vertex -7.96956 0.697245 1.15
    endloop
  endfacet
  facet normal -0.999049 0.0436027 0
    outer loop
      vertex -8 0 5
      vertex -7.99011 0.226605 1.15
      vertex -8 0 1.15
    endloop
  endfacet
  facet normal -0.999048 0.0436159 7.79046e-07
    outer loop
      vertex -7.99011 0.226605 1.15
      vertex -8 0 5
      vertex -7.96956 0.697246 5
    endloop
  endfacet
  facet normal -0.976298 0.216431 0
    outer loop
      vertex -7.87846 1.38918 9
      vertex -7.72741 2.07055 172
      vertex -7.72741 2.07055 9
    endloop
  endfacet
  facet normal -0.976298 0.216431 0
    outer loop
      vertex -7.72741 2.07055 172
      vertex -7.87846 1.38918 9
      vertex -7.87846 1.38918 172
    endloop
  endfacet
  facet normal -0.976297 0.216436 0
    outer loop
      vertex -7.82937 1.61063 1.15
      vertex -7.72741 2.07055 5
      vertex -7.72741 2.07055 1.15
    endloop
  endfacet
  facet normal -0.9763 0.216422 0
    outer loop
      vertex -7.87846 1.38918 5
      vertex -7.82937 1.61063 1.15
      vertex -7.87846 1.38918 1.15
    endloop
  endfacet
  facet normal -0.976298 0.216431 5.84005e-07
    outer loop
      vertex -7.82937 1.61063 1.15
      vertex -7.87846 1.38918 5
      vertex -7.72741 2.07055 5
    endloop
  endfacet
  facet normal 0.537294 0.843395 -1.90125e-09
    outer loop
      vertex 4.58861 6.55322 172
      vertex 4.1913 6.80633 1.15
      vertex 4 6.9282 172
    endloop
  endfacet
  facet normal 0.537293 0.843396 0
    outer loop
      vertex 4.1913 6.80633 1.15
      vertex 4.58861 6.55322 172
      vertex 4.58861 6.55322 1.15
    endloop
  endfacet
  facet normal 0.537295 0.843395 0
    outer loop
      vertex 4 6.9282 172
      vertex 4.1913 6.80633 1.15
      vertex 4 6.9282 1.15
    endloop
  endfacet
  facet normal 0.976298 -0.216431 0
    outer loop
      vertex 7.72741 -2.07055 172
      vertex 7.87846 -1.38918 9
      vertex 7.87846 -1.38918 172
    endloop
  endfacet
  facet normal 0.976298 -0.216431 0
    outer loop
      vertex 7.87846 -1.38918 9
      vertex 7.72741 -2.07055 172
      vertex 7.72741 -2.07055 9
    endloop
  endfacet
  facet normal 0.9763 -0.216422 0
    outer loop
      vertex 7.87846 -1.38918 5
      vertex 7.82937 -1.61063 1.15
      vertex 7.87846 -1.38918 1.15
    endloop
  endfacet
  facet normal 0.976298 -0.216431 5.84005e-07
    outer loop
      vertex 7.72741 -2.07055 5
      vertex 7.82937 -1.61063 1.15
      vertex 7.87846 -1.38918 5
    endloop
  endfacet
  facet normal 0.976297 -0.216436 0
    outer loop
      vertex 7.82937 -1.61063 1.15
      vertex 7.72741 -2.07055 5
      vertex 7.72741 -2.07055 1.15
    endloop
  endfacet
  facet normal -0.843396 0.537293 0
    outer loop
      vertex -6.80633 4.1913 1.15
      vertex -6.55322 4.58861 172
      vertex -6.55322 4.58861 1.15
    endloop
  endfacet
  facet normal -0.843395 0.537295 -5.84995e-09
    outer loop
      vertex -6.9282 4 1.15
      vertex -6.55322 4.58861 172
      vertex -6.80633 4.1913 1.15
    endloop
  endfacet
  facet normal -0.843395 0.537294 0
    outer loop
      vertex -6.55322 4.58861 172
      vertex -6.9282 4 1.15
      vertex -6.9282 4 172
    endloop
  endfacet
  facet normal 0.461752 0.887009 1.99845e-08
    outer loop
      vertex 4 6.9282 172
      vertex 3.58214 7.14573 1.15
      vertex 3.38095 7.25046 172
    endloop
  endfacet
  facet normal 0.461758 0.887006 -0
    outer loop
      vertex 4 6.9282 1.15
      vertex 3.58214 7.14573 1.15
      vertex 4 6.9282 172
    endloop
  endfacet
  facet normal 0.461739 0.887016 -0
    outer loop
      vertex 3.38095 7.25046 1.15
      vertex 3.38095 7.25046 172
      vertex 3.58214 7.14573 1.15
    endloop
  endfacet
  facet normal 0.130533 -0.991444 0
    outer loop
      vertex 0.697246 -7.96956 1.15
      vertex 1.38918 -7.87846 172
      vertex 0.697246 -7.96956 172
    endloop
  endfacet
  facet normal 0.130529 -0.991445 1.98515e-08
    outer loop
      vertex 1.1643 -7.90807 1.15
      vertex 1.38918 -7.87846 172
      vertex 0.697246 -7.96956 1.15
    endloop
  endfacet
  facet normal 0.130543 -0.991443 0
    outer loop
      vertex 1.38918 -7.87846 1.15
      vertex 1.38918 -7.87846 172
      vertex 1.1643 -7.90807 1.15
    endloop
  endfacet
  facet normal -0.130533 0.991444 0
    outer loop
      vertex -0.697246 7.96956 1.15
      vertex -1.38918 7.87846 172
      vertex -0.697246 7.96956 172
    endloop
  endfacet
  facet normal -0.130529 0.991445 1.98515e-08
    outer loop
      vertex -1.1643 7.90807 1.15
      vertex -1.38918 7.87846 172
      vertex -0.697246 7.96956 1.15
    endloop
  endfacet
  facet normal -0.130543 0.991443 0
    outer loop
      vertex -1.38918 7.87846 1.15
      vertex -1.38918 7.87846 172
      vertex -1.1643 7.90807 1.15
    endloop
  endfacet
  facet normal 0.60876 0.793354 0
    outer loop
      vertex 5.1423 6.12836 172
      vertex 4.58861 6.55322 1.15
      vertex 4.58861 6.55322 172
    endloop
  endfacet
  facet normal 0.608774 0.793344 -6.93122e-08
    outer loop
      vertex 5.1423 6.12836 172
      vertex 4.96235 6.26643 1.15
      vertex 4.58861 6.55322 1.15
    endloop
  endfacet
  facet normal 0.608732 0.793376 -0
    outer loop
      vertex 5.1423 6.12836 1.15
      vertex 4.96235 6.26643 1.15
      vertex 5.1423 6.12836 172
    endloop
  endfacet
  facet normal 0.999048 -0.0436159 0
    outer loop
      vertex 7.96956 -0.697246 172
      vertex 8 0 9
      vertex 8 0 172
    endloop
  endfacet
  facet normal 0.999048 -0.0436159 0
    outer loop
      vertex 8 0 9
      vertex 7.96956 -0.697246 172
      vertex 7.96956 -0.697246 9
    endloop
  endfacet
  facet normal 0.999049 -0.0436027 0
    outer loop
      vertex 8 0 5
      vertex 7.99011 -0.226605 1.15
      vertex 8 0 1.15
    endloop
  endfacet
  facet normal 0.999048 -0.0436159 7.79046e-07
    outer loop
      vertex 7.96956 -0.697246 5
      vertex 7.99011 -0.226605 1.15
      vertex 8 0 5
    endloop
  endfacet
  facet normal 0.999048 -0.0436224 -1.13305e-08
    outer loop
      vertex 7.99011 -0.226605 1.15
      vertex 7.96956 -0.697246 5
      vertex 7.96956 -0.697245 1.15
    endloop
  endfacet
  facet normal 1 0 0
    outer loop
      vertex 7.96956 -0.697245 1.15
      vertex 7.96956 -0.697246 5
      vertex 7.96956 -0.697246 1.15
    endloop
  endfacet
  facet normal -0.991444 0.130533 0
    outer loop
      vertex -7.96956 0.697246 9
      vertex -7.87846 1.38918 172
      vertex -7.87846 1.38918 9
    endloop
  endfacet
  facet normal -0.991444 0.130533 0
    outer loop
      vertex -7.87846 1.38918 172
      vertex -7.96956 0.697246 9
      vertex -7.96956 0.697246 172
    endloop
  endfacet
  facet normal -0.991443 0.130543 0
    outer loop
      vertex -7.90807 1.1643 1.15
      vertex -7.87846 1.38918 5
      vertex -7.87846 1.38918 1.15
    endloop
  endfacet
  facet normal -0.991445 0.130529 0
    outer loop
      vertex -7.96956 0.697246 5
      vertex -7.90807 1.1643 1.15
      vertex -7.96956 0.697246 1.15
    endloop
  endfacet
  facet normal -0.991444 0.130533 5.94633e-07
    outer loop
      vertex -7.90807 1.1643 1.15
      vertex -7.96956 0.697246 5
      vertex -7.87846 1.38918 5
    endloop
  endfacet
  facet normal 0.130533 0.991444 0
    outer loop
      vertex 1.38918 7.87846 172
      vertex 0.697246 7.96956 1.15
      vertex 0.697246 7.96956 172
    endloop
  endfacet
  facet normal 0.130529 0.991445 1.98515e-08
    outer loop
      vertex 1.38918 7.87846 172
      vertex 1.1643 7.90807 1.15
      vertex 0.697246 7.96956 1.15
    endloop
  endfacet
  facet normal 0.130543 0.991443 -0
    outer loop
      vertex 1.38918 7.87846 1.15
      vertex 1.1643 7.90807 1.15
      vertex 1.38918 7.87846 172
    endloop
  endfacet
  facet normal 0.60876 -0.793354 0
    outer loop
      vertex 4.58861 -6.55322 1.15
      vertex 5.1423 -6.12836 172
      vertex 4.58861 -6.55322 172
    endloop
  endfacet
  facet normal 0.608774 -0.793344 -6.93122e-08
    outer loop
      vertex 4.96235 -6.26643 1.15
      vertex 5.1423 -6.12836 172
      vertex 4.58861 -6.55322 1.15
    endloop
  endfacet
  facet normal 0.608732 -0.793376 0
    outer loop
      vertex 5.1423 -6.12836 1.15
      vertex 5.1423 -6.12836 172
      vertex 4.96235 -6.26643 1.15
    endloop
  endfacet
  facet normal -0.130533 -0.991444 0
    outer loop
      vertex -1.38918 -7.87846 172
      vertex -0.697246 -7.96956 1.15
      vertex -0.697246 -7.96956 172
    endloop
  endfacet
  facet normal -0.130529 -0.991445 1.98515e-08
    outer loop
      vertex -1.38918 -7.87846 172
      vertex -1.1643 -7.90807 1.15
      vertex -0.697246 -7.96956 1.15
    endloop
  endfacet
  facet normal -0.130543 -0.991443 0
    outer loop
      vertex -1.38918 -7.87846 1.15
      vertex -1.1643 -7.90807 1.15
      vertex -1.38918 -7.87846 172
    endloop
  endfacet
  facet normal -0.737267 0.675602 0
    outer loop
      vertex -5.97512 5.30953 1.15
      vertex -5.65685 5.65685 172
      vertex -5.65685 5.65685 1.15
    endloop
  endfacet
  facet normal -0.737273 0.675595 2.51673e-08
    outer loop
      vertex -6.12836 5.1423 1.15
      vertex -5.65685 5.65685 172
      vertex -5.97512 5.30953 1.15
    endloop
  endfacet
  facet normal -0.737269 0.675599 0
    outer loop
      vertex -5.65685 5.65685 172
      vertex -6.12836 5.1423 1.15
      vertex -6.12836 5.1423 172
    endloop
  endfacet
  facet normal 0.953715 0.300711 0
    outer loop
      vertex 7.72741 2.07055 172
      vertex 7.51754 2.73616 9
      vertex 7.51754 2.73616 172
    endloop
  endfacet
  facet normal 0.953715 0.300711 0
    outer loop
      vertex 7.51754 2.73616 9
      vertex 7.72741 2.07055 172
      vertex 7.72741 2.07055 9
    endloop
  endfacet
  facet normal 0.953711 0.300724 0
    outer loop
      vertex 7.51754 2.73616 5
      vertex 7.58575 2.51984 1.15
      vertex 7.51754 2.73616 1.15
    endloop
  endfacet
  facet normal 0.953715 0.300711 8.11213e-07
    outer loop
      vertex 7.72741 2.07055 5
      vertex 7.58575 2.51984 1.15
      vertex 7.51754 2.73616 5
    endloop
  endfacet
  facet normal 0.953717 0.300705 0
    outer loop
      vertex 7.58575 2.51984 1.15
      vertex 7.72741 2.07055 5
      vertex 7.72741 2.07055 1.15
    endloop
  endfacet
  facet normal 0.843395 -0.537295 0
    outer loop
      vertex 6.9282 -4 172
      vertex 6.80633 -4.1913 1.15
      vertex 6.9282 -4 1.15
    endloop
  endfacet
  facet normal 0.843395 -0.537294 -1.90125e-09
    outer loop
      vertex 6.55322 -4.58861 172
      vertex 6.80633 -4.1913 1.15
      vertex 6.9282 -4 172
    endloop
  endfacet
  facet normal 0.843396 -0.537293 0
    outer loop
      vertex 6.80633 -4.1913 1.15
      vertex 6.55322 -4.58861 172
      vertex 6.55322 -4.58861 1.15
    endloop
  endfacet
  facet normal -0.60876 0.793354 0
    outer loop
      vertex -4.58861 6.55322 1.15
      vertex -5.1423 6.12836 172
      vertex -4.58861 6.55322 172
    endloop
  endfacet
  facet normal -0.608774 0.793344 -6.93122e-08
    outer loop
      vertex -4.96235 6.26643 1.15
      vertex -5.1423 6.12836 172
      vertex -4.58861 6.55322 1.15
    endloop
  endfacet
  facet normal -0.608732 0.793376 0
    outer loop
      vertex -5.1423 6.12836 1.15
      vertex -5.1423 6.12836 172
      vertex -4.96235 6.26643 1.15
    endloop
  endfacet
  facet normal 0.953715 -0.300711 0
    outer loop
      vertex 7.51754 -2.73616 172
      vertex 7.72741 -2.07055 9
      vertex 7.72741 -2.07055 172
    endloop
  endfacet
  facet normal 0.953715 -0.300711 0
    outer loop
      vertex 7.72741 -2.07055 9
      vertex 7.51754 -2.73616 172
      vertex 7.51754 -2.73616 9
    endloop
  endfacet
  facet normal 0.953717 -0.300705 0
    outer loop
      vertex 7.72741 -2.07055 5
      vertex 7.58575 -2.51984 1.15
      vertex 7.72741 -2.07055 1.15
    endloop
  endfacet
  facet normal 0.953715 -0.300711 8.11213e-07
    outer loop
      vertex 7.51754 -2.73616 5
      vertex 7.58575 -2.51984 1.15
      vertex 7.72741 -2.07055 5
    endloop
  endfacet
  facet normal 0.953711 -0.300724 0
    outer loop
      vertex 7.58575 -2.51984 1.15
      vertex 7.51754 -2.73616 5
      vertex 7.51754 -2.73616 1.15
    endloop
  endfacet
  facet normal 0.382682 0.92388 -0
    outer loop
      vertex 3.38095 7.25046 1.15
      vertex 2.73616 7.51754 172
      vertex 3.38095 7.25046 172
    endloop
  endfacet
  facet normal 0.382674 0.923884 -3.90369e-08
    outer loop
      vertex 3.17139 7.33726 1.15
      vertex 2.73616 7.51754 172
      vertex 3.38095 7.25046 1.15
    endloop
  endfacet
  facet normal 0.382687 0.923878 -0
    outer loop
      vertex 2.73616 7.51754 1.15
      vertex 2.73616 7.51754 172
      vertex 3.17139 7.33726 1.15
    endloop
  endfacet
  facet normal 0.793376 0.608732 0
    outer loop
      vertex 6.12836 5.1423 172
      vertex 6.26643 4.96235 1.15
      vertex 6.12836 5.1423 1.15
    endloop
  endfacet
  facet normal 0.793344 0.608774 -6.93122e-08
    outer loop
      vertex 6.12836 5.1423 172
      vertex 6.55322 4.58861 1.15
      vertex 6.26643 4.96235 1.15
    endloop
  endfacet
  facet normal 0.793354 0.60876 0
    outer loop
      vertex 6.55322 4.58861 172
      vertex 6.55322 4.58861 1.15
      vertex 6.12836 5.1423 172
    endloop
  endfacet
  facet normal 0.92388 -0.382682 0
    outer loop
      vertex 7.25046 -3.38095 1.15
      vertex 7.51754 -2.73616 5
      vertex 7.51754 -2.73616 9
    endloop
  endfacet
  facet normal 0.92388 -0.382682 0
    outer loop
      vertex 7.25046 -3.38095 172
      vertex 7.51754 -2.73616 9
      vertex 7.51754 -2.73616 172
    endloop
  endfacet
  facet normal 0.92388 -0.382682 0
    outer loop
      vertex 7.25046 -3.38095 1.15
      vertex 7.51754 -2.73616 9
      vertex 7.25046 -3.38095 172
    endloop
  endfacet
  facet normal 0.923884 -0.382674 -1.73233e-06
    outer loop
      vertex 7.51754 -2.73616 5
      vertex 7.25046 -3.38095 1.15
      vertex 7.33726 -3.17139 1.15
    endloop
  endfacet
  facet normal 0.923878 -0.382687 0
    outer loop
      vertex 7.51754 -2.73616 1.15
      vertex 7.51754 -2.73616 5
      vertex 7.33726 -3.17139 1.15
    endloop
  endfacet
  facet normal -0.793344 -0.608774 0
    outer loop
      vertex -6.26643 -4.96235 1.15
      vertex -6.55322 -4.58861 172
      vertex -6.55322 -4.58861 1.15
    endloop
  endfacet
  facet normal -0.793376 -0.608732 -1.43961e-07
    outer loop
      vertex -6.12836 -5.1423 1.15
      vertex -6.55322 -4.58861 172
      vertex -6.26643 -4.96235 1.15
    endloop
  endfacet
  facet normal -0.793354 -0.60876 0
    outer loop
      vertex -6.55322 -4.58861 172
      vertex -6.12836 -5.1423 1.15
      vertex -6.12836 -5.1423 172
    endloop
  endfacet
  facet normal -0.953715 0.300711 0
    outer loop
      vertex -7.72741 2.07055 9
      vertex -7.51754 2.73616 172
      vertex -7.51754 2.73616 9
    endloop
  endfacet
  facet normal -0.953715 0.300711 0
    outer loop
      vertex -7.51754 2.73616 172
      vertex -7.72741 2.07055 9
      vertex -7.72741 2.07055 172
    endloop
  endfacet
  facet normal -0.953711 0.300724 0
    outer loop
      vertex -7.58575 2.51984 1.15
      vertex -7.51754 2.73616 5
      vertex -7.51754 2.73616 1.15
    endloop
  endfacet
  facet normal -0.953717 0.300705 0
    outer loop
      vertex -7.72741 2.07055 5
      vertex -7.58575 2.51984 1.15
      vertex -7.72741 2.07055 1.15
    endloop
  endfacet
  facet normal -0.953715 0.300711 8.11213e-07
    outer loop
      vertex -7.58575 2.51984 1.15
      vertex -7.72741 2.07055 5
      vertex -7.51754 2.73616 5
    endloop
  endfacet
  facet normal -0.976298 -0.216431 0
    outer loop
      vertex -7.72741 -2.07055 9
      vertex -7.87846 -1.38918 172
      vertex -7.87846 -1.38918 9
    endloop
  endfacet
  facet normal -0.976298 -0.216431 0
    outer loop
      vertex -7.87846 -1.38918 172
      vertex -7.72741 -2.07055 9
      vertex -7.72741 -2.07055 172
    endloop
  endfacet
  facet normal -0.9763 -0.216422 0
    outer loop
      vertex -7.82937 -1.61063 1.15
      vertex -7.87846 -1.38918 5
      vertex -7.87846 -1.38918 1.15
    endloop
  endfacet
  facet normal -0.976297 -0.216436 -0
    outer loop
      vertex -7.72741 -2.07055 5
      vertex -7.82937 -1.61063 1.15
      vertex -7.72741 -2.07055 1.15
    endloop
  endfacet
  facet normal -0.976298 -0.216431 5.84005e-07
    outer loop
      vertex -7.82937 -1.61063 1.15
      vertex -7.72741 -2.07055 5
      vertex -7.87846 -1.38918 5
    endloop
  endfacet
  facet normal 0.737267 0.675602 0
    outer loop
      vertex 5.65685 5.65685 172
      vertex 5.97512 5.30953 1.15
      vertex 5.65685 5.65685 1.15
    endloop
  endfacet
  facet normal 0.737269 0.675599 8.1794e-09
    outer loop
      vertex 6.12836 5.1423 172
      vertex 5.97512 5.30953 1.15
      vertex 5.65685 5.65685 172
    endloop
  endfacet
  facet normal 0.737273 0.675595 0
    outer loop
      vertex 5.97512 5.30953 1.15
      vertex 6.12836 5.1423 172
      vertex 6.12836 5.1423 1.15
    endloop
  endfacet
  facet normal 0.382682 -0.92388 -1.26871e-08
    outer loop
      vertex 2.73616 -7.51754 172
      vertex 3.17139 -7.33726 1.15
      vertex 3.38095 -7.25046 172
    endloop
  endfacet
  facet normal 0.382687 -0.923878 0
    outer loop
      vertex 2.73616 -7.51754 172
      vertex 2.73616 -7.51754 1.15
      vertex 3.17139 -7.33726 1.15
    endloop
  endfacet
  facet normal 0.382674 -0.923884 0
    outer loop
      vertex 3.38095 -7.25046 172
      vertex 3.17139 -7.33726 1.15
      vertex 3.38095 -7.25046 1.15
    endloop
  endfacet
  facet normal 0.843396 0.537293 0
    outer loop
      vertex 6.55322 4.58861 172
      vertex 6.80633 4.1913 1.15
      vertex 6.55322 4.58861 1.15
    endloop
  endfacet
  facet normal 0.843395 0.537294 -1.90125e-09
    outer loop
      vertex 6.9282 4 172
      vertex 6.80633 4.1913 1.15
      vertex 6.55322 4.58861 172
    endloop
  endfacet
  facet normal 0.843395 0.537295 0
    outer loop
      vertex 6.80633 4.1913 1.15
      vertex 6.9282 4 172
      vertex 6.9282 4 1.15
    endloop
  endfacet
  facet normal 0.675599 0.737269 -0
    outer loop
      vertex 5.65685 5.65685 1.15
      vertex 5.1423 6.12836 172
      vertex 5.65685 5.65685 172
    endloop
  endfacet
  facet normal 0.675602 0.737267 1.21176e-08
    outer loop
      vertex 5.30953 5.97512 1.15
      vertex 5.1423 6.12836 172
      vertex 5.65685 5.65685 1.15
    endloop
  endfacet
  facet normal 0.675595 0.737273 0
    outer loop
      vertex 5.1423 6.12836 172
      vertex 5.30953 5.97512 1.15
      vertex 5.1423 6.12836 1.15
    endloop
  endfacet
  facet normal -0.675599 0.737269 0
    outer loop
      vertex -5.1423 6.12836 172
      vertex -5.65685 5.65685 1.15
      vertex -5.65685 5.65685 172
    endloop
  endfacet
  facet normal -0.675599 0.737269 0
    outer loop
      vertex -5.1423 6.12836 1.15
      vertex -5.65685 5.65685 1.15
      vertex -5.1423 6.12836 172
    endloop
  endfacet
  facet normal 0 0 1
    outer loop
      vertex -5.65685 5.65685 1.15
      vertex -5.1423 6.12836 1.15
      vertex -5.30953 5.97512 1.15
    endloop
  endfacet
  facet normal -0.843395 -0.537295 0
    outer loop
      vertex -6.80633 -4.1913 1.15
      vertex -6.9282 -4 172
      vertex -6.9282 -4 1.15
    endloop
  endfacet
  facet normal -0.843396 -0.537293 -2.81669e-09
    outer loop
      vertex -6.55322 -4.58861 1.15
      vertex -6.9282 -4 172
      vertex -6.80633 -4.1913 1.15
    endloop
  endfacet
  facet normal -0.843395 -0.537294 0
    outer loop
      vertex -6.9282 -4 172
      vertex -6.55322 -4.58861 1.15
      vertex -6.55322 -4.58861 172
    endloop
  endfacet
  facet normal -0.300711 0.953715 1.82802e-08
    outer loop
      vertex -2.07055 7.72741 172
      vertex -2.51984 7.58575 1.15
      vertex -2.73616 7.51754 172
    endloop
  endfacet
  facet normal -0.300705 0.953717 0
    outer loop
      vertex -2.51984 7.58575 1.15
      vertex -2.07055 7.72741 172
      vertex -2.07055 7.72741 1.15
    endloop
  endfacet
  facet normal -0.300724 0.953711 0
    outer loop
      vertex -2.73616 7.51754 172
      vertex -2.51984 7.58575 1.15
      vertex -2.73616 7.51754 1.15
    endloop
  endfacet
  facet normal -0.999048 -0.0436159 0
    outer loop
      vertex -7.96956 -0.697246 9
      vertex -8 0 172
      vertex -8 0 9
    endloop
  endfacet
  facet normal -0.999048 -0.0436159 0
    outer loop
      vertex -8 0 172
      vertex -7.96956 -0.697246 9
      vertex -7.96956 -0.697246 172
    endloop
  endfacet
  facet normal -0.999049 -0.0436027 0
    outer loop
      vertex -7.99011 -0.226605 1.15
      vertex -8 0 5
      vertex -8 0 1.15
    endloop
  endfacet
  facet normal -0.999048 -0.0436224 -1.13305e-08
    outer loop
      vertex -7.96956 -0.697246 5
      vertex -7.99011 -0.226605 1.15
      vertex -7.96956 -0.697245 1.15
    endloop
  endfacet
  facet normal -1 0 0
    outer loop
      vertex -7.96956 -0.697246 5
      vertex -7.96956 -0.697245 1.15
      vertex -7.96956 -0.697246 1.15
    endloop
  endfacet
  facet normal -0.999048 -0.0436159 7.79046e-07
    outer loop
      vertex -7.99011 -0.226605 1.15
      vertex -7.96956 -0.697246 5
      vertex -8 0 5
    endloop
  endfacet
  facet normal -0.0436159 0.999048 -2.55288e-10
    outer loop
      vertex 0 8 172
      vertex -0.697245 7.96956 1.15
      vertex -0.697246 7.96956 172
    endloop
  endfacet
  facet normal -0.0436224 0.999048 2.61308e-08
    outer loop
      vertex 0 8 172
      vertex -0.226605 7.99011 1.15
      vertex -0.697245 7.96956 1.15
    endloop
  endfacet
  facet normal -0.0436027 0.999049 0
    outer loop
      vertex -0.226605 7.99011 1.15
      vertex 0 8 172
      vertex 0 8 1.15
    endloop
  endfacet
  facet normal 0 1 0
    outer loop
      vertex -0.697246 7.96956 172
      vertex -0.697245 7.96956 1.15
      vertex -0.697246 7.96956 1.15
    endloop
  endfacet
  facet normal 0.216431 0.976298 -0
    outer loop
      vertex 2.07055 7.72741 1.15
      vertex 1.38918 7.87846 172
      vertex 2.07055 7.72741 172
    endloop
  endfacet
  facet normal 0.216436 0.976297 1.94968e-08
    outer loop
      vertex 1.61063 7.82937 1.15
      vertex 1.38918 7.87846 172
      vertex 2.07055 7.72741 1.15
    endloop
  endfacet
  facet normal 0.216422 0.9763 0
    outer loop
      vertex 1.38918 7.87846 172
      vertex 1.61063 7.82937 1.15
      vertex 1.38918 7.87846 1.15
    endloop
  endfacet
  facet normal -0.737273 -0.675595 0
    outer loop
      vertex -5.97512 -5.30953 1.15
      vertex -6.12836 -5.1423 172
      vertex -6.12836 -5.1423 1.15
    endloop
  endfacet
  facet normal -0.737267 -0.675602 1.21176e-08
    outer loop
      vertex -5.65685 -5.65685 1.15
      vertex -6.12836 -5.1423 172
      vertex -5.97512 -5.30953 1.15
    endloop
  endfacet
  facet normal -0.737269 -0.675599 0
    outer loop
      vertex -6.12836 -5.1423 172
      vertex -5.65685 -5.65685 1.15
      vertex -5.65685 -5.65685 172
    endloop
  endfacet
  facet normal 0.0436159 -0.999048 -2.55288e-10
    outer loop
      vertex 0 -8 172
      vertex 0.697245 -7.96956 1.15
      vertex 0.697246 -7.96956 172
    endloop
  endfacet
  facet normal 0.0436224 -0.999048 2.61308e-08
    outer loop
      vertex 0 -8 172
      vertex 0.226605 -7.99011 1.15
      vertex 0.697245 -7.96956 1.15
    endloop
  endfacet
  facet normal 0.0436027 -0.999049 0
    outer loop
      vertex 0.226605 -7.99011 1.15
      vertex 0 -8 172
      vertex 0 -8 1.15
    endloop
  endfacet
  facet normal 0 -1 -0
    outer loop
      vertex 0.697246 -7.96956 172
      vertex 0.697245 -7.96956 1.15
      vertex 0.697246 -7.96956 1.15
    endloop
  endfacet
  facet normal -0.991444 -0.130533 0
    outer loop
      vertex -7.87846 -1.38918 9
      vertex -7.96956 -0.697246 172
      vertex -7.96956 -0.697246 9
    endloop
  endfacet
  facet normal -0.991444 -0.130533 0
    outer loop
      vertex -7.96956 -0.697246 172
      vertex -7.87846 -1.38918 9
      vertex -7.87846 -1.38918 172
    endloop
  endfacet
  facet normal -0.991445 -0.130529 0
    outer loop
      vertex -7.90807 -1.1643 1.15
      vertex -7.96956 -0.697246 5
      vertex -7.96956 -0.697246 1.15
    endloop
  endfacet
  facet normal -0.991443 -0.130543 -0
    outer loop
      vertex -7.87846 -1.38918 5
      vertex -7.90807 -1.1643 1.15
      vertex -7.87846 -1.38918 1.15
    endloop
  endfacet
  facet normal -0.991444 -0.130533 5.94633e-07
    outer loop
      vertex -7.90807 -1.1643 1.15
      vertex -7.87846 -1.38918 5
      vertex -7.96956 -0.697246 5
    endloop
  endfacet
  facet normal 0.887006 0.461758 0
    outer loop
      vertex 6.9282 4 172
      vertex 7.14573 3.58214 1.15
      vertex 6.9282 4 1.15
    endloop
  endfacet
  facet normal 0.887016 0.461739 6.14916e-08
    outer loop
      vertex 6.9282 4 172
      vertex 7.25046 3.38095 1.15
      vertex 7.14573 3.58214 1.15
    endloop
  endfacet
  facet normal 0.887009 0.461752 0
    outer loop
      vertex 7.25046 3.38095 172
      vertex 7.25046 3.38095 1.15
      vertex 6.9282 4 172
    endloop
  endfacet
  facet normal 0.300711 0.953715 1.82802e-08
    outer loop
      vertex 2.73616 7.51754 172
      vertex 2.51984 7.58575 1.15
      vertex 2.07055 7.72741 172
    endloop
  endfacet
  facet normal 0.300724 0.953711 0
    outer loop
      vertex 2.51984 7.58575 1.15
      vertex 2.73616 7.51754 172
      vertex 2.73616 7.51754 1.15
    endloop
  endfacet
  facet normal 0.300705 0.953717 0
    outer loop
      vertex 2.07055 7.72741 172
      vertex 2.51984 7.58575 1.15
      vertex 2.07055 7.72741 1.15
    endloop
  endfacet
  facet normal 0.887016 -0.461739 0
    outer loop
      vertex 7.25046 -3.38095 172
      vertex 7.14573 -3.58214 1.15
      vertex 7.25046 -3.38095 1.15
    endloop
  endfacet
  facet normal 0.887006 -0.461758 2.96065e-08
    outer loop
      vertex 7.25046 -3.38095 172
      vertex 6.9282 -4 1.15
      vertex 7.14573 -3.58214 1.15
    endloop
  endfacet
  facet normal 0.887009 -0.461752 0
    outer loop
      vertex 6.9282 -4 172
      vertex 6.9282 -4 1.15
      vertex 7.25046 -3.38095 172
    endloop
  endfacet
  facet normal -0.887016 -0.461739 0
    outer loop
      vertex -7.14573 -3.58214 1.15
      vertex -7.25046 -3.38095 172
      vertex -7.25046 -3.38095 1.15
    endloop
  endfacet
  facet normal -0.887006 -0.461758 2.96065e-08
    outer loop
      vertex -6.9282 -4 1.15
      vertex -7.25046 -3.38095 172
      vertex -7.14573 -3.58214 1.15
    endloop
  endfacet
  facet normal -0.887009 -0.461752 0
    outer loop
      vertex -7.25046 -3.38095 172
      vertex -6.9282 -4 1.15
      vertex -6.9282 -4 172
    endloop
  endfacet
  facet normal -0.300711 -0.953715 1.82802e-08
    outer loop
      vertex -2.73616 -7.51754 172
      vertex -2.51984 -7.58575 1.15
      vertex -2.07055 -7.72741 172
    endloop
  endfacet
  facet normal -0.300724 -0.953711 0
    outer loop
      vertex -2.51984 -7.58575 1.15
      vertex -2.73616 -7.51754 172
      vertex -2.73616 -7.51754 1.15
    endloop
  endfacet
  facet normal -0.300705 -0.953717 -0
    outer loop
      vertex -2.07055 -7.72741 172
      vertex -2.51984 -7.58575 1.15
      vertex -2.07055 -7.72741 1.15
    endloop
  endfacet
  facet normal -0.216431 -0.976298 0
    outer loop
      vertex -2.07055 -7.72741 1.15
      vertex -1.38918 -7.87846 172
      vertex -2.07055 -7.72741 172
    endloop
  endfacet
  facet normal -0.216436 -0.976297 1.94968e-08
    outer loop
      vertex -1.61063 -7.82937 1.15
      vertex -1.38918 -7.87846 172
      vertex -2.07055 -7.72741 1.15
    endloop
  endfacet
  facet normal -0.216422 -0.9763 -0
    outer loop
      vertex -1.38918 -7.87846 172
      vertex -1.61063 -7.82937 1.15
      vertex -1.38918 -7.87846 1.15
    endloop
  endfacet
  facet normal 0.737273 -0.675595 0
    outer loop
      vertex 6.12836 -5.1423 172
      vertex 5.97512 -5.30953 1.15
      vertex 6.12836 -5.1423 1.15
    endloop
  endfacet
  facet normal 0.737269 -0.675599 8.1794e-09
    outer loop
      vertex 5.65685 -5.65685 172
      vertex 5.97512 -5.30953 1.15
      vertex 6.12836 -5.1423 172
    endloop
  endfacet
  facet normal 0.737267 -0.675602 0
    outer loop
      vertex 5.97512 -5.30953 1.15
      vertex 5.65685 -5.65685 172
      vertex 5.65685 -5.65685 1.15
    endloop
  endfacet
  facet normal -0.0436159 -0.999048 0
    outer loop
      vertex -0.697246 -7.96956 1.15
      vertex 0 -8 172
      vertex -0.697246 -7.96956 172
    endloop
  endfacet
  facet normal -0 -1 -0.000178168
    outer loop
      vertex -0.697245 -7.96956 1.15
      vertex 0 -8 172
      vertex -0.697246 -7.96956 1.15
    endloop
  endfacet
  facet normal -0.0436224 -0.999048 2.61308e-08
    outer loop
      vertex -0.226605 -7.99011 1.15
      vertex 0 -8 172
      vertex -0.697245 -7.96956 1.15
    endloop
  endfacet
  facet normal -0.0436027 -0.999049 -0
    outer loop
      vertex 0 -8 172
      vertex -0.226605 -7.99011 1.15
      vertex 0 -8 1.15
    endloop
  endfacet
  facet normal 0.675599 -0.737269 0
    outer loop
      vertex 5.1423 -6.12836 172
      vertex 5.65685 -5.65685 1.15
      vertex 5.65685 -5.65685 172
    endloop
  endfacet
  facet normal 0.675599 -0.737269 0
    outer loop
      vertex 5.1423 -6.12836 1.15
      vertex 5.65685 -5.65685 1.15
      vertex 5.1423 -6.12836 172
    endloop
  endfacet
  facet normal 0 0 1
    outer loop
      vertex 5.65685 -5.65685 1.15
      vertex 5.1423 -6.12836 1.15
      vertex 5.30953 -5.97512 1.15
    endloop
  endfacet
  facet normal -0.537294 0.843395 0
    outer loop
      vertex -4 6.9282 1.15
      vertex -4.58861 6.55322 172
      vertex -4 6.9282 172
    endloop
  endfacet
  facet normal -0.537295 0.843395 -5.84995e-09
    outer loop
      vertex -4.1913 6.80633 1.15
      vertex -4.58861 6.55322 172
      vertex -4 6.9282 1.15
    endloop
  endfacet
  facet normal -0.537293 0.843396 0
    outer loop
      vertex -4.58861 6.55322 172
      vertex -4.1913 6.80633 1.15
      vertex -4.58861 6.55322 1.15
    endloop
  endfacet
  facet normal -0.537294 -0.843395 -1.90125e-09
    outer loop
      vertex -4.58861 -6.55322 172
      vertex -4.1913 -6.80633 1.15
      vertex -4 -6.9282 172
    endloop
  endfacet
  facet normal -0.537293 -0.843396 0
    outer loop
      vertex -4.1913 -6.80633 1.15
      vertex -4.58861 -6.55322 172
      vertex -4.58861 -6.55322 1.15
    endloop
  endfacet
  facet normal -0.537295 -0.843395 -0
    outer loop
      vertex -4 -6.9282 172
      vertex -4.1913 -6.80633 1.15
      vertex -4 -6.9282 1.15
    endloop
  endfacet
  facet normal -0.887006 0.461758 0
    outer loop
      vertex -7.14573 3.58214 1.15
      vertex -6.9282 4 172
      vertex -6.9282 4 1.15
    endloop
  endfacet
  facet normal -0.887016 0.461739 6.14916e-08
    outer loop
      vertex -7.25046 3.38095 1.15
      vertex -6.9282 4 172
      vertex -7.14573 3.58214 1.15
    endloop
  endfacet
  facet normal -0.887009 0.461752 0
    outer loop
      vertex -6.9282 4 172
      vertex -7.25046 3.38095 1.15
      vertex -7.25046 3.38095 172
    endloop
  endfacet
  facet normal -0.793376 0.608732 0
    outer loop
      vertex -6.26643 4.96235 1.15
      vertex -6.12836 5.1423 172
      vertex -6.12836 5.1423 1.15
    endloop
  endfacet
  facet normal -0.793344 0.608774 -6.93122e-08
    outer loop
      vertex -6.55322 4.58861 1.15
      vertex -6.12836 5.1423 172
      vertex -6.26643 4.96235 1.15
    endloop
  endfacet
  facet normal -0.793354 0.60876 0
    outer loop
      vertex -6.12836 5.1423 172
      vertex -6.55322 4.58861 1.15
      vertex -6.55322 4.58861 172
    endloop
  endfacet
  facet normal 0.991445 0.130528 0
    outer loop
      vertex 4.46134 0.55575 185.032
      vertex 4.43163 0.781416 172
      vertex 4.43163 0.781416 185.032
    endloop
  endfacet
  facet normal 0.991438 0.130575 -0
    outer loop
      vertex 4.48288 0.3922 172
      vertex 4.46134 0.55575 185.032
      vertex 4.48288 0.3922 185.032
    endloop
  endfacet
  facet normal 0.991442 0.130548 3.46975e-07
    outer loop
      vertex 4.46134 0.55575 185.032
      vertex 4.48288 0.3922 172
      vertex 4.43163 0.781416 172
    endloop
  endfacet
  facet normal 0.99905 0.0435827 0
    outer loop
      vertex 4.4928 0.164803 185.032
      vertex 4.48288 0.3922 172
      vertex 4.48288 0.3922 185.032
    endloop
  endfacet
  facet normal 0.999047 0.0436469 -0
    outer loop
      vertex 4.5 0 172
      vertex 4.4928 0.164803 185.032
      vertex 4.5 0 185.032
    endloop
  endfacet
  facet normal 0.999049 0.0436097 4.71586e-07
    outer loop
      vertex 4.4928 0.164803 185.032
      vertex 4.5 0 172
      vertex 4.48288 0.3922 172
    endloop
  endfacet
  facet normal 1 -0 0
    outer loop
      vertex 4.34667 1.16468 185.032
      vertex 4.34667 1.16469 172
      vertex 4.34667 1.16469 185.032
    endloop
  endfacet
  facet normal 0.976301 0.216417 1.66066e-07
    outer loop
      vertex 4.38237 1.00363 185.032
      vertex 4.34667 1.16469 172
      vertex 4.34667 1.16468 185.032
    endloop
  endfacet
  facet normal 0.976299 0.216424 -0
    outer loop
      vertex 4.43163 0.781416 172
      vertex 4.38237 1.00363 185.032
      vertex 4.43163 0.781416 185.032
    endloop
  endfacet
  facet normal 0.976301 0.216416 1.5164e-07
    outer loop
      vertex 4.38237 1.00363 185.032
      vertex 4.43163 0.781416 172
      vertex 4.34667 1.16469 172
    endloop
  endfacet
  facet normal -0.991438 -0.130575 0
    outer loop
      vertex -4.48288 -0.3922 172
      vertex -4.46134 -0.55575 185.032
      vertex -4.48288 -0.3922 185.032
    endloop
  endfacet
  facet normal -0.991442 -0.130548 3.46975e-07
    outer loop
      vertex -4.43163 -0.781416 172
      vertex -4.46134 -0.55575 185.032
      vertex -4.48288 -0.3922 172
    endloop
  endfacet
  facet normal -0.991445 -0.130528 0
    outer loop
      vertex -4.46134 -0.55575 185.032
      vertex -4.43163 -0.781416 172
      vertex -4.43163 -0.781416 185.032
    endloop
  endfacet
  facet normal 0.953723 0.300686 0
    outer loop
      vertex 4.29706 1.32201 185.032
      vertex 4.22862 1.53909 172
      vertex 4.22862 1.53909 185.032
    endloop
  endfacet
  facet normal 0.953704 0.300745 -0
    outer loop
      vertex 4.34667 1.16469 172
      vertex 4.29706 1.32201 185.032
      vertex 4.34667 1.16469 185.032
    endloop
  endfacet
  facet normal 0.953715 0.300711 4.6091e-07
    outer loop
      vertex 4.29706 1.32201 185.032
      vertex 4.34667 1.16469 172
      vertex 4.22862 1.53909 172
    endloop
  endfacet
  facet normal 0.461752 0.887009 0
    outer loop
      vertex 2.25 3.89711 185.032
      vertex 2.25 3.89711 172
      vertex 2.10368 3.97328 185.032
    endloop
  endfacet
  facet normal 0.461745 0.887013 -9.59725e-08
    outer loop
      vertex 1.90178 4.07838 172
      vertex 2.10368 3.97328 185.032
      vertex 2.25 3.89711 172
    endloop
  endfacet
  facet normal 0.46174 0.887015 0
    outer loop
      vertex 2.10368 3.97328 185.032
      vertex 1.90178 4.07838 172
      vertex 1.90178 4.07838 185.032
    endloop
  endfacet
  facet normal 0.130575 -0.991438 0
    outer loop
      vertex 0.3922 -4.48288 172
      vertex 0.55575 -4.46134 185.032
      vertex 0.3922 -4.48288 185.032
    endloop
  endfacet
  facet normal 0.130548 -0.991442 3.46975e-07
    outer loop
      vertex 0.781416 -4.43163 172
      vertex 0.55575 -4.46134 185.032
      vertex 0.3922 -4.48288 172
    endloop
  endfacet
  facet normal 0.130528 -0.991445 0
    outer loop
      vertex 0.55575 -4.46134 185.032
      vertex 0.781416 -4.43163 172
      vertex 0.781416 -4.43163 185.032
    endloop
  endfacet
  facet normal 0.923871 0.382703 0
    outer loop
      vertex 4.14151 1.74938 185.032
      vertex 4.07838 1.90178 172
      vertex 4.07838 1.90178 185.032
    endloop
  endfacet
  facet normal 0.923872 0.382702 -0
    outer loop
      vertex 4.22862 1.53909 172
      vertex 4.14151 1.74938 185.032
      vertex 4.22862 1.53909 185.032
    endloop
  endfacet
  facet normal 0.923872 0.382703 -8.54174e-09
    outer loop
      vertex 4.14151 1.74938 185.032
      vertex 4.22862 1.53909 172
      vertex 4.07838 1.90178 172
    endloop
  endfacet
  facet normal -0.216424 0.976299 0
    outer loop
      vertex -0.781416 4.43163 185.032
      vertex -0.781416 4.43163 172
      vertex -1.00363 4.38237 185.032
    endloop
  endfacet
  facet normal -0.216416 0.976301 1.5164e-07
    outer loop
      vertex -1.16469 4.34667 172
      vertex -1.00363 4.38237 185.032
      vertex -0.781416 4.43163 172
    endloop
  endfacet
  facet normal -0.216417 0.976301 1.66066e-07
    outer loop
      vertex -1.00363 4.38237 185.032
      vertex -1.16469 4.34667 172
      vertex -1.16468 4.34667 185.032
    endloop
  endfacet
  facet normal 0 1 0
    outer loop
      vertex -1.16468 4.34667 185.032
      vertex -1.16469 4.34667 172
      vertex -1.16469 4.34667 185.032
    endloop
  endfacet
  facet normal -0.923872 -0.382702 0
    outer loop
      vertex -4.22862 -1.53909 172
      vertex -4.14151 -1.74938 185.032
      vertex -4.22862 -1.53909 185.032
    endloop
  endfacet
  facet normal -0.923872 -0.382703 -8.54174e-09
    outer loop
      vertex -4.07838 -1.90178 172
      vertex -4.14151 -1.74938 185.032
      vertex -4.22862 -1.53909 172
    endloop
  endfacet
  facet normal -0.923871 -0.382703 0
    outer loop
      vertex -4.14151 -1.74938 185.032
      vertex -4.07838 -1.90178 172
      vertex -4.07838 -1.90178 185.032
    endloop
  endfacet
  facet normal -0.999047 -0.0436469 0
    outer loop
      vertex -4.5 0 172
      vertex -4.4928 -0.164803 185.032
      vertex -4.5 0 185.032
    endloop
  endfacet
  facet normal -0.999049 -0.0436097 4.71586e-07
    outer loop
      vertex -4.48288 -0.3922 172
      vertex -4.4928 -0.164803 185.032
      vertex -4.5 0 172
    endloop
  endfacet
  facet normal -0.99905 -0.0435827 0
    outer loop
      vertex -4.4928 -0.164803 185.032
      vertex -4.48288 -0.3922 172
      vertex -4.48288 -0.3922 185.032
    endloop
  endfacet
  facet normal -0.608732 0.793376 0
    outer loop
      vertex -2.58109 3.68618 172
      vertex -2.71197 3.58576 185.032
      vertex -2.58109 3.68618 185.032
    endloop
  endfacet
  facet normal -0.608755 0.793358 -3.70094e-07
    outer loop
      vertex -2.89254 3.4472 172
      vertex -2.71197 3.58576 185.032
      vertex -2.58109 3.68618 172
    endloop
  endfacet
  facet normal -0.608772 0.793345 0
    outer loop
      vertex -2.71197 3.58576 185.032
      vertex -2.89254 3.4472 172
      vertex -2.89254 3.4472 185.032
    endloop
  endfacet
  facet normal 0.976299 -0.216424 0
    outer loop
      vertex 4.38237 -1.00363 185.032
      vertex 4.43163 -0.781416 172
      vertex 4.43163 -0.781416 185.032
    endloop
  endfacet
  facet normal 0.976301 -0.216417 1.66066e-07
    outer loop
      vertex 4.34667 -1.16469 172
      vertex 4.38237 -1.00363 185.032
      vertex 4.34667 -1.16468 185.032
    endloop
  endfacet
  facet normal 1 0 0
    outer loop
      vertex 4.34667 -1.16469 172
      vertex 4.34667 -1.16468 185.032
      vertex 4.34667 -1.16469 185.032
    endloop
  endfacet
  facet normal 0.976301 -0.216416 1.5164e-07
    outer loop
      vertex 4.38237 -1.00363 185.032
      vertex 4.34667 -1.16469 172
      vertex 4.43163 -0.781416 172
    endloop
  endfacet
  facet normal 0.382702 -0.923872 0
    outer loop
      vertex 1.53909 -4.22862 172
      vertex 1.74938 -4.14151 185.032
      vertex 1.53909 -4.22862 185.032
    endloop
  endfacet
  facet normal 0.382703 -0.923872 -8.54174e-09
    outer loop
      vertex 1.90178 -4.07838 172
      vertex 1.74938 -4.14151 185.032
      vertex 1.53909 -4.22862 172
    endloop
  endfacet
  facet normal 0.382703 -0.923871 0
    outer loop
      vertex 1.74938 -4.14151 185.032
      vertex 1.90178 -4.07838 172
      vertex 1.90178 -4.07838 185.032
    endloop
  endfacet
  facet normal 0.130528 0.991445 -0
    outer loop
      vertex 0.781416 4.43163 172
      vertex 0.55575 4.46134 185.032
      vertex 0.781416 4.43163 185.032
    endloop
  endfacet
  facet normal 0.130548 0.991442 3.46975e-07
    outer loop
      vertex 0.3922 4.48288 172
      vertex 0.55575 4.46134 185.032
      vertex 0.781416 4.43163 172
    endloop
  endfacet
  facet normal 0.130575 0.991438 0
    outer loop
      vertex 0.55575 4.46134 185.032
      vertex 0.3922 4.48288 172
      vertex 0.3922 4.48288 185.032
    endloop
  endfacet
  facet normal 0.793376 -0.608732 0
    outer loop
      vertex 3.58576 -2.71197 185.032
      vertex 3.68618 -2.58109 172
      vertex 3.68618 -2.58109 185.032
    endloop
  endfacet
  facet normal 0.793345 -0.608772 0
    outer loop
      vertex 3.4472 -2.89254 172
      vertex 3.58576 -2.71197 185.032
      vertex 3.4472 -2.89254 185.032
    endloop
  endfacet
  facet normal 0.793358 -0.608755 -3.70094e-07
    outer loop
      vertex 3.58576 -2.71197 185.032
      vertex 3.4472 -2.89254 172
      vertex 3.68618 -2.58109 172
    endloop
  endfacet
  facet normal 0.216424 -0.976299 0
    outer loop
      vertex 0.781416 -4.43163 185.032
      vertex 0.781416 -4.43163 172
      vertex 1.00363 -4.38237 185.032
    endloop
  endfacet
  facet normal 0.216416 -0.976301 1.5164e-07
    outer loop
      vertex 1.16469 -4.34667 172
      vertex 1.00363 -4.38237 185.032
      vertex 0.781416 -4.43163 172
    endloop
  endfacet
  facet normal 0.216417 -0.976301 1.66066e-07
    outer loop
      vertex 1.00363 -4.38237 185.032
      vertex 1.16469 -4.34667 172
      vertex 1.16468 -4.34667 185.032
    endloop
  endfacet
  facet normal 0 -1 0
    outer loop
      vertex 1.16468 -4.34667 185.032
      vertex 1.16469 -4.34667 172
      vertex 1.16469 -4.34667 185.032
    endloop
  endfacet
  facet normal 0.675569 -0.737296 0
    outer loop
      vertex 2.89254 -3.4472 172
      vertex 3.06036 -3.29343 185.032
      vertex 2.89254 -3.4472 185.032
    endloop
  endfacet
  facet normal 0.675586 -0.737281 -3.97102e-07
    outer loop
      vertex 3.18198 -3.18198 172
      vertex 3.06036 -3.29343 185.032
      vertex 2.89254 -3.4472 172
    endloop
  endfacet
  facet normal 0.675609 -0.73726 0
    outer loop
      vertex 3.06036 -3.29343 185.032
      vertex 3.18198 -3.18198 172
      vertex 3.18198 -3.18198 185.032
    endloop
  endfacet
  facet normal -0.300745 0.953704 0
    outer loop
      vertex -1.16469 4.34667 172
      vertex -1.32201 4.29706 185.032
      vertex -1.16469 4.34667 185.032
    endloop
  endfacet
  facet normal -0.300711 0.953715 4.6091e-07
    outer loop
      vertex -1.53909 4.22862 172
      vertex -1.32201 4.29706 185.032
      vertex -1.16469 4.34667 172
    endloop
  endfacet
  facet normal -0.300686 0.953723 0
    outer loop
      vertex -1.32201 4.29706 185.032
      vertex -1.53909 4.22862 172
      vertex -1.53909 4.22862 185.032
    endloop
  endfacet
  facet normal -0.608772 -0.793345 0
    outer loop
      vertex -2.89254 -3.4472 172
      vertex -2.71197 -3.58576 185.032
      vertex -2.89254 -3.4472 185.032
    endloop
  endfacet
  facet normal -0.608755 -0.793358 -3.70094e-07
    outer loop
      vertex -2.58109 -3.68618 172
      vertex -2.71197 -3.58576 185.032
      vertex -2.89254 -3.4472 172
    endloop
  endfacet
  facet normal -0.608732 -0.793376 0
    outer loop
      vertex -2.71197 -3.58576 185.032
      vertex -2.58109 -3.68618 172
      vertex -2.58109 -3.68618 185.032
    endloop
  endfacet
  facet normal 0.608732 -0.793376 0
    outer loop
      vertex 2.58109 -3.68618 172
      vertex 2.71197 -3.58576 185.032
      vertex 2.58109 -3.68618 185.032
    endloop
  endfacet
  facet normal 0.608755 -0.793358 -3.70094e-07
    outer loop
      vertex 2.89254 -3.4472 172
      vertex 2.71197 -3.58576 185.032
      vertex 2.58109 -3.68618 172
    endloop
  endfacet
  facet normal 0.608772 -0.793345 0
    outer loop
      vertex 2.71197 -3.58576 185.032
      vertex 2.89254 -3.4472 172
      vertex 2.89254 -3.4472 185.032
    endloop
  endfacet
  facet normal 0.887015 -0.46174 0
    outer loop
      vertex 3.97328 -2.10368 185.032
      vertex 4.07838 -1.90178 172
      vertex 4.07838 -1.90178 185.032
    endloop
  endfacet
  facet normal 0.887009 -0.461752 0
    outer loop
      vertex 3.89711 -2.25 172
      vertex 3.97328 -2.10368 185.032
      vertex 3.89711 -2.25 185.032
    endloop
  endfacet
  facet normal 0.887013 -0.461745 -9.59725e-08
    outer loop
      vertex 3.97328 -2.10368 185.032
      vertex 3.89711 -2.25 172
      vertex 4.07838 -1.90178 172
    endloop
  endfacet
  facet normal -0.953704 -0.300745 0
    outer loop
      vertex -4.34667 -1.16469 172
      vertex -4.29706 -1.32201 185.032
      vertex -4.34667 -1.16469 185.032
    endloop
  endfacet
  facet normal -0.953715 -0.300711 4.6091e-07
    outer loop
      vertex -4.22862 -1.53909 172
      vertex -4.29706 -1.32201 185.032
      vertex -4.34667 -1.16469 172
    endloop
  endfacet
  facet normal -0.953723 -0.300686 0
    outer loop
      vertex -4.29706 -1.32201 185.032
      vertex -4.22862 -1.53909 172
      vertex -4.22862 -1.53909 185.032
    endloop
  endfacet
  facet normal 0.953704 -0.300745 0
    outer loop
      vertex 4.29706 -1.32201 185.032
      vertex 4.34667 -1.16469 172
      vertex 4.34667 -1.16469 185.032
    endloop
  endfacet
  facet normal 0.953723 -0.300686 0
    outer loop
      vertex 4.22862 -1.53909 172
      vertex 4.29706 -1.32201 185.032
      vertex 4.22862 -1.53909 185.032
    endloop
  endfacet
  facet normal 0.953715 -0.300711 4.6091e-07
    outer loop
      vertex 4.29706 -1.32201 185.032
      vertex 4.22862 -1.53909 172
      vertex 4.34667 -1.16469 172
    endloop
  endfacet
  facet normal 0.793345 0.608772 0
    outer loop
      vertex 3.58576 2.71197 185.032
      vertex 3.4472 2.89254 172
      vertex 3.4472 2.89254 185.032
    endloop
  endfacet
  facet normal 0.793376 0.608732 -0
    outer loop
      vertex 3.68618 2.58109 172
      vertex 3.58576 2.71197 185.032
      vertex 3.68618 2.58109 185.032
    endloop
  endfacet
  facet normal 0.793358 0.608755 -3.70094e-07
    outer loop
      vertex 3.58576 2.71197 185.032
      vertex 3.68618 2.58109 172
      vertex 3.4472 2.89254 172
    endloop
  endfacet
  facet normal -0.737296 -0.675569 0
    outer loop
      vertex -3.4472 -2.89254 172
      vertex -3.29343 -3.06036 185.032
      vertex -3.4472 -2.89254 185.032
    endloop
  endfacet
  facet normal -0.737281 -0.675586 -3.97102e-07
    outer loop
      vertex -3.18198 -3.18198 172
      vertex -3.29343 -3.06036 185.032
      vertex -3.4472 -2.89254 172
    endloop
  endfacet
  facet normal -0.73726 -0.675609 0
    outer loop
      vertex -3.29343 -3.06036 185.032
      vertex -3.18198 -3.18198 172
      vertex -3.18198 -3.18198 185.032
    endloop
  endfacet
  facet normal 0.382703 0.923871 0
    outer loop
      vertex 1.90178 4.07838 185.032
      vertex 1.90178 4.07838 172
      vertex 1.74938 4.14151 185.032
    endloop
  endfacet
  facet normal 0.382703 0.923872 -8.54174e-09
    outer loop
      vertex 1.53909 4.22862 172
      vertex 1.74938 4.14151 185.032
      vertex 1.90178 4.07838 172
    endloop
  endfacet
  facet normal 0.382702 0.923872 0
    outer loop
      vertex 1.74938 4.14151 185.032
      vertex 1.53909 4.22862 172
      vertex 1.53909 4.22862 185.032
    endloop
  endfacet
  facet normal 0.675609 0.73726 -0
    outer loop
      vertex 3.18198 3.18198 172
      vertex 3.06036 3.29343 185.032
      vertex 3.18198 3.18198 185.032
    endloop
  endfacet
  facet normal 0.675569 0.737296 -6.84897e-07
    outer loop
      vertex 3.06036 3.29343 185.032
      vertex 3.18198 3.18198 172
      vertex 2.89254 3.4472 185.032
    endloop
  endfacet
  facet normal 0.675586 0.737281 0
    outer loop
      vertex 2.89254 3.4472 185.032
      vertex 3.18198 3.18198 172
      vertex 2.89254 3.4472 172
    endloop
  endfacet
  facet normal -0.73726 0.675609 0
    outer loop
      vertex -3.18198 3.18198 172
      vertex -3.29343 3.06036 185.032
      vertex -3.18198 3.18198 185.032
    endloop
  endfacet
  facet normal -0.737281 0.675586 -3.97102e-07
    outer loop
      vertex -3.4472 2.89254 172
      vertex -3.29343 3.06036 185.032
      vertex -3.18198 3.18198 172
    endloop
  endfacet
  facet normal -0.737296 0.675569 0
    outer loop
      vertex -3.29343 3.06036 185.032
      vertex -3.4472 2.89254 172
      vertex -3.4472 2.89254 185.032
    endloop
  endfacet
  facet normal 0.73726 0.675609 0
    outer loop
      vertex 3.29343 3.06036 185.032
      vertex 3.18198 3.18198 172
      vertex 3.18198 3.18198 185.032
    endloop
  endfacet
  facet normal 0.737296 0.675569 -6.84897e-07
    outer loop
      vertex 3.4472 2.89254 185.032
      vertex 3.18198 3.18198 172
      vertex 3.29343 3.06036 185.032
    endloop
  endfacet
  facet normal 0.737281 0.675586 0
    outer loop
      vertex 3.18198 3.18198 172
      vertex 3.4472 2.89254 185.032
      vertex 3.4472 2.89254 172
    endloop
  endfacet
  facet normal -0.953723 0.300686 0
    outer loop
      vertex -4.22862 1.53909 172
      vertex -4.29706 1.32201 185.032
      vertex -4.22862 1.53909 185.032
    endloop
  endfacet
  facet normal -0.953715 0.300711 4.6091e-07
    outer loop
      vertex -4.34667 1.16469 172
      vertex -4.29706 1.32201 185.032
      vertex -4.22862 1.53909 172
    endloop
  endfacet
  facet normal -0.953704 0.300745 0
    outer loop
      vertex -4.29706 1.32201 185.032
      vertex -4.34667 1.16469 172
      vertex -4.34667 1.16469 185.032
    endloop
  endfacet
  facet normal -0.843376 0.537325 0
    outer loop
      vertex -3.68618 2.58109 172
      vertex -3.80848 2.38913 185.032
      vertex -3.68618 2.58109 185.032
    endloop
  endfacet
  facet normal -0.843389 0.537304 -4.26936e-07
    outer loop
      vertex -3.89711 2.25 172
      vertex -3.80848 2.38913 185.032
      vertex -3.68618 2.58109 172
    endloop
  endfacet
  facet normal -0.843407 0.537276 0
    outer loop
      vertex -3.80848 2.38913 185.032
      vertex -3.89711 2.25 172
      vertex -3.89711 2.25 185.032
    endloop
  endfacet
  facet normal 0.999047 -0.0436469 0
    outer loop
      vertex 4.4928 -0.164803 185.032
      vertex 4.5 0 172
      vertex 4.5 0 185.032
    endloop
  endfacet
  facet normal 0.99905 -0.0435827 0
    outer loop
      vertex 4.48288 -0.3922 172
      vertex 4.4928 -0.164803 185.032
      vertex 4.48288 -0.3922 185.032
    endloop
  endfacet
  facet normal 0.999049 -0.0436097 4.71586e-07
    outer loop
      vertex 4.4928 -0.164803 185.032
      vertex 4.48288 -0.3922 172
      vertex 4.5 0 172
    endloop
  endfacet
  facet normal -0.0435827 -0.99905 -0
    outer loop
      vertex -0.3922 -4.48288 185.032
      vertex -0.3922 -4.48288 172
      vertex -0.164803 -4.4928 185.032
    endloop
  endfacet
  facet normal -0.0436097 -0.999049 4.71586e-07
    outer loop
      vertex 0 -4.5 172
      vertex -0.164803 -4.4928 185.032
      vertex -0.3922 -4.48288 172
    endloop
  endfacet
  facet normal -0.0436469 -0.999047 0
    outer loop
      vertex -0.164803 -4.4928 185.032
      vertex 0 -4.5 172
      vertex 0 -4.5 185.032
    endloop
  endfacet
  facet normal -0.300686 -0.953723 0
    outer loop
      vertex -1.53909 -4.22862 172
      vertex -1.32201 -4.29706 185.032
      vertex -1.53909 -4.22862 185.032
    endloop
  endfacet
  facet normal -0.300711 -0.953715 4.6091e-07
    outer loop
      vertex -1.16469 -4.34667 172
      vertex -1.32201 -4.29706 185.032
      vertex -1.53909 -4.22862 172
    endloop
  endfacet
  facet normal -0.300745 -0.953704 0
    outer loop
      vertex -1.32201 -4.29706 185.032
      vertex -1.16469 -4.34667 172
      vertex -1.16469 -4.34667 185.032
    endloop
  endfacet
  facet normal -0.675609 -0.73726 0
    outer loop
      vertex -3.18198 -3.18198 172
      vertex -3.06036 -3.29343 185.032
      vertex -3.18198 -3.18198 185.032
    endloop
  endfacet
  facet normal -0.675569 -0.737296 -6.84897e-07
    outer loop
      vertex -3.06036 -3.29343 185.032
      vertex -3.18198 -3.18198 172
      vertex -2.89254 -3.4472 185.032
    endloop
  endfacet
  facet normal -0.675586 -0.737281 -0
    outer loop
      vertex -2.89254 -3.4472 185.032
      vertex -3.18198 -3.18198 172
      vertex -2.89254 -3.4472 172
    endloop
  endfacet
  facet normal -0.675569 0.737296 0
    outer loop
      vertex -2.89254 3.4472 172
      vertex -3.06036 3.29343 185.032
      vertex -2.89254 3.4472 185.032
    endloop
  endfacet
  facet normal -0.675586 0.737281 -3.97102e-07
    outer loop
      vertex -3.18198 3.18198 172
      vertex -3.06036 3.29343 185.032
      vertex -2.89254 3.4472 172
    endloop
  endfacet
  facet normal -0.675609 0.73726 0
    outer loop
      vertex -3.06036 3.29343 185.032
      vertex -3.18198 3.18198 172
      vertex -3.18198 3.18198 185.032
    endloop
  endfacet
  facet normal 0.991438 -0.130575 0
    outer loop
      vertex 4.46134 -0.55575 185.032
      vertex 4.48288 -0.3922 172
      vertex 4.48288 -0.3922 185.032
    endloop
  endfacet
  facet normal 0.991445 -0.130528 0
    outer loop
      vertex 4.43163 -0.781416 172
      vertex 4.46134 -0.55575 185.032
      vertex 4.43163 -0.781416 185.032
    endloop
  endfacet
  facet normal 0.991442 -0.130548 3.46975e-07
    outer loop
      vertex 4.46134 -0.55575 185.032
      vertex 4.43163 -0.781416 172
      vertex 4.48288 -0.3922 172
    endloop
  endfacet
  facet normal -1 0 0
    outer loop
      vertex -4.34667 1.16469 172
      vertex -4.34667 1.16468 185.032
      vertex -4.34667 1.16469 185.032
    endloop
  endfacet
  facet normal -0.976301 0.216417 1.66066e-07
    outer loop
      vertex -4.34667 1.16469 172
      vertex -4.38237 1.00363 185.032
      vertex -4.34667 1.16468 185.032
    endloop
  endfacet
  facet normal -0.976301 0.216416 1.5164e-07
    outer loop
      vertex -4.43163 0.781416 172
      vertex -4.38237 1.00363 185.032
      vertex -4.34667 1.16469 172
    endloop
  endfacet
  facet normal -0.976299 0.216424 0
    outer loop
      vertex -4.38237 1.00363 185.032
      vertex -4.43163 0.781416 172
      vertex -4.43163 0.781416 185.032
    endloop
  endfacet
  facet normal 0.608772 0.793345 -0
    outer loop
      vertex 2.89254 3.4472 172
      vertex 2.71197 3.58576 185.032
      vertex 2.89254 3.4472 185.032
    endloop
  endfacet
  facet normal 0.608755 0.793358 -3.70094e-07
    outer loop
      vertex 2.58109 3.68618 172
      vertex 2.71197 3.58576 185.032
      vertex 2.89254 3.4472 172
    endloop
  endfacet
  facet normal 0.608732 0.793376 0
    outer loop
      vertex 2.71197 3.58576 185.032
      vertex 2.58109 3.68618 172
      vertex 2.58109 3.68618 185.032
    endloop
  endfacet
  facet normal 0.46174 -0.887015 0
    outer loop
      vertex 1.90178 -4.07838 172
      vertex 2.10368 -3.97328 185.032
      vertex 1.90178 -4.07838 185.032
    endloop
  endfacet
  facet normal 0.461745 -0.887013 -9.59725e-08
    outer loop
      vertex 2.25 -3.89711 172
      vertex 2.10368 -3.97328 185.032
      vertex 1.90178 -4.07838 172
    endloop
  endfacet
  facet normal 0.461752 -0.887009 0
    outer loop
      vertex 2.10368 -3.97328 185.032
      vertex 2.25 -3.89711 172
      vertex 2.25 -3.89711 185.032
    endloop
  endfacet
  facet normal 0.537325 0.843376 0
    outer loop
      vertex 2.58109 3.68618 185.032
      vertex 2.58109 3.68618 172
      vertex 2.38913 3.80848 185.032
    endloop
  endfacet
  facet normal 0.537304 0.843389 -4.26936e-07
    outer loop
      vertex 2.25 3.89711 172
      vertex 2.38913 3.80848 185.032
      vertex 2.58109 3.68618 172
    endloop
  endfacet
  facet normal 0.537276 0.843407 0
    outer loop
      vertex 2.38913 3.80848 185.032
      vertex 2.25 3.89711 172
      vertex 2.25 3.89711 185.032
    endloop
  endfacet
  facet normal 0.0436469 -0.999047 0
    outer loop
      vertex 0 -4.5 172
      vertex 0.164803 -4.4928 185.032
      vertex 0 -4.5 185.032
    endloop
  endfacet
  facet normal 0.0436097 -0.999049 4.71586e-07
    outer loop
      vertex 0.3922 -4.48288 172
      vertex 0.164803 -4.4928 185.032
      vertex 0 -4.5 172
    endloop
  endfacet
  facet normal 0.0435827 -0.99905 0
    outer loop
      vertex 0.164803 -4.4928 185.032
      vertex 0.3922 -4.48288 172
      vertex 0.3922 -4.48288 185.032
    endloop
  endfacet
  facet normal 0.843407 -0.537276 0
    outer loop
      vertex 3.80848 -2.38913 185.032
      vertex 3.89711 -2.25 172
      vertex 3.89711 -2.25 185.032
    endloop
  endfacet
  facet normal 0.843376 -0.537325 0
    outer loop
      vertex 3.68618 -2.58109 172
      vertex 3.80848 -2.38913 185.032
      vertex 3.68618 -2.58109 185.032
    endloop
  endfacet
  facet normal 0.843389 -0.537304 -4.26936e-07
    outer loop
      vertex 3.80848 -2.38913 185.032
      vertex 3.68618 -2.58109 172
      vertex 3.89711 -2.25 172
    endloop
  endfacet
  facet normal 0.737296 -0.675569 0
    outer loop
      vertex 3.29343 -3.06036 185.032
      vertex 3.4472 -2.89254 172
      vertex 3.4472 -2.89254 185.032
    endloop
  endfacet
  facet normal 0.73726 -0.675609 0
    outer loop
      vertex 3.18198 -3.18198 172
      vertex 3.29343 -3.06036 185.032
      vertex 3.18198 -3.18198 185.032
    endloop
  endfacet
  facet normal 0.737281 -0.675586 -3.97102e-07
    outer loop
      vertex 3.29343 -3.06036 185.032
      vertex 3.18198 -3.18198 172
      vertex 3.4472 -2.89254 172
    endloop
  endfacet
  facet normal -0.976299 -0.216424 0
    outer loop
      vertex -4.43163 -0.781416 172
      vertex -4.38237 -1.00363 185.032
      vertex -4.43163 -0.781416 185.032
    endloop
  endfacet
  facet normal -0.976301 -0.216416 1.5164e-07
    outer loop
      vertex -4.34667 -1.16469 172
      vertex -4.38237 -1.00363 185.032
      vertex -4.43163 -0.781416 172
    endloop
  endfacet
  facet normal -0.976301 -0.216417 1.66066e-07
    outer loop
      vertex -4.38237 -1.00363 185.032
      vertex -4.34667 -1.16469 172
      vertex -4.34667 -1.16468 185.032
    endloop
  endfacet
  facet normal -1 -0 0
    outer loop
      vertex -4.34667 -1.16468 185.032
      vertex -4.34667 -1.16469 172
      vertex -4.34667 -1.16469 185.032
    endloop
  endfacet
  facet normal -0.46174 0.887015 0
    outer loop
      vertex -1.90178 4.07838 172
      vertex -2.10368 3.97328 185.032
      vertex -1.90178 4.07838 185.032
    endloop
  endfacet
  facet normal -0.461745 0.887013 -9.59725e-08
    outer loop
      vertex -2.25 3.89711 172
      vertex -2.10368 3.97328 185.032
      vertex -1.90178 4.07838 172
    endloop
  endfacet
  facet normal -0.461752 0.887009 0
    outer loop
      vertex -2.10368 3.97328 185.032
      vertex -2.25 3.89711 172
      vertex -2.25 3.89711 185.032
    endloop
  endfacet
  facet normal -0.130528 -0.991445 0
    outer loop
      vertex -0.781416 -4.43163 172
      vertex -0.55575 -4.46134 185.032
      vertex -0.781416 -4.43163 185.032
    endloop
  endfacet
  facet normal -0.130548 -0.991442 3.46975e-07
    outer loop
      vertex -0.3922 -4.48288 172
      vertex -0.55575 -4.46134 185.032
      vertex -0.781416 -4.43163 172
    endloop
  endfacet
  facet normal -0.130575 -0.991438 0
    outer loop
      vertex -0.55575 -4.46134 185.032
      vertex -0.3922 -4.48288 172
      vertex -0.3922 -4.48288 185.032
    endloop
  endfacet
  facet normal 0.887009 0.461752 0
    outer loop
      vertex 3.97328 2.10368 185.032
      vertex 3.89711 2.25 172
      vertex 3.89711 2.25 185.032
    endloop
  endfacet
  facet normal 0.887015 0.46174 -0
    outer loop
      vertex 4.07838 1.90178 172
      vertex 3.97328 2.10368 185.032
      vertex 4.07838 1.90178 185.032
    endloop
  endfacet
  facet normal 0.887013 0.461745 -9.59725e-08
    outer loop
      vertex 3.97328 2.10368 185.032
      vertex 4.07838 1.90178 172
      vertex 3.89711 2.25 172
    endloop
  endfacet
  facet normal -0.537276 0.843407 0
    outer loop
      vertex -2.25 3.89711 172
      vertex -2.38913 3.80848 185.032
      vertex -2.25 3.89711 185.032
    endloop
  endfacet
  facet normal -0.537304 0.843389 -4.26936e-07
    outer loop
      vertex -2.58109 3.68618 172
      vertex -2.38913 3.80848 185.032
      vertex -2.25 3.89711 172
    endloop
  endfacet
  facet normal -0.537325 0.843376 0
    outer loop
      vertex -2.38913 3.80848 185.032
      vertex -2.58109 3.68618 172
      vertex -2.58109 3.68618 185.032
    endloop
  endfacet
  facet normal -0.843407 -0.537276 0
    outer loop
      vertex -3.89711 -2.25 172
      vertex -3.80848 -2.38913 185.032
      vertex -3.89711 -2.25 185.032
    endloop
  endfacet
  facet normal -0.843389 -0.537304 -4.26936e-07
    outer loop
      vertex -3.68618 -2.58109 172
      vertex -3.80848 -2.38913 185.032
      vertex -3.89711 -2.25 172
    endloop
  endfacet
  facet normal -0.843376 -0.537325 0
    outer loop
      vertex -3.80848 -2.38913 185.032
      vertex -3.68618 -2.58109 172
      vertex -3.68618 -2.58109 185.032
    endloop
  endfacet
  facet normal -0.130575 0.991438 0
    outer loop
      vertex -0.3922 4.48288 172
      vertex -0.55575 4.46134 185.032
      vertex -0.3922 4.48288 185.032
    endloop
  endfacet
  facet normal -0.130548 0.991442 3.46975e-07
    outer loop
      vertex -0.781416 4.43163 172
      vertex -0.55575 4.46134 185.032
      vertex -0.3922 4.48288 172
    endloop
  endfacet
  facet normal -0.130528 0.991445 0
    outer loop
      vertex -0.55575 4.46134 185.032
      vertex -0.781416 4.43163 172
      vertex -0.781416 4.43163 185.032
    endloop
  endfacet
  facet normal 0.843376 0.537325 0
    outer loop
      vertex 3.80848 2.38913 185.032
      vertex 3.68618 2.58109 172
      vertex 3.68618 2.58109 185.032
    endloop
  endfacet
  facet normal 0.843407 0.537276 -0
    outer loop
      vertex 3.89711 2.25 172
      vertex 3.80848 2.38913 185.032
      vertex 3.89711 2.25 185.032
    endloop
  endfacet
  facet normal 0.843389 0.537304 -4.26936e-07
    outer loop
      vertex 3.80848 2.38913 185.032
      vertex 3.89711 2.25 172
      vertex 3.68618 2.58109 172
    endloop
  endfacet
  facet normal -0.923871 0.382703 0
    outer loop
      vertex -4.07838 1.90178 172
      vertex -4.14151 1.74938 185.032
      vertex -4.07838 1.90178 185.032
    endloop
  endfacet
  facet normal -0.923872 0.382703 -8.54174e-09
    outer loop
      vertex -4.22862 1.53909 172
      vertex -4.14151 1.74938 185.032
      vertex -4.07838 1.90178 172
    endloop
  endfacet
  facet normal -0.923872 0.382702 0
    outer loop
      vertex -4.14151 1.74938 185.032
      vertex -4.22862 1.53909 172
      vertex -4.22862 1.53909 185.032
    endloop
  endfacet
  facet normal -0.793376 -0.608732 0
    outer loop
      vertex -3.68618 -2.58109 172
      vertex -3.58576 -2.71197 185.032
      vertex -3.68618 -2.58109 185.032
    endloop
  endfacet
  facet normal -0.793358 -0.608755 -3.70094e-07
    outer loop
      vertex -3.4472 -2.89254 172
      vertex -3.58576 -2.71197 185.032
      vertex -3.68618 -2.58109 172
    endloop
  endfacet
  facet normal -0.793345 -0.608772 0
    outer loop
      vertex -3.58576 -2.71197 185.032
      vertex -3.4472 -2.89254 172
      vertex -3.4472 -2.89254 185.032
    endloop
  endfacet
  facet normal -0.537325 -0.843376 -0
    outer loop
      vertex -2.58109 -3.68618 185.032
      vertex -2.58109 -3.68618 172
      vertex -2.38913 -3.80848 185.032
    endloop
  endfacet
  facet normal -0.537304 -0.843389 -4.26936e-07
    outer loop
      vertex -2.25 -3.89711 172
      vertex -2.38913 -3.80848 185.032
      vertex -2.58109 -3.68618 172
    endloop
  endfacet
  facet normal -0.537276 -0.843407 0
    outer loop
      vertex -2.38913 -3.80848 185.032
      vertex -2.25 -3.89711 172
      vertex -2.25 -3.89711 185.032
    endloop
  endfacet
  facet normal -0.0436469 0.999047 0
    outer loop
      vertex 0 4.5 172
      vertex -0.164803 4.4928 185.032
      vertex 0 4.5 185.032
    endloop
  endfacet
  facet normal -0.0436097 0.999049 4.71586e-07
    outer loop
      vertex -0.3922 4.48288 172
      vertex -0.164803 4.4928 185.032
      vertex 0 4.5 172
    endloop
  endfacet
  facet normal -0.0435827 0.99905 0
    outer loop
      vertex -0.164803 4.4928 185.032
      vertex -0.3922 4.48288 172
      vertex -0.3922 4.48288 185.032
    endloop
  endfacet
  facet normal 0 -1 0
    outer loop
      vertex -1.16469 -4.34667 172
      vertex -1.16468 -4.34667 185.032
      vertex -1.16469 -4.34667 185.032
    endloop
  endfacet
  facet normal -0.216417 -0.976301 1.66066e-07
    outer loop
      vertex -1.16468 -4.34667 185.032
      vertex -1.16469 -4.34667 172
      vertex -1.00363 -4.38237 185.032
    endloop
  endfacet
  facet normal -0.216416 -0.976301 1.5164e-07
    outer loop
      vertex -0.781416 -4.43163 172
      vertex -1.00363 -4.38237 185.032
      vertex -1.16469 -4.34667 172
    endloop
  endfacet
  facet normal -0.216424 -0.976299 0
    outer loop
      vertex -1.00363 -4.38237 185.032
      vertex -0.781416 -4.43163 172
      vertex -0.781416 -4.43163 185.032
    endloop
  endfacet
  facet normal 0 1 -0
    outer loop
      vertex 1.16469 4.34667 172
      vertex 1.16468 4.34667 185.032
      vertex 1.16469 4.34667 185.032
    endloop
  endfacet
  facet normal 0.216417 0.976301 1.66066e-07
    outer loop
      vertex 1.16468 4.34667 185.032
      vertex 1.16469 4.34667 172
      vertex 1.00363 4.38237 185.032
    endloop
  endfacet
  facet normal 0.216416 0.976301 1.5164e-07
    outer loop
      vertex 0.781416 4.43163 172
      vertex 1.00363 4.38237 185.032
      vertex 1.16469 4.34667 172
    endloop
  endfacet
  facet normal 0.216424 0.976299 0
    outer loop
      vertex 1.00363 4.38237 185.032
      vertex 0.781416 4.43163 172
      vertex 0.781416 4.43163 185.032
    endloop
  endfacet
  facet normal 0.0435827 0.99905 0
    outer loop
      vertex 0.3922 4.48288 185.032
      vertex 0.3922 4.48288 172
      vertex 0.164803 4.4928 185.032
    endloop
  endfacet
  facet normal 0.0436097 0.999049 4.71586e-07
    outer loop
      vertex 0 4.5 172
      vertex 0.164803 4.4928 185.032
      vertex 0.3922 4.48288 172
    endloop
  endfacet
  facet normal 0.0436469 0.999047 0
    outer loop
      vertex 0.164803 4.4928 185.032
      vertex 0 4.5 172
      vertex 0 4.5 185.032
    endloop
  endfacet
  facet normal 0.300745 -0.953704 0
    outer loop
      vertex 1.16469 -4.34667 172
      vertex 1.32201 -4.29706 185.032
      vertex 1.16469 -4.34667 185.032
    endloop
  endfacet
  facet normal 0.300711 -0.953715 4.6091e-07
    outer loop
      vertex 1.53909 -4.22862 172
      vertex 1.32201 -4.29706 185.032
      vertex 1.16469 -4.34667 172
    endloop
  endfacet
  facet normal 0.300686 -0.953723 0
    outer loop
      vertex 1.32201 -4.29706 185.032
      vertex 1.53909 -4.22862 172
      vertex 1.53909 -4.22862 185.032
    endloop
  endfacet
  facet normal -0.793345 0.608772 0
    outer loop
      vertex -3.4472 2.89254 172
      vertex -3.58576 2.71197 185.032
      vertex -3.4472 2.89254 185.032
    endloop
  endfacet
  facet normal -0.793358 0.608755 -3.70094e-07
    outer loop
      vertex -3.68618 2.58109 172
      vertex -3.58576 2.71197 185.032
      vertex -3.4472 2.89254 172
    endloop
  endfacet
  facet normal -0.793376 0.608732 0
    outer loop
      vertex -3.58576 2.71197 185.032
      vertex -3.68618 2.58109 172
      vertex -3.68618 2.58109 185.032
    endloop
  endfacet
  facet normal 0.537276 -0.843407 0
    outer loop
      vertex 2.25 -3.89711 172
      vertex 2.38913 -3.80848 185.032
      vertex 2.25 -3.89711 185.032
    endloop
  endfacet
  facet normal 0.537304 -0.843389 -4.26936e-07
    outer loop
      vertex 2.58109 -3.68618 172
      vertex 2.38913 -3.80848 185.032
      vertex 2.25 -3.89711 172
    endloop
  endfacet
  facet normal 0.537325 -0.843376 0
    outer loop
      vertex 2.38913 -3.80848 185.032
      vertex 2.58109 -3.68618 172
      vertex 2.58109 -3.68618 185.032
    endloop
  endfacet
  facet normal -0.887009 0.461752 0
    outer loop
      vertex -3.89711 2.25 172
      vertex -3.97328 2.10368 185.032
      vertex -3.89711 2.25 185.032
    endloop
  endfacet
  facet normal -0.887013 0.461745 -9.59725e-08
    outer loop
      vertex -4.07838 1.90178 172
      vertex -3.97328 2.10368 185.032
      vertex -3.89711 2.25 172
    endloop
  endfacet
  facet normal -0.887015 0.46174 0
    outer loop
      vertex -3.97328 2.10368 185.032
      vertex -4.07838 1.90178 172
      vertex -4.07838 1.90178 185.032
    endloop
  endfacet
  facet normal 0.923872 -0.382702 0
    outer loop
      vertex 4.14151 -1.74938 185.032
      vertex 4.22862 -1.53909 172
      vertex 4.22862 -1.53909 185.032
    endloop
  endfacet
  facet normal 0.923871 -0.382703 0
    outer loop
      vertex 4.07838 -1.90178 172
      vertex 4.14151 -1.74938 185.032
      vertex 4.07838 -1.90178 185.032
    endloop
  endfacet
  facet normal 0.923872 -0.382703 -8.54174e-09
    outer loop
      vertex 4.14151 -1.74938 185.032
      vertex 4.07838 -1.90178 172
      vertex 4.22862 -1.53909 172
    endloop
  endfacet
  facet normal -0.887015 -0.46174 0
    outer loop
      vertex -4.07838 -1.90178 172
      vertex -3.97328 -2.10368 185.032
      vertex -4.07838 -1.90178 185.032
    endloop
  endfacet
  facet normal -0.887013 -0.461745 -9.59725e-08
    outer loop
      vertex -3.89711 -2.25 172
      vertex -3.97328 -2.10368 185.032
      vertex -4.07838 -1.90178 172
    endloop
  endfacet
  facet normal -0.887009 -0.461752 0
    outer loop
      vertex -3.97328 -2.10368 185.032
      vertex -3.89711 -2.25 172
      vertex -3.89711 -2.25 185.032
    endloop
  endfacet
  facet normal -0.991445 0.130528 0
    outer loop
      vertex -4.43163 0.781416 172
      vertex -4.46134 0.55575 185.032
      vertex -4.43163 0.781416 185.032
    endloop
  endfacet
  facet normal -0.991442 0.130548 3.46975e-07
    outer loop
      vertex -4.48288 0.3922 172
      vertex -4.46134 0.55575 185.032
      vertex -4.43163 0.781416 172
    endloop
  endfacet
  facet normal -0.991438 0.130575 0
    outer loop
      vertex -4.46134 0.55575 185.032
      vertex -4.48288 0.3922 172
      vertex -4.48288 0.3922 185.032
    endloop
  endfacet
  facet normal -0.99905 0.0435827 0
    outer loop
      vertex -4.48288 0.3922 172
      vertex -4.4928 0.164803 185.032
      vertex -4.48288 0.3922 185.032
    endloop
  endfacet
  facet normal -0.999049 0.0436097 4.71586e-07
    outer loop
      vertex -4.5 0 172
      vertex -4.4928 0.164803 185.032
      vertex -4.48288 0.3922 172
    endloop
  endfacet
  facet normal -0.999047 0.0436469 0
    outer loop
      vertex -4.4928 0.164803 185.032
      vertex -4.5 0 172
      vertex -4.5 0 185.032
    endloop
  endfacet
  facet normal 0.300686 0.953723 -0
    outer loop
      vertex 1.53909 4.22862 172
      vertex 1.32201 4.29706 185.032
      vertex 1.53909 4.22862 185.032
    endloop
  endfacet
  facet normal 0.300711 0.953715 4.6091e-07
    outer loop
      vertex 1.16469 4.34667 172
      vertex 1.32201 4.29706 185.032
      vertex 1.53909 4.22862 172
    endloop
  endfacet
  facet normal 0.300745 0.953704 0
    outer loop
      vertex 1.32201 4.29706 185.032
      vertex 1.16469 4.34667 172
      vertex 1.16469 4.34667 185.032
    endloop
  endfacet
  facet normal -0.382703 -0.923871 -0
    outer loop
      vertex -1.90178 -4.07838 185.032
      vertex -1.90178 -4.07838 172
      vertex -1.74938 -4.14151 185.032
    endloop
  endfacet
  facet normal -0.382703 -0.923872 -8.54174e-09
    outer loop
      vertex -1.53909 -4.22862 172
      vertex -1.74938 -4.14151 185.032
      vertex -1.90178 -4.07838 172
    endloop
  endfacet
  facet normal -0.382702 -0.923872 0
    outer loop
      vertex -1.74938 -4.14151 185.032
      vertex -1.53909 -4.22862 172
      vertex -1.53909 -4.22862 185.032
    endloop
  endfacet
  facet normal -0.382702 0.923872 0
    outer loop
      vertex -1.53909 4.22862 172
      vertex -1.74938 4.14151 185.032
      vertex -1.53909 4.22862 185.032
    endloop
  endfacet
  facet normal -0.382703 0.923872 -8.54174e-09
    outer loop
      vertex -1.90178 4.07838 172
      vertex -1.74938 4.14151 185.032
      vertex -1.53909 4.22862 172
    endloop
  endfacet
  facet normal -0.382703 0.923871 0
    outer loop
      vertex -1.74938 4.14151 185.032
      vertex -1.90178 4.07838 172
      vertex -1.90178 4.07838 185.032
    endloop
  endfacet
  facet normal -0.461752 -0.887009 -0
    outer loop
      vertex -2.25 -3.89711 185.032
      vertex -2.25 -3.89711 172
      vertex -2.10368 -3.97328 185.032
    endloop
  endfacet
  facet normal -0.461745 -0.887013 -9.59725e-08
    outer loop
      vertex -1.90178 -4.07838 172
      vertex -2.10368 -3.97328 185.032
      vertex -2.25 -3.89711 172
    endloop
  endfacet
  facet normal -0.46174 -0.887015 0
    outer loop
      vertex -2.10368 -3.97328 185.032
      vertex -1.90178 -4.07838 172
      vertex -1.90178 -4.07838 185.032
    endloop
  endfacet
  facet normal 0.166336 -0.750304 -0.639825
    outer loop
      vertex -1.61063 7.82937 1.15
      vertex -1.68232 6.27852 2.95
      vertex -2.07055 7.72741 1.15
    endloop
  endfacet
  facet normal -0.566605 0.519214 -0.639825
    outer loop
      vertex 5.97512 -5.30953 1.15
      vertex 5.65685 -5.65685 1.15
      vertex 4.59619 -4.59619 2.95
    endloop
  endfacet
  facet normal 0.166336 0.750304 -0.639825
    outer loop
      vertex -1.68232 -6.27852 2.95
      vertex -1.61063 -7.82937 1.15
      vertex -2.07055 -7.72741 1.15
    endloop
  endfacet
  facet normal 0.412917 0.648169 -0.639825
    outer loop
      vertex -4 -6.9282 1.15
      vertex -3.72825 -5.32449 2.95
      vertex -3.25 -5.62916 2.95
    endloop
  endfacet
  facet normal 0.412923 0.648167 -0.639824
    outer loop
      vertex -3.72825 -5.32449 2.95
      vertex -4 -6.9282 1.15
      vertex -4.1913 -6.80633 1.15
    endloop
  endfacet
  facet normal -0.76779 -0.0335096 -0.639825
    outer loop
      vertex 6.5 0 2.95
      vertex 7.99011 0.226605 1.15
      vertex 8 0 1.15
    endloop
  endfacet
  facet normal -0.767789 -0.0335164 -0.639825
    outer loop
      vertex 7.99011 0.226605 1.15
      vertex 6.5 0 2.95
      vertex 6.47527 0.566512 2.95
    endloop
  endfacet
  facet normal -0.76779 -0.0335247 -0.639824
    outer loop
      vertex 7.96956 0.697245 1.15
      vertex 7.99011 0.226605 1.15
      vertex 6.47527 0.566512 2.95
    endloop
  endfacet
  facet normal -0.681682 -0.354871 -0.639825
    outer loop
      vertex 6.9282 4 1.15
      vertex 7.14573 3.58214 1.15
      vertex 5.62916 3.25 2.95
    endloop
  endfacet
  facet normal -0.648167 -0.412923 -0.639824
    outer loop
      vertex 6.9282 4 1.15
      vertex 5.32449 3.72825 2.95
      vertex 6.80633 4.1913 1.15
    endloop
  endfacet
  facet normal -0.648169 -0.412917 -0.639825
    outer loop
      vertex 5.32449 3.72825 2.95
      vertex 6.9282 4 1.15
      vertex 5.62916 3.25 2.95
    endloop
  endfacet
  facet normal -0.710024 -0.294093 -0.639824
    outer loop
      vertex 5.891 2.74702 2.95
      vertex 7.25046 3.38095 1.15
      vertex 7.33726 3.17139 1.15
    endloop
  endfacet
  facet normal -0.710022 -0.294098 -0.639824
    outer loop
      vertex 5.891 2.74702 2.95
      vertex 7.33726 3.17139 1.15
      vertex 6.108 2.22313 2.95
    endloop
  endfacet
  facet normal 0.681682 -0.354871 -0.639825
    outer loop
      vertex -6.9282 4 1.15
      vertex -5.62916 3.25 2.95
      vertex -7.14573 3.58214 1.15
    endloop
  endfacet
  facet normal 0.750304 -0.166336 -0.639825
    outer loop
      vertex -7.72741 2.07055 1.15
      vertex -6.27852 1.68232 2.95
      vertex -7.82937 1.61063 1.15
    endloop
  endfacet
  facet normal 0.566605 0.519214 -0.639825
    outer loop
      vertex -4.59619 -4.59619 2.95
      vertex -5.65685 -5.65685 1.15
      vertex -5.97512 -5.30953 1.15
    endloop
  endfacet
  facet normal -0.519209 0.56661 -0.639825
    outer loop
      vertex 4.17812 -4.97929 2.95
      vertex 5.30953 -5.97512 1.15
      vertex 5.1423 -6.12836 1.15
    endloop
  endfacet
  facet normal -0.519212 0.566606 -0.639825
    outer loop
      vertex 5.30953 -5.97512 1.15
      vertex 4.17812 -4.97929 2.95
      vertex 4.59619 -4.59619 2.95
    endloop
  endfacet
  facet normal 0.76779 -0.0335247 -0.639824
    outer loop
      vertex -7.96956 0.697245 1.15
      vertex -6.47527 0.566512 2.95
      vertex -7.99011 0.226605 1.15
    endloop
  endfacet
  facet normal 0.294093 -0.710024 -0.639824
    outer loop
      vertex -3.17139 7.33726 1.15
      vertex -2.74702 5.891 2.95
      vertex -3.38095 7.25046 1.15
    endloop
  endfacet
  facet normal 0.294098 -0.710022 -0.639824
    outer loop
      vertex -2.74702 5.891 2.95
      vertex -3.17139 7.33726 1.15
      vertex -2.22313 6.108 2.95
    endloop
  endfacet
  facet normal -0.412923 0.648167 -0.639824
    outer loop
      vertex 4 -6.9282 1.15
      vertex 3.72825 -5.32449 2.95
      vertex 4.1913 -6.80633 1.15
    endloop
  endfacet
  facet normal -0.412917 0.648169 -0.639825
    outer loop
      vertex 3.72825 -5.32449 2.95
      vertex 4 -6.9282 1.15
      vertex 3.25 -5.62916 2.95
    endloop
  endfacet
  facet normal -0.732951 -0.231098 -0.639825
    outer loop
      vertex 7.58575 2.51984 1.15
      vertex 7.72741 2.07055 1.15
      vertex 6.27852 1.68232 2.95
    endloop
  endfacet
  facet normal 0.750305 0.166335 -0.639824
    outer loop
      vertex -6.27852 -1.68232 2.95
      vertex -7.87846 -1.38918 1.15
      vertex -6.40125 -1.12871 2.95
    endloop
  endfacet
  facet normal 0.750306 0.166324 -0.639826
    outer loop
      vertex -7.87846 -1.38918 1.15
      vertex -6.27852 -1.68232 2.95
      vertex -7.82937 -1.61063 1.15
    endloop
  endfacet
  facet normal 0.294103 0.71002 -0.639825
    outer loop
      vertex -2.22313 -6.108 2.95
      vertex -2.73616 -7.51754 1.15
      vertex -3.17139 -7.33726 1.15
    endloop
  endfacet
  facet normal 0.0335247 0.76779 -0.639824
    outer loop
      vertex -0.566512 -6.47527 2.95
      vertex -0.226605 -7.99011 1.15
      vertex -0.697245 -7.96956 1.15
    endloop
  endfacet
  facet normal -0.354871 0.681682 -0.639825
    outer loop
      vertex 4 -6.9282 1.15
      vertex 3.58214 -7.14573 1.15
      vertex 3.25 -5.62916 2.95
    endloop
  endfacet
  facet normal -0.294103 0.71002 -0.639825
    outer loop
      vertex 3.17139 -7.33726 1.15
      vertex 2.73616 -7.51754 1.15
      vertex 2.22313 -6.108 2.95
    endloop
  endfacet
  facet normal 0.412923 -0.648167 -0.639824
    outer loop
      vertex -4 6.9282 1.15
      vertex -3.72825 5.32449 2.95
      vertex -4.1913 6.80633 1.15
    endloop
  endfacet
  facet normal 0.412917 -0.648169 -0.639825
    outer loop
      vertex -3.72825 5.32449 2.95
      vertex -4 6.9282 1.15
      vertex -3.25 5.62916 2.95
    endloop
  endfacet
  facet normal 0.467856 0.609702 -0.639824
    outer loop
      vertex -3.72825 -5.32449 2.95
      vertex -4.58861 -6.55322 1.15
      vertex -4.96235 -6.26643 1.15
    endloop
  endfacet
  facet normal -0.566605 -0.519214 -0.639825
    outer loop
      vertex 5.65685 5.65685 1.15
      vertex 5.97512 5.30953 1.15
      vertex 4.59619 4.59619 2.95
    endloop
  endfacet
  facet normal 0.231102 0.732949 -0.639826
    outer loop
      vertex -2.51984 -7.58575 1.15
      vertex -2.22313 -6.108 2.95
      vertex -1.68232 -6.27852 2.95
    endloop
  endfacet
  facet normal 0.231113 0.732947 -0.639825
    outer loop
      vertex -2.51984 -7.58575 1.15
      vertex -2.73616 -7.51754 1.15
      vertex -2.22313 -6.108 2.95
    endloop
  endfacet
  facet normal 0.681684 0.354869 -0.639824
    outer loop
      vertex -5.62916 -3.25 2.95
      vertex -7.25046 -3.38095 1.15
      vertex -5.891 -2.74702 2.95
    endloop
  endfacet
  facet normal 0.681688 0.354855 -0.639827
    outer loop
      vertex -7.25046 -3.38095 1.15
      vertex -5.62916 -3.25 2.95
      vertex -7.14573 -3.58214 1.15
    endloop
  endfacet
  facet normal 0.761945 -0.100325 -0.639824
    outer loop
      vertex -6.40125 1.12871 2.95
      vertex -7.90807 1.1643 1.15
      vertex -7.87846 1.38918 1.15
    endloop
  endfacet
  facet normal 0.761945 -0.100319 -0.639825
    outer loop
      vertex -7.90807 1.1643 1.15
      vertex -6.40125 1.12871 2.95
      vertex -6.47527 0.566512 2.95
    endloop
  endfacet
  facet normal -0.648169 0.412917 -0.639825
    outer loop
      vertex 6.9282 -4 1.15
      vertex 5.32449 -3.72825 2.95
      vertex 5.62916 -3.25 2.95
    endloop
  endfacet
  facet normal -0.648167 0.412923 -0.639824
    outer loop
      vertex 5.32449 -3.72825 2.95
      vertex 6.9282 -4 1.15
      vertex 6.80633 -4.1913 1.15
    endloop
  endfacet
  facet normal 0.732947 -0.231113 -0.639825
    outer loop
      vertex -6.108 2.22313 2.95
      vertex -7.58575 2.51984 1.15
      vertex -7.51754 2.73616 1.15
    endloop
  endfacet
  facet normal 0.732949 -0.231102 -0.639826
    outer loop
      vertex -7.58575 2.51984 1.15
      vertex -6.108 2.22313 2.95
      vertex -6.27852 1.68232 2.95
    endloop
  endfacet
  facet normal -0.467824 -0.609726 -0.639824
    outer loop
      vertex 4.17812 4.97929 2.95
      vertex 4.96235 6.26643 1.15
      vertex 5.1423 6.12836 1.15
    endloop
  endfacet
  facet normal -0.467849 -0.609708 -0.639823
    outer loop
      vertex 4.96235 6.26643 1.15
      vertex 4.17812 4.97929 2.95
      vertex 3.72825 5.32449 2.95
    endloop
  endfacet
  facet normal -0.71002 -0.294103 -0.639825
    outer loop
      vertex 7.33726 3.17139 1.15
      vertex 7.51754 2.73616 1.15
      vertex 6.108 2.22313 2.95
    endloop
  endfacet
  facet normal 0.294103 -0.71002 -0.639825
    outer loop
      vertex -2.73616 7.51754 1.15
      vertex -2.22313 6.108 2.95
      vertex -3.17139 7.33726 1.15
    endloop
  endfacet
  facet normal -0.609702 0.467856 -0.639824
    outer loop
      vertex 6.55322 -4.58861 1.15
      vertex 6.26643 -4.96235 1.15
      vertex 5.32449 -3.72825 2.95
    endloop
  endfacet
  facet normal -0.412917 -0.648169 -0.639825
    outer loop
      vertex 4 6.9282 1.15
      vertex 3.72825 5.32449 2.95
      vertex 3.25 5.62916 2.95
    endloop
  endfacet
  facet normal -0.412923 -0.648167 -0.639824
    outer loop
      vertex 3.72825 5.32449 2.95
      vertex 4 6.9282 1.15
      vertex 4.1913 6.80633 1.15
    endloop
  endfacet
  facet normal 0.566605 -0.519214 -0.639825
    outer loop
      vertex -5.65685 5.65685 1.15
      vertex -4.59619 4.59619 2.95
      vertex -5.97512 5.30953 1.15
    endloop
  endfacet
  facet normal -0.761945 -0.100325 -0.639824
    outer loop
      vertex 7.90807 1.1643 1.15
      vertex 6.40125 1.12871 2.95
      vertex 7.87846 1.38918 1.15
    endloop
  endfacet
  facet normal -0.761945 -0.100319 -0.639825
    outer loop
      vertex 6.40125 1.12871 2.95
      vertex 7.90807 1.1643 1.15
      vertex 6.47527 0.566512 2.95
    endloop
  endfacet
  facet normal -0.56661 0.519209 -0.639825
    outer loop
      vertex 5.97512 -5.30953 1.15
      vertex 4.97929 -4.17812 2.95
      vertex 6.12836 -5.1423 1.15
    endloop
  endfacet
  facet normal -0.566606 0.519212 -0.639825
    outer loop
      vertex 4.97929 -4.17812 2.95
      vertex 5.97512 -5.30953 1.15
      vertex 4.59619 -4.59619 2.95
    endloop
  endfacet
  facet normal 0.231113 -0.732947 -0.639825
    outer loop
      vertex -2.51984 7.58575 1.15
      vertex -2.22313 6.108 2.95
      vertex -2.73616 7.51754 1.15
    endloop
  endfacet
  facet normal 0.231102 -0.732949 -0.639826
    outer loop
      vertex -2.22313 6.108 2.95
      vertex -2.51984 7.58575 1.15
      vertex -1.68232 6.27852 2.95
    endloop
  endfacet
  facet normal 0.767789 -0.0335164 -0.639825
    outer loop
      vertex -6.5 0 2.95
      vertex -7.99011 0.226605 1.15
      vertex -6.47527 0.566512 2.95
    endloop
  endfacet
  facet normal 0.76779 -0.0335096 -0.639825
    outer loop
      vertex -7.99011 0.226605 1.15
      vertex -6.5 0 2.95
      vertex -8 0 1.15
    endloop
  endfacet
  facet normal -0.0335164 -0.767789 -0.639825
    outer loop
      vertex 0 6.5 2.95
      vertex 0.226605 7.99011 1.15
      vertex 0.566512 6.47527 2.95
    endloop
  endfacet
  facet normal -0.0335096 -0.76779 -0.639825
    outer loop
      vertex 0.226605 7.99011 1.15
      vertex 0 6.5 2.95
      vertex 0 8 1.15
    endloop
  endfacet
  facet normal 0.354871 0.681682 -0.639825
    outer loop
      vertex -3.25 -5.62916 2.95
      vertex -3.58214 -7.14573 1.15
      vertex -4 -6.9282 1.15
    endloop
  endfacet
  facet normal 0.761945 0.100319 -0.639825
    outer loop
      vertex -6.40125 -1.12871 2.95
      vertex -7.90807 -1.1643 1.15
      vertex -6.47527 -0.566512 2.95
    endloop
  endfacet
  facet normal 0.761945 0.100325 -0.639824
    outer loop
      vertex -7.90807 -1.1643 1.15
      vertex -6.40125 -1.12871 2.95
      vertex -7.87846 -1.38918 1.15
    endloop
  endfacet
  facet normal -0.56661 -0.519209 -0.639825
    outer loop
      vertex 4.97929 4.17812 2.95
      vertex 5.97512 5.30953 1.15
      vertex 6.12836 5.1423 1.15
    endloop
  endfacet
  facet normal -0.566606 -0.519212 -0.639825
    outer loop
      vertex 5.97512 5.30953 1.15
      vertex 4.97929 4.17812 2.95
      vertex 4.59619 4.59619 2.95
    endloop
  endfacet
  facet normal 0.71002 -0.294103 -0.639825
    outer loop
      vertex -7.33726 3.17139 1.15
      vertex -6.108 2.22313 2.95
      vertex -7.51754 2.73616 1.15
    endloop
  endfacet
  facet normal -0.294103 -0.71002 -0.639825
    outer loop
      vertex 2.73616 7.51754 1.15
      vertex 3.17139 7.33726 1.15
      vertex 2.22313 6.108 2.95
    endloop
  endfacet
  facet normal -0.354869 -0.681684 -0.639824
    outer loop
      vertex 3.38095 7.25046 1.15
      vertex 3.25 5.62916 2.95
      vertex 2.74702 5.891 2.95
    endloop
  endfacet
  facet normal -0.354855 -0.681688 -0.639827
    outer loop
      vertex 3.25 5.62916 2.95
      vertex 3.38095 7.25046 1.15
      vertex 3.58214 7.14573 1.15
    endloop
  endfacet
  facet normal -0.0335247 -0.76779 -0.639824
    outer loop
      vertex 0.697245 7.96956 1.15
      vertex 0.566512 6.47527 2.95
      vertex 0.226605 7.99011 1.15
    endloop
  endfacet
  facet normal 0.71002 0.294103 -0.639825
    outer loop
      vertex -6.108 -2.22313 2.95
      vertex -7.33726 -3.17139 1.15
      vertex -7.51754 -2.73616 1.15
    endloop
  endfacet
  facet normal -0.519212 -0.566606 -0.639825
    outer loop
      vertex 4.17812 4.97929 2.95
      vertex 5.30953 5.97512 1.15
      vertex 4.59619 4.59619 2.95
    endloop
  endfacet
  facet normal -0.519209 -0.56661 -0.639825
    outer loop
      vertex 5.30953 5.97512 1.15
      vertex 4.17812 4.97929 2.95
      vertex 5.1423 6.12836 1.15
    endloop
  endfacet
  facet normal -0.519214 -0.566605 -0.639825
    outer loop
      vertex 5.30953 5.97512 1.15
      vertex 5.65685 5.65685 1.15
      vertex 4.59619 4.59619 2.95
    endloop
  endfacet
  facet normal -0.750306 -0.166324 -0.639826
    outer loop
      vertex 7.87846 1.38918 1.15
      vertex 6.27852 1.68232 2.95
      vertex 7.82937 1.61063 1.15
    endloop
  endfacet
  facet normal -0.750305 -0.166335 -0.639824
    outer loop
      vertex 7.87846 1.38918 1.15
      vertex 6.40125 1.12871 2.95
      vertex 6.27852 1.68232 2.95
    endloop
  endfacet
  facet normal -0.467856 0.609702 -0.639824
    outer loop
      vertex 4.96235 -6.26643 1.15
      vertex 4.58861 -6.55322 1.15
      vertex 3.72825 -5.32449 2.95
    endloop
  endfacet
  facet normal -0.412921 -0.648168 -0.639824
    outer loop
      vertex 4.58861 6.55322 1.15
      vertex 3.72825 5.32449 2.95
      vertex 4.1913 6.80633 1.15
    endloop
  endfacet
  facet normal -0.761946 -0.100314 -0.639824
    outer loop
      vertex 7.96956 0.697246 1.15
      vertex 6.47527 0.566512 2.95
      vertex 7.90807 1.1643 1.15
    endloop
  endfacet
  facet normal -0.76942 0 -0.638743
    outer loop
      vertex 6.47527 0.566512 2.95
      vertex 7.96956 0.697246 1.15
      vertex 7.96956 0.697245 1.15
    endloop
  endfacet
  facet normal -0.71002 0.294103 -0.639825
    outer loop
      vertex 7.51754 -2.73616 1.15
      vertex 7.33726 -3.17139 1.15
      vertex 6.108 -2.22313 2.95
    endloop
  endfacet
  facet normal -0.294093 0.710024 -0.639824
    outer loop
      vertex 3.17139 -7.33726 1.15
      vertex 2.74702 -5.891 2.95
      vertex 3.38095 -7.25046 1.15
    endloop
  endfacet
  facet normal -0.294098 0.710022 -0.639824
    outer loop
      vertex 2.74702 -5.891 2.95
      vertex 3.17139 -7.33726 1.15
      vertex 2.22313 -6.108 2.95
    endloop
  endfacet
  facet normal -0.750306 0.166324 -0.639826
    outer loop
      vertex 6.27852 -1.68232 2.95
      vertex 7.87846 -1.38918 1.15
      vertex 7.82937 -1.61063 1.15
    endloop
  endfacet
  facet normal -0.750305 0.166335 -0.639824
    outer loop
      vertex 7.87846 -1.38918 1.15
      vertex 6.27852 -1.68232 2.95
      vertex 6.40125 -1.12871 2.95
    endloop
  endfacet
  facet normal -0.467824 0.609726 -0.639824
    outer loop
      vertex 4.96235 -6.26643 1.15
      vertex 4.17812 -4.97929 2.95
      vertex 5.1423 -6.12836 1.15
    endloop
  endfacet
  facet normal -0.467849 0.609708 -0.639823
    outer loop
      vertex 4.17812 -4.97929 2.95
      vertex 4.96235 -6.26643 1.15
      vertex 3.72825 -5.32449 2.95
    endloop
  endfacet
  facet normal 0.710022 0.294098 -0.639824
    outer loop
      vertex -5.891 -2.74702 2.95
      vertex -7.33726 -3.17139 1.15
      vertex -6.108 -2.22313 2.95
    endloop
  endfacet
  facet normal 0.710024 0.294093 -0.639824
    outer loop
      vertex -5.891 -2.74702 2.95
      vertex -7.25046 -3.38095 1.15
      vertex -7.33726 -3.17139 1.15
    endloop
  endfacet
  facet normal -0.467856 -0.609702 -0.639824
    outer loop
      vertex 4.58861 6.55322 1.15
      vertex 4.96235 6.26643 1.15
      vertex 3.72825 5.32449 2.95
    endloop
  endfacet
  facet normal -0.609708 -0.467849 -0.639823
    outer loop
      vertex 4.97929 4.17812 2.95
      vertex 6.26643 4.96235 1.15
      vertex 5.32449 3.72825 2.95
    endloop
  endfacet
  facet normal -0.609726 -0.467824 -0.639824
    outer loop
      vertex 6.26643 4.96235 1.15
      vertex 4.97929 4.17812 2.95
      vertex 6.12836 5.1423 1.15
    endloop
  endfacet
  facet normal 0.76942 0 -0.638743
    outer loop
      vertex -6.47527 -0.566512 2.95
      vertex -7.96956 -0.697246 1.15
      vertex -7.96956 -0.697245 1.15
    endloop
  endfacet
  facet normal 0.761946 0.100314 -0.639824
    outer loop
      vertex -7.96956 -0.697246 1.15
      vertex -6.47527 -0.566512 2.95
      vertex -7.90807 -1.1643 1.15
    endloop
  endfacet
  facet normal 0.76779 0.0335247 -0.639824
    outer loop
      vertex -6.47527 -0.566512 2.95
      vertex -7.96956 -0.697245 1.15
      vertex -7.99011 -0.226605 1.15
    endloop
  endfacet
  facet normal -0.76942 0 -0.638743
    outer loop
      vertex 7.96956 -0.697246 1.15
      vertex 6.47527 -0.566512 2.95
      vertex 7.96956 -0.697245 1.15
    endloop
  endfacet
  facet normal -0.761946 0.100314 -0.639824
    outer loop
      vertex 6.47527 -0.566512 2.95
      vertex 7.96956 -0.697246 1.15
      vertex 7.90807 -1.1643 1.15
    endloop
  endfacet
  facet normal -0.294098 -0.710022 -0.639824
    outer loop
      vertex 3.17139 7.33726 1.15
      vertex 2.74702 5.891 2.95
      vertex 2.22313 6.108 2.95
    endloop
  endfacet
  facet normal -0.294093 -0.710024 -0.639824
    outer loop
      vertex 3.38095 7.25046 1.15
      vertex 2.74702 5.891 2.95
      vertex 3.17139 7.33726 1.15
    endloop
  endfacet
  facet normal 0.566606 -0.519212 -0.639825
    outer loop
      vertex -4.97929 4.17812 2.95
      vertex -5.97512 5.30953 1.15
      vertex -4.59619 4.59619 2.95
    endloop
  endfacet
  facet normal 0.56661 -0.519209 -0.639825
    outer loop
      vertex -4.97929 4.17812 2.95
      vertex -6.12836 5.1423 1.15
      vertex -5.97512 5.30953 1.15
    endloop
  endfacet
  facet normal 0.519214 -0.566605 -0.639825
    outer loop
      vertex -5.30953 5.97512 1.15
      vertex -4.59619 4.59619 2.95
      vertex -5.65685 5.65685 1.15
    endloop
  endfacet
  facet normal -0.519214 0.566605 -0.639825
    outer loop
      vertex 5.65685 -5.65685 1.15
      vertex 5.30953 -5.97512 1.15
      vertex 4.59619 -4.59619 2.95
    endloop
  endfacet
  facet normal 0 0 -1
    outer loop
      vertex 6.47527 -0.566512 2.95
      vertex 6.47527 0.566512 2.95
      vertex 6.5 0 2.95
    endloop
  endfacet
  facet normal 0 0 -1
    outer loop
      vertex 6.40125 -1.12871 2.95
      vertex 6.47527 0.566512 2.95
      vertex 6.47527 -0.566512 2.95
    endloop
  endfacet
  facet normal 0 0 -1
    outer loop
      vertex 6.40125 -1.12871 2.95
      vertex 6.40125 1.12871 2.95
      vertex 6.47527 0.566512 2.95
    endloop
  endfacet
  facet normal 0 0 -1
    outer loop
      vertex 6.27852 -1.68232 2.95
      vertex 6.40125 1.12871 2.95
      vertex 6.40125 -1.12871 2.95
    endloop
  endfacet
  facet normal 0 0 -1
    outer loop
      vertex 6.27852 -1.68232 2.95
      vertex 6.27852 1.68232 2.95
      vertex 6.40125 1.12871 2.95
    endloop
  endfacet
  facet normal 0 0 -1
    outer loop
      vertex 6.108 -2.22313 2.95
      vertex 6.27852 1.68232 2.95
      vertex 6.27852 -1.68232 2.95
    endloop
  endfacet
  facet normal 0 0 -1
    outer loop
      vertex 6.108 -2.22313 2.95
      vertex 6.108 2.22313 2.95
      vertex 6.27852 1.68232 2.95
    endloop
  endfacet
  facet normal 0 0 -1
    outer loop
      vertex 5.891 -2.74702 2.95
      vertex 6.108 2.22313 2.95
      vertex 6.108 -2.22313 2.95
    endloop
  endfacet
  facet normal 0 0 -1
    outer loop
      vertex 5.891 -2.74702 2.95
      vertex 5.891 2.74702 2.95
      vertex 6.108 2.22313 2.95
    endloop
  endfacet
  facet normal 0 0 -1
    outer loop
      vertex 5.62916 -3.25 2.95
      vertex 5.891 2.74702 2.95
      vertex 5.891 -2.74702 2.95
    endloop
  endfacet
  facet normal 0 0 -1
    outer loop
      vertex 5.62916 -3.25 2.95
      vertex 5.62916 3.25 2.95
      vertex 5.891 2.74702 2.95
    endloop
  endfacet
  facet normal 0 0 -1
    outer loop
      vertex 5.32449 -3.72825 2.95
      vertex 5.62916 3.25 2.95
      vertex 5.62916 -3.25 2.95
    endloop
  endfacet
  facet normal 0 0 -1
    outer loop
      vertex 5.32449 -3.72825 2.95
      vertex 5.32449 3.72825 2.95
      vertex 5.62916 3.25 2.95
    endloop
  endfacet
  facet normal 0 0 -1
    outer loop
      vertex 4.97929 -4.17812 2.95
      vertex 5.32449 3.72825 2.95
      vertex 5.32449 -3.72825 2.95
    endloop
  endfacet
  facet normal 0 0 -1
    outer loop
      vertex 4.97929 -4.17812 2.95
      vertex 4.97929 4.17812 2.95
      vertex 5.32449 3.72825 2.95
    endloop
  endfacet
  facet normal 0 0 -1
    outer loop
      vertex 4.59619 -4.59619 2.95
      vertex 4.97929 4.17812 2.95
      vertex 4.97929 -4.17812 2.95
    endloop
  endfacet
  facet normal 0 0 -1
    outer loop
      vertex 4.59619 -4.59619 2.95
      vertex 4.59619 4.59619 2.95
      vertex 4.97929 4.17812 2.95
    endloop
  endfacet
  facet normal 0 0 -1
    outer loop
      vertex 4.17812 -4.97929 2.95
      vertex 4.59619 4.59619 2.95
      vertex 4.59619 -4.59619 2.95
    endloop
  endfacet
  facet normal 0 0 -1
    outer loop
      vertex 4.17812 -4.97929 2.95
      vertex 4.17812 4.97929 2.95
      vertex 4.59619 4.59619 2.95
    endloop
  endfacet
  facet normal 0 0 -1
    outer loop
      vertex 3.72825 -5.32449 2.95
      vertex 4.17812 4.97929 2.95
      vertex 4.17812 -4.97929 2.95
    endloop
  endfacet
  facet normal 0 0 -1
    outer loop
      vertex 3.72825 -5.32449 2.95
      vertex 3.72825 5.32449 2.95
      vertex 4.17812 4.97929 2.95
    endloop
  endfacet
  facet normal 0 0 -1
    outer loop
      vertex 3.25 -5.62916 2.95
      vertex 3.72825 5.32449 2.95
      vertex 3.72825 -5.32449 2.95
    endloop
  endfacet
  facet normal 0 0 -1
    outer loop
      vertex 3.25 -5.62916 2.95
      vertex 3.25 5.62916 2.95
      vertex 3.72825 5.32449 2.95
    endloop
  endfacet
  facet normal 0 0 -1
    outer loop
      vertex 2.74702 -5.891 2.95
      vertex 3.25 5.62916 2.95
      vertex 3.25 -5.62916 2.95
    endloop
  endfacet
  facet normal 0 0 -1
    outer loop
      vertex 2.74702 -5.891 2.95
      vertex 2.74702 5.891 2.95
      vertex 3.25 5.62916 2.95
    endloop
  endfacet
  facet normal 0 0 -1
    outer loop
      vertex 2.22313 -6.108 2.95
      vertex 2.74702 5.891 2.95
      vertex 2.74702 -5.891 2.95
    endloop
  endfacet
  facet normal 0 0 -1
    outer loop
      vertex 2.22313 -6.108 2.95
      vertex 2.22313 6.108 2.95
      vertex 2.74702 5.891 2.95
    endloop
  endfacet
  facet normal 0 0 -1
    outer loop
      vertex 1.68232 -6.27852 2.95
      vertex 2.22313 6.108 2.95
      vertex 2.22313 -6.108 2.95
    endloop
  endfacet
  facet normal 0 0 -1
    outer loop
      vertex 1.68232 -6.27852 2.95
      vertex 1.68232 6.27852 2.95
      vertex 2.22313 6.108 2.95
    endloop
  endfacet
  facet normal 0 0 -1
    outer loop
      vertex 1.12871 -6.40125 2.95
      vertex 1.68232 6.27852 2.95
      vertex 1.68232 -6.27852 2.95
    endloop
  endfacet
  facet normal 0 0 -1
    outer loop
      vertex 1.12871 -6.40125 2.95
      vertex 1.12871 6.40125 2.95
      vertex 1.68232 6.27852 2.95
    endloop
  endfacet
  facet normal 0 0 -1
    outer loop
      vertex 0.566512 -6.47527 2.95
      vertex 1.12871 6.40125 2.95
      vertex 1.12871 -6.40125 2.95
    endloop
  endfacet
  facet normal 0 0 -1
    outer loop
      vertex 0.566512 -6.47527 2.95
      vertex 0.566512 6.47527 2.95
      vertex 1.12871 6.40125 2.95
    endloop
  endfacet
  facet normal 0 0 -1
    outer loop
      vertex 0 -6.5 2.95
      vertex 0.566512 6.47527 2.95
      vertex 0.566512 -6.47527 2.95
    endloop
  endfacet
  facet normal 0 0 -1
    outer loop
      vertex 0 -6.5 2.95
      vertex 0 6.5 2.95
      vertex 0.566512 6.47527 2.95
    endloop
  endfacet
  facet normal 0 0 -1
    outer loop
      vertex -0.566512 -6.47527 2.95
      vertex 0 6.5 2.95
      vertex 0 -6.5 2.95
    endloop
  endfacet
  facet normal 0 0 -1
    outer loop
      vertex -0.566512 -6.47527 2.95
      vertex -0.566512 6.47527 2.95
      vertex 0 6.5 2.95
    endloop
  endfacet
  facet normal 0 0 -1
    outer loop
      vertex -1.12871 -6.40125 2.95
      vertex -0.566512 6.47527 2.95
      vertex -0.566512 -6.47527 2.95
    endloop
  endfacet
  facet normal 0 0 -1
    outer loop
      vertex -1.12871 -6.40125 2.95
      vertex -1.12871 6.40125 2.95
      vertex -0.566512 6.47527 2.95
    endloop
  endfacet
  facet normal 0 0 -1
    outer loop
      vertex -1.68232 -6.27852 2.95
      vertex -1.12871 6.40125 2.95
      vertex -1.12871 -6.40125 2.95
    endloop
  endfacet
  facet normal 0 0 -1
    outer loop
      vertex -1.68232 -6.27852 2.95
      vertex -1.68232 6.27852 2.95
      vertex -1.12871 6.40125 2.95
    endloop
  endfacet
  facet normal 0 0 -1
    outer loop
      vertex -2.22313 -6.108 2.95
      vertex -1.68232 6.27852 2.95
      vertex -1.68232 -6.27852 2.95
    endloop
  endfacet
  facet normal 0 0 -1
    outer loop
      vertex -2.22313 -6.108 2.95
      vertex -2.22313 6.108 2.95
      vertex -1.68232 6.27852 2.95
    endloop
  endfacet
  facet normal 0 0 -1
    outer loop
      vertex -2.74702 -5.891 2.95
      vertex -2.22313 6.108 2.95
      vertex -2.22313 -6.108 2.95
    endloop
  endfacet
  facet normal 0 0 -1
    outer loop
      vertex -2.74702 -5.891 2.95
      vertex -2.74702 5.891 2.95
      vertex -2.22313 6.108 2.95
    endloop
  endfacet
  facet normal 0 0 -1
    outer loop
      vertex -3.25 -5.62916 2.95
      vertex -2.74702 5.891 2.95
      vertex -2.74702 -5.891 2.95
    endloop
  endfacet
  facet normal 0 0 -1
    outer loop
      vertex -3.25 -5.62916 2.95
      vertex -3.25 5.62916 2.95
      vertex -2.74702 5.891 2.95
    endloop
  endfacet
  facet normal 0 0 -1
    outer loop
      vertex -3.72825 -5.32449 2.95
      vertex -3.25 5.62916 2.95
      vertex -3.25 -5.62916 2.95
    endloop
  endfacet
  facet normal 0 0 -1
    outer loop
      vertex -3.72825 -5.32449 2.95
      vertex -3.72825 5.32449 2.95
      vertex -3.25 5.62916 2.95
    endloop
  endfacet
  facet normal 0 0 -1
    outer loop
      vertex -4.17812 -4.97929 2.95
      vertex -3.72825 5.32449 2.95
      vertex -3.72825 -5.32449 2.95
    endloop
  endfacet
  facet normal 0 0 -1
    outer loop
      vertex -4.17812 -4.97929 2.95
      vertex -4.17812 4.97929 2.95
      vertex -3.72825 5.32449 2.95
    endloop
  endfacet
  facet normal 0 0 -1
    outer loop
      vertex -4.59619 -4.59619 2.95
      vertex -4.17812 4.97929 2.95
      vertex -4.17812 -4.97929 2.95
    endloop
  endfacet
  facet normal 0 0 -1
    outer loop
      vertex -4.59619 -4.59619 2.95
      vertex -4.59619 4.59619 2.95
      vertex -4.17812 4.97929 2.95
    endloop
  endfacet
  facet normal 0 0 -1
    outer loop
      vertex -4.97929 -4.17812 2.95
      vertex -4.59619 4.59619 2.95
      vertex -4.59619 -4.59619 2.95
    endloop
  endfacet
  facet normal 0 0 -1
    outer loop
      vertex -4.97929 -4.17812 2.95
      vertex -4.97929 4.17812 2.95
      vertex -4.59619 4.59619 2.95
    endloop
  endfacet
  facet normal 0 0 -1
    outer loop
      vertex -5.32449 -3.72825 2.95
      vertex -4.97929 4.17812 2.95
      vertex -4.97929 -4.17812 2.95
    endloop
  endfacet
  facet normal 0 0 -1
    outer loop
      vertex -5.32449 -3.72825 2.95
      vertex -5.32449 3.72825 2.95
      vertex -4.97929 4.17812 2.95
    endloop
  endfacet
  facet normal 0 0 -1
    outer loop
      vertex -5.62916 -3.25 2.95
      vertex -5.32449 3.72825 2.95
      vertex -5.32449 -3.72825 2.95
    endloop
  endfacet
  facet normal 0 0 -1
    outer loop
      vertex -5.62916 -3.25 2.95
      vertex -5.62916 3.25 2.95
      vertex -5.32449 3.72825 2.95
    endloop
  endfacet
  facet normal 0 0 -1
    outer loop
      vertex -5.891 -2.74702 2.95
      vertex -5.62916 3.25 2.95
      vertex -5.62916 -3.25 2.95
    endloop
  endfacet
  facet normal 0 0 -1
    outer loop
      vertex -5.891 -2.74702 2.95
      vertex -5.891 2.74702 2.95
      vertex -5.62916 3.25 2.95
    endloop
  endfacet
  facet normal 0 0 -1
    outer loop
      vertex -6.108 -2.22313 2.95
      vertex -5.891 2.74702 2.95
      vertex -5.891 -2.74702 2.95
    endloop
  endfacet
  facet normal 0 0 -1
    outer loop
      vertex -6.108 -2.22313 2.95
      vertex -6.108 2.22313 2.95
      vertex -5.891 2.74702 2.95
    endloop
  endfacet
  facet normal 0 0 -1
    outer loop
      vertex -6.27852 -1.68232 2.95
      vertex -6.108 2.22313 2.95
      vertex -6.108 -2.22313 2.95
    endloop
  endfacet
  facet normal 0 0 -1
    outer loop
      vertex -6.27852 -1.68232 2.95
      vertex -6.27852 1.68232 2.95
      vertex -6.108 2.22313 2.95
    endloop
  endfacet
  facet normal 0 0 -1
    outer loop
      vertex -6.40125 -1.12871 2.95
      vertex -6.27852 1.68232 2.95
      vertex -6.27852 -1.68232 2.95
    endloop
  endfacet
  facet normal 0 0 -1
    outer loop
      vertex -6.40125 -1.12871 2.95
      vertex -6.40125 1.12871 2.95
      vertex -6.27852 1.68232 2.95
    endloop
  endfacet
  facet normal 0 0 -1
    outer loop
      vertex -6.47527 -0.566512 2.95
      vertex -6.40125 1.12871 2.95
      vertex -6.40125 -1.12871 2.95
    endloop
  endfacet
  facet normal 0 0 -1
    outer loop
      vertex -6.47527 -0.566512 2.95
      vertex -6.47527 0.566512 2.95
      vertex -6.40125 1.12871 2.95
    endloop
  endfacet
  facet normal 0 -0 -1
    outer loop
      vertex -6.47527 0.566512 2.95
      vertex -6.47527 -0.566512 2.95
      vertex -6.5 0 2.95
    endloop
  endfacet
  facet normal 0.467856 -0.609702 -0.639824
    outer loop
      vertex -4.58861 6.55322 1.15
      vertex -3.72825 5.32449 2.95
      vertex -4.96235 6.26643 1.15
    endloop
  endfacet
  facet normal 0 0.76942 -0.638743
    outer loop
      vertex -0.697246 -7.96956 1.15
      vertex -0.566512 -6.47527 2.95
      vertex -0.697245 -7.96956 1.15
    endloop
  endfacet
  facet normal 0.100314 0.761946 -0.639824
    outer loop
      vertex -0.566512 -6.47527 2.95
      vertex -0.697246 -7.96956 1.15
      vertex -1.1643 -7.90807 1.15
    endloop
  endfacet
  facet normal 0.354871 -0.681682 -0.639825
    outer loop
      vertex -3.58214 7.14573 1.15
      vertex -3.25 5.62916 2.95
      vertex -4 6.9282 1.15
    endloop
  endfacet
  facet normal -0.732951 0.231098 -0.639825
    outer loop
      vertex 7.72741 -2.07055 1.15
      vertex 7.58575 -2.51984 1.15
      vertex 6.27852 -1.68232 2.95
    endloop
  endfacet
  facet normal -0.166336 -0.750304 -0.639825
    outer loop
      vertex 2.07055 7.72741 1.15
      vertex 1.68232 6.27852 2.95
      vertex 1.61063 7.82937 1.15
    endloop
  endfacet
  facet normal 0.0335247 -0.76779 -0.639824
    outer loop
      vertex -0.226605 7.99011 1.15
      vertex -0.566512 6.47527 2.95
      vertex -0.697245 7.96956 1.15
    endloop
  endfacet
  facet normal 0.648167 -0.412923 -0.639824
    outer loop
      vertex -5.32449 3.72825 2.95
      vertex -6.9282 4 1.15
      vertex -6.80633 4.1913 1.15
    endloop
  endfacet
  facet normal 0.648169 -0.412917 -0.639825
    outer loop
      vertex -6.9282 4 1.15
      vertex -5.32449 3.72825 2.95
      vertex -5.62916 3.25 2.95
    endloop
  endfacet
  facet normal -0.0335164 0.767789 -0.639825
    outer loop
      vertex 0.226605 -7.99011 1.15
      vertex 0 -6.5 2.95
      vertex 0.566512 -6.47527 2.95
    endloop
  endfacet
  facet normal -0.0335096 0.76779 -0.639825
    outer loop
      vertex 0 -6.5 2.95
      vertex 0.226605 -7.99011 1.15
      vertex 0 -8 1.15
    endloop
  endfacet
  facet normal 0.0335164 0.767789 -0.639825
    outer loop
      vertex 0 -6.5 2.95
      vertex -0.226605 -7.99011 1.15
      vertex -0.566512 -6.47527 2.95
    endloop
  endfacet
  facet normal 0.0335096 0.76779 -0.639825
    outer loop
      vertex -0.226605 -7.99011 1.15
      vertex 0 -6.5 2.95
      vertex 0 -8 1.15
    endloop
  endfacet
  facet normal -0.681682 0.354871 -0.639825
    outer loop
      vertex 7.14573 -3.58214 1.15
      vertex 6.9282 -4 1.15
      vertex 5.62916 -3.25 2.95
    endloop
  endfacet
  facet normal -0.609702 -0.467856 -0.639824
    outer loop
      vertex 6.26643 4.96235 1.15
      vertex 6.55322 4.58861 1.15
      vertex 5.32449 3.72825 2.95
    endloop
  endfacet
  facet normal 0.566606 0.519212 -0.639825
    outer loop
      vertex -5.97512 -5.30953 1.15
      vertex -4.97929 -4.17812 2.95
      vertex -4.59619 -4.59619 2.95
    endloop
  endfacet
  facet normal 0.56661 0.519209 -0.639825
    outer loop
      vertex -6.12836 -5.1423 1.15
      vertex -4.97929 -4.17812 2.95
      vertex -5.97512 -5.30953 1.15
    endloop
  endfacet
  facet normal -0.681688 -0.354855 -0.639827
    outer loop
      vertex 7.25046 3.38095 1.15
      vertex 5.62916 3.25 2.95
      vertex 7.14573 3.58214 1.15
    endloop
  endfacet
  facet normal -0.681684 -0.354869 -0.639824
    outer loop
      vertex 5.62916 3.25 2.95
      vertex 7.25046 3.38095 1.15
      vertex 5.891 2.74702 2.95
    endloop
  endfacet
  facet normal -0.354871 -0.681682 -0.639825
    outer loop
      vertex 3.58214 7.14573 1.15
      vertex 4 6.9282 1.15
      vertex 3.25 5.62916 2.95
    endloop
  endfacet
  facet normal 0.609702 0.467856 -0.639824
    outer loop
      vertex -5.32449 -3.72825 2.95
      vertex -6.26643 -4.96235 1.15
      vertex -6.55322 -4.58861 1.15
    endloop
  endfacet
  facet normal -0.732947 -0.231113 -0.639825
    outer loop
      vertex 7.58575 2.51984 1.15
      vertex 6.108 2.22313 2.95
      vertex 7.51754 2.73616 1.15
    endloop
  endfacet
  facet normal -0.732949 -0.231102 -0.639826
    outer loop
      vertex 6.108 2.22313 2.95
      vertex 7.58575 2.51984 1.15
      vertex 6.27852 1.68232 2.95
    endloop
  endfacet
  facet normal -0.648168 -0.412921 -0.639824
    outer loop
      vertex 5.32449 3.72825 2.95
      vertex 6.55322 4.58861 1.15
      vertex 6.80633 4.1913 1.15
    endloop
  endfacet
  facet normal -0.76779 0.0335247 -0.639824
    outer loop
      vertex 7.99011 -0.226605 1.15
      vertex 7.96956 -0.697245 1.15
      vertex 6.47527 -0.566512 2.95
    endloop
  endfacet
  facet normal -0.76779 0.0335096 -0.639825
    outer loop
      vertex 7.99011 -0.226605 1.15
      vertex 6.5 0 2.95
      vertex 8 0 1.15
    endloop
  endfacet
  facet normal -0.767789 0.0335164 -0.639825
    outer loop
      vertex 6.5 0 2.95
      vertex 7.99011 -0.226605 1.15
      vertex 6.47527 -0.566512 2.95
    endloop
  endfacet
  facet normal -0.750304 0.166336 -0.639825
    outer loop
      vertex 7.82937 -1.61063 1.15
      vertex 7.72741 -2.07055 1.15
      vertex 6.27852 -1.68232 2.95
    endloop
  endfacet
  facet normal -0.750304 -0.166336 -0.639825
    outer loop
      vertex 7.72741 2.07055 1.15
      vertex 7.82937 1.61063 1.15
      vertex 6.27852 1.68232 2.95
    endloop
  endfacet
  facet normal 0.609702 -0.467856 -0.639824
    outer loop
      vertex -6.26643 4.96235 1.15
      vertex -5.32449 3.72825 2.95
      vertex -6.55322 4.58861 1.15
    endloop
  endfacet
  facet normal 0.76942 0 -0.638743
    outer loop
      vertex -7.96956 0.697246 1.15
      vertex -6.47527 0.566512 2.95
      vertex -7.96956 0.697245 1.15
    endloop
  endfacet
  facet normal 0.761946 -0.100314 -0.639824
    outer loop
      vertex -6.47527 0.566512 2.95
      vertex -7.96956 0.697246 1.15
      vertex -7.90807 1.1643 1.15
    endloop
  endfacet
  facet normal -0 -0.76942 -0.638743
    outer loop
      vertex 0.697246 7.96956 1.15
      vertex 0.566512 6.47527 2.95
      vertex 0.697245 7.96956 1.15
    endloop
  endfacet
  facet normal -0.100314 -0.761946 -0.639824
    outer loop
      vertex 0.566512 6.47527 2.95
      vertex 0.697246 7.96956 1.15
      vertex 1.1643 7.90807 1.15
    endloop
  endfacet
  facet normal 0.732951 -0.231098 -0.639825
    outer loop
      vertex -7.72741 2.07055 1.15
      vertex -7.58575 2.51984 1.15
      vertex -6.27852 1.68232 2.95
    endloop
  endfacet
  facet normal 0.0335164 -0.767789 -0.639825
    outer loop
      vertex -0.226605 7.99011 1.15
      vertex 0 6.5 2.95
      vertex -0.566512 6.47527 2.95
    endloop
  endfacet
  facet normal 0.0335096 -0.76779 -0.639825
    outer loop
      vertex 0 6.5 2.95
      vertex -0.226605 7.99011 1.15
      vertex 0 8 1.15
    endloop
  endfacet
  facet normal 0.100314 -0.761946 -0.639824
    outer loop
      vertex -0.566512 6.47527 2.95
      vertex -1.1643 7.90807 1.15
      vertex -0.697246 7.96956 1.15
    endloop
  endfacet
  facet normal 0 -0.76942 -0.638743
    outer loop
      vertex -0.566512 6.47527 2.95
      vertex -0.697246 7.96956 1.15
      vertex -0.697245 7.96956 1.15
    endloop
  endfacet
  facet normal -0.100319 0.761945 -0.639825
    outer loop
      vertex 1.12871 -6.40125 2.95
      vertex 1.1643 -7.90807 1.15
      vertex 0.566512 -6.47527 2.95
    endloop
  endfacet
  facet normal -0.100325 0.761945 -0.639824
    outer loop
      vertex 1.1643 -7.90807 1.15
      vertex 1.12871 -6.40125 2.95
      vertex 1.38918 -7.87846 1.15
    endloop
  endfacet
  facet normal -0.166324 0.750306 -0.639826
    outer loop
      vertex 1.38918 -7.87846 1.15
      vertex 1.68232 -6.27852 2.95
      vertex 1.61063 -7.82937 1.15
    endloop
  endfacet
  facet normal -0.166335 0.750305 -0.639824
    outer loop
      vertex 1.68232 -6.27852 2.95
      vertex 1.38918 -7.87846 1.15
      vertex 1.12871 -6.40125 2.95
    endloop
  endfacet
  facet normal -0.732949 0.231102 -0.639826
    outer loop
      vertex 7.58575 -2.51984 1.15
      vertex 6.108 -2.22313 2.95
      vertex 6.27852 -1.68232 2.95
    endloop
  endfacet
  facet normal -0.732947 0.231113 -0.639825
    outer loop
      vertex 7.58575 -2.51984 1.15
      vertex 7.51754 -2.73616 1.15
      vertex 6.108 -2.22313 2.95
    endloop
  endfacet
  facet normal 0.231098 0.732951 -0.639825
    outer loop
      vertex -1.68232 -6.27852 2.95
      vertex -2.07055 -7.72741 1.15
      vertex -2.51984 -7.58575 1.15
    endloop
  endfacet
  facet normal -0.0335247 0.76779 -0.639824
    outer loop
      vertex 0.566512 -6.47527 2.95
      vertex 0.697245 -7.96956 1.15
      vertex 0.226605 -7.99011 1.15
    endloop
  endfacet
  facet normal -0.100314 0.761946 -0.639824
    outer loop
      vertex 0.566512 -6.47527 2.95
      vertex 1.1643 -7.90807 1.15
      vertex 0.697246 -7.96956 1.15
    endloop
  endfacet
  facet normal 0 0.76942 -0.638743
    outer loop
      vertex 0.566512 -6.47527 2.95
      vertex 0.697246 -7.96956 1.15
      vertex 0.697245 -7.96956 1.15
    endloop
  endfacet
  facet normal 0.354855 -0.681688 -0.639827
    outer loop
      vertex -3.38095 7.25046 1.15
      vertex -3.25 5.62916 2.95
      vertex -3.58214 7.14573 1.15
    endloop
  endfacet
  facet normal 0.354869 -0.681684 -0.639824
    outer loop
      vertex -3.25 5.62916 2.95
      vertex -3.38095 7.25046 1.15
      vertex -2.74702 5.891 2.95
    endloop
  endfacet
  facet normal 0.467849 0.609708 -0.639823
    outer loop
      vertex -4.96235 -6.26643 1.15
      vertex -4.17812 -4.97929 2.95
      vertex -3.72825 -5.32449 2.95
    endloop
  endfacet
  facet normal 0.467824 0.609726 -0.639824
    outer loop
      vertex -4.17812 -4.97929 2.95
      vertex -4.96235 -6.26643 1.15
      vertex -5.1423 -6.12836 1.15
    endloop
  endfacet
  facet normal 0.519214 0.566605 -0.639825
    outer loop
      vertex -4.59619 -4.59619 2.95
      vertex -5.30953 -5.97512 1.15
      vertex -5.65685 -5.65685 1.15
    endloop
  endfacet
  facet normal -0.710022 0.294098 -0.639824
    outer loop
      vertex 7.33726 -3.17139 1.15
      vertex 5.891 -2.74702 2.95
      vertex 6.108 -2.22313 2.95
    endloop
  endfacet
  facet normal -0.710024 0.294093 -0.639824
    outer loop
      vertex 7.25046 -3.38095 1.15
      vertex 5.891 -2.74702 2.95
      vertex 7.33726 -3.17139 1.15
    endloop
  endfacet
  facet normal -0.231098 0.732951 -0.639825
    outer loop
      vertex 2.51984 -7.58575 1.15
      vertex 2.07055 -7.72741 1.15
      vertex 1.68232 -6.27852 2.95
    endloop
  endfacet
  facet normal 0.76779 0.0335096 -0.639825
    outer loop
      vertex -6.5 0 2.95
      vertex -7.99011 -0.226605 1.15
      vertex -8 0 1.15
    endloop
  endfacet
  facet normal 0.767789 0.0335164 -0.639825
    outer loop
      vertex -7.99011 -0.226605 1.15
      vertex -6.5 0 2.95
      vertex -6.47527 -0.566512 2.95
    endloop
  endfacet
  facet normal 0.294098 0.710022 -0.639824
    outer loop
      vertex -3.17139 -7.33726 1.15
      vertex -2.74702 -5.891 2.95
      vertex -2.22313 -6.108 2.95
    endloop
  endfacet
  facet normal 0.294093 0.710024 -0.639824
    outer loop
      vertex -3.38095 -7.25046 1.15
      vertex -2.74702 -5.891 2.95
      vertex -3.17139 -7.33726 1.15
    endloop
  endfacet
  facet normal 0.354869 0.681684 -0.639824
    outer loop
      vertex -3.38095 -7.25046 1.15
      vertex -3.25 -5.62916 2.95
      vertex -2.74702 -5.891 2.95
    endloop
  endfacet
  facet normal 0.354855 0.681688 -0.639827
    outer loop
      vertex -3.25 -5.62916 2.95
      vertex -3.38095 -7.25046 1.15
      vertex -3.58214 -7.14573 1.15
    endloop
  endfacet
  facet normal 0.648168 0.412921 -0.639824
    outer loop
      vertex -5.32449 -3.72825 2.95
      vertex -6.55322 -4.58861 1.15
      vertex -6.80633 -4.1913 1.15
    endloop
  endfacet
  facet normal -0.231102 -0.732949 -0.639826
    outer loop
      vertex 2.51984 7.58575 1.15
      vertex 2.22313 6.108 2.95
      vertex 1.68232 6.27852 2.95
    endloop
  endfacet
  facet normal -0.231113 -0.732947 -0.639825
    outer loop
      vertex 2.51984 7.58575 1.15
      vertex 2.73616 7.51754 1.15
      vertex 2.22313 6.108 2.95
    endloop
  endfacet
  facet normal 0.648168 -0.412921 -0.639824
    outer loop
      vertex -6.55322 4.58861 1.15
      vertex -5.32449 3.72825 2.95
      vertex -6.80633 4.1913 1.15
    endloop
  endfacet
  facet normal 0.519212 -0.566606 -0.639825
    outer loop
      vertex -5.30953 5.97512 1.15
      vertex -4.17812 4.97929 2.95
      vertex -4.59619 4.59619 2.95
    endloop
  endfacet
  facet normal 0.519209 -0.56661 -0.639825
    outer loop
      vertex -4.17812 4.97929 2.95
      vertex -5.30953 5.97512 1.15
      vertex -5.1423 6.12836 1.15
    endloop
  endfacet
  facet normal 0.609726 0.467824 -0.639824
    outer loop
      vertex -6.26643 -4.96235 1.15
      vertex -4.97929 -4.17812 2.95
      vertex -6.12836 -5.1423 1.15
    endloop
  endfacet
  facet normal 0.609708 0.467849 -0.639823
    outer loop
      vertex -4.97929 -4.17812 2.95
      vertex -6.26643 -4.96235 1.15
      vertex -5.32449 -3.72825 2.95
    endloop
  endfacet
  facet normal -0.231098 -0.732951 -0.639825
    outer loop
      vertex 2.07055 7.72741 1.15
      vertex 2.51984 7.58575 1.15
      vertex 1.68232 6.27852 2.95
    endloop
  endfacet
  facet normal -0.412921 0.648168 -0.639824
    outer loop
      vertex 3.72825 -5.32449 2.95
      vertex 4.58861 -6.55322 1.15
      vertex 4.1913 -6.80633 1.15
    endloop
  endfacet
  facet normal -0.648168 0.412921 -0.639824
    outer loop
      vertex 6.55322 -4.58861 1.15
      vertex 5.32449 -3.72825 2.95
      vertex 6.80633 -4.1913 1.15
    endloop
  endfacet
  facet normal 0.648169 0.412917 -0.639825
    outer loop
      vertex -5.32449 -3.72825 2.95
      vertex -6.9282 -4 1.15
      vertex -5.62916 -3.25 2.95
    endloop
  endfacet
  facet normal 0.648167 0.412923 -0.639824
    outer loop
      vertex -6.9282 -4 1.15
      vertex -5.32449 -3.72825 2.95
      vertex -6.80633 -4.1913 1.15
    endloop
  endfacet
  facet normal -0.609726 0.467824 -0.639824
    outer loop
      vertex 4.97929 -4.17812 2.95
      vertex 6.26643 -4.96235 1.15
      vertex 6.12836 -5.1423 1.15
    endloop
  endfacet
  facet normal -0.609708 0.467849 -0.639823
    outer loop
      vertex 6.26643 -4.96235 1.15
      vertex 4.97929 -4.17812 2.95
      vertex 5.32449 -3.72825 2.95
    endloop
  endfacet
  facet normal 0.231098 -0.732951 -0.639825
    outer loop
      vertex -2.07055 7.72741 1.15
      vertex -1.68232 6.27852 2.95
      vertex -2.51984 7.58575 1.15
    endloop
  endfacet
  facet normal 0.681682 0.354871 -0.639825
    outer loop
      vertex -5.62916 -3.25 2.95
      vertex -6.9282 -4 1.15
      vertex -7.14573 -3.58214 1.15
    endloop
  endfacet
  facet normal 0.750306 -0.166324 -0.639826
    outer loop
      vertex -6.27852 1.68232 2.95
      vertex -7.87846 1.38918 1.15
      vertex -7.82937 1.61063 1.15
    endloop
  endfacet
  facet normal 0.750305 -0.166335 -0.639824
    outer loop
      vertex -6.40125 1.12871 2.95
      vertex -7.87846 1.38918 1.15
      vertex -6.27852 1.68232 2.95
    endloop
  endfacet
  facet normal 0.166324 -0.750306 -0.639826
    outer loop
      vertex -1.38918 7.87846 1.15
      vertex -1.68232 6.27852 2.95
      vertex -1.61063 7.82937 1.15
    endloop
  endfacet
  facet normal 0.166335 -0.750305 -0.639824
    outer loop
      vertex -1.68232 6.27852 2.95
      vertex -1.38918 7.87846 1.15
      vertex -1.12871 6.40125 2.95
    endloop
  endfacet
  facet normal 0.412921 0.648168 -0.639824
    outer loop
      vertex -4.58861 -6.55322 1.15
      vertex -3.72825 -5.32449 2.95
      vertex -4.1913 -6.80633 1.15
    endloop
  endfacet
  facet normal 0.750304 0.166336 -0.639825
    outer loop
      vertex -6.27852 -1.68232 2.95
      vertex -7.72741 -2.07055 1.15
      vertex -7.82937 -1.61063 1.15
    endloop
  endfacet
  facet normal -0.166336 0.750304 -0.639825
    outer loop
      vertex 1.68232 -6.27852 2.95
      vertex 2.07055 -7.72741 1.15
      vertex 1.61063 -7.82937 1.15
    endloop
  endfacet
  facet normal -0.231113 0.732947 -0.639825
    outer loop
      vertex 2.51984 -7.58575 1.15
      vertex 2.22313 -6.108 2.95
      vertex 2.73616 -7.51754 1.15
    endloop
  endfacet
  facet normal -0.231102 0.732949 -0.639826
    outer loop
      vertex 2.22313 -6.108 2.95
      vertex 2.51984 -7.58575 1.15
      vertex 1.68232 -6.27852 2.95
    endloop
  endfacet
  facet normal 0.732951 0.231098 -0.639825
    outer loop
      vertex -6.27852 -1.68232 2.95
      vertex -7.58575 -2.51984 1.15
      vertex -7.72741 -2.07055 1.15
    endloop
  endfacet
  facet normal 0.732949 0.231102 -0.639826
    outer loop
      vertex -6.108 -2.22313 2.95
      vertex -7.58575 -2.51984 1.15
      vertex -6.27852 -1.68232 2.95
    endloop
  endfacet
  facet normal 0.732947 0.231113 -0.639825
    outer loop
      vertex -7.51754 -2.73616 1.15
      vertex -7.58575 -2.51984 1.15
      vertex -6.108 -2.22313 2.95
    endloop
  endfacet
  facet normal 0.412921 -0.648168 -0.639824
    outer loop
      vertex -3.72825 5.32449 2.95
      vertex -4.58861 6.55322 1.15
      vertex -4.1913 6.80633 1.15
    endloop
  endfacet
  facet normal -0.681684 0.354869 -0.639824
    outer loop
      vertex 7.25046 -3.38095 1.15
      vertex 5.62916 -3.25 2.95
      vertex 5.891 -2.74702 2.95
    endloop
  endfacet
  facet normal -0.681688 0.354855 -0.639827
    outer loop
      vertex 5.62916 -3.25 2.95
      vertex 7.25046 -3.38095 1.15
      vertex 7.14573 -3.58214 1.15
    endloop
  endfacet
  facet normal 0.519209 0.56661 -0.639825
    outer loop
      vertex -5.30953 -5.97512 1.15
      vertex -4.17812 -4.97929 2.95
      vertex -5.1423 -6.12836 1.15
    endloop
  endfacet
  facet normal 0.519212 0.566606 -0.639825
    outer loop
      vertex -4.17812 -4.97929 2.95
      vertex -5.30953 -5.97512 1.15
      vertex -4.59619 -4.59619 2.95
    endloop
  endfacet
  facet normal -0.354855 0.681688 -0.639827
    outer loop
      vertex 3.38095 -7.25046 1.15
      vertex 3.25 -5.62916 2.95
      vertex 3.58214 -7.14573 1.15
    endloop
  endfacet
  facet normal -0.354869 0.681684 -0.639824
    outer loop
      vertex 3.25 -5.62916 2.95
      vertex 3.38095 -7.25046 1.15
      vertex 2.74702 -5.891 2.95
    endloop
  endfacet
  facet normal 0.710024 -0.294093 -0.639824
    outer loop
      vertex -7.25046 3.38095 1.15
      vertex -5.891 2.74702 2.95
      vertex -7.33726 3.17139 1.15
    endloop
  endfacet
  facet normal 0.710022 -0.294098 -0.639824
    outer loop
      vertex -7.33726 3.17139 1.15
      vertex -5.891 2.74702 2.95
      vertex -6.108 2.22313 2.95
    endloop
  endfacet
  facet normal 0.681688 -0.354855 -0.639827
    outer loop
      vertex -5.62916 3.25 2.95
      vertex -7.25046 3.38095 1.15
      vertex -7.14573 3.58214 1.15
    endloop
  endfacet
  facet normal 0.681684 -0.354869 -0.639824
    outer loop
      vertex -7.25046 3.38095 1.15
      vertex -5.62916 3.25 2.95
      vertex -5.891 2.74702 2.95
    endloop
  endfacet
  facet normal -0.100319 -0.761945 -0.639825
    outer loop
      vertex 1.1643 7.90807 1.15
      vertex 1.12871 6.40125 2.95
      vertex 0.566512 6.47527 2.95
    endloop
  endfacet
  facet normal -0.100325 -0.761945 -0.639824
    outer loop
      vertex 1.12871 6.40125 2.95
      vertex 1.1643 7.90807 1.15
      vertex 1.38918 7.87846 1.15
    endloop
  endfacet
  facet normal -0.166335 -0.750305 -0.639824
    outer loop
      vertex 1.38918 7.87846 1.15
      vertex 1.68232 6.27852 2.95
      vertex 1.12871 6.40125 2.95
    endloop
  endfacet
  facet normal -0.166324 -0.750306 -0.639826
    outer loop
      vertex 1.68232 6.27852 2.95
      vertex 1.38918 7.87846 1.15
      vertex 1.61063 7.82937 1.15
    endloop
  endfacet
  facet normal 0.100319 -0.761945 -0.639825
    outer loop
      vertex -1.12871 6.40125 2.95
      vertex -1.1643 7.90807 1.15
      vertex -0.566512 6.47527 2.95
    endloop
  endfacet
  facet normal 0.100325 -0.761945 -0.639824
    outer loop
      vertex -1.1643 7.90807 1.15
      vertex -1.12871 6.40125 2.95
      vertex -1.38918 7.87846 1.15
    endloop
  endfacet
  facet normal 0.609708 -0.467849 -0.639823
    outer loop
      vertex -6.26643 4.96235 1.15
      vertex -4.97929 4.17812 2.95
      vertex -5.32449 3.72825 2.95
    endloop
  endfacet
  facet normal 0.609726 -0.467824 -0.639824
    outer loop
      vertex -4.97929 4.17812 2.95
      vertex -6.26643 4.96235 1.15
      vertex -6.12836 5.1423 1.15
    endloop
  endfacet
  facet normal -0.761945 0.100319 -0.639825
    outer loop
      vertex 7.90807 -1.1643 1.15
      vertex 6.40125 -1.12871 2.95
      vertex 6.47527 -0.566512 2.95
    endloop
  endfacet
  facet normal -0.761945 0.100325 -0.639824
    outer loop
      vertex 6.40125 -1.12871 2.95
      vertex 7.90807 -1.1643 1.15
      vertex 7.87846 -1.38918 1.15
    endloop
  endfacet
  facet normal 0.166335 0.750305 -0.639824
    outer loop
      vertex -1.38918 -7.87846 1.15
      vertex -1.68232 -6.27852 2.95
      vertex -1.12871 -6.40125 2.95
    endloop
  endfacet
  facet normal 0.166324 0.750306 -0.639826
    outer loop
      vertex -1.68232 -6.27852 2.95
      vertex -1.38918 -7.87846 1.15
      vertex -1.61063 -7.82937 1.15
    endloop
  endfacet
  facet normal 0.467849 -0.609708 -0.639823
    outer loop
      vertex -4.17812 4.97929 2.95
      vertex -4.96235 6.26643 1.15
      vertex -3.72825 5.32449 2.95
    endloop
  endfacet
  facet normal 0.467824 -0.609726 -0.639824
    outer loop
      vertex -4.96235 6.26643 1.15
      vertex -4.17812 4.97929 2.95
      vertex -5.1423 6.12836 1.15
    endloop
  endfacet
  facet normal 0.100319 0.761945 -0.639825
    outer loop
      vertex -1.1643 -7.90807 1.15
      vertex -1.12871 -6.40125 2.95
      vertex -0.566512 -6.47527 2.95
    endloop
  endfacet
  facet normal 0.100325 0.761945 -0.639824
    outer loop
      vertex -1.12871 -6.40125 2.95
      vertex -1.1643 -7.90807 1.15
      vertex -1.38918 -7.87846 1.15
    endloop
  endfacet
  facet normal -0.823591 -0.0359815 0.566042
    outer loop
      vertex 4.5 0 185.032
      vertex 4.4928 0.164803 185.032
      vertex 4.1 0 184.45
    endloop
  endfacet
  facet normal 0.556921 -0.607807 0.566047
    outer loop
      vertex -2.89914 2.89914 184.45
      vertex -2.89254 3.4472 185.032
      vertex -3.06036 3.29343 185.032
    endloop
  endfacet
  facet normal 0.556934 -0.607801 0.566041
    outer loop
      vertex -2.89254 3.4472 185.032
      vertex -2.89914 2.89914 184.45
      vertex -2.63543 3.14078 184.45
    endloop
  endfacet
  facet normal 0.556958 0.607781 0.566039
    outer loop
      vertex -3.06036 -3.29343 185.032
      vertex -2.89914 -2.89914 184.45
      vertex -3.18198 -3.18198 185.032
    endloop
  endfacet
  facet normal -0.761618 -0.315492 0.566041
    outer loop
      vertex 4.14151 1.74938 185.032
      vertex 4.07838 1.90178 185.032
      vertex 3.71586 1.73273 184.45
    endloop
  endfacet
  facet normal 0.380654 0.731232 0.566041
    outer loop
      vertex -2.05 -3.5507 184.45
      vertex -1.90178 -4.07838 185.032
      vertex -1.73273 -3.71586 184.45
    endloop
  endfacet
  facet normal 0.380647 0.731233 0.566044
    outer loop
      vertex -1.90178 -4.07838 185.032
      vertex -2.05 -3.5507 184.45
      vertex -2.10368 -3.97328 185.032
    endloop
  endfacet
  facet normal -0.804841 0.178409 0.56604
    outer loop
      vertex 4.34667 -1.16468 185.032
      vertex 4.38237 -1.00363 185.032
      vertex 3.9603 -1.06116 184.45
    endloop
  endfacet
  facet normal 0.731232 0.380654 0.566041
    outer loop
      vertex -4.07838 -1.90178 185.032
      vertex -3.5507 -2.05 184.45
      vertex -3.71586 -1.73273 184.45
    endloop
  endfacet
  facet normal 0.731233 0.380647 0.566044
    outer loop
      vertex -3.5507 -2.05 184.45
      vertex -4.07838 -1.90178 185.032
      vertex -3.97328 -2.10368 185.032
    endloop
  endfacet
  facet normal 0.178409 0.804841 0.56604
    outer loop
      vertex -1.00363 -4.38237 185.032
      vertex -1.06116 -3.9603 184.45
      vertex -1.16468 -4.34667 185.032
    endloop
  endfacet
  facet normal 0.178416 -0.80484 0.566039
    outer loop
      vertex -1.06116 3.9603 184.45
      vertex -0.781416 4.43163 185.032
      vertex -1.00363 4.38237 185.032
    endloop
  endfacet
  facet normal 0.178414 -0.80484 0.56604
    outer loop
      vertex -0.781416 4.43163 185.032
      vertex -1.06116 3.9603 184.45
      vertex -0.711957 4.03771 184.45
    endloop
  endfacet
  facet normal 0.556958 -0.607781 0.566039
    outer loop
      vertex -2.89914 2.89914 184.45
      vertex -3.06036 3.29343 185.032
      vertex -3.18198 3.18198 185.032
    endloop
  endfacet
  facet normal -0.556958 0.607781 0.566039
    outer loop
      vertex 3.06036 -3.29343 185.032
      vertex 3.18198 -3.18198 185.032
      vertex 2.89914 -2.89914 184.45
    endloop
  endfacet
  facet normal 0.556934 0.607801 0.566041
    outer loop
      vertex -2.89914 -2.89914 184.45
      vertex -2.89254 -3.4472 185.032
      vertex -2.63543 -3.14078 184.45
    endloop
  endfacet
  facet normal 0.556921 0.607807 0.566047
    outer loop
      vertex -2.89254 -3.4472 185.032
      vertex -2.89914 -2.89914 184.45
      vertex -3.06036 -3.29343 185.032
    endloop
  endfacet
  facet normal -0.607781 0.556958 0.566039
    outer loop
      vertex 3.18198 -3.18198 185.032
      vertex 3.29343 -3.06036 185.032
      vertex 2.89914 -2.89914 184.45
    endloop
  endfacet
  facet normal 0.654041 0.501824 0.566042
    outer loop
      vertex -3.35852 -2.35166 184.45
      vertex -3.68618 -2.58109 185.032
      vertex -3.58576 -2.71197 185.032
    endloop
  endfacet
  facet normal 0.817317 0.107643 0.566043
    outer loop
      vertex -4.0844 -0.357338 184.45
      vertex -4.48288 -0.3922 185.032
      vertex -4.46134 -0.55575 185.032
    endloop
  endfacet
  facet normal 0.178414 0.80484 0.56604
    outer loop
      vertex -1.06116 -3.9603 184.45
      vertex -0.781416 -4.43163 185.032
      vertex -0.711957 -4.03771 184.45
    endloop
  endfacet
  facet normal 0.178416 0.80484 0.566039
    outer loop
      vertex -0.781416 -4.43163 185.032
      vertex -1.06116 -3.9603 184.45
      vertex -1.00363 -4.38237 185.032
    endloop
  endfacet
  facet normal 0.695259 -0.442958 0.566042
    outer loop
      vertex -3.80848 2.38913 185.032
      vertex -3.35852 2.35166 184.45
      vertex -3.68618 2.58109 185.032
    endloop
  endfacet
  facet normal 0.695268 -0.442937 0.566047
    outer loop
      vertex -3.35852 2.35166 184.45
      vertex -3.80848 2.38913 185.032
      vertex -3.5507 2.05 184.45
    endloop
  endfacet
  facet normal -0.823595 0.035955 0.566037
    outer loop
      vertex 4.0844 -0.357338 184.45
      vertex 4.4928 -0.164803 185.032
      vertex 4.1 0 184.45
    endloop
  endfacet
  facet normal -0.823592 0.0359285 0.566044
    outer loop
      vertex 4.4928 -0.164803 185.032
      vertex 4.0844 -0.357338 184.45
      vertex 4.48288 -0.3922 185.032
    endloop
  endfacet
  facet normal 0.786221 0.247907 0.566038
    outer loop
      vertex -4.29706 -1.32201 185.032
      vertex -3.85274 -1.40228 184.45
      vertex -3.9603 -1.06116 184.45
    endloop
  endfacet
  facet normal 0.786225 0.247877 0.566045
    outer loop
      vertex -3.85274 -1.40228 184.45
      vertex -4.29706 -1.32201 185.032
      vertex -4.22862 -1.53909 185.032
    endloop
  endfacet
  facet normal -0.817317 0.107643 0.566043
    outer loop
      vertex 4.48288 -0.3922 185.032
      vertex 4.0844 -0.357338 184.45
      vertex 4.46134 -0.55575 185.032
    endloop
  endfacet
  facet normal 0 -0.833126 0.553084
    outer loop
      vertex 1.06116 3.9603 184.45
      vertex 1.16469 4.34667 185.032
      vertex 1.16468 4.34667 185.032
    endloop
  endfacet
  facet normal -0.247927 -0.786211 0.566042
    outer loop
      vertex 1.16469 4.34667 185.032
      vertex 1.06116 3.9603 184.45
      vertex 1.32201 4.29706 185.032
    endloop
  endfacet
  facet normal 0.731233 -0.380647 0.566044
    outer loop
      vertex -4.07838 1.90178 185.032
      vertex -3.5507 2.05 184.45
      vertex -3.97328 2.10368 185.032
    endloop
  endfacet
  facet normal 0.731232 -0.380654 0.566041
    outer loop
      vertex -3.5507 2.05 184.45
      vertex -4.07838 1.90178 185.032
      vertex -3.71586 1.73273 184.45
    endloop
  endfacet
  facet normal 0.823591 -0.0359815 0.566042
    outer loop
      vertex -4.1 0 184.45
      vertex -4.4928 0.164803 185.032
      vertex -4.5 0 185.032
    endloop
  endfacet
  facet normal 0.107605 0.817325 0.566039
    outer loop
      vertex -0.711957 -4.03771 184.45
      vertex -0.781416 -4.43163 185.032
      vertex -0.55575 -4.46134 185.032
    endloop
  endfacet
  facet normal 0.107611 0.817326 0.566038
    outer loop
      vertex -0.711957 -4.03771 184.45
      vertex -0.55575 -4.46134 185.032
      vertex -0.357338 -4.0844 184.45
    endloop
  endfacet
  facet normal -0.786221 0.247907 0.566038
    outer loop
      vertex 3.85274 -1.40228 184.45
      vertex 4.29706 -1.32201 185.032
      vertex 3.9603 -1.06116 184.45
    endloop
  endfacet
  facet normal -0.786225 0.247877 0.566045
    outer loop
      vertex 4.29706 -1.32201 185.032
      vertex 3.85274 -1.40228 184.45
      vertex 4.22862 -1.53909 185.032
    endloop
  endfacet
  facet normal -0.654016 -0.501857 0.566041
    outer loop
      vertex 3.14078 2.63543 184.45
      vertex 3.58576 2.71197 185.032
      vertex 3.4472 2.89254 185.032
    endloop
  endfacet
  facet normal -0.654025 -0.501841 0.566046
    outer loop
      vertex 3.58576 2.71197 185.032
      vertex 3.14078 2.63543 184.45
      vertex 3.35852 2.35166 184.45
    endloop
  endfacet
  facet normal -0.501824 0.654041 0.566042
    outer loop
      vertex 2.35166 -3.35852 184.45
      vertex 2.58109 -3.68618 185.032
      vertex 2.71197 -3.58576 185.032
    endloop
  endfacet
  facet normal -0.31548 -0.76162 0.566046
    outer loop
      vertex 1.73273 3.71586 184.45
      vertex 1.53909 4.22862 185.032
      vertex 1.40228 3.85274 184.45
    endloop
  endfacet
  facet normal -0.315491 -0.761619 0.566041
    outer loop
      vertex 1.53909 4.22862 185.032
      vertex 1.73273 3.71586 184.45
      vertex 1.74938 4.14151 185.032
    endloop
  endfacet
  facet normal -0.0359285 0.823592 0.566044
    outer loop
      vertex 0.357338 -4.0844 184.45
      vertex 0.164803 -4.4928 185.032
      vertex 0.3922 -4.48288 185.032
    endloop
  endfacet
  facet normal -0.035955 0.823595 0.566037
    outer loop
      vertex 0.164803 -4.4928 185.032
      vertex 0.357338 -4.0844 184.45
      vertex 0 -4.1 184.45
    endloop
  endfacet
  facet normal -0.380657 -0.731229 0.566042
    outer loop
      vertex 2.25 3.89711 185.032
      vertex 2.10368 3.97328 185.032
      vertex 2.05 3.5507 184.45
    endloop
  endfacet
  facet normal -0.501857 0.654016 0.566041
    outer loop
      vertex 2.63543 -3.14078 184.45
      vertex 2.71197 -3.58576 185.032
      vertex 2.89254 -3.4472 185.032
    endloop
  endfacet
  facet normal -0.501841 0.654025 0.566046
    outer loop
      vertex 2.71197 -3.58576 185.032
      vertex 2.63543 -3.14078 184.45
      vertex 2.35166 -3.35852 184.45
    endloop
  endfacet
  facet normal -0.556934 -0.607801 0.566041
    outer loop
      vertex 2.89914 2.89914 184.45
      vertex 2.89254 3.4472 185.032
      vertex 2.63543 3.14078 184.45
    endloop
  endfacet
  facet normal -0.556921 -0.607807 0.566047
    outer loop
      vertex 2.89254 3.4472 185.032
      vertex 2.89914 2.89914 184.45
      vertex 3.06036 3.29343 185.032
    endloop
  endfacet
  facet normal 0.501824 0.654041 0.566042
    outer loop
      vertex -2.58109 -3.68618 185.032
      vertex -2.35166 -3.35852 184.45
      vertex -2.71197 -3.58576 185.032
    endloop
  endfacet
  facet normal -0.556958 -0.607781 0.566039
    outer loop
      vertex 3.18198 3.18198 185.032
      vertex 3.06036 3.29343 185.032
      vertex 2.89914 2.89914 184.45
    endloop
  endfacet
  facet normal 0.761618 0.315492 0.566041
    outer loop
      vertex -4.07838 -1.90178 185.032
      vertex -3.71586 -1.73273 184.45
      vertex -4.14151 -1.74938 185.032
    endloop
  endfacet
  facet normal -0.607781 -0.556958 0.566039
    outer loop
      vertex 3.29343 3.06036 185.032
      vertex 3.18198 3.18198 185.032
      vertex 2.89914 2.89914 184.45
    endloop
  endfacet
  facet normal 0.607781 0.556958 0.566039
    outer loop
      vertex -3.18198 -3.18198 185.032
      vertex -2.89914 -2.89914 184.45
      vertex -3.29343 -3.06036 185.032
    endloop
  endfacet
  facet normal -0.315492 -0.761618 0.566041
    outer loop
      vertex 1.90178 4.07838 185.032
      vertex 1.74938 4.14151 185.032
      vertex 1.73273 3.71586 184.45
    endloop
  endfacet
  facet normal -0.0359815 0.823591 0.566042
    outer loop
      vertex 0.164803 -4.4928 185.032
      vertex 0 -4.1 184.45
      vertex 0 -4.5 185.032
    endloop
  endfacet
  facet normal -0.0359815 -0.823591 0.566042
    outer loop
      vertex 0.164803 4.4928 185.032
      vertex 0 4.5 185.032
      vertex 0 4.1 184.45
    endloop
  endfacet
  facet normal 0.76162 0.31548 0.566046
    outer loop
      vertex -4.22862 -1.53909 185.032
      vertex -3.71586 -1.73273 184.45
      vertex -3.85274 -1.40228 184.45
    endloop
  endfacet
  facet normal 0.761619 0.315491 0.566041
    outer loop
      vertex -3.71586 -1.73273 184.45
      vertex -4.22862 -1.53909 185.032
      vertex -4.14151 -1.74938 185.032
    endloop
  endfacet
  facet normal -0.654025 0.501841 0.566046
    outer loop
      vertex 3.14078 -2.63543 184.45
      vertex 3.58576 -2.71197 185.032
      vertex 3.35852 -2.35166 184.45
    endloop
  endfacet
  facet normal -0.654016 0.501857 0.566041
    outer loop
      vertex 3.58576 -2.71197 185.032
      vertex 3.14078 -2.63543 184.45
      vertex 3.4472 -2.89254 185.032
    endloop
  endfacet
  facet normal 0.442917 -0.695284 0.566043
    outer loop
      vertex -2.05 3.5507 184.45
      vertex -2.25 3.89711 185.032
      vertex -2.38913 3.80848 185.032
    endloop
  endfacet
  facet normal 0.654025 0.501841 0.566046
    outer loop
      vertex -3.58576 -2.71197 185.032
      vertex -3.14078 -2.63543 184.45
      vertex -3.35852 -2.35166 184.45
    endloop
  endfacet
  facet normal 0.654016 0.501857 0.566041
    outer loop
      vertex -3.14078 -2.63543 184.45
      vertex -3.58576 -2.71197 185.032
      vertex -3.4472 -2.89254 185.032
    endloop
  endfacet
  facet normal -0.695268 0.442937 0.566047
    outer loop
      vertex 3.35852 -2.35166 184.45
      vertex 3.80848 -2.38913 185.032
      vertex 3.5507 -2.05 184.45
    endloop
  endfacet
  facet normal -0.695259 0.442958 0.566042
    outer loop
      vertex 3.80848 -2.38913 185.032
      vertex 3.35852 -2.35166 184.45
      vertex 3.68618 -2.58109 185.032
    endloop
  endfacet
  facet normal -0.80484 0.178414 0.56604
    outer loop
      vertex 3.9603 -1.06116 184.45
      vertex 4.43163 -0.781416 185.032
      vertex 4.03771 -0.711957 184.45
    endloop
  endfacet
  facet normal -0.80484 0.178416 0.566039
    outer loop
      vertex 4.43163 -0.781416 185.032
      vertex 3.9603 -1.06116 184.45
      vertex 4.38237 -1.00363 185.032
    endloop
  endfacet
  facet normal -0.823591 0.0359815 0.566042
    outer loop
      vertex 4.4928 -0.164803 185.032
      vertex 4.5 0 185.032
      vertex 4.1 0 184.45
    endloop
  endfacet
  facet normal -0.315492 0.761618 0.566041
    outer loop
      vertex 1.74938 -4.14151 185.032
      vertex 1.90178 -4.07838 185.032
      vertex 1.73273 -3.71586 184.45
    endloop
  endfacet
  facet normal 0.501841 0.654025 0.566046
    outer loop
      vertex -2.63543 -3.14078 184.45
      vertex -2.71197 -3.58576 185.032
      vertex -2.35166 -3.35852 184.45
    endloop
  endfacet
  facet normal 0.501857 0.654016 0.566041
    outer loop
      vertex -2.71197 -3.58576 185.032
      vertex -2.63543 -3.14078 184.45
      vertex -2.89254 -3.4472 185.032
    endloop
  endfacet
  facet normal 0.31548 0.76162 0.566046
    outer loop
      vertex -1.73273 -3.71586 184.45
      vertex -1.53909 -4.22862 185.032
      vertex -1.40228 -3.85274 184.45
    endloop
  endfacet
  facet normal 0.315491 0.761619 0.566041
    outer loop
      vertex -1.53909 -4.22862 185.032
      vertex -1.73273 -3.71586 184.45
      vertex -1.74938 -4.14151 185.032
    endloop
  endfacet
  facet normal 0.761619 -0.315491 0.566041
    outer loop
      vertex -4.22862 1.53909 185.032
      vertex -3.71586 1.73273 184.45
      vertex -4.14151 1.74938 185.032
    endloop
  endfacet
  facet normal 0.76162 -0.31548 0.566046
    outer loop
      vertex -3.71586 1.73273 184.45
      vertex -4.22862 1.53909 185.032
      vertex -3.85274 1.40228 184.45
    endloop
  endfacet
  facet normal 0.786225 -0.247877 0.566045
    outer loop
      vertex -4.29706 1.32201 185.032
      vertex -3.85274 1.40228 184.45
      vertex -4.22862 1.53909 185.032
    endloop
  endfacet
  facet normal 0.786221 -0.247907 0.566038
    outer loop
      vertex -3.85274 1.40228 184.45
      vertex -4.29706 1.32201 185.032
      vertex -3.9603 1.06116 184.45
    endloop
  endfacet
  facet normal -0.761618 0.315492 0.566041
    outer loop
      vertex 4.07838 -1.90178 185.032
      vertex 4.14151 -1.74938 185.032
      vertex 3.71586 -1.73273 184.45
    endloop
  endfacet
  facet normal -0.607807 -0.556921 0.566047
    outer loop
      vertex 2.89914 2.89914 184.45
      vertex 3.4472 2.89254 185.032
      vertex 3.29343 3.06036 185.032
    endloop
  endfacet
  facet normal -0.607801 -0.556934 0.566041
    outer loop
      vertex 3.4472 2.89254 185.032
      vertex 2.89914 2.89914 184.45
      vertex 3.14078 2.63543 184.45
    endloop
  endfacet
  facet normal -0.80484 -0.178416 0.566039
    outer loop
      vertex 3.9603 1.06116 184.45
      vertex 4.43163 0.781416 185.032
      vertex 4.38237 1.00363 185.032
    endloop
  endfacet
  facet normal -0.80484 -0.178414 0.56604
    outer loop
      vertex 4.43163 0.781416 185.032
      vertex 3.9603 1.06116 184.45
      vertex 4.03771 0.711957 184.45
    endloop
  endfacet
  facet normal 0.823592 -0.0359285 0.566044
    outer loop
      vertex -4.4928 0.164803 185.032
      vertex -4.0844 0.357338 184.45
      vertex -4.48288 0.3922 185.032
    endloop
  endfacet
  facet normal 0.823595 -0.035955 0.566037
    outer loop
      vertex -4.0844 0.357338 184.45
      vertex -4.4928 0.164803 185.032
      vertex -4.1 0 184.45
    endloop
  endfacet
  facet normal 0.695268 0.442937 0.566047
    outer loop
      vertex -3.80848 -2.38913 185.032
      vertex -3.35852 -2.35166 184.45
      vertex -3.5507 -2.05 184.45
    endloop
  endfacet
  facet normal 0.695259 0.442958 0.566042
    outer loop
      vertex -3.35852 -2.35166 184.45
      vertex -3.80848 -2.38913 185.032
      vertex -3.68618 -2.58109 185.032
    endloop
  endfacet
  facet normal 0.380657 0.731229 0.566042
    outer loop
      vertex -2.10368 -3.97328 185.032
      vertex -2.05 -3.5507 184.45
      vertex -2.25 -3.89711 185.032
    endloop
  endfacet
  facet normal 0.247877 -0.786225 0.566045
    outer loop
      vertex -1.40228 3.85274 184.45
      vertex -1.32201 4.29706 185.032
      vertex -1.53909 4.22862 185.032
    endloop
  endfacet
  facet normal 0.247907 -0.786221 0.566038
    outer loop
      vertex -1.32201 4.29706 185.032
      vertex -1.40228 3.85274 184.45
      vertex -1.06116 3.9603 184.45
    endloop
  endfacet
  facet normal -0.761619 -0.315491 0.566041
    outer loop
      vertex 3.71586 1.73273 184.45
      vertex 4.22862 1.53909 185.032
      vertex 4.14151 1.74938 185.032
    endloop
  endfacet
  facet normal -0.76162 -0.31548 0.566046
    outer loop
      vertex 4.22862 1.53909 185.032
      vertex 3.71586 1.73273 184.45
      vertex 3.85274 1.40228 184.45
    endloop
  endfacet
  facet normal -0.786225 -0.247877 0.566045
    outer loop
      vertex 3.85274 1.40228 184.45
      vertex 4.29706 1.32201 185.032
      vertex 4.22862 1.53909 185.032
    endloop
  endfacet
  facet normal -0.786221 -0.247907 0.566038
    outer loop
      vertex 4.29706 1.32201 185.032
      vertex 3.85274 1.40228 184.45
      vertex 3.9603 1.06116 184.45
    endloop
  endfacet
  facet normal -0.501841 -0.654025 0.566046
    outer loop
      vertex 2.63543 3.14078 184.45
      vertex 2.71197 3.58576 185.032
      vertex 2.35166 3.35852 184.45
    endloop
  endfacet
  facet normal -0.501857 -0.654016 0.566041
    outer loop
      vertex 2.71197 3.58576 185.032
      vertex 2.63543 3.14078 184.45
      vertex 2.89254 3.4472 185.032
    endloop
  endfacet
  facet normal 0.823591 0.0359815 0.566042
    outer loop
      vertex -4.4928 -0.164803 185.032
      vertex -4.1 0 184.45
      vertex -4.5 0 185.032
    endloop
  endfacet
  facet normal 0.442917 0.695284 0.566043
    outer loop
      vertex -2.25 -3.89711 185.032
      vertex -2.05 -3.5507 184.45
      vertex -2.38913 -3.80848 185.032
    endloop
  endfacet
  facet normal 0.107643 0.817317 0.566043
    outer loop
      vertex -0.3922 -4.48288 185.032
      vertex -0.357338 -4.0844 184.45
      vertex -0.55575 -4.46134 185.032
    endloop
  endfacet
  facet normal 0.315492 -0.761618 0.566041
    outer loop
      vertex -1.73273 3.71586 184.45
      vertex -1.74938 4.14151 185.032
      vertex -1.90178 4.07838 185.032
    endloop
  endfacet
  facet normal -0.731232 0.380654 0.566041
    outer loop
      vertex 3.5507 -2.05 184.45
      vertex 4.07838 -1.90178 185.032
      vertex 3.71586 -1.73273 184.45
    endloop
  endfacet
  facet normal -0.731233 0.380647 0.566044
    outer loop
      vertex 4.07838 -1.90178 185.032
      vertex 3.5507 -2.05 184.45
      vertex 3.97328 -2.10368 185.032
    endloop
  endfacet
  facet normal 0.442937 0.695268 0.566047
    outer loop
      vertex -2.35166 -3.35852 184.45
      vertex -2.38913 -3.80848 185.032
      vertex -2.05 -3.5507 184.45
    endloop
  endfacet
  facet normal 0.442958 0.695259 0.566042
    outer loop
      vertex -2.38913 -3.80848 185.032
      vertex -2.35166 -3.35852 184.45
      vertex -2.58109 -3.68618 185.032
    endloop
  endfacet
  facet normal 0.817326 0.107611 0.566038
    outer loop
      vertex -4.46134 -0.55575 185.032
      vertex -4.03771 -0.711957 184.45
      vertex -4.0844 -0.357338 184.45
    endloop
  endfacet
  facet normal 0.817325 0.107605 0.566039
    outer loop
      vertex -4.43163 -0.781416 185.032
      vertex -4.03771 -0.711957 184.45
      vertex -4.46134 -0.55575 185.032
    endloop
  endfacet
  facet normal -0.817325 -0.107605 0.566039
    outer loop
      vertex 4.03771 0.711957 184.45
      vertex 4.46134 0.55575 185.032
      vertex 4.43163 0.781416 185.032
    endloop
  endfacet
  facet normal -0.817326 -0.107611 0.566038
    outer loop
      vertex 4.46134 0.55575 185.032
      vertex 4.03771 0.711957 184.45
      vertex 4.0844 0.357338 184.45
    endloop
  endfacet
  facet normal 0.315491 -0.761619 0.566041
    outer loop
      vertex -1.73273 3.71586 184.45
      vertex -1.53909 4.22862 185.032
      vertex -1.74938 4.14151 185.032
    endloop
  endfacet
  facet normal 0.31548 -0.76162 0.566046
    outer loop
      vertex -1.53909 4.22862 185.032
      vertex -1.73273 3.71586 184.45
      vertex -1.40228 3.85274 184.45
    endloop
  endfacet
  facet normal -0.695284 -0.442917 0.566043
    outer loop
      vertex 3.5507 2.05 184.45
      vertex 3.89711 2.25 185.032
      vertex 3.80848 2.38913 185.032
    endloop
  endfacet
  facet normal -0.654041 0.501824 0.566042
    outer loop
      vertex 3.68618 -2.58109 185.032
      vertex 3.35852 -2.35166 184.45
      vertex 3.58576 -2.71197 185.032
    endloop
  endfacet
  facet normal 0.761618 -0.315492 0.566041
    outer loop
      vertex -3.71586 1.73273 184.45
      vertex -4.07838 1.90178 185.032
      vertex -4.14151 1.74938 185.032
    endloop
  endfacet
  facet normal -0.178409 0.804841 0.56604
    outer loop
      vertex 1.16468 -4.34667 185.032
      vertex 1.06116 -3.9603 184.45
      vertex 1.00363 -4.38237 185.032
    endloop
  endfacet
  facet normal -0.817326 0.107611 0.566038
    outer loop
      vertex 4.03771 -0.711957 184.45
      vertex 4.46134 -0.55575 185.032
      vertex 4.0844 -0.357338 184.45
    endloop
  endfacet
  facet normal -0.817325 0.107605 0.566039
    outer loop
      vertex 4.03771 -0.711957 184.45
      vertex 4.43163 -0.781416 185.032
      vertex 4.46134 -0.55575 185.032
    endloop
  endfacet
  facet normal -0.556921 0.607807 0.566047
    outer loop
      vertex 2.89914 -2.89914 184.45
      vertex 2.89254 -3.4472 185.032
      vertex 3.06036 -3.29343 185.032
    endloop
  endfacet
  facet normal -0.556934 0.607801 0.566041
    outer loop
      vertex 2.89254 -3.4472 185.032
      vertex 2.89914 -2.89914 184.45
      vertex 2.63543 -3.14078 184.45
    endloop
  endfacet
  facet normal -0.315491 0.761619 0.566041
    outer loop
      vertex 1.73273 -3.71586 184.45
      vertex 1.53909 -4.22862 185.032
      vertex 1.74938 -4.14151 185.032
    endloop
  endfacet
  facet normal -0.31548 0.76162 0.566046
    outer loop
      vertex 1.53909 -4.22862 185.032
      vertex 1.73273 -3.71586 184.45
      vertex 1.40228 -3.85274 184.45
    endloop
  endfacet
  facet normal -0.501824 -0.654041 0.566042
    outer loop
      vertex 2.58109 3.68618 185.032
      vertex 2.35166 3.35852 184.45
      vertex 2.71197 3.58576 185.032
    endloop
  endfacet
  facet normal 0.178409 -0.804841 0.56604
    outer loop
      vertex -1.06116 3.9603 184.45
      vertex -1.00363 4.38237 185.032
      vertex -1.16468 4.34667 185.032
    endloop
  endfacet
  facet normal -0.833126 0 0.553084
    outer loop
      vertex 3.9603 -1.06116 184.45
      vertex 4.34667 -1.16469 185.032
      vertex 4.34667 -1.16468 185.032
    endloop
  endfacet
  facet normal -0.786211 0.247927 0.566042
    outer loop
      vertex 4.34667 -1.16469 185.032
      vertex 3.9603 -1.06116 184.45
      vertex 4.29706 -1.32201 185.032
    endloop
  endfacet
  facet normal -0.786211 -0.247927 0.566042
    outer loop
      vertex 3.9603 1.06116 184.45
      vertex 4.34667 1.16469 185.032
      vertex 4.29706 1.32201 185.032
    endloop
  endfacet
  facet normal -0.833126 0 0.553084
    outer loop
      vertex 4.34667 1.16469 185.032
      vertex 3.9603 1.06116 184.45
      vertex 4.34667 1.16468 185.032
    endloop
  endfacet
  facet normal 0.695284 0.442917 0.566043
    outer loop
      vertex -3.5507 -2.05 184.45
      vertex -3.89711 -2.25 185.032
      vertex -3.80848 -2.38913 185.032
    endloop
  endfacet
  facet normal -0.247907 -0.786221 0.566038
    outer loop
      vertex 1.40228 3.85274 184.45
      vertex 1.32201 4.29706 185.032
      vertex 1.06116 3.9603 184.45
    endloop
  endfacet
  facet normal -0.247877 -0.786225 0.566045
    outer loop
      vertex 1.32201 4.29706 185.032
      vertex 1.40228 3.85274 184.45
      vertex 1.53909 4.22862 185.032
    endloop
  endfacet
  facet normal 0.804841 0.178409 0.56604
    outer loop
      vertex -4.34667 -1.16468 185.032
      vertex -3.9603 -1.06116 184.45
      vertex -4.38237 -1.00363 185.032
    endloop
  endfacet
  facet normal 0.0359815 -0.823591 0.566042
    outer loop
      vertex 0 4.1 184.45
      vertex 0 4.5 185.032
      vertex -0.164803 4.4928 185.032
    endloop
  endfacet
  facet normal 0.804841 -0.178409 0.56604
    outer loop
      vertex -3.9603 1.06116 184.45
      vertex -4.34667 1.16468 185.032
      vertex -4.38237 1.00363 185.032
    endloop
  endfacet
  facet normal 0.80484 -0.178416 0.566039
    outer loop
      vertex -4.43163 0.781416 185.032
      vertex -3.9603 1.06116 184.45
      vertex -4.38237 1.00363 185.032
    endloop
  endfacet
  facet normal 0.80484 -0.178414 0.56604
    outer loop
      vertex -3.9603 1.06116 184.45
      vertex -4.43163 0.781416 185.032
      vertex -4.03771 0.711957 184.45
    endloop
  endfacet
  facet normal -0.731229 0.380657 0.566042
    outer loop
      vertex 3.89711 -2.25 185.032
      vertex 3.97328 -2.10368 185.032
      vertex 3.5507 -2.05 184.45
    endloop
  endfacet
  facet normal -0.442917 0.695284 0.566043
    outer loop
      vertex 2.05 -3.5507 184.45
      vertex 2.25 -3.89711 185.032
      vertex 2.38913 -3.80848 185.032
    endloop
  endfacet
  facet normal 0.607801 0.556934 0.566041
    outer loop
      vertex -3.4472 -2.89254 185.032
      vertex -2.89914 -2.89914 184.45
      vertex -3.14078 -2.63543 184.45
    endloop
  endfacet
  facet normal 0.607807 0.556921 0.566047
    outer loop
      vertex -2.89914 -2.89914 184.45
      vertex -3.4472 -2.89254 185.032
      vertex -3.29343 -3.06036 185.032
    endloop
  endfacet
  facet normal 0.607781 -0.556958 0.566039
    outer loop
      vertex -2.89914 2.89914 184.45
      vertex -3.18198 3.18198 185.032
      vertex -3.29343 3.06036 185.032
    endloop
  endfacet
  facet normal 0.107643 -0.817317 0.566043
    outer loop
      vertex -0.357338 4.0844 184.45
      vertex -0.3922 4.48288 185.032
      vertex -0.55575 4.46134 185.032
    endloop
  endfacet
  facet normal -0.817317 -0.107643 0.566043
    outer loop
      vertex 4.0844 0.357338 184.45
      vertex 4.48288 0.3922 185.032
      vertex 4.46134 0.55575 185.032
    endloop
  endfacet
  facet normal -0.823592 -0.0359285 0.566044
    outer loop
      vertex 4.0844 0.357338 184.45
      vertex 4.4928 0.164803 185.032
      vertex 4.48288 0.3922 185.032
    endloop
  endfacet
  facet normal -0.823595 -0.035955 0.566037
    outer loop
      vertex 4.4928 0.164803 185.032
      vertex 4.0844 0.357338 184.45
      vertex 4.1 0 184.45
    endloop
  endfacet
  facet normal -0.380654 -0.731232 0.566041
    outer loop
      vertex 2.05 3.5507 184.45
      vertex 1.90178 4.07838 185.032
      vertex 1.73273 3.71586 184.45
    endloop
  endfacet
  facet normal -0.380647 -0.731233 0.566044
    outer loop
      vertex 1.90178 4.07838 185.032
      vertex 2.05 3.5507 184.45
      vertex 2.10368 3.97328 185.032
    endloop
  endfacet
  facet normal 0.380657 -0.731229 0.566042
    outer loop
      vertex -2.05 3.5507 184.45
      vertex -2.10368 3.97328 185.032
      vertex -2.25 3.89711 185.032
    endloop
  endfacet
  facet normal -0.107643 0.817317 0.566043
    outer loop
      vertex 0.357338 -4.0844 184.45
      vertex 0.3922 -4.48288 185.032
      vertex 0.55575 -4.46134 185.032
    endloop
  endfacet
  facet normal -0.804841 -0.178409 0.56604
    outer loop
      vertex 4.38237 1.00363 185.032
      vertex 4.34667 1.16468 185.032
      vertex 3.9603 1.06116 184.45
    endloop
  endfacet
  facet normal -0.695259 -0.442958 0.566042
    outer loop
      vertex 3.35852 2.35166 184.45
      vertex 3.80848 2.38913 185.032
      vertex 3.68618 2.58109 185.032
    endloop
  endfacet
  facet normal -0.695268 -0.442937 0.566047
    outer loop
      vertex 3.80848 2.38913 185.032
      vertex 3.35852 2.35166 184.45
      vertex 3.5507 2.05 184.45
    endloop
  endfacet
  facet normal 0.817325 -0.107605 0.566039
    outer loop
      vertex -4.46134 0.55575 185.032
      vertex -4.03771 0.711957 184.45
      vertex -4.43163 0.781416 185.032
    endloop
  endfacet
  facet normal 0.817326 -0.107611 0.566038
    outer loop
      vertex -4.03771 0.711957 184.45
      vertex -4.46134 0.55575 185.032
      vertex -4.0844 0.357338 184.45
    endloop
  endfacet
  facet normal 0.315492 0.761618 0.566041
    outer loop
      vertex -1.74938 -4.14151 185.032
      vertex -1.73273 -3.71586 184.45
      vertex -1.90178 -4.07838 185.032
    endloop
  endfacet
  facet normal -0.380647 0.731233 0.566044
    outer loop
      vertex 2.05 -3.5507 184.45
      vertex 1.90178 -4.07838 185.032
      vertex 2.10368 -3.97328 185.032
    endloop
  endfacet
  facet normal -0.380654 0.731232 0.566041
    outer loop
      vertex 1.90178 -4.07838 185.032
      vertex 2.05 -3.5507 184.45
      vertex 1.73273 -3.71586 184.45
    endloop
  endfacet
  facet normal 0.247907 0.786221 0.566038
    outer loop
      vertex -1.40228 -3.85274 184.45
      vertex -1.32201 -4.29706 185.032
      vertex -1.06116 -3.9603 184.45
    endloop
  endfacet
  facet normal 0.247877 0.786225 0.566045
    outer loop
      vertex -1.32201 -4.29706 185.032
      vertex -1.40228 -3.85274 184.45
      vertex -1.53909 -4.22862 185.032
    endloop
  endfacet
  facet normal 0.0359815 0.823591 0.566042
    outer loop
      vertex 0 -4.5 185.032
      vertex 0 -4.1 184.45
      vertex -0.164803 -4.4928 185.032
    endloop
  endfacet
  facet normal -0.695284 0.442917 0.566043
    outer loop
      vertex 3.89711 -2.25 185.032
      vertex 3.5507 -2.05 184.45
      vertex 3.80848 -2.38913 185.032
    endloop
  endfacet
  facet normal -0.607801 0.556934 0.566041
    outer loop
      vertex 2.89914 -2.89914 184.45
      vertex 3.4472 -2.89254 185.032
      vertex 3.14078 -2.63543 184.45
    endloop
  endfacet
  facet normal -0.607807 0.556921 0.566047
    outer loop
      vertex 3.4472 -2.89254 185.032
      vertex 2.89914 -2.89914 184.45
      vertex 3.29343 -3.06036 185.032
    endloop
  endfacet
  facet normal 0.247927 -0.786211 0.566042
    outer loop
      vertex -1.06116 3.9603 184.45
      vertex -1.16469 4.34667 185.032
      vertex -1.32201 4.29706 185.032
    endloop
  endfacet
  facet normal 0 -0.833126 0.553084
    outer loop
      vertex -1.16469 4.34667 185.032
      vertex -1.06116 3.9603 184.45
      vertex -1.16468 4.34667 185.032
    endloop
  endfacet
  facet normal -0.247877 0.786225 0.566045
    outer loop
      vertex 1.40228 -3.85274 184.45
      vertex 1.32201 -4.29706 185.032
      vertex 1.53909 -4.22862 185.032
    endloop
  endfacet
  facet normal -0.247907 0.786221 0.566038
    outer loop
      vertex 1.32201 -4.29706 185.032
      vertex 1.40228 -3.85274 184.45
      vertex 1.06116 -3.9603 184.45
    endloop
  endfacet
  facet normal -0.731233 -0.380647 0.566044
    outer loop
      vertex 3.5507 2.05 184.45
      vertex 4.07838 1.90178 185.032
      vertex 3.97328 2.10368 185.032
    endloop
  endfacet
  facet normal -0.731232 -0.380654 0.566041
    outer loop
      vertex 4.07838 1.90178 185.032
      vertex 3.5507 2.05 184.45
      vertex 3.71586 1.73273 184.45
    endloop
  endfacet
  facet normal -0.731229 -0.380657 0.566042
    outer loop
      vertex 3.97328 2.10368 185.032
      vertex 3.89711 2.25 185.032
      vertex 3.5507 2.05 184.45
    endloop
  endfacet
  facet normal 0.833126 0 0.553084
    outer loop
      vertex -3.9603 1.06116 184.45
      vertex -4.34667 1.16469 185.032
      vertex -4.34667 1.16468 185.032
    endloop
  endfacet
  facet normal 0.786211 -0.247927 0.566042
    outer loop
      vertex -4.34667 1.16469 185.032
      vertex -3.9603 1.06116 184.45
      vertex -4.29706 1.32201 185.032
    endloop
  endfacet
  facet normal -0.380657 0.731229 0.566042
    outer loop
      vertex 2.10368 -3.97328 185.032
      vertex 2.25 -3.89711 185.032
      vertex 2.05 -3.5507 184.45
    endloop
  endfacet
  facet normal -0.442958 0.695259 0.566042
    outer loop
      vertex 2.35166 -3.35852 184.45
      vertex 2.38913 -3.80848 185.032
      vertex 2.58109 -3.68618 185.032
    endloop
  endfacet
  facet normal -0.442937 0.695268 0.566047
    outer loop
      vertex 2.38913 -3.80848 185.032
      vertex 2.35166 -3.35852 184.45
      vertex 2.05 -3.5507 184.45
    endloop
  endfacet
  facet normal 0.731229 0.380657 0.566042
    outer loop
      vertex -3.89711 -2.25 185.032
      vertex -3.5507 -2.05 184.45
      vertex -3.97328 -2.10368 185.032
    endloop
  endfacet
  facet normal -0.76162 0.31548 0.566046
    outer loop
      vertex 3.71586 -1.73273 184.45
      vertex 4.22862 -1.53909 185.032
      vertex 3.85274 -1.40228 184.45
    endloop
  endfacet
  facet normal -0.761619 0.315491 0.566041
    outer loop
      vertex 4.22862 -1.53909 185.032
      vertex 3.71586 -1.73273 184.45
      vertex 4.14151 -1.74938 185.032
    endloop
  endfacet
  facet normal -0.107605 0.817325 0.566039
    outer loop
      vertex 0.781416 -4.43163 185.032
      vertex 0.711957 -4.03771 184.45
      vertex 0.55575 -4.46134 185.032
    endloop
  endfacet
  facet normal -0.107611 0.817326 0.566038
    outer loop
      vertex 0.55575 -4.46134 185.032
      vertex 0.711957 -4.03771 184.45
      vertex 0.357338 -4.0844 184.45
    endloop
  endfacet
  facet normal 0.817317 -0.107643 0.566043
    outer loop
      vertex -4.48288 0.3922 185.032
      vertex -4.0844 0.357338 184.45
      vertex -4.46134 0.55575 185.032
    endloop
  endfacet
  facet normal 0.823595 0.035955 0.566037
    outer loop
      vertex -4.4928 -0.164803 185.032
      vertex -4.0844 -0.357338 184.45
      vertex -4.1 0 184.45
    endloop
  endfacet
  facet normal 0.823592 0.0359285 0.566044
    outer loop
      vertex -4.0844 -0.357338 184.45
      vertex -4.4928 -0.164803 185.032
      vertex -4.48288 -0.3922 185.032
    endloop
  endfacet
  facet normal 0.501824 -0.654041 0.566042
    outer loop
      vertex -2.35166 3.35852 184.45
      vertex -2.58109 3.68618 185.032
      vertex -2.71197 3.58576 185.032
    endloop
  endfacet
  facet normal 0.731229 -0.380657 0.566042
    outer loop
      vertex -3.5507 2.05 184.45
      vertex -3.89711 2.25 185.032
      vertex -3.97328 2.10368 185.032
    endloop
  endfacet
  facet normal -0.247927 0.786211 0.566042
    outer loop
      vertex 1.06116 -3.9603 184.45
      vertex 1.16469 -4.34667 185.032
      vertex 1.32201 -4.29706 185.032
    endloop
  endfacet
  facet normal 0 0.833126 0.553084
    outer loop
      vertex 1.16469 -4.34667 185.032
      vertex 1.06116 -3.9603 184.45
      vertex 1.16468 -4.34667 185.032
    endloop
  endfacet
  facet normal 0.442958 -0.695259 0.566042
    outer loop
      vertex -2.35166 3.35852 184.45
      vertex -2.38913 3.80848 185.032
      vertex -2.58109 3.68618 185.032
    endloop
  endfacet
  facet normal 0.442937 -0.695268 0.566047
    outer loop
      vertex -2.38913 3.80848 185.032
      vertex -2.35166 3.35852 184.45
      vertex -2.05 3.5507 184.45
    endloop
  endfacet
  facet normal 0.035955 0.823595 0.566037
    outer loop
      vertex -0.357338 -4.0844 184.45
      vertex -0.164803 -4.4928 185.032
      vertex 0 -4.1 184.45
    endloop
  endfacet
  facet normal 0.0359285 0.823592 0.566044
    outer loop
      vertex -0.164803 -4.4928 185.032
      vertex -0.357338 -4.0844 184.45
      vertex -0.3922 -4.48288 185.032
    endloop
  endfacet
  facet normal 0.654016 -0.501857 0.566041
    outer loop
      vertex -3.58576 2.71197 185.032
      vertex -3.14078 2.63543 184.45
      vertex -3.4472 2.89254 185.032
    endloop
  endfacet
  facet normal 0.654025 -0.501841 0.566046
    outer loop
      vertex -3.14078 2.63543 184.45
      vertex -3.58576 2.71197 185.032
      vertex -3.35852 2.35166 184.45
    endloop
  endfacet
  facet normal 0.695284 -0.442917 0.566043
    outer loop
      vertex -3.89711 2.25 185.032
      vertex -3.5507 2.05 184.45
      vertex -3.80848 2.38913 185.032
    endloop
  endfacet
  facet normal 0.80484 0.178416 0.566039
    outer loop
      vertex -3.9603 -1.06116 184.45
      vertex -4.43163 -0.781416 185.032
      vertex -4.38237 -1.00363 185.032
    endloop
  endfacet
  facet normal 0.80484 0.178414 0.56604
    outer loop
      vertex -4.43163 -0.781416 185.032
      vertex -3.9603 -1.06116 184.45
      vertex -4.03771 -0.711957 184.45
    endloop
  endfacet
  facet normal 0.833126 -0 0.553084
    outer loop
      vertex -4.34667 -1.16469 185.032
      vertex -3.9603 -1.06116 184.45
      vertex -4.34667 -1.16468 185.032
    endloop
  endfacet
  facet normal 0.786211 0.247927 0.566042
    outer loop
      vertex -3.9603 -1.06116 184.45
      vertex -4.34667 -1.16469 185.032
      vertex -4.29706 -1.32201 185.032
    endloop
  endfacet
  facet normal 0.380647 -0.731233 0.566044
    outer loop
      vertex -2.05 3.5507 184.45
      vertex -1.90178 4.07838 185.032
      vertex -2.10368 3.97328 185.032
    endloop
  endfacet
  facet normal 0.380654 -0.731232 0.566041
    outer loop
      vertex -1.90178 4.07838 185.032
      vertex -2.05 3.5507 184.45
      vertex -1.73273 3.71586 184.45
    endloop
  endfacet
  facet normal -0.178414 -0.80484 0.56604
    outer loop
      vertex 1.06116 3.9603 184.45
      vertex 0.781416 4.43163 185.032
      vertex 0.711957 4.03771 184.45
    endloop
  endfacet
  facet normal -0.178416 -0.80484 0.566039
    outer loop
      vertex 0.781416 4.43163 185.032
      vertex 1.06116 3.9603 184.45
      vertex 1.00363 4.38237 185.032
    endloop
  endfacet
  facet normal -0.178409 -0.804841 0.56604
    outer loop
      vertex 1.06116 3.9603 184.45
      vertex 1.16468 4.34667 185.032
      vertex 1.00363 4.38237 185.032
    endloop
  endfacet
  facet normal -0.442917 -0.695284 0.566043
    outer loop
      vertex 2.25 3.89711 185.032
      vertex 2.05 3.5507 184.45
      vertex 2.38913 3.80848 185.032
    endloop
  endfacet
  facet normal -0.178416 0.80484 0.566039
    outer loop
      vertex 1.06116 -3.9603 184.45
      vertex 0.781416 -4.43163 185.032
      vertex 1.00363 -4.38237 185.032
    endloop
  endfacet
  facet normal -0.178414 0.80484 0.56604
    outer loop
      vertex 0.781416 -4.43163 185.032
      vertex 1.06116 -3.9603 184.45
      vertex 0.711957 -4.03771 184.45
    endloop
  endfacet
  facet normal 0.607807 -0.556921 0.566047
    outer loop
      vertex -3.4472 2.89254 185.032
      vertex -2.89914 2.89914 184.45
      vertex -3.29343 3.06036 185.032
    endloop
  endfacet
  facet normal 0.607801 -0.556934 0.566041
    outer loop
      vertex -2.89914 2.89914 184.45
      vertex -3.4472 2.89254 185.032
      vertex -3.14078 2.63543 184.45
    endloop
  endfacet
  facet normal 0.654041 -0.501824 0.566042
    outer loop
      vertex -3.68618 2.58109 185.032
      vertex -3.35852 2.35166 184.45
      vertex -3.58576 2.71197 185.032
    endloop
  endfacet
  facet normal -0.654041 -0.501824 0.566042
    outer loop
      vertex 3.35852 2.35166 184.45
      vertex 3.68618 2.58109 185.032
      vertex 3.58576 2.71197 185.032
    endloop
  endfacet
  facet normal 0 0.833126 0.553084
    outer loop
      vertex -1.06116 -3.9603 184.45
      vertex -1.16469 -4.34667 185.032
      vertex -1.16468 -4.34667 185.032
    endloop
  endfacet
  facet normal 0.247927 0.786211 0.566042
    outer loop
      vertex -1.16469 -4.34667 185.032
      vertex -1.06116 -3.9603 184.45
      vertex -1.32201 -4.29706 185.032
    endloop
  endfacet
  facet normal 0.501857 -0.654016 0.566041
    outer loop
      vertex -2.63543 3.14078 184.45
      vertex -2.71197 3.58576 185.032
      vertex -2.89254 3.4472 185.032
    endloop
  endfacet
  facet normal 0.501841 -0.654025 0.566046
    outer loop
      vertex -2.71197 3.58576 185.032
      vertex -2.63543 3.14078 184.45
      vertex -2.35166 3.35852 184.45
    endloop
  endfacet
  facet normal -0.442937 -0.695268 0.566047
    outer loop
      vertex 2.35166 3.35852 184.45
      vertex 2.38913 3.80848 185.032
      vertex 2.05 3.5507 184.45
    endloop
  endfacet
  facet normal -0.442958 -0.695259 0.566042
    outer loop
      vertex 2.38913 3.80848 185.032
      vertex 2.35166 3.35852 184.45
      vertex 2.58109 3.68618 185.032
    endloop
  endfacet
  facet normal 0.107605 -0.817325 0.566039
    outer loop
      vertex -0.781416 4.43163 185.032
      vertex -0.711957 4.03771 184.45
      vertex -0.55575 4.46134 185.032
    endloop
  endfacet
  facet normal 0.107611 -0.817326 0.566038
    outer loop
      vertex -0.55575 4.46134 185.032
      vertex -0.711957 4.03771 184.45
      vertex -0.357338 4.0844 184.45
    endloop
  endfacet
  facet normal 0.0359285 -0.823592 0.566044
    outer loop
      vertex -0.357338 4.0844 184.45
      vertex -0.164803 4.4928 185.032
      vertex -0.3922 4.48288 185.032
    endloop
  endfacet
  facet normal 0.035955 -0.823595 0.566037
    outer loop
      vertex -0.164803 4.4928 185.032
      vertex -0.357338 4.0844 184.45
      vertex 0 4.1 184.45
    endloop
  endfacet
  facet normal -0.107643 -0.817317 0.566043
    outer loop
      vertex 0.3922 4.48288 185.032
      vertex 0.357338 4.0844 184.45
      vertex 0.55575 4.46134 185.032
    endloop
  endfacet
  facet normal -0.035955 -0.823595 0.566037
    outer loop
      vertex 0.357338 4.0844 184.45
      vertex 0.164803 4.4928 185.032
      vertex 0 4.1 184.45
    endloop
  endfacet
  facet normal -0.0359285 -0.823592 0.566044
    outer loop
      vertex 0.164803 4.4928 185.032
      vertex 0.357338 4.0844 184.45
      vertex 0.3922 4.48288 185.032
    endloop
  endfacet
  facet normal -0.107605 -0.817325 0.566039
    outer loop
      vertex 0.711957 4.03771 184.45
      vertex 0.781416 4.43163 185.032
      vertex 0.55575 4.46134 185.032
    endloop
  endfacet
  facet normal -0.107611 -0.817326 0.566038
    outer loop
      vertex 0.711957 4.03771 184.45
      vertex 0.55575 4.46134 185.032
      vertex 0.357338 4.0844 184.45
    endloop
  endfacet
  facet normal 0 0 1
    outer loop
      vertex 4.0844 0.357338 184.45
      vertex 4.0844 -0.357338 184.45
      vertex 4.1 0 184.45
    endloop
  endfacet
  facet normal 0 0 1
    outer loop
      vertex 4.03771 0.711957 184.45
      vertex 4.0844 -0.357338 184.45
      vertex 4.0844 0.357338 184.45
    endloop
  endfacet
  facet normal 0 0 1
    outer loop
      vertex 4.03771 0.711957 184.45
      vertex 4.03771 -0.711957 184.45
      vertex 4.0844 -0.357338 184.45
    endloop
  endfacet
  facet normal 0 0 1
    outer loop
      vertex 3.9603 1.06116 184.45
      vertex 4.03771 -0.711957 184.45
      vertex 4.03771 0.711957 184.45
    endloop
  endfacet
  facet normal 0 0 1
    outer loop
      vertex 3.9603 1.06116 184.45
      vertex 3.9603 -1.06116 184.45
      vertex 4.03771 -0.711957 184.45
    endloop
  endfacet
  facet normal 0 0 1
    outer loop
      vertex 3.85274 1.40228 184.45
      vertex 3.9603 -1.06116 184.45
      vertex 3.9603 1.06116 184.45
    endloop
  endfacet
  facet normal 0 0 1
    outer loop
      vertex 3.85274 1.40228 184.45
      vertex 3.85274 -1.40228 184.45
      vertex 3.9603 -1.06116 184.45
    endloop
  endfacet
  facet normal 0 0 1
    outer loop
      vertex 3.71586 1.73273 184.45
      vertex 3.85274 -1.40228 184.45
      vertex 3.85274 1.40228 184.45
    endloop
  endfacet
  facet normal 0 0 1
    outer loop
      vertex 3.71586 1.73273 184.45
      vertex 3.71586 -1.73273 184.45
      vertex 3.85274 -1.40228 184.45
    endloop
  endfacet
  facet normal 0 0 1
    outer loop
      vertex 3.5507 2.05 184.45
      vertex 3.71586 -1.73273 184.45
      vertex 3.71586 1.73273 184.45
    endloop
  endfacet
  facet normal 0 0 1
    outer loop
      vertex 3.5507 2.05 184.45
      vertex 3.5507 -2.05 184.45
      vertex 3.71586 -1.73273 184.45
    endloop
  endfacet
  facet normal 0 0 1
    outer loop
      vertex 3.35852 2.35166 184.45
      vertex 3.5507 -2.05 184.45
      vertex 3.5507 2.05 184.45
    endloop
  endfacet
  facet normal 0 0 1
    outer loop
      vertex 3.35852 2.35166 184.45
      vertex 3.35852 -2.35166 184.45
      vertex 3.5507 -2.05 184.45
    endloop
  endfacet
  facet normal 0 0 1
    outer loop
      vertex 3.14078 2.63543 184.45
      vertex 3.35852 -2.35166 184.45
      vertex 3.35852 2.35166 184.45
    endloop
  endfacet
  facet normal 0 0 1
    outer loop
      vertex 3.14078 2.63543 184.45
      vertex 3.14078 -2.63543 184.45
      vertex 3.35852 -2.35166 184.45
    endloop
  endfacet
  facet normal 0 0 1
    outer loop
      vertex 2.89914 2.89914 184.45
      vertex 3.14078 -2.63543 184.45
      vertex 3.14078 2.63543 184.45
    endloop
  endfacet
  facet normal 0 0 1
    outer loop
      vertex 2.89914 2.89914 184.45
      vertex 2.89914 -2.89914 184.45
      vertex 3.14078 -2.63543 184.45
    endloop
  endfacet
  facet normal 0 0 1
    outer loop
      vertex 2.63543 3.14078 184.45
      vertex 2.89914 -2.89914 184.45
      vertex 2.89914 2.89914 184.45
    endloop
  endfacet
  facet normal 0 0 1
    outer loop
      vertex 2.63543 3.14078 184.45
      vertex 2.63543 -3.14078 184.45
      vertex 2.89914 -2.89914 184.45
    endloop
  endfacet
  facet normal 0 0 1
    outer loop
      vertex 2.35166 3.35852 184.45
      vertex 2.63543 -3.14078 184.45
      vertex 2.63543 3.14078 184.45
    endloop
  endfacet
  facet normal 0 0 1
    outer loop
      vertex 2.35166 3.35852 184.45
      vertex 2.35166 -3.35852 184.45
      vertex 2.63543 -3.14078 184.45
    endloop
  endfacet
  facet normal 0 0 1
    outer loop
      vertex 2.05 3.5507 184.45
      vertex 2.35166 -3.35852 184.45
      vertex 2.35166 3.35852 184.45
    endloop
  endfacet
  facet normal 0 0 1
    outer loop
      vertex 2.05 3.5507 184.45
      vertex 2.05 -3.5507 184.45
      vertex 2.35166 -3.35852 184.45
    endloop
  endfacet
  facet normal 0 0 1
    outer loop
      vertex 1.73273 3.71586 184.45
      vertex 2.05 -3.5507 184.45
      vertex 2.05 3.5507 184.45
    endloop
  endfacet
  facet normal 0 0 1
    outer loop
      vertex 1.73273 3.71586 184.45
      vertex 1.73273 -3.71586 184.45
      vertex 2.05 -3.5507 184.45
    endloop
  endfacet
  facet normal 0 0 1
    outer loop
      vertex 1.40228 3.85274 184.45
      vertex 1.73273 -3.71586 184.45
      vertex 1.73273 3.71586 184.45
    endloop
  endfacet
  facet normal 0 0 1
    outer loop
      vertex 1.40228 3.85274 184.45
      vertex 1.40228 -3.85274 184.45
      vertex 1.73273 -3.71586 184.45
    endloop
  endfacet
  facet normal 0 0 1
    outer loop
      vertex 1.06116 3.9603 184.45
      vertex 1.40228 -3.85274 184.45
      vertex 1.40228 3.85274 184.45
    endloop
  endfacet
  facet normal 0 0 1
    outer loop
      vertex 1.06116 3.9603 184.45
      vertex 1.06116 -3.9603 184.45
      vertex 1.40228 -3.85274 184.45
    endloop
  endfacet
  facet normal 0 0 1
    outer loop
      vertex 0.711957 4.03771 184.45
      vertex 1.06116 -3.9603 184.45
      vertex 1.06116 3.9603 184.45
    endloop
  endfacet
  facet normal 0 0 1
    outer loop
      vertex 0.711957 4.03771 184.45
      vertex 0.711957 -4.03771 184.45
      vertex 1.06116 -3.9603 184.45
    endloop
  endfacet
  facet normal 0 0 1
    outer loop
      vertex 0.357338 4.0844 184.45
      vertex 0.711957 -4.03771 184.45
      vertex 0.711957 4.03771 184.45
    endloop
  endfacet
  facet normal 0 0 1
    outer loop
      vertex 0.357338 4.0844 184.45
      vertex 0.357338 -4.0844 184.45
      vertex 0.711957 -4.03771 184.45
    endloop
  endfacet
  facet normal 0 0 1
    outer loop
      vertex 0 4.1 184.45
      vertex 0.357338 -4.0844 184.45
      vertex 0.357338 4.0844 184.45
    endloop
  endfacet
  facet normal 0 0 1
    outer loop
      vertex 0 4.1 184.45
      vertex 0 -4.1 184.45
      vertex 0.357338 -4.0844 184.45
    endloop
  endfacet
  facet normal -0 0 1
    outer loop
      vertex -0.357338 4.0844 184.45
      vertex 0 -4.1 184.45
      vertex 0 4.1 184.45
    endloop
  endfacet
  facet normal 0 0 1
    outer loop
      vertex -0.357338 4.0844 184.45
      vertex -0.357338 -4.0844 184.45
      vertex 0 -4.1 184.45
    endloop
  endfacet
  facet normal -0 0 1
    outer loop
      vertex -0.711957 4.03771 184.45
      vertex -0.357338 -4.0844 184.45
      vertex -0.357338 4.0844 184.45
    endloop
  endfacet
  facet normal 0 0 1
    outer loop
      vertex -0.711957 4.03771 184.45
      vertex -0.711957 -4.03771 184.45
      vertex -0.357338 -4.0844 184.45
    endloop
  endfacet
  facet normal -0 0 1
    outer loop
      vertex -1.06116 3.9603 184.45
      vertex -0.711957 -4.03771 184.45
      vertex -0.711957 4.03771 184.45
    endloop
  endfacet
  facet normal 0 0 1
    outer loop
      vertex -1.06116 3.9603 184.45
      vertex -1.06116 -3.9603 184.45
      vertex -0.711957 -4.03771 184.45
    endloop
  endfacet
  facet normal -0 0 1
    outer loop
      vertex -1.40228 3.85274 184.45
      vertex -1.06116 -3.9603 184.45
      vertex -1.06116 3.9603 184.45
    endloop
  endfacet
  facet normal 0 0 1
    outer loop
      vertex -1.40228 3.85274 184.45
      vertex -1.40228 -3.85274 184.45
      vertex -1.06116 -3.9603 184.45
    endloop
  endfacet
  facet normal -0 0 1
    outer loop
      vertex -1.73273 3.71586 184.45
      vertex -1.40228 -3.85274 184.45
      vertex -1.40228 3.85274 184.45
    endloop
  endfacet
  facet normal 0 0 1
    outer loop
      vertex -1.73273 3.71586 184.45
      vertex -1.73273 -3.71586 184.45
      vertex -1.40228 -3.85274 184.45
    endloop
  endfacet
  facet normal -0 0 1
    outer loop
      vertex -2.05 3.5507 184.45
      vertex -1.73273 -3.71586 184.45
      vertex -1.73273 3.71586 184.45
    endloop
  endfacet
  facet normal 0 0 1
    outer loop
      vertex -2.05 3.5507 184.45
      vertex -2.05 -3.5507 184.45
      vertex -1.73273 -3.71586 184.45
    endloop
  endfacet
  facet normal -0 0 1
    outer loop
      vertex -2.35166 3.35852 184.45
      vertex -2.05 -3.5507 184.45
      vertex -2.05 3.5507 184.45
    endloop
  endfacet
  facet normal 0 0 1
    outer loop
      vertex -2.35166 3.35852 184.45
      vertex -2.35166 -3.35852 184.45
      vertex -2.05 -3.5507 184.45
    endloop
  endfacet
  facet normal -0 0 1
    outer loop
      vertex -2.63543 3.14078 184.45
      vertex -2.35166 -3.35852 184.45
      vertex -2.35166 3.35852 184.45
    endloop
  endfacet
  facet normal 0 0 1
    outer loop
      vertex -2.63543 3.14078 184.45
      vertex -2.63543 -3.14078 184.45
      vertex -2.35166 -3.35852 184.45
    endloop
  endfacet
  facet normal -0 0 1
    outer loop
      vertex -2.89914 2.89914 184.45
      vertex -2.63543 -3.14078 184.45
      vertex -2.63543 3.14078 184.45
    endloop
  endfacet
  facet normal 0 0 1
    outer loop
      vertex -2.89914 2.89914 184.45
      vertex -2.89914 -2.89914 184.45
      vertex -2.63543 -3.14078 184.45
    endloop
  endfacet
  facet normal -0 0 1
    outer loop
      vertex -3.14078 2.63543 184.45
      vertex -2.89914 -2.89914 184.45
      vertex -2.89914 2.89914 184.45
    endloop
  endfacet
  facet normal 0 0 1
    outer loop
      vertex -3.14078 2.63543 184.45
      vertex -3.14078 -2.63543 184.45
      vertex -2.89914 -2.89914 184.45
    endloop
  endfacet
  facet normal -0 0 1
    outer loop
      vertex -3.35852 2.35166 184.45
      vertex -3.14078 -2.63543 184.45
      vertex -3.14078 2.63543 184.45
    endloop
  endfacet
  facet normal 0 0 1
    outer loop
      vertex -3.35852 2.35166 184.45
      vertex -3.35852 -2.35166 184.45
      vertex -3.14078 -2.63543 184.45
    endloop
  endfacet
  facet normal -0 0 1
    outer loop
      vertex -3.5507 2.05 184.45
      vertex -3.35852 -2.35166 184.45
      vertex -3.35852 2.35166 184.45
    endloop
  endfacet
  facet normal 0 0 1
    outer loop
      vertex -3.5507 2.05 184.45
      vertex -3.5507 -2.05 184.45
      vertex -3.35852 -2.35166 184.45
    endloop
  endfacet
  facet normal -0 0 1
    outer loop
      vertex -3.71586 1.73273 184.45
      vertex -3.5507 -2.05 184.45
      vertex -3.5507 2.05 184.45
    endloop
  endfacet
  facet normal 0 0 1
    outer loop
      vertex -3.71586 1.73273 184.45
      vertex -3.71586 -1.73273 184.45
      vertex -3.5507 -2.05 184.45
    endloop
  endfacet
  facet normal -0 0 1
    outer loop
      vertex -3.85274 1.40228 184.45
      vertex -3.71586 -1.73273 184.45
      vertex -3.71586 1.73273 184.45
    endloop
  endfacet
  facet normal 0 0 1
    outer loop
      vertex -3.85274 1.40228 184.45
      vertex -3.85274 -1.40228 184.45
      vertex -3.71586 -1.73273 184.45
    endloop
  endfacet
  facet normal -0 0 1
    outer loop
      vertex -3.9603 1.06116 184.45
      vertex -3.85274 -1.40228 184.45
      vertex -3.85274 1.40228 184.45
    endloop
  endfacet
  facet normal 0 0 1
    outer loop
      vertex -3.9603 1.06116 184.45
      vertex -3.9603 -1.06116 184.45
      vertex -3.85274 -1.40228 184.45
    endloop
  endfacet
  facet normal -0 0 1
    outer loop
      vertex -4.03771 0.711957 184.45
      vertex -3.9603 -1.06116 184.45
      vertex -3.9603 1.06116 184.45
    endloop
  endfacet
  facet normal 0 0 1
    outer loop
      vertex -4.03771 0.711957 184.45
      vertex -4.03771 -0.711957 184.45
      vertex -3.9603 -1.06116 184.45
    endloop
  endfacet
  facet normal -0 0 1
    outer loop
      vertex -4.0844 0.357338 184.45
      vertex -4.03771 -0.711957 184.45
      vertex -4.03771 0.711957 184.45
    endloop
  endfacet
  facet normal 0 0 1
    outer loop
      vertex -4.0844 0.357338 184.45
      vertex -4.0844 -0.357338 184.45
      vertex -4.03771 -0.711957 184.45
    endloop
  endfacet
  facet normal 0 -0 1
    outer loop
      vertex -4.0844 -0.357338 184.45
      vertex -4.0844 0.357338 184.45
      vertex -4.1 0 184.45
    endloop
  endfacet
endsolid OpenSCAD_Model
