solid OpenSCAD_Model
  facet normal -0.342019 -0.939693 0
    outer loop
      vertex 7.51754 -2.73616 7
      vertex 9.58486 -3.4886 12
      vertex 7.51754 -2.73616 12
    endloop
  endfacet
  facet normal -0.342019 -0.939693 -0
    outer loop
      vertex 9.58486 -3.4886 12
      vertex 7.51754 -2.73616 7
      vertex 9.58486 -3.4886 7
    endloop
  endfacet
  facet normal -0.342019 0.939693 0
    outer loop
      vertex 9.58486 3.4886 7
      vertex 7.51754 2.73616 12
      vertex 9.58486 3.4886 12
    endloop
  endfacet
  facet normal -0.342019 0.939693 0
    outer loop
      vertex 7.51754 2.73616 12
      vertex 9.58486 3.4886 7
      vertex 7.51754 2.73616 7
    endloop
  endfacet
  facet normal 0 0 1
    outer loop
      vertex 8 0 12
      vertex 10.2 0 12
      vertex 10.1612 0.888988 12
    endloop
  endfacet
  facet normal 0 0 1
    outer loop
      vertex 7.96956 0.697246 12
      vertex 10.1612 0.888988 12
      vertex 10.045 1.77121 12
    endloop
  endfacet
  facet normal 0 0 1
    outer loop
      vertex 10.2 0 12
      vertex 8 0 12
      vertex 10.1612 -0.888988 12
    endloop
  endfacet
  facet normal 0 0 1
    outer loop
      vertex 7.87846 1.38918 12
      vertex 10.045 1.77121 12
      vertex 9.85244 2.63995 12
    endloop
  endfacet
  facet normal -0 0 1
    outer loop
      vertex 7.96956 -0.697246 12
      vertex 10.1612 -0.888988 12
      vertex 8 0 12
    endloop
  endfacet
  facet normal 0 0 1
    outer loop
      vertex 7.72741 2.07055 12
      vertex 9.85244 2.63995 12
      vertex 9.58486 3.4886 12
    endloop
  endfacet
  facet normal 0 0 1
    outer loop
      vertex 10.1612 -0.888988 12
      vertex 7.96956 -0.697246 12
      vertex 10.045 -1.77121 12
    endloop
  endfacet
  facet normal -0 0 1
    outer loop
      vertex 7.87846 -1.38918 12
      vertex 10.045 -1.77121 12
      vertex 7.96956 -0.697246 12
    endloop
  endfacet
  facet normal 0 0 1
    outer loop
      vertex 10.1612 0.888988 12
      vertex 7.96956 0.697246 12
      vertex 8 0 12
    endloop
  endfacet
  facet normal 0 0 1
    outer loop
      vertex 10.045 1.77121 12
      vertex 7.87846 1.38918 12
      vertex 7.96956 0.697246 12
    endloop
  endfacet
  facet normal 0 0 1
    outer loop
      vertex 9.85244 2.63995 12
      vertex 7.72741 2.07055 12
      vertex 7.87846 1.38918 12
    endloop
  endfacet
  facet normal -0 0 1
    outer loop
      vertex 7.51754 2.73616 12
      vertex 7.72741 2.07055 12
      vertex 9.58486 3.4886 12
    endloop
  endfacet
  facet normal 0 0 1
    outer loop
      vertex 10.045 -1.77121 12
      vertex 7.87846 -1.38918 12
      vertex 9.85244 -2.63995 12
    endloop
  endfacet
  facet normal -0 0 1
    outer loop
      vertex 7.72741 -2.07055 12
      vertex 9.85244 -2.63995 12
      vertex 7.87846 -1.38918 12
    endloop
  endfacet
  facet normal 0 0 1
    outer loop
      vertex 9.85244 -2.63995 12
      vertex 7.72741 -2.07055 12
      vertex 9.58486 -3.4886 12
    endloop
  endfacet
  facet normal -0 0 1
    outer loop
      vertex 7.51754 -2.73616 12
      vertex 9.58486 -3.4886 12
      vertex 7.72741 -2.07055 12
    endloop
  endfacet
  facet normal 0.953716 -0.300708 0
    outer loop
      vertex 9.58486 -3.4886 12
      vertex 9.85244 -2.63995 7
      vertex 9.85244 -2.63995 12
    endloop
  endfacet
  facet normal 0.953716 -0.300708 0
    outer loop
      vertex 9.85244 -2.63995 7
      vertex 9.58486 -3.4886 12
      vertex 9.58486 -3.4886 7
    endloop
  endfacet
  facet normal 0 0 -1
    outer loop
      vertex 8 0 7
      vertex 10.2 0 7
      vertex 10.1612 -0.888988 7
    endloop
  endfacet
  facet normal 0 0 -1
    outer loop
      vertex 7.96956 -0.697246 7
      vertex 10.1612 -0.888988 7
      vertex 10.045 -1.77121 7
    endloop
  endfacet
  facet normal 0 0 -1
    outer loop
      vertex 10.2 0 7
      vertex 8 0 7
      vertex 10.1612 0.888988 7
    endloop
  endfacet
  facet normal 0 0 -1
    outer loop
      vertex 7.87846 -1.38918 7
      vertex 10.045 -1.77121 7
      vertex 9.85244 -2.63995 7
    endloop
  endfacet
  facet normal 0 0 -1
    outer loop
      vertex 7.96956 0.697246 7
      vertex 10.1612 0.888988 7
      vertex 8 0 7
    endloop
  endfacet
  facet normal 0 0 -1
    outer loop
      vertex 7.72741 -2.07055 7
      vertex 9.85244 -2.63995 7
      vertex 9.58486 -3.4886 7
    endloop
  endfacet
  facet normal -0 0 -1
    outer loop
      vertex 10.1612 0.888988 7
      vertex 7.96956 0.697246 7
      vertex 10.045 1.77121 7
    endloop
  endfacet
  facet normal 0 0 -1
    outer loop
      vertex 7.87846 1.38918 7
      vertex 10.045 1.77121 7
      vertex 7.96956 0.697246 7
    endloop
  endfacet
  facet normal 0 0 -1
    outer loop
      vertex 10.1612 -0.888988 7
      vertex 7.96956 -0.697246 7
      vertex 8 0 7
    endloop
  endfacet
  facet normal 0 0 -1
    outer loop
      vertex 10.045 -1.77121 7
      vertex 7.87846 -1.38918 7
      vertex 7.96956 -0.697246 7
    endloop
  endfacet
  facet normal 0 0 -1
    outer loop
      vertex 9.85244 -2.63995 7
      vertex 7.72741 -2.07055 7
      vertex 7.87846 -1.38918 7
    endloop
  endfacet
  facet normal 0 0 -1
    outer loop
      vertex 7.51754 -2.73616 7
      vertex 7.72741 -2.07055 7
      vertex 9.58486 -3.4886 7
    endloop
  endfacet
  facet normal -0 0 -1
    outer loop
      vertex 10.045 1.77121 7
      vertex 7.87846 1.38918 7
      vertex 9.85244 2.63995 7
    endloop
  endfacet
  facet normal 0 0 -1
    outer loop
      vertex 7.72741 2.07055 7
      vertex 9.85244 2.63995 7
      vertex 7.87846 1.38918 7
    endloop
  endfacet
  facet normal -0 0 -1
    outer loop
      vertex 9.85244 2.63995 7
      vertex 7.72741 2.07055 7
      vertex 9.58486 3.4886 7
    endloop
  endfacet
  facet normal 0 0 -1
    outer loop
      vertex 7.51754 2.73616 7
      vertex 9.58486 3.4886 7
      vertex 7.72741 2.07055 7
    endloop
  endfacet
  facet normal 0.976304 -0.216402 0
    outer loop
      vertex 9.85244 -2.63995 12
      vertex 10.045 -1.77121 7
      vertex 10.045 -1.77121 12
    endloop
  endfacet
  facet normal 0.976304 -0.216402 0
    outer loop
      vertex 10.045 -1.77121 7
      vertex 9.85244 -2.63995 12
      vertex 9.85244 -2.63995 7
    endloop
  endfacet
  facet normal 0.991437 -0.130585 0
    outer loop
      vertex 10.045 -1.77121 12
      vertex 10.1612 -0.888988 7
      vertex 10.1612 -0.888988 12
    endloop
  endfacet
  facet normal 0.991437 -0.130585 0
    outer loop
      vertex 10.1612 -0.888988 7
      vertex 10.045 -1.77121 12
      vertex 10.045 -1.77121 7
    endloop
  endfacet
  facet normal 0.999049 -0.0436036 0
    outer loop
      vertex 10.1612 -0.888988 12
      vertex 10.2 0 7
      vertex 10.2 0 12
    endloop
  endfacet
  facet normal 0.999049 -0.0436036 0
    outer loop
      vertex 10.2 0 7
      vertex 10.1612 -0.888988 12
      vertex 10.1612 -0.888988 7
    endloop
  endfacet
  facet normal 0.999049 0.0436036 0
    outer loop
      vertex 10.2 0 12
      vertex 10.1612 0.888988 7
      vertex 10.1612 0.888988 12
    endloop
  endfacet
  facet normal 0.999049 0.0436036 0
    outer loop
      vertex 10.1612 0.888988 7
      vertex 10.2 0 12
      vertex 10.2 0 7
    endloop
  endfacet
  facet normal 0.991437 0.130585 0
    outer loop
      vertex 10.1612 0.888988 12
      vertex 10.045 1.77121 7
      vertex 10.045 1.77121 12
    endloop
  endfacet
  facet normal 0.991437 0.130585 0
    outer loop
      vertex 10.045 1.77121 7
      vertex 10.1612 0.888988 12
      vertex 10.1612 0.888988 7
    endloop
  endfacet
  facet normal 0.976304 0.216402 0
    outer loop
      vertex 10.045 1.77121 12
      vertex 9.85244 2.63995 7
      vertex 9.85244 2.63995 12
    endloop
  endfacet
  facet normal 0.976304 0.216402 0
    outer loop
      vertex 9.85244 2.63995 7
      vertex 10.045 1.77121 12
      vertex 10.045 1.77121 7
    endloop
  endfacet
  facet normal 0.953716 0.300708 0
    outer loop
      vertex 9.85244 2.63995 12
      vertex 9.58486 3.4886 7
      vertex 9.58486 3.4886 12
    endloop
  endfacet
  facet normal 0.953716 0.300708 0
    outer loop
      vertex 9.58486 3.4886 7
      vertex 9.85244 2.63995 12
      vertex 9.85244 2.63995 7
    endloop
  endfacet
  facet normal 0.342019 0.939693 -0
    outer loop
      vertex -7.51754 2.73616 7
      vertex -9.58486 3.4886 12
      vertex -7.51754 2.73616 12
    endloop
  endfacet
  facet normal 0.342019 0.939693 0
    outer loop
      vertex -9.58486 3.4886 12
      vertex -7.51754 2.73616 7
      vertex -9.58486 3.4886 7
    endloop
  endfacet
  facet normal 0.342019 -0.939693 0
    outer loop
      vertex -9.58486 -3.4886 7
      vertex -7.51754 -2.73616 12
      vertex -9.58486 -3.4886 12
    endloop
  endfacet
  facet normal 0.342019 -0.939693 0
    outer loop
      vertex -7.51754 -2.73616 12
      vertex -9.58486 -3.4886 7
      vertex -7.51754 -2.73616 7
    endloop
  endfacet
  facet normal -0.953716 0.300708 0
    outer loop
      vertex -9.85244 2.63995 7
      vertex -9.58486 3.4886 12
      vertex -9.58486 3.4886 7
    endloop
  endfacet
  facet normal -0.953716 0.300708 0
    outer loop
      vertex -9.58486 3.4886 12
      vertex -9.85244 2.63995 7
      vertex -9.85244 2.63995 12
    endloop
  endfacet
  facet normal -0.976304 0.216402 0
    outer loop
      vertex -10.045 1.77121 7
      vertex -9.85244 2.63995 12
      vertex -9.85244 2.63995 7
    endloop
  endfacet
  facet normal -0.976304 0.216402 0
    outer loop
      vertex -9.85244 2.63995 12
      vertex -10.045 1.77121 7
      vertex -10.045 1.77121 12
    endloop
  endfacet
  facet normal -0.991437 0.130585 0
    outer loop
      vertex -10.1612 0.888988 7
      vertex -10.045 1.77121 12
      vertex -10.045 1.77121 7
    endloop
  endfacet
  facet normal -0.991437 0.130585 0
    outer loop
      vertex -10.045 1.77121 12
      vertex -10.1612 0.888988 7
      vertex -10.1612 0.888988 12
    endloop
  endfacet
  facet normal -0.999049 0.0436036 0
    outer loop
      vertex -10.2 0 7
      vertex -10.1612 0.888988 12
      vertex -10.1612 0.888988 7
    endloop
  endfacet
  facet normal -0.999049 0.0436036 0
    outer loop
      vertex -10.1612 0.888988 12
      vertex -10.2 0 7
      vertex -10.2 0 12
    endloop
  endfacet
  facet normal 0 0 -1
    outer loop
      vertex -10.045 -1.77121 7
      vertex -7.87846 -1.38918 7
      vertex -9.85244 -2.63995 7
    endloop
  endfacet
  facet normal -0 0 -1
    outer loop
      vertex -7.72741 -2.07055 7
      vertex -9.85244 -2.63995 7
      vertex -7.87846 -1.38918 7
    endloop
  endfacet
  facet normal 0 0 -1
    outer loop
      vertex -9.85244 -2.63995 7
      vertex -7.72741 -2.07055 7
      vertex -9.58486 -3.4886 7
    endloop
  endfacet
  facet normal 0 0 -1
    outer loop
      vertex -9.58486 -3.4886 7
      vertex -7.72741 -2.07055 7
      vertex -7.51754 -2.73616 7
    endloop
  endfacet
  facet normal -0 0 -1
    outer loop
      vertex -7.87846 -1.38918 7
      vertex -10.045 -1.77121 7
      vertex -7.96956 -0.697246 7
    endloop
  endfacet
  facet normal 0 0 -1
    outer loop
      vertex -10.1612 -0.888988 7
      vertex -7.96956 -0.697246 7
      vertex -10.045 -1.77121 7
    endloop
  endfacet
  facet normal -0 0 -1
    outer loop
      vertex -7.96956 -0.697246 7
      vertex -10.1612 -0.888988 7
      vertex -8 0 7
    endloop
  endfacet
  facet normal 0 0 -1
    outer loop
      vertex -10.2 0 7
      vertex -8 0 7
      vertex -10.1612 -0.888988 7
    endloop
  endfacet
  facet normal 0 0 -1
    outer loop
      vertex -8 0 7
      vertex -10.2 0 7
      vertex -7.96956 0.697246 7
    endloop
  endfacet
  facet normal 0 -0 -1
    outer loop
      vertex -10.1612 0.888988 7
      vertex -7.96956 0.697246 7
      vertex -10.2 0 7
    endloop
  endfacet
  facet normal -0 0 -1
    outer loop
      vertex -7.51754 2.73616 7
      vertex -9.85244 2.63995 7
      vertex -9.58486 3.4886 7
    endloop
  endfacet
  facet normal 0 0 -1
    outer loop
      vertex -7.96956 0.697246 7
      vertex -10.1612 0.888988 7
      vertex -7.87846 1.38918 7
    endloop
  endfacet
  facet normal 0 0 -1
    outer loop
      vertex -7.72741 2.07055 7
      vertex -9.85244 2.63995 7
      vertex -7.51754 2.73616 7
    endloop
  endfacet
  facet normal 0 -0 -1
    outer loop
      vertex -10.045 1.77121 7
      vertex -7.87846 1.38918 7
      vertex -10.1612 0.888988 7
    endloop
  endfacet
  facet normal 0 -0 -1
    outer loop
      vertex -9.85244 2.63995 7
      vertex -7.72741 2.07055 7
      vertex -10.045 1.77121 7
    endloop
  endfacet
  facet normal 0 0 -1
    outer loop
      vertex -7.87846 1.38918 7
      vertex -10.045 1.77121 7
      vertex -7.72741 2.07055 7
    endloop
  endfacet
  facet normal -0 0 1
    outer loop
      vertex -10.045 1.77121 12
      vertex -7.87846 1.38918 12
      vertex -9.85244 2.63995 12
    endloop
  endfacet
  facet normal 0 0 1
    outer loop
      vertex -7.72741 2.07055 12
      vertex -9.85244 2.63995 12
      vertex -7.87846 1.38918 12
    endloop
  endfacet
  facet normal -0 0 1
    outer loop
      vertex -9.85244 2.63995 12
      vertex -7.72741 2.07055 12
      vertex -9.58486 3.4886 12
    endloop
  endfacet
  facet normal 0 0 1
    outer loop
      vertex -9.58486 3.4886 12
      vertex -7.72741 2.07055 12
      vertex -7.51754 2.73616 12
    endloop
  endfacet
  facet normal 0 0 1
    outer loop
      vertex -7.87846 1.38918 12
      vertex -10.045 1.77121 12
      vertex -7.96956 0.697246 12
    endloop
  endfacet
  facet normal -0 0 1
    outer loop
      vertex -10.1612 0.888988 12
      vertex -7.96956 0.697246 12
      vertex -10.045 1.77121 12
    endloop
  endfacet
  facet normal 0 0 1
    outer loop
      vertex -7.96956 0.697246 12
      vertex -10.1612 0.888988 12
      vertex -8 0 12
    endloop
  endfacet
  facet normal 0 0 1
    outer loop
      vertex -10.2 0 12
      vertex -8 0 12
      vertex -10.1612 0.888988 12
    endloop
  endfacet
  facet normal 0 0 1
    outer loop
      vertex -8 0 12
      vertex -10.2 0 12
      vertex -7.96956 -0.697246 12
    endloop
  endfacet
  facet normal 0 -0 1
    outer loop
      vertex -10.1612 -0.888988 12
      vertex -7.96956 -0.697246 12
      vertex -10.2 0 12
    endloop
  endfacet
  facet normal 0 0 1
    outer loop
      vertex -7.51754 -2.73616 12
      vertex -9.85244 -2.63995 12
      vertex -9.58486 -3.4886 12
    endloop
  endfacet
  facet normal 0 0 1
    outer loop
      vertex -7.96956 -0.697246 12
      vertex -10.1612 -0.888988 12
      vertex -7.87846 -1.38918 12
    endloop
  endfacet
  facet normal 0 0 1
    outer loop
      vertex -7.72741 -2.07055 12
      vertex -9.85244 -2.63995 12
      vertex -7.51754 -2.73616 12
    endloop
  endfacet
  facet normal 0 -0 1
    outer loop
      vertex -10.045 -1.77121 12
      vertex -7.87846 -1.38918 12
      vertex -10.1612 -0.888988 12
    endloop
  endfacet
  facet normal 0 -0 1
    outer loop
      vertex -9.85244 -2.63995 12
      vertex -7.72741 -2.07055 12
      vertex -10.045 -1.77121 12
    endloop
  endfacet
  facet normal 0 0 1
    outer loop
      vertex -7.87846 -1.38918 12
      vertex -10.045 -1.77121 12
      vertex -7.72741 -2.07055 12
    endloop
  endfacet
  facet normal -0.999049 -0.0436036 0
    outer loop
      vertex -10.1612 -0.888988 7
      vertex -10.2 0 12
      vertex -10.2 0 7
    endloop
  endfacet
  facet normal -0.999049 -0.0436036 0
    outer loop
      vertex -10.2 0 12
      vertex -10.1612 -0.888988 7
      vertex -10.1612 -0.888988 12
    endloop
  endfacet
  facet normal -0.991437 -0.130585 0
    outer loop
      vertex -10.045 -1.77121 7
      vertex -10.1612 -0.888988 12
      vertex -10.1612 -0.888988 7
    endloop
  endfacet
  facet normal -0.991437 -0.130585 0
    outer loop
      vertex -10.1612 -0.888988 12
      vertex -10.045 -1.77121 7
      vertex -10.045 -1.77121 12
    endloop
  endfacet
  facet normal -0.976304 -0.216402 0
    outer loop
      vertex -9.85244 -2.63995 7
      vertex -10.045 -1.77121 12
      vertex -10.045 -1.77121 7
    endloop
  endfacet
  facet normal -0.976304 -0.216402 0
    outer loop
      vertex -10.045 -1.77121 12
      vertex -9.85244 -2.63995 7
      vertex -9.85244 -2.63995 12
    endloop
  endfacet
  facet normal -0.953716 -0.300708 0
    outer loop
      vertex -9.58486 -3.4886 7
      vertex -9.85244 -2.63995 12
      vertex -9.85244 -2.63995 7
    endloop
  endfacet
  facet normal -0.953716 -0.300708 0
    outer loop
      vertex -9.85244 -2.63995 12
      vertex -9.58486 -3.4886 7
      vertex -9.58486 -3.4886 12
    endloop
  endfacet
  facet normal -0.342019 -0.939693 0
    outer loop
      vertex 7.51754 -2.73616 338
      vertex 9.58486 -3.4886 343
      vertex 7.51754 -2.73616 343
    endloop
  endfacet
  facet normal -0.342019 -0.939693 -0
    outer loop
      vertex 9.58486 -3.4886 343
      vertex 7.51754 -2.73616 338
      vertex 9.58486 -3.4886 338
    endloop
  endfacet
  facet normal -0.342019 0.939693 0
    outer loop
      vertex 9.58486 3.4886 338
      vertex 7.51754 2.73616 343
      vertex 9.58486 3.4886 343
    endloop
  endfacet
  facet normal -0.342019 0.939693 0
    outer loop
      vertex 7.51754 2.73616 343
      vertex 9.58486 3.4886 338
      vertex 7.51754 2.73616 338
    endloop
  endfacet
  facet normal 0 0 1
    outer loop
      vertex 8 0 343
      vertex 10.2 0 343
      vertex 10.1612 0.888988 343
    endloop
  endfacet
  facet normal 0 0 1
    outer loop
      vertex 7.96956 0.697246 343
      vertex 10.1612 0.888988 343
      vertex 10.045 1.77121 343
    endloop
  endfacet
  facet normal 0 0 1
    outer loop
      vertex 10.2 0 343
      vertex 8 0 343
      vertex 10.1612 -0.888988 343
    endloop
  endfacet
  facet normal 0 0 1
    outer loop
      vertex 7.87846 1.38918 343
      vertex 10.045 1.77121 343
      vertex 9.85244 2.63995 343
    endloop
  endfacet
  facet normal -0 0 1
    outer loop
      vertex 7.96956 -0.697246 343
      vertex 10.1612 -0.888988 343
      vertex 8 0 343
    endloop
  endfacet
  facet normal 0 0 1
    outer loop
      vertex 7.72741 2.07055 343
      vertex 9.85244 2.63995 343
      vertex 9.58486 3.4886 343
    endloop
  endfacet
  facet normal 0 0 1
    outer loop
      vertex 10.1612 -0.888988 343
      vertex 7.96956 -0.697246 343
      vertex 10.045 -1.77121 343
    endloop
  endfacet
  facet normal -0 0 1
    outer loop
      vertex 7.87846 -1.38918 343
      vertex 10.045 -1.77121 343
      vertex 7.96956 -0.697246 343
    endloop
  endfacet
  facet normal 0 0 1
    outer loop
      vertex 10.1612 0.888988 343
      vertex 7.96956 0.697246 343
      vertex 8 0 343
    endloop
  endfacet
  facet normal 0 0 1
    outer loop
      vertex 10.045 1.77121 343
      vertex 7.87846 1.38918 343
      vertex 7.96956 0.697246 343
    endloop
  endfacet
  facet normal 0 0 1
    outer loop
      vertex 9.85244 2.63995 343
      vertex 7.72741 2.07055 343
      vertex 7.87846 1.38918 343
    endloop
  endfacet
  facet normal -0 0 1
    outer loop
      vertex 7.51754 2.73616 343
      vertex 7.72741 2.07055 343
      vertex 9.58486 3.4886 343
    endloop
  endfacet
  facet normal 0 0 1
    outer loop
      vertex 10.045 -1.77121 343
      vertex 7.87846 -1.38918 343
      vertex 9.85244 -2.63995 343
    endloop
  endfacet
  facet normal -0 0 1
    outer loop
      vertex 7.72741 -2.07055 343
      vertex 9.85244 -2.63995 343
      vertex 7.87846 -1.38918 343
    endloop
  endfacet
  facet normal 0 0 1
    outer loop
      vertex 9.85244 -2.63995 343
      vertex 7.72741 -2.07055 343
      vertex 9.58486 -3.4886 343
    endloop
  endfacet
  facet normal -0 0 1
    outer loop
      vertex 7.51754 -2.73616 343
      vertex 9.58486 -3.4886 343
      vertex 7.72741 -2.07055 343
    endloop
  endfacet
  facet normal 0.953716 -0.300708 0
    outer loop
      vertex 9.58486 -3.4886 343
      vertex 9.85244 -2.63995 338
      vertex 9.85244 -2.63995 343
    endloop
  endfacet
  facet normal 0.953716 -0.300708 0
    outer loop
      vertex 9.85244 -2.63995 338
      vertex 9.58486 -3.4886 343
      vertex 9.58486 -3.4886 338
    endloop
  endfacet
  facet normal 0 0 -1
    outer loop
      vertex 8 0 338
      vertex 10.2 0 338
      vertex 10.1612 -0.888988 338
    endloop
  endfacet
  facet normal 0 0 -1
    outer loop
      vertex 7.96956 -0.697246 338
      vertex 10.1612 -0.888988 338
      vertex 10.045 -1.77121 338
    endloop
  endfacet
  facet normal 0 0 -1
    outer loop
      vertex 10.2 0 338
      vertex 8 0 338
      vertex 10.1612 0.888988 338
    endloop
  endfacet
  facet normal 0 0 -1
    outer loop
      vertex 7.87846 -1.38918 338
      vertex 10.045 -1.77121 338
      vertex 9.85244 -2.63995 338
    endloop
  endfacet
  facet normal 0 0 -1
    outer loop
      vertex 7.96956 0.697246 338
      vertex 10.1612 0.888988 338
      vertex 8 0 338
    endloop
  endfacet
  facet normal 0 0 -1
    outer loop
      vertex 7.72741 -2.07055 338
      vertex 9.85244 -2.63995 338
      vertex 9.58486 -3.4886 338
    endloop
  endfacet
  facet normal -0 0 -1
    outer loop
      vertex 10.1612 0.888988 338
      vertex 7.96956 0.697246 338
      vertex 10.045 1.77121 338
    endloop
  endfacet
  facet normal 0 0 -1
    outer loop
      vertex 7.87846 1.38918 338
      vertex 10.045 1.77121 338
      vertex 7.96956 0.697246 338
    endloop
  endfacet
  facet normal 0 0 -1
    outer loop
      vertex 10.1612 -0.888988 338
      vertex 7.96956 -0.697246 338
      vertex 8 0 338
    endloop
  endfacet
  facet normal 0 0 -1
    outer loop
      vertex 10.045 -1.77121 338
      vertex 7.87846 -1.38918 338
      vertex 7.96956 -0.697246 338
    endloop
  endfacet
  facet normal 0 0 -1
    outer loop
      vertex 9.85244 -2.63995 338
      vertex 7.72741 -2.07055 338
      vertex 7.87846 -1.38918 338
    endloop
  endfacet
  facet normal 0 0 -1
    outer loop
      vertex 7.51754 -2.73616 338
      vertex 7.72741 -2.07055 338
      vertex 9.58486 -3.4886 338
    endloop
  endfacet
  facet normal -0 0 -1
    outer loop
      vertex 10.045 1.77121 338
      vertex 7.87846 1.38918 338
      vertex 9.85244 2.63995 338
    endloop
  endfacet
  facet normal 0 0 -1
    outer loop
      vertex 7.72741 2.07055 338
      vertex 9.85244 2.63995 338
      vertex 7.87846 1.38918 338
    endloop
  endfacet
  facet normal -0 0 -1
    outer loop
      vertex 9.85244 2.63995 338
      vertex 7.72741 2.07055 338
      vertex 9.58486 3.4886 338
    endloop
  endfacet
  facet normal 0 0 -1
    outer loop
      vertex 7.51754 2.73616 338
      vertex 9.58486 3.4886 338
      vertex 7.72741 2.07055 338
    endloop
  endfacet
  facet normal 0.976304 -0.216402 0
    outer loop
      vertex 9.85244 -2.63995 343
      vertex 10.045 -1.77121 338
      vertex 10.045 -1.77121 343
    endloop
  endfacet
  facet normal 0.976304 -0.216402 0
    outer loop
      vertex 10.045 -1.77121 338
      vertex 9.85244 -2.63995 343
      vertex 9.85244 -2.63995 338
    endloop
  endfacet
  facet normal 0.991437 -0.130585 0
    outer loop
      vertex 10.045 -1.77121 343
      vertex 10.1612 -0.888988 338
      vertex 10.1612 -0.888988 343
    endloop
  endfacet
  facet normal 0.991437 -0.130585 0
    outer loop
      vertex 10.1612 -0.888988 338
      vertex 10.045 -1.77121 343
      vertex 10.045 -1.77121 338
    endloop
  endfacet
  facet normal 0.999049 -0.0436036 0
    outer loop
      vertex 10.1612 -0.888988 343
      vertex 10.2 0 338
      vertex 10.2 0 343
    endloop
  endfacet
  facet normal 0.999049 -0.0436036 0
    outer loop
      vertex 10.2 0 338
      vertex 10.1612 -0.888988 343
      vertex 10.1612 -0.888988 338
    endloop
  endfacet
  facet normal 0.999049 0.0436036 0
    outer loop
      vertex 10.2 0 343
      vertex 10.1612 0.888988 338
      vertex 10.1612 0.888988 343
    endloop
  endfacet
  facet normal 0.999049 0.0436036 0
    outer loop
      vertex 10.1612 0.888988 338
      vertex 10.2 0 343
      vertex 10.2 0 338
    endloop
  endfacet
  facet normal 0.991437 0.130585 0
    outer loop
      vertex 10.1612 0.888988 343
      vertex 10.045 1.77121 338
      vertex 10.045 1.77121 343
    endloop
  endfacet
  facet normal 0.991437 0.130585 0
    outer loop
      vertex 10.045 1.77121 338
      vertex 10.1612 0.888988 343
      vertex 10.1612 0.888988 338
    endloop
  endfacet
  facet normal 0.976304 0.216402 0
    outer loop
      vertex 10.045 1.77121 343
      vertex 9.85244 2.63995 338
      vertex 9.85244 2.63995 343
    endloop
  endfacet
  facet normal 0.976304 0.216402 0
    outer loop
      vertex 9.85244 2.63995 338
      vertex 10.045 1.77121 343
      vertex 10.045 1.77121 338
    endloop
  endfacet
  facet normal 0.953716 0.300708 0
    outer loop
      vertex 9.85244 2.63995 343
      vertex 9.58486 3.4886 338
      vertex 9.58486 3.4886 343
    endloop
  endfacet
  facet normal 0.953716 0.300708 0
    outer loop
      vertex 9.58486 3.4886 338
      vertex 9.85244 2.63995 343
      vertex 9.85244 2.63995 338
    endloop
  endfacet
  facet normal 0.342019 0.939693 -0
    outer loop
      vertex -7.51754 2.73616 338
      vertex -9.58486 3.4886 343
      vertex -7.51754 2.73616 343
    endloop
  endfacet
  facet normal 0.342019 0.939693 0
    outer loop
      vertex -9.58486 3.4886 343
      vertex -7.51754 2.73616 338
      vertex -9.58486 3.4886 338
    endloop
  endfacet
  facet normal 0.342019 -0.939693 0
    outer loop
      vertex -9.58486 -3.4886 338
      vertex -7.51754 -2.73616 343
      vertex -9.58486 -3.4886 343
    endloop
  endfacet
  facet normal 0.342019 -0.939693 0
    outer loop
      vertex -7.51754 -2.73616 343
      vertex -9.58486 -3.4886 338
      vertex -7.51754 -2.73616 338
    endloop
  endfacet
  facet normal -0.953716 0.300708 0
    outer loop
      vertex -9.85244 2.63995 338
      vertex -9.58486 3.4886 343
      vertex -9.58486 3.4886 338
    endloop
  endfacet
  facet normal -0.953716 0.300708 0
    outer loop
      vertex -9.58486 3.4886 343
      vertex -9.85244 2.63995 338
      vertex -9.85244 2.63995 343
    endloop
  endfacet
  facet normal -0.976304 0.216402 0
    outer loop
      vertex -10.045 1.77121 338
      vertex -9.85244 2.63995 343
      vertex -9.85244 2.63995 338
    endloop
  endfacet
  facet normal -0.976304 0.216402 0
    outer loop
      vertex -9.85244 2.63995 343
      vertex -10.045 1.77121 338
      vertex -10.045 1.77121 343
    endloop
  endfacet
  facet normal -0.991437 0.130585 0
    outer loop
      vertex -10.1612 0.888988 338
      vertex -10.045 1.77121 343
      vertex -10.045 1.77121 338
    endloop
  endfacet
  facet normal -0.991437 0.130585 0
    outer loop
      vertex -10.045 1.77121 343
      vertex -10.1612 0.888988 338
      vertex -10.1612 0.888988 343
    endloop
  endfacet
  facet normal -0.999049 0.0436036 0
    outer loop
      vertex -10.2 0 338
      vertex -10.1612 0.888988 343
      vertex -10.1612 0.888988 338
    endloop
  endfacet
  facet normal -0.999049 0.0436036 0
    outer loop
      vertex -10.1612 0.888988 343
      vertex -10.2 0 338
      vertex -10.2 0 343
    endloop
  endfacet
  facet normal 0 0 -1
    outer loop
      vertex -10.045 -1.77121 338
      vertex -7.87846 -1.38918 338
      vertex -9.85244 -2.63995 338
    endloop
  endfacet
  facet normal -0 0 -1
    outer loop
      vertex -7.72741 -2.07055 338
      vertex -9.85244 -2.63995 338
      vertex -7.87846 -1.38918 338
    endloop
  endfacet
  facet normal 0 0 -1
    outer loop
      vertex -9.85244 -2.63995 338
      vertex -7.72741 -2.07055 338
      vertex -9.58486 -3.4886 338
    endloop
  endfacet
  facet normal 0 0 -1
    outer loop
      vertex -9.58486 -3.4886 338
      vertex -7.72741 -2.07055 338
      vertex -7.51754 -2.73616 338
    endloop
  endfacet
  facet normal -0 0 -1
    outer loop
      vertex -7.87846 -1.38918 338
      vertex -10.045 -1.77121 338
      vertex -7.96956 -0.697246 338
    endloop
  endfacet
  facet normal 0 0 -1
    outer loop
      vertex -10.1612 -0.888988 338
      vertex -7.96956 -0.697246 338
      vertex -10.045 -1.77121 338
    endloop
  endfacet
  facet normal -0 0 -1
    outer loop
      vertex -7.96956 -0.697246 338
      vertex -10.1612 -0.888988 338
      vertex -8 0 338
    endloop
  endfacet
  facet normal 0 0 -1
    outer loop
      vertex -10.2 0 338
      vertex -8 0 338
      vertex -10.1612 -0.888988 338
    endloop
  endfacet
  facet normal 0 0 -1
    outer loop
      vertex -8 0 338
      vertex -10.2 0 338
      vertex -7.96956 0.697246 338
    endloop
  endfacet
  facet normal 0 -0 -1
    outer loop
      vertex -10.1612 0.888988 338
      vertex -7.96956 0.697246 338
      vertex -10.2 0 338
    endloop
  endfacet
  facet normal -0 0 -1
    outer loop
      vertex -7.51754 2.73616 338
      vertex -9.85244 2.63995 338
      vertex -9.58486 3.4886 338
    endloop
  endfacet
  facet normal 0 0 -1
    outer loop
      vertex -7.96956 0.697246 338
      vertex -10.1612 0.888988 338
      vertex -7.87846 1.38918 338
    endloop
  endfacet
  facet normal 0 0 -1
    outer loop
      vertex -7.72741 2.07055 338
      vertex -9.85244 2.63995 338
      vertex -7.51754 2.73616 338
    endloop
  endfacet
  facet normal 0 -0 -1
    outer loop
      vertex -10.045 1.77121 338
      vertex -7.87846 1.38918 338
      vertex -10.1612 0.888988 338
    endloop
  endfacet
  facet normal 0 -0 -1
    outer loop
      vertex -9.85244 2.63995 338
      vertex -7.72741 2.07055 338
      vertex -10.045 1.77121 338
    endloop
  endfacet
  facet normal 0 0 -1
    outer loop
      vertex -7.87846 1.38918 338
      vertex -10.045 1.77121 338
      vertex -7.72741 2.07055 338
    endloop
  endfacet
  facet normal -0 0 1
    outer loop
      vertex -10.045 1.77121 343
      vertex -7.87846 1.38918 343
      vertex -9.85244 2.63995 343
    endloop
  endfacet
  facet normal 0 0 1
    outer loop
      vertex -7.72741 2.07055 343
      vertex -9.85244 2.63995 343
      vertex -7.87846 1.38918 343
    endloop
  endfacet
  facet normal -0 0 1
    outer loop
      vertex -9.85244 2.63995 343
      vertex -7.72741 2.07055 343
      vertex -9.58486 3.4886 343
    endloop
  endfacet
  facet normal 0 0 1
    outer loop
      vertex -9.58486 3.4886 343
      vertex -7.72741 2.07055 343
      vertex -7.51754 2.73616 343
    endloop
  endfacet
  facet normal 0 0 1
    outer loop
      vertex -7.87846 1.38918 343
      vertex -10.045 1.77121 343
      vertex -7.96956 0.697246 343
    endloop
  endfacet
  facet normal -0 0 1
    outer loop
      vertex -10.1612 0.888988 343
      vertex -7.96956 0.697246 343
      vertex -10.045 1.77121 343
    endloop
  endfacet
  facet normal 0 0 1
    outer loop
      vertex -7.96956 0.697246 343
      vertex -10.1612 0.888988 343
      vertex -8 0 343
    endloop
  endfacet
  facet normal 0 0 1
    outer loop
      vertex -10.2 0 343
      vertex -8 0 343
      vertex -10.1612 0.888988 343
    endloop
  endfacet
  facet normal 0 0 1
    outer loop
      vertex -8 0 343
      vertex -10.2 0 343
      vertex -7.96956 -0.697246 343
    endloop
  endfacet
  facet normal 0 -0 1
    outer loop
      vertex -10.1612 -0.888988 343
      vertex -7.96956 -0.697246 343
      vertex -10.2 0 343
    endloop
  endfacet
  facet normal 0 0 1
    outer loop
      vertex -7.51754 -2.73616 343
      vertex -9.85244 -2.63995 343
      vertex -9.58486 -3.4886 343
    endloop
  endfacet
  facet normal 0 0 1
    outer loop
      vertex -7.96956 -0.697246 343
      vertex -10.1612 -0.888988 343
      vertex -7.87846 -1.38918 343
    endloop
  endfacet
  facet normal 0 0 1
    outer loop
      vertex -7.72741 -2.07055 343
      vertex -9.85244 -2.63995 343
      vertex -7.51754 -2.73616 343
    endloop
  endfacet
  facet normal 0 -0 1
    outer loop
      vertex -10.045 -1.77121 343
      vertex -7.87846 -1.38918 343
      vertex -10.1612 -0.888988 343
    endloop
  endfacet
  facet normal 0 -0 1
    outer loop
      vertex -9.85244 -2.63995 343
      vertex -7.72741 -2.07055 343
      vertex -10.045 -1.77121 343
    endloop
  endfacet
  facet normal 0 0 1
    outer loop
      vertex -7.87846 -1.38918 343
      vertex -10.045 -1.77121 343
      vertex -7.72741 -2.07055 343
    endloop
  endfacet
  facet normal -0.999049 -0.0436036 0
    outer loop
      vertex -10.1612 -0.888988 338
      vertex -10.2 0 343
      vertex -10.2 0 338
    endloop
  endfacet
  facet normal -0.999049 -0.0436036 0
    outer loop
      vertex -10.2 0 343
      vertex -10.1612 -0.888988 338
      vertex -10.1612 -0.888988 343
    endloop
  endfacet
  facet normal -0.991437 -0.130585 0
    outer loop
      vertex -10.045 -1.77121 338
      vertex -10.1612 -0.888988 343
      vertex -10.1612 -0.888988 338
    endloop
  endfacet
  facet normal -0.991437 -0.130585 0
    outer loop
      vertex -10.1612 -0.888988 343
      vertex -10.045 -1.77121 338
      vertex -10.045 -1.77121 343
    endloop
  endfacet
  facet normal -0.976304 -0.216402 0
    outer loop
      vertex -9.85244 -2.63995 338
      vertex -10.045 -1.77121 343
      vertex -10.045 -1.77121 338
    endloop
  endfacet
  facet normal -0.976304 -0.216402 0
    outer loop
      vertex -10.045 -1.77121 343
      vertex -9.85244 -2.63995 338
      vertex -9.85244 -2.63995 343
    endloop
  endfacet
  facet normal -0.953716 -0.300708 0
    outer loop
      vertex -9.58486 -3.4886 338
      vertex -9.85244 -2.63995 343
      vertex -9.85244 -2.63995 338
    endloop
  endfacet
  facet normal -0.953716 -0.300708 0
    outer loop
      vertex -9.85244 -2.63995 343
      vertex -9.58486 -3.4886 338
      vertex -9.58486 -3.4886 343
    endloop
  endfacet
  facet normal 0.991444 0.130533 0
    outer loop
      vertex 7.96956 0.697246 338
      vertex 7.87846 1.38918 12
      vertex 7.87846 1.38918 338
    endloop
  endfacet
  facet normal 0.991444 0.130533 0
    outer loop
      vertex 7.87846 1.38918 12
      vertex 7.96956 0.697246 338
      vertex 7.96956 0.697246 12
    endloop
  endfacet
  facet normal 0.991444 0.130533 0
    outer loop
      vertex 7.96956 0.697246 7
      vertex 7.87846 1.38918 0.838889
      vertex 7.87846 1.38918 7
    endloop
  endfacet
  facet normal 0.991444 0.130533 0
    outer loop
      vertex 7.87846 1.38918 0.838889
      vertex 7.96956 0.697246 7
      vertex 7.96956 0.697246 0.83889
    endloop
  endfacet
  facet normal 0.991444 0.130533 0
    outer loop
      vertex 7.96956 0.697246 349.161
      vertex 7.87846 1.38918 343
      vertex 7.87846 1.38918 349.161
    endloop
  endfacet
  facet normal 0.991444 0.130533 0
    outer loop
      vertex 7.87846 1.38918 343
      vertex 7.96956 0.697246 349.161
      vertex 7.96956 0.697246 343
    endloop
  endfacet
  facet normal 0.999048 0.0436159 0
    outer loop
      vertex 8 0 338
      vertex 7.96956 0.697246 12
      vertex 7.96956 0.697246 338
    endloop
  endfacet
  facet normal 0.999048 0.0436159 0
    outer loop
      vertex 7.96956 0.697246 12
      vertex 8 0 338
      vertex 8 0 12
    endloop
  endfacet
  facet normal 1 0 0
    outer loop
      vertex 7.96956 0.697246 7
      vertex 7.96956 0.697245 0.83889
      vertex 7.96956 0.697246 0.83889
    endloop
  endfacet
  facet normal 0.999048 0.0436159 -7.07923e-09
    outer loop
      vertex 8 0 7
      vertex 7.96956 0.697245 0.83889
      vertex 7.96956 0.697246 7
    endloop
  endfacet
  facet normal 0.999048 0.043616 0
    outer loop
      vertex 7.96956 0.697245 0.83889
      vertex 8 0 7
      vertex 8 0 0.83889
    endloop
  endfacet
  facet normal 1 -0 0
    outer loop
      vertex 7.96956 0.697245 349.161
      vertex 7.96956 0.697246 343
      vertex 7.96956 0.697246 349.161
    endloop
  endfacet
  facet normal 0.999048 0.043616 7.07937e-09
    outer loop
      vertex 8 0 349.161
      vertex 7.96956 0.697246 343
      vertex 7.96956 0.697245 349.161
    endloop
  endfacet
  facet normal 0.999048 0.0436159 0
    outer loop
      vertex 7.96956 0.697246 343
      vertex 8 0 349.161
      vertex 8 0 343
    endloop
  endfacet
  facet normal 0.976298 0.216431 0
    outer loop
      vertex 7.87846 1.38918 338
      vertex 7.72741 2.07055 12
      vertex 7.72741 2.07055 338
    endloop
  endfacet
  facet normal 0.976298 0.216431 0
    outer loop
      vertex 7.72741 2.07055 12
      vertex 7.87846 1.38918 338
      vertex 7.87846 1.38918 12
    endloop
  endfacet
  facet normal 0.976298 0.216431 0
    outer loop
      vertex 7.87846 1.38918 7
      vertex 7.72741 2.07055 0.838889
      vertex 7.72741 2.07055 7
    endloop
  endfacet
  facet normal 0.976298 0.216431 0
    outer loop
      vertex 7.72741 2.07055 0.838889
      vertex 7.87846 1.38918 7
      vertex 7.87846 1.38918 0.838889
    endloop
  endfacet
  facet normal 0.976298 0.216431 0
    outer loop
      vertex 7.87846 1.38918 349.161
      vertex 7.72741 2.07055 343
      vertex 7.72741 2.07055 349.161
    endloop
  endfacet
  facet normal 0.976298 0.216431 0
    outer loop
      vertex 7.72741 2.07055 343
      vertex 7.87846 1.38918 349.161
      vertex 7.87846 1.38918 343
    endloop
  endfacet
  facet normal 0.300711 -0.953715 0
    outer loop
      vertex 2.07055 -7.72741 349.161
      vertex 2.73616 -7.51754 0.83889
      vertex 2.73616 -7.51754 349.161
    endloop
  endfacet
  facet normal 0.300711 -0.953715 0
    outer loop
      vertex 2.73616 -7.51754 0.83889
      vertex 2.07055 -7.72741 349.161
      vertex 2.07055 -7.72741 0.838889
    endloop
  endfacet
  facet normal 0 0 1
    outer loop
      vertex 0.697246 7.96956 349.161
      vertex 0 8 349.161
      vertex 0.697245 7.96956 349.161
    endloop
  endfacet
  facet normal 0.0436159 0.999048 -0
    outer loop
      vertex 0.697246 7.96956 0.83889
      vertex 0 8 349.161
      vertex 0.697246 7.96956 349.161
    endloop
  endfacet
  facet normal 0 1 -8.73904e-05
    outer loop
      vertex 0.697245 7.96956 0.83889
      vertex 0 8 349.161
      vertex 0.697246 7.96956 0.83889
    endloop
  endfacet
  facet normal 0.043616 0.999048 0
    outer loop
      vertex 0 8 349.161
      vertex 0.697245 7.96956 0.83889
      vertex 0 8 0.83889
    endloop
  endfacet
  facet normal -0.92388 -0.382682 0
    outer loop
      vertex -7.25046 -3.38095 0.83889
      vertex -7.51754 -2.73616 12
      vertex -7.51754 -2.73616 7
    endloop
  endfacet
  facet normal -0.92388 -0.382682 0
    outer loop
      vertex -7.51754 -2.73616 12
      vertex -7.25046 -3.38095 0.83889
      vertex -7.51754 -2.73616 338
    endloop
  endfacet
  facet normal -0.92388 -0.382682 0
    outer loop
      vertex -7.25046 -3.38095 0.83889
      vertex -7.51754 -2.73616 7
      vertex -7.51754 -2.73616 0.83889
    endloop
  endfacet
  facet normal -0.92388 -0.382682 -0
    outer loop
      vertex -7.25046 -3.38095 349.161
      vertex -7.51754 -2.73616 338
      vertex -7.25046 -3.38095 0.83889
    endloop
  endfacet
  facet normal -0.92388 -0.382682 0
    outer loop
      vertex -7.51754 -2.73616 338
      vertex -7.25046 -3.38095 349.161
      vertex -7.51754 -2.73616 343
    endloop
  endfacet
  facet normal -0.92388 -0.382682 0
    outer loop
      vertex -7.51754 -2.73616 343
      vertex -7.25046 -3.38095 349.161
      vertex -7.51754 -2.73616 349.161
    endloop
  endfacet
  facet normal 0.461752 -0.887009 0
    outer loop
      vertex 3.38095 -7.25046 0.83889
      vertex 4 -6.9282 349.161
      vertex 3.38095 -7.25046 349.161
    endloop
  endfacet
  facet normal 0.461752 -0.887009 0
    outer loop
      vertex 4 -6.9282 0.83889
      vertex 4 -6.9282 349.161
      vertex 3.38095 -7.25046 0.83889
    endloop
  endfacet
  facet normal 0.92388 0.382682 -0
    outer loop
      vertex 7.51754 2.73616 343
      vertex 7.25046 3.38095 349.161
      vertex 7.51754 2.73616 349.161
    endloop
  endfacet
  facet normal 0.92388 0.382682 -0
    outer loop
      vertex 7.51754 2.73616 338
      vertex 7.25046 3.38095 349.161
      vertex 7.51754 2.73616 343
    endloop
  endfacet
  facet normal 0.92388 0.382682 0
    outer loop
      vertex 7.25046 3.38095 349.161
      vertex 7.51754 2.73616 338
      vertex 7.25046 3.38095 0.83889
    endloop
  endfacet
  facet normal 0.92388 0.382682 -0
    outer loop
      vertex 7.51754 2.73616 12
      vertex 7.25046 3.38095 0.83889
      vertex 7.51754 2.73616 338
    endloop
  endfacet
  facet normal 0.92388 0.382682 -0
    outer loop
      vertex 7.51754 2.73616 7
      vertex 7.25046 3.38095 0.83889
      vertex 7.51754 2.73616 12
    endloop
  endfacet
  facet normal 0.92388 0.382682 0
    outer loop
      vertex 7.25046 3.38095 0.83889
      vertex 7.51754 2.73616 7
      vertex 7.51754 2.73616 0.83889
    endloop
  endfacet
  facet normal -0.461752 0.887009 0
    outer loop
      vertex -3.38095 7.25046 0.83889
      vertex -4 6.9282 349.161
      vertex -3.38095 7.25046 349.161
    endloop
  endfacet
  facet normal -0.461752 0.887009 0
    outer loop
      vertex -4 6.9282 0.83889
      vertex -4 6.9282 349.161
      vertex -3.38095 7.25046 0.83889
    endloop
  endfacet
  facet normal 0.991444 -0.130533 0
    outer loop
      vertex 7.87846 -1.38918 338
      vertex 7.96956 -0.697246 12
      vertex 7.96956 -0.697246 338
    endloop
  endfacet
  facet normal 0.991444 -0.130533 0
    outer loop
      vertex 7.96956 -0.697246 12
      vertex 7.87846 -1.38918 338
      vertex 7.87846 -1.38918 12
    endloop
  endfacet
  facet normal 0.991444 -0.130533 0
    outer loop
      vertex 7.96956 -0.697246 7
      vertex 7.87846 -1.38918 0.838889
      vertex 7.96956 -0.697246 0.83889
    endloop
  endfacet
  facet normal 0.991444 -0.130533 0
    outer loop
      vertex 7.87846 -1.38918 7
      vertex 7.87846 -1.38918 0.838889
      vertex 7.96956 -0.697246 7
    endloop
  endfacet
  facet normal 0.991444 -0.130533 0
    outer loop
      vertex 7.87846 -1.38918 349.161
      vertex 7.96956 -0.697246 343
      vertex 7.96956 -0.697246 349.161
    endloop
  endfacet
  facet normal 0.991444 -0.130533 0
    outer loop
      vertex 7.87846 -1.38918 349.161
      vertex 7.87846 -1.38918 343
      vertex 7.96956 -0.697246 343
    endloop
  endfacet
  facet normal -0.382682 0.92388 0
    outer loop
      vertex -2.73616 7.51754 349.161
      vertex -3.38095 7.25046 0.83889
      vertex -3.38095 7.25046 349.161
    endloop
  endfacet
  facet normal -0.382682 0.92388 0
    outer loop
      vertex -2.73616 7.51754 349.161
      vertex -2.73616 7.51754 0.83889
      vertex -3.38095 7.25046 0.83889
    endloop
  endfacet
  facet normal -0.60876 -0.793354 0
    outer loop
      vertex -5.1423 -6.12836 349.161
      vertex -4.58861 -6.55322 0.83889
      vertex -4.58861 -6.55322 349.161
    endloop
  endfacet
  facet normal -0.60876 -0.793354 -0
    outer loop
      vertex -5.1423 -6.12836 349.161
      vertex -5.1423 -6.12836 0.838889
      vertex -4.58861 -6.55322 0.83889
    endloop
  endfacet
  facet normal 0.216431 -0.976298 0
    outer loop
      vertex 1.38918 -7.87846 349.161
      vertex 2.07055 -7.72741 0.838889
      vertex 2.07055 -7.72741 349.161
    endloop
  endfacet
  facet normal 0.216431 -0.976298 0
    outer loop
      vertex 2.07055 -7.72741 0.838889
      vertex 1.38918 -7.87846 349.161
      vertex 1.38918 -7.87846 0.838889
    endloop
  endfacet
  facet normal -0.675599 -0.737269 0
    outer loop
      vertex -5.65685 -5.65685 0.838889
      vertex -5.1423 -6.12836 349.161
      vertex -5.65685 -5.65685 349.161
    endloop
  endfacet
  facet normal -0.675599 -0.737269 -0
    outer loop
      vertex -5.1423 -6.12836 349.161
      vertex -5.65685 -5.65685 0.838889
      vertex -5.1423 -6.12836 0.838889
    endloop
  endfacet
  facet normal -0.216431 0.976298 0
    outer loop
      vertex -1.38918 7.87846 349.161
      vertex -2.07055 7.72741 0.838889
      vertex -2.07055 7.72741 349.161
    endloop
  endfacet
  facet normal -0.216431 0.976298 0
    outer loop
      vertex -2.07055 7.72741 0.838889
      vertex -1.38918 7.87846 349.161
      vertex -1.38918 7.87846 0.838889
    endloop
  endfacet
  facet normal -0.92388 0.382682 0
    outer loop
      vertex -7.51754 2.73616 7
      vertex -7.25046 3.38095 0.83889
      vertex -7.51754 2.73616 0.83889
    endloop
  endfacet
  facet normal -0.92388 0.382682 0
    outer loop
      vertex -7.51754 2.73616 12
      vertex -7.25046 3.38095 0.83889
      vertex -7.51754 2.73616 7
    endloop
  endfacet
  facet normal -0.92388 0.382682 0
    outer loop
      vertex -7.25046 3.38095 0.83889
      vertex -7.51754 2.73616 12
      vertex -7.25046 3.38095 349.161
    endloop
  endfacet
  facet normal -0.92388 0.382682 0
    outer loop
      vertex -7.51754 2.73616 338
      vertex -7.25046 3.38095 349.161
      vertex -7.51754 2.73616 12
    endloop
  endfacet
  facet normal -0.92388 0.382682 0
    outer loop
      vertex -7.51754 2.73616 343
      vertex -7.25046 3.38095 349.161
      vertex -7.51754 2.73616 338
    endloop
  endfacet
  facet normal -0.92388 0.382682 0
    outer loop
      vertex -7.25046 3.38095 349.161
      vertex -7.51754 2.73616 343
      vertex -7.51754 2.73616 349.161
    endloop
  endfacet
  facet normal -0.953715 -0.300711 0
    outer loop
      vertex -7.51754 -2.73616 0.83889
      vertex -7.72741 -2.07055 7
      vertex -7.72741 -2.07055 0.838889
    endloop
  endfacet
  facet normal -0.953715 -0.300711 0
    outer loop
      vertex -7.72741 -2.07055 7
      vertex -7.51754 -2.73616 0.83889
      vertex -7.51754 -2.73616 7
    endloop
  endfacet
  facet normal -0.953715 -0.300711 0
    outer loop
      vertex -7.51754 -2.73616 12
      vertex -7.72741 -2.07055 338
      vertex -7.72741 -2.07055 12
    endloop
  endfacet
  facet normal -0.953715 -0.300711 0
    outer loop
      vertex -7.72741 -2.07055 338
      vertex -7.51754 -2.73616 12
      vertex -7.51754 -2.73616 338
    endloop
  endfacet
  facet normal -0.953715 -0.300711 0
    outer loop
      vertex -7.51754 -2.73616 343
      vertex -7.72741 -2.07055 349.161
      vertex -7.72741 -2.07055 343
    endloop
  endfacet
  facet normal -0.953715 -0.300711 0
    outer loop
      vertex -7.72741 -2.07055 349.161
      vertex -7.51754 -2.73616 343
      vertex -7.51754 -2.73616 349.161
    endloop
  endfacet
  facet normal 0.793354 -0.60876 0
    outer loop
      vertex 6.12836 -5.1423 349.161
      vertex 6.55322 -4.58861 0.83889
      vertex 6.55322 -4.58861 349.161
    endloop
  endfacet
  facet normal 0.793354 -0.60876 0
    outer loop
      vertex 6.12836 -5.1423 349.161
      vertex 6.12836 -5.1423 0.838889
      vertex 6.55322 -4.58861 0.83889
    endloop
  endfacet
  facet normal -0.382682 -0.92388 0
    outer loop
      vertex -3.38095 -7.25046 0.83889
      vertex -2.73616 -7.51754 349.161
      vertex -3.38095 -7.25046 349.161
    endloop
  endfacet
  facet normal -0.382682 -0.92388 0
    outer loop
      vertex -2.73616 -7.51754 0.83889
      vertex -2.73616 -7.51754 349.161
      vertex -3.38095 -7.25046 0.83889
    endloop
  endfacet
  facet normal 0.537294 -0.843395 0
    outer loop
      vertex 4 -6.9282 0.83889
      vertex 4.58861 -6.55322 349.161
      vertex 4 -6.9282 349.161
    endloop
  endfacet
  facet normal 0.537294 -0.843395 0
    outer loop
      vertex 4.58861 -6.55322 349.161
      vertex 4 -6.9282 0.83889
      vertex 4.58861 -6.55322 0.83889
    endloop
  endfacet
  facet normal -0.461752 -0.887009 0
    outer loop
      vertex -4 -6.9282 349.161
      vertex -3.38095 -7.25046 0.83889
      vertex -3.38095 -7.25046 349.161
    endloop
  endfacet
  facet normal -0.461752 -0.887009 0
    outer loop
      vertex -4 -6.9282 0.83889
      vertex -3.38095 -7.25046 0.83889
      vertex -4 -6.9282 349.161
    endloop
  endfacet
  facet normal -1 0 0
    outer loop
      vertex -7.96956 0.697245 0.83889
      vertex -7.96956 0.697246 7
      vertex -7.96956 0.697246 0.83889
    endloop
  endfacet
  facet normal -0.999048 0.043616 -7.07924e-09
    outer loop
      vertex -8 0 0.83889
      vertex -7.96956 0.697246 7
      vertex -7.96956 0.697245 0.83889
    endloop
  endfacet
  facet normal -0.999048 0.0436159 0
    outer loop
      vertex -7.96956 0.697246 7
      vertex -8 0 0.83889
      vertex -8 0 7
    endloop
  endfacet
  facet normal -0.999048 0.0436159 0
    outer loop
      vertex -8 0 12
      vertex -7.96956 0.697246 338
      vertex -7.96956 0.697246 12
    endloop
  endfacet
  facet normal -0.999048 0.0436159 0
    outer loop
      vertex -7.96956 0.697246 338
      vertex -8 0 12
      vertex -8 0 338
    endloop
  endfacet
  facet normal -1 0 0
    outer loop
      vertex -7.96956 0.697246 343
      vertex -7.96956 0.697245 349.161
      vertex -7.96956 0.697246 349.161
    endloop
  endfacet
  facet normal -0.999048 0.0436159 7.07936e-09
    outer loop
      vertex -8 0 343
      vertex -7.96956 0.697245 349.161
      vertex -7.96956 0.697246 343
    endloop
  endfacet
  facet normal -0.999048 0.043616 0
    outer loop
      vertex -7.96956 0.697245 349.161
      vertex -8 0 343
      vertex -8 0 349.161
    endloop
  endfacet
  facet normal -0.976298 0.216431 0
    outer loop
      vertex -7.87846 1.38918 0.838889
      vertex -7.72741 2.07055 7
      vertex -7.72741 2.07055 0.838889
    endloop
  endfacet
  facet normal -0.976298 0.216431 0
    outer loop
      vertex -7.72741 2.07055 7
      vertex -7.87846 1.38918 0.838889
      vertex -7.87846 1.38918 7
    endloop
  endfacet
  facet normal -0.976298 0.216431 0
    outer loop
      vertex -7.87846 1.38918 12
      vertex -7.72741 2.07055 338
      vertex -7.72741 2.07055 12
    endloop
  endfacet
  facet normal -0.976298 0.216431 0
    outer loop
      vertex -7.72741 2.07055 338
      vertex -7.87846 1.38918 12
      vertex -7.87846 1.38918 338
    endloop
  endfacet
  facet normal -0.976298 0.216431 0
    outer loop
      vertex -7.87846 1.38918 343
      vertex -7.72741 2.07055 349.161
      vertex -7.72741 2.07055 343
    endloop
  endfacet
  facet normal -0.976298 0.216431 0
    outer loop
      vertex -7.72741 2.07055 349.161
      vertex -7.87846 1.38918 343
      vertex -7.87846 1.38918 349.161
    endloop
  endfacet
  facet normal 0.537294 0.843395 0
    outer loop
      vertex 4.58861 6.55322 349.161
      vertex 4 6.9282 0.83889
      vertex 4 6.9282 349.161
    endloop
  endfacet
  facet normal 0.537294 0.843395 0
    outer loop
      vertex 4 6.9282 0.83889
      vertex 4.58861 6.55322 349.161
      vertex 4.58861 6.55322 0.83889
    endloop
  endfacet
  facet normal 0.976298 -0.216431 0
    outer loop
      vertex 7.72741 -2.07055 338
      vertex 7.87846 -1.38918 12
      vertex 7.87846 -1.38918 338
    endloop
  endfacet
  facet normal 0.976298 -0.216431 0
    outer loop
      vertex 7.87846 -1.38918 12
      vertex 7.72741 -2.07055 338
      vertex 7.72741 -2.07055 12
    endloop
  endfacet
  facet normal 0.976298 -0.216431 0
    outer loop
      vertex 7.87846 -1.38918 7
      vertex 7.72741 -2.07055 0.838889
      vertex 7.87846 -1.38918 0.838889
    endloop
  endfacet
  facet normal 0.976298 -0.216431 0
    outer loop
      vertex 7.72741 -2.07055 7
      vertex 7.72741 -2.07055 0.838889
      vertex 7.87846 -1.38918 7
    endloop
  endfacet
  facet normal 0.976298 -0.216431 0
    outer loop
      vertex 7.72741 -2.07055 349.161
      vertex 7.87846 -1.38918 343
      vertex 7.87846 -1.38918 349.161
    endloop
  endfacet
  facet normal 0.976298 -0.216431 0
    outer loop
      vertex 7.72741 -2.07055 349.161
      vertex 7.72741 -2.07055 343
      vertex 7.87846 -1.38918 343
    endloop
  endfacet
  facet normal -0.843395 0.537294 0
    outer loop
      vertex -6.9282 4 0.83889
      vertex -6.55322 4.58861 349.161
      vertex -6.55322 4.58861 0.83889
    endloop
  endfacet
  facet normal -0.843395 0.537294 0
    outer loop
      vertex -6.55322 4.58861 349.161
      vertex -6.9282 4 0.83889
      vertex -6.9282 4 349.161
    endloop
  endfacet
  facet normal 0.461752 0.887009 0
    outer loop
      vertex 4 6.9282 349.161
      vertex 3.38095 7.25046 0.83889
      vertex 3.38095 7.25046 349.161
    endloop
  endfacet
  facet normal 0.461752 0.887009 -0
    outer loop
      vertex 4 6.9282 0.83889
      vertex 3.38095 7.25046 0.83889
      vertex 4 6.9282 349.161
    endloop
  endfacet
  facet normal 0.130533 -0.991444 0
    outer loop
      vertex 0.697246 -7.96956 0.83889
      vertex 1.38918 -7.87846 349.161
      vertex 0.697246 -7.96956 349.161
    endloop
  endfacet
  facet normal 0.130533 -0.991444 0
    outer loop
      vertex 1.38918 -7.87846 0.838889
      vertex 1.38918 -7.87846 349.161
      vertex 0.697246 -7.96956 0.83889
    endloop
  endfacet
  facet normal -0.130533 0.991444 0
    outer loop
      vertex -0.697246 7.96956 0.83889
      vertex -1.38918 7.87846 349.161
      vertex -0.697246 7.96956 349.161
    endloop
  endfacet
  facet normal -0.130533 0.991444 0
    outer loop
      vertex -1.38918 7.87846 0.838889
      vertex -1.38918 7.87846 349.161
      vertex -0.697246 7.96956 0.83889
    endloop
  endfacet
  facet normal 0.60876 0.793354 0
    outer loop
      vertex 5.1423 6.12836 349.161
      vertex 4.58861 6.55322 0.83889
      vertex 4.58861 6.55322 349.161
    endloop
  endfacet
  facet normal 0.60876 0.793354 0
    outer loop
      vertex 5.1423 6.12836 349.161
      vertex 5.1423 6.12836 0.838889
      vertex 4.58861 6.55322 0.83889
    endloop
  endfacet
  facet normal 0.999048 -0.0436159 0
    outer loop
      vertex 7.96956 -0.697246 338
      vertex 8 0 12
      vertex 8 0 338
    endloop
  endfacet
  facet normal 0.999048 -0.0436159 0
    outer loop
      vertex 8 0 12
      vertex 7.96956 -0.697246 338
      vertex 7.96956 -0.697246 12
    endloop
  endfacet
  facet normal 0.999048 -0.043616 0
    outer loop
      vertex 8 0 7
      vertex 7.96956 -0.697245 0.83889
      vertex 8 0 0.83889
    endloop
  endfacet
  facet normal 0.999048 -0.0436159 -7.07923e-09
    outer loop
      vertex 7.96956 -0.697246 7
      vertex 7.96956 -0.697245 0.83889
      vertex 8 0 7
    endloop
  endfacet
  facet normal 1 0 0
    outer loop
      vertex 7.96956 -0.697245 0.83889
      vertex 7.96956 -0.697246 7
      vertex 7.96956 -0.697246 0.83889
    endloop
  endfacet
  facet normal 0.999048 -0.043616 0
    outer loop
      vertex 7.96956 -0.697245 349.161
      vertex 8 0 343
      vertex 8 0 349.161
    endloop
  endfacet
  facet normal 1 0 0
    outer loop
      vertex 7.96956 -0.697246 343
      vertex 7.96956 -0.697245 349.161
      vertex 7.96956 -0.697246 349.161
    endloop
  endfacet
  facet normal 0.999048 -0.0436159 7.07936e-09
    outer loop
      vertex 7.96956 -0.697245 349.161
      vertex 7.96956 -0.697246 343
      vertex 8 0 343
    endloop
  endfacet
  facet normal -0.991444 0.130533 0
    outer loop
      vertex -7.96956 0.697246 0.83889
      vertex -7.87846 1.38918 7
      vertex -7.87846 1.38918 0.838889
    endloop
  endfacet
  facet normal -0.991444 0.130533 0
    outer loop
      vertex -7.87846 1.38918 7
      vertex -7.96956 0.697246 0.83889
      vertex -7.96956 0.697246 7
    endloop
  endfacet
  facet normal -0.991444 0.130533 0
    outer loop
      vertex -7.96956 0.697246 12
      vertex -7.87846 1.38918 338
      vertex -7.87846 1.38918 12
    endloop
  endfacet
  facet normal -0.991444 0.130533 0
    outer loop
      vertex -7.87846 1.38918 338
      vertex -7.96956 0.697246 12
      vertex -7.96956 0.697246 338
    endloop
  endfacet
  facet normal -0.991444 0.130533 0
    outer loop
      vertex -7.96956 0.697246 343
      vertex -7.87846 1.38918 349.161
      vertex -7.87846 1.38918 343
    endloop
  endfacet
  facet normal -0.991444 0.130533 0
    outer loop
      vertex -7.87846 1.38918 349.161
      vertex -7.96956 0.697246 343
      vertex -7.96956 0.697246 349.161
    endloop
  endfacet
  facet normal 0.130533 0.991444 0
    outer loop
      vertex 1.38918 7.87846 349.161
      vertex 0.697246 7.96956 0.83889
      vertex 0.697246 7.96956 349.161
    endloop
  endfacet
  facet normal 0.130533 0.991444 -0
    outer loop
      vertex 1.38918 7.87846 0.838889
      vertex 0.697246 7.96956 0.83889
      vertex 1.38918 7.87846 349.161
    endloop
  endfacet
  facet normal 0.60876 -0.793354 0
    outer loop
      vertex 4.58861 -6.55322 349.161
      vertex 4.58861 -6.55322 0.83889
      vertex 5.1423 -6.12836 349.161
    endloop
  endfacet
  facet normal 0.60876 -0.793354 0
    outer loop
      vertex 5.1423 -6.12836 0.838889
      vertex 5.1423 -6.12836 349.161
      vertex 4.58861 -6.55322 0.83889
    endloop
  endfacet
  facet normal -0.130533 -0.991444 0
    outer loop
      vertex -1.38918 -7.87846 349.161
      vertex -0.697246 -7.96956 0.83889
      vertex -0.697246 -7.96956 349.161
    endloop
  endfacet
  facet normal -0.130533 -0.991444 0
    outer loop
      vertex -1.38918 -7.87846 0.838889
      vertex -0.697246 -7.96956 0.83889
      vertex -1.38918 -7.87846 349.161
    endloop
  endfacet
  facet normal -0.737269 0.675599 0
    outer loop
      vertex -6.12836 5.1423 0.838889
      vertex -5.65685 5.65685 349.161
      vertex -5.65685 5.65685 0.838889
    endloop
  endfacet
  facet normal -0.737269 0.675599 0
    outer loop
      vertex -5.65685 5.65685 349.161
      vertex -6.12836 5.1423 0.838889
      vertex -6.12836 5.1423 349.161
    endloop
  endfacet
  facet normal 0.953715 0.300711 0
    outer loop
      vertex 7.72741 2.07055 338
      vertex 7.51754 2.73616 12
      vertex 7.51754 2.73616 338
    endloop
  endfacet
  facet normal 0.953715 0.300711 0
    outer loop
      vertex 7.51754 2.73616 12
      vertex 7.72741 2.07055 338
      vertex 7.72741 2.07055 12
    endloop
  endfacet
  facet normal 0.953715 0.300711 0
    outer loop
      vertex 7.72741 2.07055 7
      vertex 7.51754 2.73616 0.83889
      vertex 7.51754 2.73616 7
    endloop
  endfacet
  facet normal 0.953715 0.300711 0
    outer loop
      vertex 7.51754 2.73616 0.83889
      vertex 7.72741 2.07055 7
      vertex 7.72741 2.07055 0.838889
    endloop
  endfacet
  facet normal 0.953715 0.300711 0
    outer loop
      vertex 7.72741 2.07055 349.161
      vertex 7.51754 2.73616 343
      vertex 7.51754 2.73616 349.161
    endloop
  endfacet
  facet normal 0.953715 0.300711 0
    outer loop
      vertex 7.51754 2.73616 343
      vertex 7.72741 2.07055 349.161
      vertex 7.72741 2.07055 343
    endloop
  endfacet
  facet normal 0.843395 -0.537294 0
    outer loop
      vertex 6.55322 -4.58861 349.161
      vertex 6.9282 -4 0.83889
      vertex 6.9282 -4 349.161
    endloop
  endfacet
  facet normal 0.843395 -0.537294 0
    outer loop
      vertex 6.9282 -4 0.83889
      vertex 6.55322 -4.58861 349.161
      vertex 6.55322 -4.58861 0.83889
    endloop
  endfacet
  facet normal -0.60876 0.793354 0
    outer loop
      vertex -4.58861 6.55322 349.161
      vertex -4.58861 6.55322 0.83889
      vertex -5.1423 6.12836 349.161
    endloop
  endfacet
  facet normal -0.60876 0.793354 0
    outer loop
      vertex -5.1423 6.12836 0.838889
      vertex -5.1423 6.12836 349.161
      vertex -4.58861 6.55322 0.83889
    endloop
  endfacet
  facet normal 0.953715 -0.300711 0
    outer loop
      vertex 7.51754 -2.73616 338
      vertex 7.72741 -2.07055 12
      vertex 7.72741 -2.07055 338
    endloop
  endfacet
  facet normal 0.953715 -0.300711 0
    outer loop
      vertex 7.72741 -2.07055 12
      vertex 7.51754 -2.73616 338
      vertex 7.51754 -2.73616 12
    endloop
  endfacet
  facet normal 0.953715 -0.300711 0
    outer loop
      vertex 7.51754 -2.73616 7
      vertex 7.72741 -2.07055 0.838889
      vertex 7.72741 -2.07055 7
    endloop
  endfacet
  facet normal 0.953715 -0.300711 0
    outer loop
      vertex 7.72741 -2.07055 0.838889
      vertex 7.51754 -2.73616 7
      vertex 7.51754 -2.73616 0.83889
    endloop
  endfacet
  facet normal 0.953715 -0.300711 0
    outer loop
      vertex 7.51754 -2.73616 349.161
      vertex 7.72741 -2.07055 343
      vertex 7.72741 -2.07055 349.161
    endloop
  endfacet
  facet normal 0.953715 -0.300711 0
    outer loop
      vertex 7.72741 -2.07055 343
      vertex 7.51754 -2.73616 349.161
      vertex 7.51754 -2.73616 343
    endloop
  endfacet
  facet normal 0.382682 0.92388 -0
    outer loop
      vertex 3.38095 7.25046 0.83889
      vertex 2.73616 7.51754 349.161
      vertex 3.38095 7.25046 349.161
    endloop
  endfacet
  facet normal 0.382682 0.92388 -0
    outer loop
      vertex 2.73616 7.51754 0.83889
      vertex 2.73616 7.51754 349.161
      vertex 3.38095 7.25046 0.83889
    endloop
  endfacet
  facet normal 0.793354 0.60876 0
    outer loop
      vertex 6.55322 4.58861 349.161
      vertex 6.12836 5.1423 0.838889
      vertex 6.12836 5.1423 349.161
    endloop
  endfacet
  facet normal 0.793354 0.60876 0
    outer loop
      vertex 6.55322 4.58861 349.161
      vertex 6.55322 4.58861 0.83889
      vertex 6.12836 5.1423 0.838889
    endloop
  endfacet
  facet normal 0.92388 -0.382682 0
    outer loop
      vertex 7.25046 -3.38095 349.161
      vertex 7.51754 -2.73616 338
      vertex 7.51754 -2.73616 343
    endloop
  endfacet
  facet normal 0.92388 -0.382682 0
    outer loop
      vertex 7.51754 -2.73616 338
      vertex 7.25046 -3.38095 349.161
      vertex 7.51754 -2.73616 12
    endloop
  endfacet
  facet normal 0.92388 -0.382682 0
    outer loop
      vertex 7.25046 -3.38095 349.161
      vertex 7.51754 -2.73616 343
      vertex 7.51754 -2.73616 349.161
    endloop
  endfacet
  facet normal 0.92388 -0.382682 0
    outer loop
      vertex 7.25046 -3.38095 0.83889
      vertex 7.51754 -2.73616 12
      vertex 7.25046 -3.38095 349.161
    endloop
  endfacet
  facet normal 0.92388 -0.382682 0
    outer loop
      vertex 7.51754 -2.73616 12
      vertex 7.25046 -3.38095 0.83889
      vertex 7.51754 -2.73616 7
    endloop
  endfacet
  facet normal 0.92388 -0.382682 0
    outer loop
      vertex 7.51754 -2.73616 7
      vertex 7.25046 -3.38095 0.83889
      vertex 7.51754 -2.73616 0.83889
    endloop
  endfacet
  facet normal -0.793354 -0.60876 0
    outer loop
      vertex -6.12836 -5.1423 0.838889
      vertex -6.55322 -4.58861 349.161
      vertex -6.55322 -4.58861 0.83889
    endloop
  endfacet
  facet normal -0.793354 -0.60876 0
    outer loop
      vertex -6.12836 -5.1423 0.838889
      vertex -6.12836 -5.1423 349.161
      vertex -6.55322 -4.58861 349.161
    endloop
  endfacet
  facet normal -0.953715 0.300711 0
    outer loop
      vertex -7.72741 2.07055 0.838889
      vertex -7.51754 2.73616 7
      vertex -7.51754 2.73616 0.83889
    endloop
  endfacet
  facet normal -0.953715 0.300711 0
    outer loop
      vertex -7.51754 2.73616 7
      vertex -7.72741 2.07055 0.838889
      vertex -7.72741 2.07055 7
    endloop
  endfacet
  facet normal -0.953715 0.300711 0
    outer loop
      vertex -7.72741 2.07055 12
      vertex -7.51754 2.73616 338
      vertex -7.51754 2.73616 12
    endloop
  endfacet
  facet normal -0.953715 0.300711 0
    outer loop
      vertex -7.51754 2.73616 338
      vertex -7.72741 2.07055 12
      vertex -7.72741 2.07055 338
    endloop
  endfacet
  facet normal -0.953715 0.300711 0
    outer loop
      vertex -7.72741 2.07055 343
      vertex -7.51754 2.73616 349.161
      vertex -7.51754 2.73616 343
    endloop
  endfacet
  facet normal -0.953715 0.300711 0
    outer loop
      vertex -7.51754 2.73616 349.161
      vertex -7.72741 2.07055 343
      vertex -7.72741 2.07055 349.161
    endloop
  endfacet
  facet normal -0.976298 -0.216431 0
    outer loop
      vertex -7.72741 -2.07055 0.838889
      vertex -7.87846 -1.38918 7
      vertex -7.87846 -1.38918 0.838889
    endloop
  endfacet
  facet normal -0.976298 -0.216431 0
    outer loop
      vertex -7.72741 -2.07055 0.838889
      vertex -7.72741 -2.07055 7
      vertex -7.87846 -1.38918 7
    endloop
  endfacet
  facet normal -0.976298 -0.216431 0
    outer loop
      vertex -7.72741 -2.07055 12
      vertex -7.87846 -1.38918 338
      vertex -7.87846 -1.38918 12
    endloop
  endfacet
  facet normal -0.976298 -0.216431 0
    outer loop
      vertex -7.87846 -1.38918 338
      vertex -7.72741 -2.07055 12
      vertex -7.72741 -2.07055 338
    endloop
  endfacet
  facet normal -0.976298 -0.216431 0
    outer loop
      vertex -7.87846 -1.38918 343
      vertex -7.72741 -2.07055 349.161
      vertex -7.87846 -1.38918 349.161
    endloop
  endfacet
  facet normal -0.976298 -0.216431 0
    outer loop
      vertex -7.72741 -2.07055 343
      vertex -7.72741 -2.07055 349.161
      vertex -7.87846 -1.38918 343
    endloop
  endfacet
  facet normal 0.737269 0.675599 0
    outer loop
      vertex 6.12836 5.1423 349.161
      vertex 5.65685 5.65685 0.838889
      vertex 5.65685 5.65685 349.161
    endloop
  endfacet
  facet normal 0.737269 0.675599 0
    outer loop
      vertex 5.65685 5.65685 0.838889
      vertex 6.12836 5.1423 349.161
      vertex 6.12836 5.1423 0.838889
    endloop
  endfacet
  facet normal 0.382682 -0.92388 0
    outer loop
      vertex 2.73616 -7.51754 349.161
      vertex 3.38095 -7.25046 0.83889
      vertex 3.38095 -7.25046 349.161
    endloop
  endfacet
  facet normal 0.382682 -0.92388 0
    outer loop
      vertex 2.73616 -7.51754 349.161
      vertex 2.73616 -7.51754 0.83889
      vertex 3.38095 -7.25046 0.83889
    endloop
  endfacet
  facet normal 0.843395 0.537294 0
    outer loop
      vertex 6.9282 4 349.161
      vertex 6.55322 4.58861 0.83889
      vertex 6.55322 4.58861 349.161
    endloop
  endfacet
  facet normal 0.843395 0.537294 0
    outer loop
      vertex 6.55322 4.58861 0.83889
      vertex 6.9282 4 349.161
      vertex 6.9282 4 0.83889
    endloop
  endfacet
  facet normal 0.675599 0.737269 -0
    outer loop
      vertex 5.65685 5.65685 0.838889
      vertex 5.1423 6.12836 349.161
      vertex 5.65685 5.65685 349.161
    endloop
  endfacet
  facet normal 0.675599 0.737269 0
    outer loop
      vertex 5.1423 6.12836 349.161
      vertex 5.65685 5.65685 0.838889
      vertex 5.1423 6.12836 0.838889
    endloop
  endfacet
  facet normal -0.675599 0.737269 0
    outer loop
      vertex -5.1423 6.12836 349.161
      vertex -5.65685 5.65685 0.838889
      vertex -5.65685 5.65685 349.161
    endloop
  endfacet
  facet normal -0.675599 0.737269 0
    outer loop
      vertex -5.65685 5.65685 0.838889
      vertex -5.1423 6.12836 349.161
      vertex -5.1423 6.12836 0.838889
    endloop
  endfacet
  facet normal -0.843395 -0.537294 0
    outer loop
      vertex -6.55322 -4.58861 0.83889
      vertex -6.9282 -4 349.161
      vertex -6.9282 -4 0.83889
    endloop
  endfacet
  facet normal -0.843395 -0.537294 0
    outer loop
      vertex -6.9282 -4 349.161
      vertex -6.55322 -4.58861 0.83889
      vertex -6.55322 -4.58861 349.161
    endloop
  endfacet
  facet normal -0.300711 0.953715 0
    outer loop
      vertex -2.07055 7.72741 349.161
      vertex -2.73616 7.51754 0.83889
      vertex -2.73616 7.51754 349.161
    endloop
  endfacet
  facet normal -0.300711 0.953715 0
    outer loop
      vertex -2.73616 7.51754 0.83889
      vertex -2.07055 7.72741 349.161
      vertex -2.07055 7.72741 0.838889
    endloop
  endfacet
  facet normal -0.999048 -0.043616 0
    outer loop
      vertex -7.96956 -0.697245 0.83889
      vertex -8 0 7
      vertex -8 0 0.83889
    endloop
  endfacet
  facet normal -1 0 0
    outer loop
      vertex -7.96956 -0.697246 7
      vertex -7.96956 -0.697245 0.83889
      vertex -7.96956 -0.697246 0.83889
    endloop
  endfacet
  facet normal -0.999048 -0.0436159 -7.07923e-09
    outer loop
      vertex -7.96956 -0.697245 0.83889
      vertex -7.96956 -0.697246 7
      vertex -8 0 7
    endloop
  endfacet
  facet normal -0.999048 -0.0436159 0
    outer loop
      vertex -7.96956 -0.697246 12
      vertex -8 0 338
      vertex -8 0 12
    endloop
  endfacet
  facet normal -0.999048 -0.0436159 0
    outer loop
      vertex -8 0 338
      vertex -7.96956 -0.697246 12
      vertex -7.96956 -0.697246 338
    endloop
  endfacet
  facet normal -0.999048 -0.043616 0
    outer loop
      vertex -8 0 343
      vertex -7.96956 -0.697245 349.161
      vertex -8 0 349.161
    endloop
  endfacet
  facet normal -0.999048 -0.0436159 7.07936e-09
    outer loop
      vertex -7.96956 -0.697246 343
      vertex -7.96956 -0.697245 349.161
      vertex -8 0 343
    endloop
  endfacet
  facet normal -1 -0 0
    outer loop
      vertex -7.96956 -0.697245 349.161
      vertex -7.96956 -0.697246 343
      vertex -7.96956 -0.697246 349.161
    endloop
  endfacet
  facet normal 0 0 1
    outer loop
      vertex 0 8 349.161
      vertex -0.697246 7.96956 349.161
      vertex -0.697245 7.96956 349.161
    endloop
  endfacet
  facet normal -0.0436159 0.999048 -1.25217e-10
    outer loop
      vertex 0 8 349.161
      vertex -0.697245 7.96956 0.83889
      vertex -0.697246 7.96956 349.161
    endloop
  endfacet
  facet normal -0.043616 0.999048 0
    outer loop
      vertex -0.697245 7.96956 0.83889
      vertex 0 8 349.161
      vertex 0 8 0.83889
    endloop
  endfacet
  facet normal 0 1 0
    outer loop
      vertex -0.697246 7.96956 349.161
      vertex -0.697245 7.96956 0.83889
      vertex -0.697246 7.96956 0.83889
    endloop
  endfacet
  facet normal 0.216431 0.976298 -0
    outer loop
      vertex 2.07055 7.72741 0.838889
      vertex 1.38918 7.87846 349.161
      vertex 2.07055 7.72741 349.161
    endloop
  endfacet
  facet normal 0.216431 0.976298 0
    outer loop
      vertex 1.38918 7.87846 349.161
      vertex 2.07055 7.72741 0.838889
      vertex 1.38918 7.87846 0.838889
    endloop
  endfacet
  facet normal -0.737269 -0.675599 0
    outer loop
      vertex -5.65685 -5.65685 0.838889
      vertex -6.12836 -5.1423 349.161
      vertex -6.12836 -5.1423 0.838889
    endloop
  endfacet
  facet normal -0.737269 -0.675599 0
    outer loop
      vertex -6.12836 -5.1423 349.161
      vertex -5.65685 -5.65685 0.838889
      vertex -5.65685 -5.65685 349.161
    endloop
  endfacet
  facet normal 0 0 1
    outer loop
      vertex 0 -8 349.161
      vertex 0.697246 -7.96956 349.161
      vertex 0.697245 -7.96956 349.161
    endloop
  endfacet
  facet normal 0.0436159 -0.999048 -1.25217e-10
    outer loop
      vertex 0 -8 349.161
      vertex 0.697245 -7.96956 0.83889
      vertex 0.697246 -7.96956 349.161
    endloop
  endfacet
  facet normal 0.043616 -0.999048 0
    outer loop
      vertex 0.697245 -7.96956 0.83889
      vertex 0 -8 349.161
      vertex 0 -8 0.83889
    endloop
  endfacet
  facet normal 0 -1 -0
    outer loop
      vertex 0.697246 -7.96956 349.161
      vertex 0.697245 -7.96956 0.83889
      vertex 0.697246 -7.96956 0.83889
    endloop
  endfacet
  facet normal -0.991444 -0.130533 0
    outer loop
      vertex -7.87846 -1.38918 0.838889
      vertex -7.96956 -0.697246 7
      vertex -7.96956 -0.697246 0.83889
    endloop
  endfacet
  facet normal -0.991444 -0.130533 0
    outer loop
      vertex -7.87846 -1.38918 0.838889
      vertex -7.87846 -1.38918 7
      vertex -7.96956 -0.697246 7
    endloop
  endfacet
  facet normal -0.991444 -0.130533 0
    outer loop
      vertex -7.87846 -1.38918 12
      vertex -7.96956 -0.697246 338
      vertex -7.96956 -0.697246 12
    endloop
  endfacet
  facet normal -0.991444 -0.130533 0
    outer loop
      vertex -7.96956 -0.697246 338
      vertex -7.87846 -1.38918 12
      vertex -7.87846 -1.38918 338
    endloop
  endfacet
  facet normal -0.991444 -0.130533 0
    outer loop
      vertex -7.96956 -0.697246 343
      vertex -7.87846 -1.38918 349.161
      vertex -7.96956 -0.697246 349.161
    endloop
  endfacet
  facet normal -0.991444 -0.130533 0
    outer loop
      vertex -7.87846 -1.38918 343
      vertex -7.87846 -1.38918 349.161
      vertex -7.96956 -0.697246 343
    endloop
  endfacet
  facet normal 0.887009 0.461752 0
    outer loop
      vertex 7.25046 3.38095 349.161
      vertex 6.9282 4 0.83889
      vertex 6.9282 4 349.161
    endloop
  endfacet
  facet normal 0.887009 0.461752 0
    outer loop
      vertex 7.25046 3.38095 349.161
      vertex 7.25046 3.38095 0.83889
      vertex 6.9282 4 0.83889
    endloop
  endfacet
  facet normal 0.300711 0.953715 -0
    outer loop
      vertex 2.73616 7.51754 0.83889
      vertex 2.07055 7.72741 349.161
      vertex 2.73616 7.51754 349.161
    endloop
  endfacet
  facet normal 0.300711 0.953715 0
    outer loop
      vertex 2.07055 7.72741 349.161
      vertex 2.73616 7.51754 0.83889
      vertex 2.07055 7.72741 0.838889
    endloop
  endfacet
  facet normal 0.887009 -0.461752 0
    outer loop
      vertex 6.9282 -4 349.161
      vertex 7.25046 -3.38095 0.83889
      vertex 7.25046 -3.38095 349.161
    endloop
  endfacet
  facet normal 0.887009 -0.461752 0
    outer loop
      vertex 6.9282 -4 349.161
      vertex 6.9282 -4 0.83889
      vertex 7.25046 -3.38095 0.83889
    endloop
  endfacet
  facet normal -0.887009 -0.461752 0
    outer loop
      vertex -6.9282 -4 0.83889
      vertex -7.25046 -3.38095 349.161
      vertex -7.25046 -3.38095 0.83889
    endloop
  endfacet
  facet normal -0.887009 -0.461752 0
    outer loop
      vertex -6.9282 -4 0.83889
      vertex -6.9282 -4 349.161
      vertex -7.25046 -3.38095 349.161
    endloop
  endfacet
  facet normal -0.300711 -0.953715 0
    outer loop
      vertex -2.73616 -7.51754 0.83889
      vertex -2.07055 -7.72741 349.161
      vertex -2.73616 -7.51754 349.161
    endloop
  endfacet
  facet normal -0.300711 -0.953715 -0
    outer loop
      vertex -2.07055 -7.72741 349.161
      vertex -2.73616 -7.51754 0.83889
      vertex -2.07055 -7.72741 0.838889
    endloop
  endfacet
  facet normal -0.216431 -0.976298 0
    outer loop
      vertex -2.07055 -7.72741 0.838889
      vertex -1.38918 -7.87846 349.161
      vertex -2.07055 -7.72741 349.161
    endloop
  endfacet
  facet normal -0.216431 -0.976298 -0
    outer loop
      vertex -1.38918 -7.87846 349.161
      vertex -2.07055 -7.72741 0.838889
      vertex -1.38918 -7.87846 0.838889
    endloop
  endfacet
  facet normal 0.737269 -0.675599 0
    outer loop
      vertex 5.65685 -5.65685 349.161
      vertex 6.12836 -5.1423 0.838889
      vertex 6.12836 -5.1423 349.161
    endloop
  endfacet
  facet normal 0.737269 -0.675599 0
    outer loop
      vertex 6.12836 -5.1423 0.838889
      vertex 5.65685 -5.65685 349.161
      vertex 5.65685 -5.65685 0.838889
    endloop
  endfacet
  facet normal -0 0 1
    outer loop
      vertex -0.697246 -7.96956 349.161
      vertex 0 -8 349.161
      vertex -0.697245 -7.96956 349.161
    endloop
  endfacet
  facet normal -0.0436159 -0.999048 0
    outer loop
      vertex -0.697246 -7.96956 0.83889
      vertex 0 -8 349.161
      vertex -0.697246 -7.96956 349.161
    endloop
  endfacet
  facet normal -0 -1 -8.73904e-05
    outer loop
      vertex -0.697245 -7.96956 0.83889
      vertex 0 -8 349.161
      vertex -0.697246 -7.96956 0.83889
    endloop
  endfacet
  facet normal -0.043616 -0.999048 -0
    outer loop
      vertex 0 -8 349.161
      vertex -0.697245 -7.96956 0.83889
      vertex 0 -8 0.83889
    endloop
  endfacet
  facet normal 0.675599 -0.737269 0
    outer loop
      vertex 5.1423 -6.12836 349.161
      vertex 5.65685 -5.65685 0.838889
      vertex 5.65685 -5.65685 349.161
    endloop
  endfacet
  facet normal 0.675599 -0.737269 0
    outer loop
      vertex 5.65685 -5.65685 0.838889
      vertex 5.1423 -6.12836 349.161
      vertex 5.1423 -6.12836 0.838889
    endloop
  endfacet
  facet normal -0.537294 0.843395 0
    outer loop
      vertex -4 6.9282 0.83889
      vertex -4.58861 6.55322 349.161
      vertex -4 6.9282 349.161
    endloop
  endfacet
  facet normal -0.537294 0.843395 0
    outer loop
      vertex -4.58861 6.55322 349.161
      vertex -4 6.9282 0.83889
      vertex -4.58861 6.55322 0.83889
    endloop
  endfacet
  facet normal -0.537294 -0.843395 0
    outer loop
      vertex -4.58861 -6.55322 349.161
      vertex -4 -6.9282 0.83889
      vertex -4 -6.9282 349.161
    endloop
  endfacet
  facet normal -0.537294 -0.843395 0
    outer loop
      vertex -4 -6.9282 0.83889
      vertex -4.58861 -6.55322 349.161
      vertex -4.58861 -6.55322 0.83889
    endloop
  endfacet
  facet normal -0.887009 0.461752 0
    outer loop
      vertex -7.25046 3.38095 0.83889
      vertex -6.9282 4 349.161
      vertex -6.9282 4 0.83889
    endloop
  endfacet
  facet normal -0.887009 0.461752 0
    outer loop
      vertex -7.25046 3.38095 0.83889
      vertex -7.25046 3.38095 349.161
      vertex -6.9282 4 349.161
    endloop
  endfacet
  facet normal -0.793354 0.60876 0
    outer loop
      vertex -6.55322 4.58861 0.83889
      vertex -6.12836 5.1423 349.161
      vertex -6.12836 5.1423 0.838889
    endloop
  endfacet
  facet normal -0.793354 0.60876 0
    outer loop
      vertex -6.55322 4.58861 0.83889
      vertex -6.55322 4.58861 349.161
      vertex -6.12836 5.1423 349.161
    endloop
  endfacet
  facet normal -0.664085 -0.0289923 -0.747095
    outer loop
      vertex 7.96956 0.697245 0.83889
      vertex 8 0 0.83889
      vertex 0 0 7.95
    endloop
  endfacet
  facet normal -0.58961 0.306934 -0.747095
    outer loop
      vertex 7.25046 -3.38095 0.83889
      vertex 6.9282 -4 0.83889
      vertex 0 0 7.95
    endloop
  endfacet
  facet normal 0.306934 0.58961 -0.747095
    outer loop
      vertex 0 0 7.95
      vertex -3.38095 -7.25046 0.83889
      vertex -4 -6.9282 0.83889
    endloop
  endfacet
  facet normal 0 1.09769e-05 -1
    outer loop
      vertex 1.38918 7.87846 0.838889
      vertex 0.697245 7.96956 0.83889
      vertex 0.697246 7.96956 0.83889
    endloop
  endfacet
  facet normal -0.0867688 -0.65903 -0.747095
    outer loop
      vertex 0.697245 7.96956 0.83889
      vertex 1.38918 7.87846 0.838889
      vertex 0 0 7.95
    endloop
  endfacet
  facet normal 0.306934 -0.58961 -0.747095
    outer loop
      vertex -3.38095 7.25046 0.83889
      vertex 0 0 7.95
      vertex -4 6.9282 0.83889
    endloop
  endfacet
  facet normal 0.404654 0.527355 -0.747095
    outer loop
      vertex 0 0 7.95
      vertex -4.58861 -6.55322 0.83889
      vertex -5.1423 -6.12836 0.838889
    endloop
  endfacet
  facet normal 0.633951 -0.199887 -0.747095
    outer loop
      vertex -7.72741 2.07055 0.838889
      vertex -7.51754 2.73616 0.83889
      vertex 0 0 7.95
    endloop
  endfacet
  facet normal -0.449083 -0.490075 -0.747095
    outer loop
      vertex 0 0 7.95
      vertex 5.1423 6.12836 0.838889
      vertex 5.65685 5.65685 0.838889
    endloop
  endfacet
  facet normal -0.143866 -0.648962 -0.747095
    outer loop
      vertex 1.38918 7.87846 0.838889
      vertex 2.07055 7.72741 0.838889
      vertex 0 0 7.95
    endloop
  endfacet
  facet normal -0.490075 -0.449083 -0.747095
    outer loop
      vertex 6.12836 5.1423 0.838889
      vertex 0 0 7.95
      vertex 5.65685 5.65685 0.838889
    endloop
  endfacet
  facet normal 0.143866 0.648962 -0.747095
    outer loop
      vertex -1.38918 -7.87846 0.838889
      vertex -2.07055 -7.72741 0.838889
      vertex 0 0 7.95
    endloop
  endfacet
  facet normal 0.614119 0.254376 -0.747095
    outer loop
      vertex 0 0 7.95
      vertex -7.25046 -3.38095 0.83889
      vertex -7.51754 -2.73616 0.83889
    endloop
  endfacet
  facet normal -0.633951 -0.199887 -0.747095
    outer loop
      vertex 7.51754 2.73616 0.83889
      vertex 7.72741 2.07055 0.838889
      vertex 0 0 7.95
    endloop
  endfacet
  facet normal -0.254376 0.614119 -0.747095
    outer loop
      vertex 0 0 7.95
      vertex 3.38095 -7.25046 0.83889
      vertex 2.73616 -7.51754 0.83889
    endloop
  endfacet
  facet normal -0.404654 -0.527355 -0.747095
    outer loop
      vertex 4.58861 6.55322 0.83889
      vertex 5.1423 6.12836 0.838889
      vertex 0 0 7.95
    endloop
  endfacet
  facet normal 0.664085 -0.0289923 -0.747095
    outer loop
      vertex -7.96956 0.697245 0.83889
      vertex 0 0 7.95
      vertex -8 0 0.83889
    endloop
  endfacet
  facet normal -0.0289923 -0.664085 -0.747095
    outer loop
      vertex 0 8 0.83889
      vertex 0.697245 7.96956 0.83889
      vertex 0 0 7.95
    endloop
  endfacet
  facet normal -0.527355 0.404654 -0.747095
    outer loop
      vertex 6.55322 -4.58861 0.83889
      vertex 6.12836 -5.1423 0.838889
      vertex 0 0 7.95
    endloop
  endfacet
  facet normal 0.648962 -0.143866 -0.747095
    outer loop
      vertex -7.87846 1.38918 0.838889
      vertex -7.72741 2.07055 0.838889
      vertex 0 0 7.95
    endloop
  endfacet
  facet normal 0.254376 -0.614119 -0.747095
    outer loop
      vertex 0 0 7.95
      vertex -3.38095 7.25046 0.83889
      vertex -2.73616 7.51754 0.83889
    endloop
  endfacet
  facet normal -0.614119 0.254376 -0.747095
    outer loop
      vertex 7.51754 -2.73616 0.83889
      vertex 7.25046 -3.38095 0.83889
      vertex 0 0 7.95
    endloop
  endfacet
  facet normal -0.58961 -0.306934 -0.747095
    outer loop
      vertex 6.9282 4 0.83889
      vertex 7.25046 3.38095 0.83889
      vertex 0 0 7.95
    endloop
  endfacet
  facet normal -0.633951 0.199887 -0.747095
    outer loop
      vertex 7.72741 -2.07055 0.838889
      vertex 7.51754 -2.73616 0.83889
      vertex 0 0 7.95
    endloop
  endfacet
  facet normal 1.09769e-05 0 -1
    outer loop
      vertex 7.87846 -1.38918 0.838889
      vertex 7.96956 -0.697245 0.83889
      vertex 7.96956 -0.697246 0.83889
    endloop
  endfacet
  facet normal -0.65903 0.0867688 -0.747095
    outer loop
      vertex 7.96956 -0.697245 0.83889
      vertex 7.87846 -1.38918 0.838889
      vertex 0 0 7.95
    endloop
  endfacet
  facet normal 0.199887 0.633951 -0.747095
    outer loop
      vertex -2.07055 -7.72741 0.838889
      vertex -2.73616 -7.51754 0.83889
      vertex 0 0 7.95
    endloop
  endfacet
  facet normal 0.490075 -0.449083 -0.747095
    outer loop
      vertex 0 0 7.95
      vertex -6.12836 5.1423 0.838889
      vertex -5.65685 5.65685 0.838889
    endloop
  endfacet
  facet normal 0.65903 -0.0867688 -0.747095
    outer loop
      vertex -7.96956 0.697245 0.83889
      vertex -7.87846 1.38918 0.838889
      vertex 0 0 7.95
    endloop
  endfacet
  facet normal -1.09769e-05 0 -1
    outer loop
      vertex -7.87846 1.38918 0.838889
      vertex -7.96956 0.697245 0.83889
      vertex -7.96956 0.697246 0.83889
    endloop
  endfacet
  facet normal 0.199887 -0.633951 -0.747095
    outer loop
      vertex -2.73616 7.51754 0.83889
      vertex -2.07055 7.72741 0.838889
      vertex 0 0 7.95
    endloop
  endfacet
  facet normal 0.614119 -0.254376 -0.747095
    outer loop
      vertex 0 0 7.95
      vertex -7.51754 2.73616 0.83889
      vertex -7.25046 3.38095 0.83889
    endloop
  endfacet
  facet normal 0.58961 -0.306934 -0.747095
    outer loop
      vertex -6.9282 4 0.83889
      vertex 0 0 7.95
      vertex -7.25046 3.38095 0.83889
    endloop
  endfacet
  facet normal -0.254376 -0.614119 -0.747095
    outer loop
      vertex 3.38095 7.25046 0.83889
      vertex 0 0 7.95
      vertex 2.73616 7.51754 0.83889
    endloop
  endfacet
  facet normal -0.449083 0.490075 -0.747095
    outer loop
      vertex 5.1423 -6.12836 0.838889
      vertex 0 0 7.95
      vertex 5.65685 -5.65685 0.838889
    endloop
  endfacet
  facet normal 0.143866 -0.648962 -0.747095
    outer loop
      vertex -2.07055 7.72741 0.838889
      vertex -1.38918 7.87846 0.838889
      vertex 0 0 7.95
    endloop
  endfacet
  facet normal 0 -1.09769e-05 -1
    outer loop
      vertex 0.697245 -7.96956 0.83889
      vertex 1.38918 -7.87846 0.838889
      vertex 0.697246 -7.96956 0.83889
    endloop
  endfacet
  facet normal -0.0867688 0.65903 -0.747095
    outer loop
      vertex 1.38918 -7.87846 0.838889
      vertex 0.697245 -7.96956 0.83889
      vertex 0 0 7.95
    endloop
  endfacet
  facet normal -0.306934 -0.58961 -0.747095
    outer loop
      vertex 3.38095 7.25046 0.83889
      vertex 4 6.9282 0.83889
      vertex 0 0 7.95
    endloop
  endfacet
  facet normal 0.527355 0.404654 -0.747095
    outer loop
      vertex 0 0 7.95
      vertex -6.12836 -5.1423 0.838889
      vertex -6.55322 -4.58861 0.83889
    endloop
  endfacet
  facet normal -0.306934 0.58961 -0.747095
    outer loop
      vertex 4 -6.9282 0.83889
      vertex 3.38095 -7.25046 0.83889
      vertex 0 0 7.95
    endloop
  endfacet
  facet normal 0.449083 -0.490075 -0.747095
    outer loop
      vertex -5.1423 6.12836 0.838889
      vertex 0 0 7.95
      vertex -5.65685 5.65685 0.838889
    endloop
  endfacet
  facet normal -0.560619 0.357148 -0.747095
    outer loop
      vertex 6.9282 -4 0.83889
      vertex 6.55322 -4.58861 0.83889
      vertex 0 0 7.95
    endloop
  endfacet
  facet normal -0.527355 -0.404654 -0.747095
    outer loop
      vertex 6.12836 5.1423 0.838889
      vertex 6.55322 4.58861 0.83889
      vertex 0 0 7.95
    endloop
  endfacet
  facet normal -0.560619 -0.357148 -0.747095
    outer loop
      vertex 6.55322 4.58861 0.83889
      vertex 6.9282 4 0.83889
      vertex 0 0 7.95
    endloop
  endfacet
  facet normal 0.0867688 -0.65903 -0.747095
    outer loop
      vertex -1.38918 7.87846 0.838889
      vertex -0.697245 7.96956 0.83889
      vertex 0 0 7.95
    endloop
  endfacet
  facet normal 0 1.09769e-05 -1
    outer loop
      vertex -0.697245 7.96956 0.83889
      vertex -1.38918 7.87846 0.838889
      vertex -0.697246 7.96956 0.83889
    endloop
  endfacet
  facet normal 0.0289923 -0.664085 -0.747095
    outer loop
      vertex 0 8 0.83889
      vertex 0 0 7.95
      vertex -0.697245 7.96956 0.83889
    endloop
  endfacet
  facet normal -0.199887 -0.633951 -0.747095
    outer loop
      vertex 2.07055 7.72741 0.838889
      vertex 2.73616 7.51754 0.83889
      vertex 0 0 7.95
    endloop
  endfacet
  facet normal 0.357148 0.560619 -0.747095
    outer loop
      vertex -4 -6.9282 0.83889
      vertex -4.58861 -6.55322 0.83889
      vertex 0 0 7.95
    endloop
  endfacet
  facet normal -0.357148 -0.560619 -0.747095
    outer loop
      vertex 4 6.9282 0.83889
      vertex 4.58861 6.55322 0.83889
      vertex 0 0 7.95
    endloop
  endfacet
  facet normal 0.0289923 0.664085 -0.747095
    outer loop
      vertex 0 0 7.95
      vertex 0 -8 0.83889
      vertex -0.697245 -7.96956 0.83889
    endloop
  endfacet
  facet normal 0 -1.09769e-05 -1
    outer loop
      vertex -1.38918 -7.87846 0.838889
      vertex -0.697245 -7.96956 0.83889
      vertex -0.697246 -7.96956 0.83889
    endloop
  endfacet
  facet normal 0.0867688 0.65903 -0.747095
    outer loop
      vertex -0.697245 -7.96956 0.83889
      vertex -1.38918 -7.87846 0.838889
      vertex 0 0 7.95
    endloop
  endfacet
  facet normal -0.490075 0.449083 -0.747095
    outer loop
      vertex 0 0 7.95
      vertex 6.12836 -5.1423 0.838889
      vertex 5.65685 -5.65685 0.838889
    endloop
  endfacet
  facet normal 0.560619 -0.357148 -0.747095
    outer loop
      vertex -6.9282 4 0.83889
      vertex -6.55322 4.58861 0.83889
      vertex 0 0 7.95
    endloop
  endfacet
  facet normal 0.527355 -0.404654 -0.747095
    outer loop
      vertex -6.12836 5.1423 0.838889
      vertex 0 0 7.95
      vertex -6.55322 4.58861 0.83889
    endloop
  endfacet
  facet normal 0.633951 0.199887 -0.747095
    outer loop
      vertex -7.51754 -2.73616 0.83889
      vertex -7.72741 -2.07055 0.838889
      vertex 0 0 7.95
    endloop
  endfacet
  facet normal 0.648962 0.143866 -0.747095
    outer loop
      vertex -7.72741 -2.07055 0.838889
      vertex -7.87846 -1.38918 0.838889
      vertex 0 0 7.95
    endloop
  endfacet
  facet normal -0.199887 0.633951 -0.747095
    outer loop
      vertex 2.73616 -7.51754 0.83889
      vertex 2.07055 -7.72741 0.838889
      vertex 0 0 7.95
    endloop
  endfacet
  facet normal -0.648962 0.143866 -0.747095
    outer loop
      vertex 7.87846 -1.38918 0.838889
      vertex 7.72741 -2.07055 0.838889
      vertex 0 0 7.95
    endloop
  endfacet
  facet normal -0.614119 -0.254376 -0.747095
    outer loop
      vertex 0 0 7.95
      vertex 7.25046 3.38095 0.83889
      vertex 7.51754 2.73616 0.83889
    endloop
  endfacet
  facet normal -0.664085 0.0289923 -0.747095
    outer loop
      vertex 8 0 0.83889
      vertex 7.96956 -0.697245 0.83889
      vertex 0 0 7.95
    endloop
  endfacet
  facet normal 1.09769e-05 0 -1
    outer loop
      vertex 7.96956 0.697245 0.83889
      vertex 7.87846 1.38918 0.838889
      vertex 7.96956 0.697246 0.83889
    endloop
  endfacet
  facet normal -0.65903 -0.0867688 -0.747095
    outer loop
      vertex 7.87846 1.38918 0.838889
      vertex 7.96956 0.697245 0.83889
      vertex 0 0 7.95
    endloop
  endfacet
  facet normal 0.404654 -0.527355 -0.747095
    outer loop
      vertex -4.58861 6.55322 0.83889
      vertex 0 0 7.95
      vertex -5.1423 6.12836 0.838889
    endloop
  endfacet
  facet normal 0.357148 -0.560619 -0.747095
    outer loop
      vertex -4.58861 6.55322 0.83889
      vertex -4 6.9282 0.83889
      vertex 0 0 7.95
    endloop
  endfacet
  facet normal -0.143866 0.648962 -0.747095
    outer loop
      vertex 2.07055 -7.72741 0.838889
      vertex 1.38918 -7.87846 0.838889
      vertex 0 0 7.95
    endloop
  endfacet
  facet normal 0.490075 0.449083 -0.747095
    outer loop
      vertex -6.12836 -5.1423 0.838889
      vertex 0 0 7.95
      vertex -5.65685 -5.65685 0.838889
    endloop
  endfacet
  facet normal -0.0289923 0.664085 -0.747095
    outer loop
      vertex 0 0 7.95
      vertex 0.697245 -7.96956 0.83889
      vertex 0 -8 0.83889
    endloop
  endfacet
  facet normal 0.254376 0.614119 -0.747095
    outer loop
      vertex -3.38095 -7.25046 0.83889
      vertex 0 0 7.95
      vertex -2.73616 -7.51754 0.83889
    endloop
  endfacet
  facet normal 0.449083 0.490075 -0.747095
    outer loop
      vertex 0 0 7.95
      vertex -5.1423 -6.12836 0.838889
      vertex -5.65685 -5.65685 0.838889
    endloop
  endfacet
  facet normal -1.09769e-05 -0 -1
    outer loop
      vertex -7.96956 -0.697245 0.83889
      vertex -7.87846 -1.38918 0.838889
      vertex -7.96956 -0.697246 0.83889
    endloop
  endfacet
  facet normal 0.65903 0.0867688 -0.747095
    outer loop
      vertex -7.87846 -1.38918 0.838889
      vertex -7.96956 -0.697245 0.83889
      vertex 0 0 7.95
    endloop
  endfacet
  facet normal 0.58961 0.306934 -0.747095
    outer loop
      vertex 0 0 7.95
      vertex -6.9282 -4 0.83889
      vertex -7.25046 -3.38095 0.83889
    endloop
  endfacet
  facet normal -0.357148 0.560619 -0.747095
    outer loop
      vertex 4.58861 -6.55322 0.83889
      vertex 4 -6.9282 0.83889
      vertex 0 0 7.95
    endloop
  endfacet
  facet normal 0.664085 0.0289923 -0.747095
    outer loop
      vertex 0 0 7.95
      vertex -7.96956 -0.697245 0.83889
      vertex -8 0 0.83889
    endloop
  endfacet
  facet normal -0.404654 0.527355 -0.747095
    outer loop
      vertex 5.1423 -6.12836 0.838889
      vertex 4.58861 -6.55322 0.83889
      vertex 0 0 7.95
    endloop
  endfacet
  facet normal -0.648962 -0.143866 -0.747095
    outer loop
      vertex 7.72741 2.07055 0.838889
      vertex 7.87846 1.38918 0.838889
      vertex 0 0 7.95
    endloop
  endfacet
  facet normal 0.560619 0.357148 -0.747095
    outer loop
      vertex -6.55322 -4.58861 0.83889
      vertex -6.9282 -4 0.83889
      vertex 0 0 7.95
    endloop
  endfacet
  facet normal -0.664079 -0.028992 0.7471
    outer loop
      vertex 8 0 349.161
      vertex 7.96956 0.697245 349.161
      vertex 0 0 342.05
    endloop
  endfacet
  facet normal -0.527351 -0.40465 0.7471
    outer loop
      vertex 6.55322 4.58861 349.161
      vertex 6.12836 5.1423 349.161
      vertex 0 0 342.05
    endloop
  endfacet
  facet normal 0.306932 -0.589605 0.7471
    outer loop
      vertex 0 0 342.05
      vertex -3.38095 7.25046 349.161
      vertex -4 6.9282 349.161
    endloop
  endfacet
  facet normal 0.560614 -0.357145 0.7471
    outer loop
      vertex -6.55322 4.58861 349.161
      vertex -6.9282 4 349.161
      vertex 0 0 342.05
    endloop
  endfacet
  facet normal 0 0 1
    outer loop
      vertex 1.38918 -7.87846 349.161
      vertex 0.697245 -7.96956 349.161
      vertex 0.697246 -7.96956 349.161
    endloop
  endfacet
  facet normal -0.086767 0.659024 0.7471
    outer loop
      vertex 0.697245 -7.96956 349.161
      vertex 1.38918 -7.87846 349.161
      vertex 0 0 342.05
    endloop
  endfacet
  facet normal 0.306932 0.589605 0.7471
    outer loop
      vertex -3.38095 -7.25046 349.161
      vertex 0 0 342.05
      vertex -4 -6.9282 349.161
    endloop
  endfacet
  facet normal 0.633945 0.199886 0.7471
    outer loop
      vertex -7.72741 -2.07055 349.161
      vertex -7.51754 -2.73616 349.161
      vertex 0 0 342.05
    endloop
  endfacet
  facet normal -0.490071 0.449079 0.7471
    outer loop
      vertex 6.12836 -5.1423 349.161
      vertex 0 0 342.05
      vertex 5.65685 -5.65685 349.161
    endloop
  endfacet
  facet normal -0.143864 0.648956 0.7471
    outer loop
      vertex 1.38918 -7.87846 349.161
      vertex 2.07055 -7.72741 349.161
      vertex 0 0 342.05
    endloop
  endfacet
  facet normal 0.143864 -0.648956 0.7471
    outer loop
      vertex -1.38918 7.87846 349.161
      vertex -2.07055 7.72741 349.161
      vertex 0 0 342.05
    endloop
  endfacet
  facet normal 0.614114 -0.254373 0.7471
    outer loop
      vertex 0 0 342.05
      vertex -7.25046 3.38095 349.161
      vertex -7.51754 2.73616 349.161
    endloop
  endfacet
  facet normal -0.254373 -0.614114 0.7471
    outer loop
      vertex 0 0 342.05
      vertex 3.38095 7.25046 349.161
      vertex 2.73616 7.51754 349.161
    endloop
  endfacet
  facet normal -0.449079 0.490071 0.7471
    outer loop
      vertex 0 0 342.05
      vertex 5.1423 -6.12836 349.161
      vertex 5.65685 -5.65685 349.161
    endloop
  endfacet
  facet normal 0.664079 0.028992 0.7471
    outer loop
      vertex -7.96956 -0.697245 349.161
      vertex 0 0 342.05
      vertex -8 0 349.161
    endloop
  endfacet
  facet normal -0.028992 0.664079 0.7471
    outer loop
      vertex 0.697245 -7.96956 349.161
      vertex 0 0 342.05
      vertex 0 -8 349.161
    endloop
  endfacet
  facet normal -0.40465 0.527351 0.7471
    outer loop
      vertex 4.58861 -6.55322 349.161
      vertex 5.1423 -6.12836 349.161
      vertex 0 0 342.05
    endloop
  endfacet
  facet normal -0.357145 0.560614 0.7471
    outer loop
      vertex 4 -6.9282 349.161
      vertex 4.58861 -6.55322 349.161
      vertex 0 0 342.05
    endloop
  endfacet
  facet normal 0.648956 0.143864 0.7471
    outer loop
      vertex -7.87846 -1.38918 349.161
      vertex -7.72741 -2.07055 349.161
      vertex 0 0 342.05
    endloop
  endfacet
  facet normal 0.254373 0.614114 0.7471
    outer loop
      vertex 0 0 342.05
      vertex -3.38095 -7.25046 349.161
      vertex -2.73616 -7.51754 349.161
    endloop
  endfacet
  facet normal -0.560614 -0.357145 0.7471
    outer loop
      vertex 6.9282 4 349.161
      vertex 6.55322 4.58861 349.161
      vertex 0 0 342.05
    endloop
  endfacet
  facet normal -0.633945 0.199886 0.7471
    outer loop
      vertex 7.51754 -2.73616 349.161
      vertex 7.72741 -2.07055 349.161
      vertex 0 0 342.05
    endloop
  endfacet
  facet normal -0.589605 -0.306932 0.7471
    outer loop
      vertex 7.25046 3.38095 349.161
      vertex 6.9282 4 349.161
      vertex 0 0 342.05
    endloop
  endfacet
  facet normal 0.199886 -0.633945 0.7471
    outer loop
      vertex -2.07055 7.72741 349.161
      vertex -2.73616 7.51754 349.161
      vertex 0 0 342.05
    endloop
  endfacet
  facet normal 0.490071 0.449079 0.7471
    outer loop
      vertex 0 0 342.05
      vertex -6.12836 -5.1423 349.161
      vertex -5.65685 -5.65685 349.161
    endloop
  endfacet
  facet normal 0.659024 0.086767 0.7471
    outer loop
      vertex -7.96956 -0.697245 349.161
      vertex -7.87846 -1.38918 349.161
      vertex 0 0 342.05
    endloop
  endfacet
  facet normal 0 0 1
    outer loop
      vertex -7.87846 -1.38918 349.161
      vertex -7.96956 -0.697245 349.161
      vertex -7.96956 -0.697246 349.161
    endloop
  endfacet
  facet normal 0.199886 0.633945 0.7471
    outer loop
      vertex -2.73616 -7.51754 349.161
      vertex -2.07055 -7.72741 349.161
      vertex 0 0 342.05
    endloop
  endfacet
  facet normal 0.614114 0.254373 0.7471
    outer loop
      vertex 0 0 342.05
      vertex -7.51754 -2.73616 349.161
      vertex -7.25046 -3.38095 349.161
    endloop
  endfacet
  facet normal 0.589605 0.306932 0.7471
    outer loop
      vertex -6.9282 -4 349.161
      vertex 0 0 342.05
      vertex -7.25046 -3.38095 349.161
    endloop
  endfacet
  facet normal -0.254373 0.614114 0.7471
    outer loop
      vertex 3.38095 -7.25046 349.161
      vertex 0 0 342.05
      vertex 2.73616 -7.51754 349.161
    endloop
  endfacet
  facet normal -0.648956 -0.143864 0.7471
    outer loop
      vertex 7.87846 1.38918 349.161
      vertex 7.72741 2.07055 349.161
      vertex 0 0 342.05
    endloop
  endfacet
  facet normal -0.40465 -0.527351 0.7471
    outer loop
      vertex 5.1423 6.12836 349.161
      vertex 4.58861 6.55322 349.161
      vertex 0 0 342.05
    endloop
  endfacet
  facet normal -0.357145 -0.560614 0.7471
    outer loop
      vertex 4.58861 6.55322 349.161
      vertex 4 6.9282 349.161
      vertex 0 0 342.05
    endloop
  endfacet
  facet normal 0.143864 0.648956 0.7471
    outer loop
      vertex -2.07055 -7.72741 349.161
      vertex -1.38918 -7.87846 349.161
      vertex 0 0 342.05
    endloop
  endfacet
  facet normal -0 0 1
    outer loop
      vertex 0.697245 7.96956 349.161
      vertex 1.38918 7.87846 349.161
      vertex 0.697246 7.96956 349.161
    endloop
  endfacet
  facet normal -0.086767 -0.659024 0.7471
    outer loop
      vertex 1.38918 7.87846 349.161
      vertex 0.697245 7.96956 349.161
      vertex 0 0 342.05
    endloop
  endfacet
  facet normal -0.560614 0.357145 0.7471
    outer loop
      vertex 6.55322 -4.58861 349.161
      vertex 6.9282 -4 349.161
      vertex 0 0 342.05
    endloop
  endfacet
  facet normal -0.306932 0.589605 0.7471
    outer loop
      vertex 3.38095 -7.25046 349.161
      vertex 4 -6.9282 349.161
      vertex 0 0 342.05
    endloop
  endfacet
  facet normal -0.306932 -0.589605 0.7471
    outer loop
      vertex 4 6.9282 349.161
      vertex 3.38095 7.25046 349.161
      vertex 0 0 342.05
    endloop
  endfacet
  facet normal 0.449079 0.490071 0.7471
    outer loop
      vertex -5.1423 -6.12836 349.161
      vertex 0 0 342.05
      vertex -5.65685 -5.65685 349.161
    endloop
  endfacet
  facet normal -0.589605 0.306932 0.7471
    outer loop
      vertex 6.9282 -4 349.161
      vertex 7.25046 -3.38095 349.161
      vertex 0 0 342.05
    endloop
  endfacet
  facet normal -0.614114 0.254373 0.7471
    outer loop
      vertex 0 0 342.05
      vertex 7.25046 -3.38095 349.161
      vertex 7.51754 -2.73616 349.161
    endloop
  endfacet
  facet normal 0.086767 0.659024 0.7471
    outer loop
      vertex -1.38918 -7.87846 349.161
      vertex -0.697245 -7.96956 349.161
      vertex 0 0 342.05
    endloop
  endfacet
  facet normal 0 0 1
    outer loop
      vertex -0.697245 -7.96956 349.161
      vertex -1.38918 -7.87846 349.161
      vertex -0.697246 -7.96956 349.161
    endloop
  endfacet
  facet normal 0.028992 0.664079 0.7471
    outer loop
      vertex 0 -8 349.161
      vertex 0 0 342.05
      vertex -0.697245 -7.96956 349.161
    endloop
  endfacet
  facet normal -0.199886 0.633945 0.7471
    outer loop
      vertex 2.07055 -7.72741 349.161
      vertex 2.73616 -7.51754 349.161
      vertex 0 0 342.05
    endloop
  endfacet
  facet normal -0.633945 -0.199886 0.7471
    outer loop
      vertex 7.72741 2.07055 349.161
      vertex 7.51754 2.73616 349.161
      vertex 0 0 342.05
    endloop
  endfacet
  facet normal 0.028992 -0.664079 0.7471
    outer loop
      vertex 0 0 342.05
      vertex 0 8 349.161
      vertex -0.697245 7.96956 349.161
    endloop
  endfacet
  facet normal 0 0 1
    outer loop
      vertex -1.38918 7.87846 349.161
      vertex -0.697245 7.96956 349.161
      vertex -0.697246 7.96956 349.161
    endloop
  endfacet
  facet normal 0.086767 -0.659024 0.7471
    outer loop
      vertex -0.697245 7.96956 349.161
      vertex -1.38918 7.87846 349.161
      vertex 0 0 342.05
    endloop
  endfacet
  facet normal 0.527351 -0.40465 0.7471
    outer loop
      vertex 0 0 342.05
      vertex -6.12836 5.1423 349.161
      vertex -6.55322 4.58861 349.161
    endloop
  endfacet
  facet normal -0.490071 -0.449079 0.7471
    outer loop
      vertex 0 0 342.05
      vertex 6.12836 5.1423 349.161
      vertex 5.65685 5.65685 349.161
    endloop
  endfacet
  facet normal -0.449079 -0.490071 0.7471
    outer loop
      vertex 5.1423 6.12836 349.161
      vertex 0 0 342.05
      vertex 5.65685 5.65685 349.161
    endloop
  endfacet
  facet normal 0.560614 0.357145 0.7471
    outer loop
      vertex -6.9282 -4 349.161
      vertex -6.55322 -4.58861 349.161
      vertex 0 0 342.05
    endloop
  endfacet
  facet normal 0.527351 0.40465 0.7471
    outer loop
      vertex -6.12836 -5.1423 349.161
      vertex 0 0 342.05
      vertex -6.55322 -4.58861 349.161
    endloop
  endfacet
  facet normal 0.633945 -0.199886 0.7471
    outer loop
      vertex -7.51754 2.73616 349.161
      vertex -7.72741 2.07055 349.161
      vertex 0 0 342.05
    endloop
  endfacet
  facet normal 0.648956 -0.143864 0.7471
    outer loop
      vertex -7.72741 2.07055 349.161
      vertex -7.87846 1.38918 349.161
      vertex 0 0 342.05
    endloop
  endfacet
  facet normal -0.199886 -0.633945 0.7471
    outer loop
      vertex 2.73616 7.51754 349.161
      vertex 2.07055 7.72741 349.161
      vertex 0 0 342.05
    endloop
  endfacet
  facet normal -0.614114 -0.254373 0.7471
    outer loop
      vertex 7.51754 2.73616 349.161
      vertex 7.25046 3.38095 349.161
      vertex 0 0 342.05
    endloop
  endfacet
  facet normal -0.648956 0.143864 0.7471
    outer loop
      vertex 7.72741 -2.07055 349.161
      vertex 7.87846 -1.38918 349.161
      vertex 0 0 342.05
    endloop
  endfacet
  facet normal 0 0 1
    outer loop
      vertex 7.87846 1.38918 349.161
      vertex 7.96956 0.697245 349.161
      vertex 7.96956 0.697246 349.161
    endloop
  endfacet
  facet normal -0.659024 -0.086767 0.7471
    outer loop
      vertex 7.96956 0.697245 349.161
      vertex 7.87846 1.38918 349.161
      vertex 0 0 342.05
    endloop
  endfacet
  facet normal 0 0 1
    outer loop
      vertex 7.96956 -0.697245 349.161
      vertex 7.87846 -1.38918 349.161
      vertex 7.96956 -0.697246 349.161
    endloop
  endfacet
  facet normal -0.659024 0.086767 0.7471
    outer loop
      vertex 7.87846 -1.38918 349.161
      vertex 7.96956 -0.697245 349.161
      vertex 0 0 342.05
    endloop
  endfacet
  facet normal -0.664079 0.028992 0.7471
    outer loop
      vertex 7.96956 -0.697245 349.161
      vertex 8 0 349.161
      vertex 0 0 342.05
    endloop
  endfacet
  facet normal 0.40465 0.527351 0.7471
    outer loop
      vertex -4.58861 -6.55322 349.161
      vertex 0 0 342.05
      vertex -5.1423 -6.12836 349.161
    endloop
  endfacet
  facet normal 0.357145 0.560614 0.7471
    outer loop
      vertex -4.58861 -6.55322 349.161
      vertex -4 -6.9282 349.161
      vertex 0 0 342.05
    endloop
  endfacet
  facet normal -0.143864 -0.648956 0.7471
    outer loop
      vertex 2.07055 7.72741 349.161
      vertex 1.38918 7.87846 349.161
      vertex 0 0 342.05
    endloop
  endfacet
  facet normal 0.490071 -0.449079 0.7471
    outer loop
      vertex -6.12836 5.1423 349.161
      vertex 0 0 342.05
      vertex -5.65685 5.65685 349.161
    endloop
  endfacet
  facet normal -0.028992 -0.664079 0.7471
    outer loop
      vertex 0.697245 7.96956 349.161
      vertex 0 8 349.161
      vertex 0 0 342.05
    endloop
  endfacet
  facet normal 0.254373 -0.614114 0.7471
    outer loop
      vertex -3.38095 7.25046 349.161
      vertex 0 0 342.05
      vertex -2.73616 7.51754 349.161
    endloop
  endfacet
  facet normal 0.449079 -0.490071 0.7471
    outer loop
      vertex 0 0 342.05
      vertex -5.1423 6.12836 349.161
      vertex -5.65685 5.65685 349.161
    endloop
  endfacet
  facet normal 0 0 1
    outer loop
      vertex -7.96956 0.697245 349.161
      vertex -7.87846 1.38918 349.161
      vertex -7.96956 0.697246 349.161
    endloop
  endfacet
  facet normal 0.659024 -0.086767 0.7471
    outer loop
      vertex -7.87846 1.38918 349.161
      vertex -7.96956 0.697245 349.161
      vertex 0 0 342.05
    endloop
  endfacet
  facet normal 0.589605 -0.306932 0.7471
    outer loop
      vertex 0 0 342.05
      vertex -6.9282 4 349.161
      vertex -7.25046 3.38095 349.161
    endloop
  endfacet
  facet normal 0.357145 -0.560614 0.7471
    outer loop
      vertex -4 6.9282 349.161
      vertex -4.58861 6.55322 349.161
      vertex 0 0 342.05
    endloop
  endfacet
  facet normal -0.527351 0.40465 0.7471
    outer loop
      vertex 6.12836 -5.1423 349.161
      vertex 6.55322 -4.58861 349.161
      vertex 0 0 342.05
    endloop
  endfacet
  facet normal 0.664079 -0.028992 0.7471
    outer loop
      vertex 0 0 342.05
      vertex -7.96956 0.697245 349.161
      vertex -8 0 349.161
    endloop
  endfacet
  facet normal 0.40465 -0.527351 0.7471
    outer loop
      vertex 0 0 342.05
      vertex -4.58861 6.55322 349.161
      vertex -5.1423 6.12836 349.161
    endloop
  endfacet
endsolid OpenSCAD_Model
