solid OpenSCAD_Model
  facet normal 0.246378 0.78148 0.573224
    outer loop
      vertex 3.74994 10.3029 13.9849
      vertex 2.83771 10.5905 13.9849
      vertex 3.52746 9.69161 14.9139
    endloop
  endfacet
  facet normal 0.290523 0.921271 0.258565
    outer loop
      vertex 4.34087 11.9264 9.81371
      vertex 3.20892 11.9759 10.9092
      vertex 4.24047 11.6506 10.9092
    endloop
  endfacet
  facet normal -0.137939 0.105837 0.98477
    outer loop
      vertex -1.29986 1.09071 19.8888
      vertex -2.30486 1.61388 19.6918
      vertex -1.38997 0.973268 19.8888
    endloop
  endfacet
  facet normal -0.757032 -0.313577 0.573212
    outer loop
      vertex -9.69161 -3.52746 14.9139
      vertex -9.93684 -4.63362 13.9849
      vertex -9.34729 -4.35871 14.9139
    endloop
  endfacet
  facet normal -0.892467 -0.369658 0.258566
    outer loop
      vertex -11.6506 -4.24047 10.9092
      vertex -11.9264 -4.34087 9.81371
      vertex -11.5027 -5.36381 9.81371
    endloop
  endfacet
  facet normal 0.790355 0.60643 0.0870712
    outer loop
      vertex 9.9491 8.34828 7.56705
      vertex 9.87338 8.28475 8.69684
      vertex 10.6388 7.4494 7.56705
    endloop
  endfacet
  facet normal 0.634914 -0.692895 0.341731
    outer loop
      vertex 8.76694 -8.76694 10.9092
      vertex 7.72016 -9.20053 11.9749
      vertex 7.96949 -9.49766 10.9092
    endloop
  endfacet
  facet normal 0.995258 0.0434346 0.0870352
    outer loop
      vertex 12.9382 1.13195 7.56705
      vertex 12.8888 0 8.69684
      vertex 12.9876 0 7.56705
    endloop
  endfacet
  facet normal -0.369655 0.892469 0.258562
    outer loop
      vertex -4.24047 11.6506 10.9092
      vertex -5.36381 11.5027 9.81371
      vertex -5.23976 11.2367 10.9092
    endloop
  endfacet
  facet normal 0.124224 -0.560341 0.818893
    outer loop
      vertex 2.04827 -7.64424 17.3136
      vertex 1.21291 -6.87878 17.9641
      vertex 1.37423 -7.79367 17.3136
    endloop
  endfacet
  facet normal 0.376866 -0.90987 0.17352
    outer loop
      vertex 5.36381 -11.5027 9.81371
      vertex 4.34087 -11.9264 9.81371
      vertex 4.40822 -12.1115 8.69684
    endloop
  endfacet
  facet normal 0.527334 -0.687233 0.499629
    outer loop
      vertex 7.04758 -8.39898 13.9849
      vertex 6.28874 -8.98126 13.9849
      vertex 6.61399 -9.44576 13.0027
    endloop
  endfacet
  facet normal -0.462238 -0.191465 0.865839
    outer loop
      vertex -5.64072 -2.05305 18.5311
      vertex -6.56365 -2.38897 17.9641
      vertex -6.33046 -2.95194 17.9641
    endloop
  endfacet
  facet normal -0.983915 0.0428729 0.173415
    outer loop
      vertex -12.6436 1.10617 9.81371
      vertex -12.8397 1.12333 8.69684
      vertex -12.6918 0 9.81371
    endloop
  endfacet
  facet normal 0.719141 0.551809 0.422307
    outer loop
      vertex 9.20053 7.72016 11.9749
      vertex 8.83337 7.41207 13.0027
      vertex 9.83837 6.8889 11.9749
    endloop
  endfacet
  facet normal -0.0421547 -0.965075 0.25856
    outer loop
      vertex 0 -12.3983 10.9092
      vertex -1.08058 -12.3511 10.9092
      vertex 0 -12.6918 9.81371
    endloop
  endfacet
  facet normal -0.271574 -0.208395 0.939584
    outer loop
      vertex -3.20221 -2.24221 19.3983
      vertex -4.07519 -2.85348 19.0104
      vertex -3.81098 -3.19779 19.0104
    endloop
  endfacet
  facet normal 0.673021 0.73448 0.0870709
    outer loop
      vertex 8.34828 9.9491 7.56705
      vertex 8.28475 9.87338 8.69684
      vertex 9.18364 9.18364 7.56705
    endloop
  endfacet
  facet normal 0.892469 -0.369655 0.258562
    outer loop
      vertex 11.6506 -4.24047 10.9092
      vertex 11.2367 -5.23976 10.9092
      vertex 11.5027 -5.36381 9.81371
    endloop
  endfacet
  facet normal 0.183924 0.288709 0.939585
    outer loop
      vertex 2.48744 4.30838 19.0104
      vertex 1.95459 3.38544 19.3983
      vertex 2.24221 3.20221 19.3983
    endloop
  endfacet
  facet normal -0.765642 -0.0334744 0.642395
    outer loop
      vertex -9.54813 -0.835353 15.7827
      vertex -10.3136 0 14.9139
      vertex -10.2743 -0.898889 14.9139
    endloop
  endfacet
  facet normal -0.341992 -0.014931 0.939584
    outer loop
      vertex -3.90917 0 19.3983
      vertex -4.97488 0 19.0104
      vertex -4.95595 -0.433589 19.0104
    endloop
  endfacet
  facet normal -0.638656 -0.585223 0.499632
    outer loop
      vertex -7.75278 -7.75278 13.9849
      vertex -8.39898 -7.04758 13.9849
      vertex -8.15375 -8.15375 13.0027
    endloop
  endfacet
  facet normal -0.793368 -0.608742 0
    outer loop
      vertex -9.9491 -8.34828 7
      vertex -10.6388 -7.4494 7.56705
      vertex -10.6388 -7.4494 7
    endloop
  endfacet
  facet normal -0.793368 -0.608742 0
    outer loop
      vertex -10.6388 -7.4494 7.56705
      vertex -9.9491 -8.34828 7
      vertex -9.9491 -8.34828 7.56705
    endloop
  endfacet
  facet normal 0.227251 -0.356718 0.906151
    outer loop
      vertex 2.85348 -4.07519 19.0104
      vertex 2.48744 -4.30838 19.0104
      vertex 3.44303 -4.91715 18.5311
    endloop
  endfacet
  facet normal 0.845671 0.18754 0.499669
    outer loop
      vertex 11.1382 2.98448 13.0027
      vertex 10.7975 1.90389 13.9849
      vertex 11.356 2.00236 13.0027
    endloop
  endfacet
  facet normal 0.627503 0.32665 0.706781
    outer loop
      vertex 8.30051 4.7923 15.7827
      vertex 7.60602 4.39134 16.5846
      vertex 7.9598 3.71172 16.5846
    endloop
  endfacet
  facet normal 0.42255 0.0184472 0.906152
    outer loop
      vertex 5.97989 0.523172 18.5311
      vertex 4.95595 0.433589 19.0104
      vertex 6.00273 0 18.5311
    endloop
  endfacet
  facet normal 0.338013 -0.368872 0.865841
    outer loop
      vertex 4.24457 -4.24457 18.5311
      vertex 3.85848 -4.59836 18.5311
      vertex 4.93907 -4.93907 17.9641
    endloop
  endfacet
  facet normal 0.976302 -0.216415 0
    outer loop
      vertex 12.5451 -3.36144 7.56705
      vertex 12.7903 -2.25528 7
      vertex 12.7903 -2.25528 7.56705
    endloop
  endfacet
  facet normal 0.976302 -0.216415 0
    outer loop
      vertex 12.7903 -2.25528 7
      vertex 12.5451 -3.36144 7.56705
      vertex 12.5451 -3.36144 7
    endloop
  endfacet
  facet normal 0.73448 0.673021 0.0870709
    outer loop
      vertex 9.9491 8.34828 7.56705
      vertex 9.18364 9.18364 7.56705
      vertex 9.87338 8.28475 8.69684
    endloop
  endfacet
  facet normal 0.118264 0.898711 0.422295
    outer loop
      vertex 2.08559 11.828 11.9749
      vertex 1.04678 11.9647 11.9749
      vertex 2.00236 11.356 13.0027
    endloop
  endfacet
  facet normal 0.353864 -0.679765 0.642417
    outer loop
      vertex 5.1568 -8.93183 14.9139
      vertex 4.05063 -8.6866 15.7827
      vertex 4.35871 -9.34729 14.9139
    endloop
  endfacet
  facet normal 0.0871169 0.00380539 0.996191
    outer loop
      vertex 1.69038 0.147889 19.8888
      vertex 0.567052 0 19.9876
      vertex 1.69684 0 19.8888
    endloop
  endfacet
  facet normal -0.173698 -0.00757886 0.98477
    outer loop
      vertex -1.69038 -0.147889 19.8888
      vertex -2.81371 0 19.6918
      vertex -2.80301 -0.245231 19.6918
    endloop
  endfacet
  facet normal -0.983915 -0.0428729 0.173415
    outer loop
      vertex -12.6918 0 9.81371
      vertex -12.8397 -1.12333 8.69684
      vertex -12.6436 -1.10617 9.81371
    endloop
  endfacet
  facet normal -0.972584 0.215648 0.0870384
    outer loop
      vertex -12.4496 3.33586 8.69684
      vertex -12.7903 2.25528 7.56705
      vertex -12.693 2.23811 8.69684
    endloop
  endfacet
  facet normal -0.883638 0.459999 0.0870894
    outer loop
      vertex -11.162 6.44439 8.69684
      vertex -11.7708 5.48881 7.56705
      vertex -11.6812 5.44703 8.69684
    endloop
  endfacet
  facet normal -0.843383 -0.537313 0
    outer loop
      vertex -10.6388 -7.4494 7
      vertex -11.2476 -6.49381 7.56705
      vertex -11.2476 -6.49381 7
    endloop
  endfacet
  facet normal -0.843383 -0.537313 0
    outer loop
      vertex -11.2476 -6.49381 7.56705
      vertex -10.6388 -7.4494 7
      vertex -10.6388 -7.4494 7.56705
    endloop
  endfacet
  facet normal -0.212732 -0.674685 0.706785
    outer loop
      vertex -3.00385 -8.25301 16.5846
      vertex -3.27813 -9.00658 15.7827
      vertex -2.48068 -9.25802 15.7827
    endloop
  endfacet
  facet normal -0.0308568 -0.706752 0.706788
    outer loop
      vertex 0 -8.78267 16.5846
      vertex -0.76546 -8.74925 16.5846
      vertex 0 -9.58461 15.7827
    endloop
  endfacet
  facet normal -0.0357234 -0.818626 0.573215
    outer loop
      vertex 0 -10.3136 14.9139
      vertex -0.955583 -10.9224 13.9849
      vertex 0 -10.9641 13.9849
    endloop
  endfacet
  facet normal 0.692888 -0.634918 0.341738
    outer loop
      vertex 9.20053 -7.72016 11.9749
      vertex 8.49266 -8.49266 11.9749
      vertex 8.76694 -8.76694 10.9092
    endloop
  endfacet
  facet normal 0.909865 0.376888 0.173499
    outer loop
      vertex 11.6812 5.44703 8.69684
      vertex 11.5027 5.36381 9.81371
      vertex 12.1115 4.40822 8.69684
    endloop
  endfacet
  facet normal -0.691081 0.440269 0.573211
    outer loop
      vertex -8.4484 5.91563 14.9139
      vertex -9.49518 5.48204 13.9849
      vertex -8.93183 5.1568 14.9139
    endloop
  endfacet
  facet normal 0.938898 -0.0409901 0.341746
    outer loop
      vertex 12.0104 0 11.9749
      vertex 11.9647 -1.04678 11.9749
      vertex 12.3983 0 10.9092
    endloop
  endfacet
  facet normal 0.369658 -0.892467 0.258566
    outer loop
      vertex 5.36381 -11.5027 9.81371
      vertex 4.24047 -11.6506 10.9092
      vertex 4.34087 -11.9264 9.81371
    endloop
  endfacet
  facet normal 0.781314 -0.599546 0.173476
    outer loop
      vertex 10.3966 -7.27974 9.81371
      vertex 9.87338 -8.28475 8.69684
      vertex 10.5579 -7.3927 8.69684
    endloop
  endfacet
  facet normal -0.0778883 -0.247039 0.96587
    outer loop
      vertex -0.962347 -2.64403 19.6918
      vertex -1.01177 -3.77597 19.3983
      vertex -0.728243 -2.71784 19.6918
    endloop
  endfacet
  facet normal 0.345575 -0.542429 0.765734
    outer loop
      vertex 4.53923 -6.48269 17.3136
      vertex 4.39134 -7.60602 16.5846
      vertex 5.03753 -7.19434 16.5846
    endloop
  endfacet
  facet normal 0.691081 0.440269 0.573211
    outer loop
      vertex 9.49518 5.48204 13.9849
      vertex 8.4484 5.91563 14.9139
      vertex 8.93183 5.1568 14.9139
    endloop
  endfacet
  facet normal 0.706756 0.0308641 0.706784
    outer loop
      vertex 9.54813 0.835353 15.7827
      vertex 8.74925 0.76546 16.5846
      vertex 9.58461 0 15.7827
    endloop
  endfacet
  facet normal 0.510248 0.391529 0.765736
    outer loop
      vertex 6.72792 5.64539 16.5846
      vertex 6.0624 5.08696 17.3136
      vertex 6.48269 4.53923 17.3136
    endloop
  endfacet
  facet normal 0.504985 0.792598 0.34173
    outer loop
      vertex 7.11138 10.1561 10.9092
      vertex 6.19916 10.7373 10.9092
      vertex 6.8889 9.83837 11.9749
    endloop
  endfacet
  facet normal 0.599546 0.781314 0.173476
    outer loop
      vertex 7.3927 10.5579 8.69684
      vertex 7.27974 10.3966 9.81371
      vertex 8.28475 9.87338 8.69684
    endloop
  endfacet
  facet normal 0.804049 0.418553 0.422279
    outer loop
      vertex 10.4013 6.00522 11.9749
      vertex 9.98626 5.76557 13.0027
      vertex 10.8851 5.07583 11.9749
    endloop
  endfacet
  facet normal 0.652609 0.712206 0.258582
    outer loop
      vertex 8.15816 9.72252 9.81371
      vertex 7.96949 9.49766 10.9092
      vertex 8.76694 8.76694 10.9092
    endloop
  endfacet
  facet normal -0.129975 0.98769 0.0870373
    outer loop
      vertex -1.12333 12.8397 8.69684
      vertex -2.25528 12.7903 7.56705
      vertex -2.23811 12.693 8.69684
    endloop
  endfacet
  facet normal -0.209079 0.943106 0.258528
    outer loop
      vertex -2.20392 12.499 9.81371
      vertex -3.20892 11.9759 10.9092
      vertex -2.15295 12.21 10.9092
    endloop
  endfacet
  facet normal -0.858798 -0.113111 0.499671
    outer loop
      vertex -10.9224 -0.955583 13.9849
      vertex -11.356 -2.00236 13.0027
      vertex -10.7975 -1.90389 13.9849
    endloop
  endfacet
  facet normal -0.215592 -0.972592 0.0870935
    outer loop
      vertex -3.33586 -12.4496 8.69684
      vertex -3.36144 -12.5451 7.56705
      vertex -2.25528 -12.7903 7.56705
    endloop
  endfacet
  facet normal -0.961477 0.213185 0.173534
    outer loop
      vertex -12.4496 3.33586 8.69684
      vertex -12.693 2.23811 8.69684
      vertex -12.499 2.20392 9.81371
    endloop
  endfacet
  facet normal 0.0851329 0.0188738 0.996191
    outer loop
      vertex 1.63902 0.439174 19.8888
      vertex 0.547729 0.146764 19.9876
      vertex 1.67106 0.294653 19.8888
    endloop
  endfacet
  facet normal -0.606466 -0.790332 0.087029
    outer loop
      vertex -7.3927 -10.5579 8.69684
      vertex -8.28475 -9.87338 8.69684
      vertex -7.4494 -10.6388 7.56705
    endloop
  endfacet
  facet normal -0.124224 -0.560341 0.818893
    outer loop
      vertex -1.21291 -6.87878 17.9641
      vertex -2.04827 -7.64424 17.3136
      vertex -1.37423 -7.79367 17.3136
    endloop
  endfacet
  facet normal -0.961477 -0.213185 0.173534
    outer loop
      vertex -12.499 -2.20392 9.81371
      vertex -12.693 -2.23811 8.69684
      vertex -12.4496 -3.33586 8.69684
    endloop
  endfacet
  facet normal -0.995258 -0.0434346 0.0870352
    outer loop
      vertex -12.8888 0 8.69684
      vertex -12.9876 0 7.56705
      vertex -12.9382 -1.13195 7.56705
    endloop
  endfacet
  facet normal -0.42255 0.0184481 0.906152
    outer loop
      vertex -4.95595 0.433589 19.0104
      vertex -6.00273 0 18.5311
      vertex -4.97488 0 19.0104
    endloop
  endfacet
  facet normal -0.726823 0.378361 0.573212
    outer loop
      vertex -9.49518 5.48204 13.9849
      vertex -9.93684 4.63362 13.9849
      vertex -9.34729 4.35871 14.9139
    endloop
  endfacet
  facet normal -0.433936 0.8336 0.341774
    outer loop
      vertex -5.23976 11.2367 10.9092
      vertex -6.00522 10.4013 11.9749
      vertex -5.07583 10.8851 11.9749
    endloop
  endfacet
  facet normal -0.856855 -0.446022 0.258579
    outer loop
      vertex -10.7373 -6.19916 10.9092
      vertex -11.2367 -5.23976 10.9092
      vertex -10.9915 -6.34592 9.81371
    endloop
  endfacet
  facet normal -0.961503 -0.21312 0.173468
    outer loop
      vertex -12.2594 -3.28489 9.81371
      vertex -12.499 -2.20392 9.81371
      vertex -12.4496 -3.33586 8.69684
    endloop
  endfacet
  facet normal -0.299552 -0.950097 0.087093
    outer loop
      vertex -3.33586 -12.4496 8.69684
      vertex -4.40822 -12.1115 8.69684
      vertex -3.36144 -12.5451 7.56705
    endloop
  endfacet
  facet normal 0.572108 -0.745595 0.341731
    outer loop
      vertex 7.72016 -9.20053 11.9749
      vertex 6.8889 -9.83837 11.9749
      vertex 7.96949 -9.49766 10.9092
    endloop
  endfacet
  facet normal 0.231268 0.252383 0.939584
    outer loop
      vertex 3.19779 3.81098 19.0104
      vertex 2.7642 2.7642 19.3983
      vertex 3.51777 3.51777 19.0104
    endloop
  endfacet
  facet normal -0.509101 -0.26501 0.818893
    outer loop
      vertex -6.33046 -2.95194 17.9641
      vertex -6.85364 -3.95695 17.3136
      vertex -6.0491 -3.49245 17.9641
    endloop
  endfacet
  facet normal -0.213185 -0.961477 0.173534
    outer loop
      vertex -2.20392 -12.499 9.81371
      vertex -3.33586 -12.4496 8.69684
      vertex -2.23811 -12.693 8.69684
    endloop
  endfacet
  facet normal -0.290521 -0.921273 0.258562
    outer loop
      vertex -3.20892 -11.9759 10.9092
      vertex -4.34087 -11.9264 9.81371
      vertex -3.28489 -12.2594 9.81371
    endloop
  endfacet
  facet normal 0.999049 0.0436 0
    outer loop
      vertex 12.9876 0 7.56705
      vertex 12.9382 1.13195 7
      vertex 12.9382 1.13195 7.56705
    endloop
  endfacet
  facet normal 0.999049 0.0436 0
    outer loop
      vertex 12.9382 1.13195 7
      vertex 12.9876 0 7.56705
      vertex 12.9876 0 7
    endloop
  endfacet
  facet normal 0.675587 -0.73728 0
    outer loop
      vertex 8.34828 -9.9491 7
      vertex 9.18364 -9.18364 7.56705
      vertex 8.34828 -9.9491 7.56705
    endloop
  endfacet
  facet normal 0.675587 -0.73728 0
    outer loop
      vertex 9.18364 -9.18364 7.56705
      vertex 8.34828 -9.9491 7
      vertex 9.18364 -9.18364 7
    endloop
  endfacet
  facet normal 0.519014 0.814702 0.258621
    outer loop
      vertex 7.27974 10.3966 9.81371
      vertex 6.34592 10.9915 9.81371
      vertex 7.11138 10.1561 10.9092
    endloop
  endfacet
  facet normal -0.873563 0.454755 0.173451
    outer loop
      vertex -11.162 6.44439 8.69684
      vertex -11.6812 5.44703 8.69684
      vertex -10.9915 6.34592 9.81371
    endloop
  endfacet
  facet normal -0.0749092 0.569035 0.818894
    outer loop
      vertex -0.689741 7.88378 17.3136
      vertex -1.21291 6.87878 17.9641
      vertex -0.608773 6.95831 17.9641
    endloop
  endfacet
  facet normal 0.923877 -0.382691 0
    outer loop
      vertex 11.7708 -5.48881 7.56705
      vertex 12.2044 -4.44203 7
      vertex 12.2044 -4.44203 7.56705
    endloop
  endfacet
  facet normal 0.923877 -0.382691 0
    outer loop
      vertex 12.2044 -4.44203 7
      vertex 11.7708 -5.48881 7.56705
      vertex 11.7708 -5.48881 7
    endloop
  endfacet
  facet normal 0.939236 0.296185 0.173521
    outer loop
      vertex 12.1115 4.40822 8.69684
      vertex 11.9264 4.34087 9.81371
      vertex 12.2594 3.28489 9.81371
    endloop
  endfacet
  facet normal 0.412928 -0.0915491 0.906151
    outer loop
      vertex 5.91154 -1.04236 18.5311
      vertex 4.80537 -1.28759 19.0104
      vertex 5.79819 -1.55362 18.5311
    endloop
  endfacet
  facet normal 0.830608 -0.529148 0.173475
    outer loop
      vertex 10.9915 -6.34592 9.81371
      vertex 10.3966 -7.27974 9.81371
      vertex 10.5579 -7.3927 8.69684
    endloop
  endfacet
  facet normal 0.845671 -0.18754 0.499669
    outer loop
      vertex 11.356 -2.00236 13.0027
      vertex 10.7975 -1.90389 13.9849
      vertex 11.1382 -2.98448 13.0027
    endloop
  endfacet
  facet normal 0.459999 -0.883638 0.0870894
    outer loop
      vertex 6.44439 -11.162 8.69684
      vertex 5.44703 -11.6812 8.69684
      vertex 5.48881 -11.7708 7.56705
    endloop
  endfacet
  facet normal 0.430653 -0.561247 0.706782
    outer loop
      vertex 5.64539 -6.72792 16.5846
      vertex 5.03753 -7.19434 16.5846
      vertex 6.16086 -7.34223 15.7827
    endloop
  endfacet
  facet normal 0.215592 -0.972592 0.0870935
    outer loop
      vertex 3.33586 -12.4496 8.69684
      vertex 2.25528 -12.7903 7.56705
      vertex 3.36144 -12.5451 7.56705
    endloop
  endfacet
  facet normal 0.209042 -0.943105 0.258561
    outer loop
      vertex 3.20892 -11.9759 10.9092
      vertex 2.20392 -12.499 9.81371
      vertex 3.28489 -12.2594 9.81371
    endloop
  endfacet
  facet normal 0.21312 -0.961503 0.173468
    outer loop
      vertex 3.28489 -12.2594 9.81371
      vertex 2.20392 -12.499 9.81371
      vertex 3.33586 -12.4496 8.69684
    endloop
  endfacet
  facet normal 0.390761 -0.161858 0.90615
    outer loop
      vertex 5.64072 -2.05305 18.5311
      vertex 4.50878 -2.10248 19.0104
      vertex 5.44032 -2.53686 18.5311
    endloop
  endfacet
  facet normal -0.430658 0.561237 0.706786
    outer loop
      vertex -5.4975 7.85125 15.7827
      vertex -6.16086 7.34223 15.7827
      vertex -5.03753 7.19434 16.5846
    endloop
  endfacet
  facet normal 0.573397 0.0250354 0.818895
    outer loop
      vertex 7.9139 0 17.3136
      vertex 6.95831 0.608773 17.9641
      vertex 6.98489 0 17.9641
    endloop
  endfacet
  facet normal 0.412927 -0.0915393 0.906152
    outer loop
      vertex 4.8993 -0.863879 19.0104
      vertex 4.80537 -1.28759 19.0104
      vertex 5.91154 -1.04236 18.5311
    endloop
  endfacet
  facet normal 0.430653 0.561247 0.706782
    outer loop
      vertex 6.16086 7.34223 15.7827
      vertex 5.03753 7.19434 16.5846
      vertex 5.64539 6.72792 16.5846
    endloop
  endfacet
  facet normal -0.069182 0.0530814 0.996191
    outer loop
      vertex -1.29986 1.09071 19.8888
      vertex -1.38997 0.973268 19.8888
      vertex -0.464501 0.325247 19.9876
    endloop
  endfacet
  facet normal 0.67302 0.734481 0.0870695
    outer loop
      vertex 9.18364 9.18364 7.56705
      vertex 8.28475 9.87338 8.69684
      vertex 9.11375 9.11375 8.69684
    endloop
  endfacet
  facet normal 0.391526 0.510254 0.765734
    outer loop
      vertex 5.03753 7.19434 16.5846
      vertex 4.53923 6.48269 17.3136
      vertex 5.64539 6.72792 16.5846
    endloop
  endfacet
  facet normal 0.293275 0.708018 0.642418
    outer loop
      vertex 4.35871 9.34729 14.9139
      vertex 3.52746 9.69161 14.9139
      vertex 4.05063 8.6866 15.7827
    endloop
  endfacet
  facet normal 0.76835 0.40001 0.49963
    outer loop
      vertex 9.98626 5.76557 13.0027
      vertex 9.49518 5.48204 13.9849
      vertex 10.4508 4.87327 13.0027
    endloop
  endfacet
  facet normal 0.826157 0.260488 0.499611
    outer loop
      vertex 10.8357 3.94388 13.0027
      vertex 10.5905 2.83771 13.9849
      vertex 11.1382 2.98448 13.0027
    endloop
  endfacet
  facet normal -0.0864536 0.0113836 0.996191
    outer loop
      vertex -0.558436 0.0984669 19.9876
      vertex -1.67106 0.294653 19.8888
      vertex -0.564894 0.0494213 19.9876
    endloop
  endfacet
  facet normal 0.496043 0.0653031 0.865839
    outer loop
      vertex 6.87878 1.21291 17.9641
      vertex 5.91154 1.04236 18.5311
      vertex 5.97989 0.523172 18.5311
    endloop
  endfacet
  facet normal 0.917514 0.203426 0.341741
    outer loop
      vertex 12.21 2.15295 10.9092
      vertex 11.6012 3.10853 11.9749
      vertex 11.828 2.08559 11.9749
    endloop
  endfacet
  facet normal 0.923877 0.382691 0
    outer loop
      vertex 12.2044 4.44203 7.56705
      vertex 11.7708 5.48881 7
      vertex 11.7708 5.48881 7.56705
    endloop
  endfacet
  facet normal 0.923877 0.382691 0
    outer loop
      vertex 11.7708 5.48881 7
      vertex 12.2044 4.44203 7.56705
      vertex 12.2044 4.44203 7
    endloop
  endfacet
  facet normal 0.612394 0.668307 0.422302
    outer loop
      vertex 8.49266 8.49266 11.9749
      vertex 7.72016 9.20053 11.9749
      vertex 8.15375 8.15375 13.0027
    endloop
  endfacet
  facet normal 0.608742 0.793368 -0
    outer loop
      vertex 8.34828 9.9491 7
      vertex 7.4494 10.6388 7.56705
      vertex 8.34828 9.9491 7.56705
    endloop
  endfacet
  facet normal 0.608742 0.793368 0
    outer loop
      vertex 7.4494 10.6388 7.56705
      vertex 8.34828 9.9491 7
      vertex 7.4494 10.6388 7
    endloop
  endfacet
  facet normal 0.830608 0.529148 0.173475
    outer loop
      vertex 10.5579 7.3927 8.69684
      vertex 10.3966 7.27974 9.81371
      vertex 10.9915 6.34592 9.81371
    endloop
  endfacet
  facet normal -0.52913 0.830623 0.173453
    outer loop
      vertex -6.44439 11.162 8.69684
      vertex -7.3927 10.5579 8.69684
      vertex -6.34592 10.9915 9.81371
    endloop
  endfacet
  facet normal 0.0468526 0.0735434 0.996191
    outer loop
      vertex 0.973268 1.38997 19.8888
      vertex 0.283525 0.491081 19.9876
      vertex 0.325247 0.464501 19.9876
    endloop
  endfacet
  facet normal -0.0333706 -0.0805619 0.996191
    outer loop
      vertex -0.239646 -0.513924 19.9876
      vertex -0.717115 -1.53786 19.8888
      vertex -0.580353 -1.59451 19.8888
    endloop
  endfacet
  facet normal -0.173698 0.00757886 0.98477
    outer loop
      vertex -2.80301 0.245231 19.6918
      vertex -2.81371 0 19.6918
      vertex -1.69038 0.147889 19.8888
    endloop
  endfacet
  facet normal -0.341994 -0.0149262 0.939584
    outer loop
      vertex -3.90917 0 19.3983
      vertex -4.95595 -0.433589 19.0104
      vertex -3.8943 -0.340707 19.3983
    endloop
  endfacet
  facet normal -0.0691795 0.0530841 0.996191
    outer loop
      vertex -0.434386 0.364493 19.9876
      vertex -1.29986 1.09071 19.8888
      vertex -0.464501 0.325247 19.9876
    endloop
  endfacet
  facet normal 0.252886 0.056065 0.96587
    outer loop
      vertex 3.84979 0.678821 19.3983
      vertex 2.71784 0.728243 19.6918
      vertex 2.77097 0.488596 19.6918
    endloop
  endfacet
  facet normal -0.965054 0.042051 0.258655
    outer loop
      vertex -12.6436 1.10617 9.81371
      vertex -12.6918 0 9.81371
      vertex -12.3511 1.08058 10.9092
    endloop
  endfacet
  facet normal -0.976414 0.128617 0.173415
    outer loop
      vertex -12.499 2.20392 9.81371
      vertex -12.8397 1.12333 8.69684
      vertex -12.6436 1.10617 9.81371
    endloop
  endfacet
  facet normal -0.691081 0.440263 0.573214
    outer loop
      vertex -8.98126 6.28874 13.9849
      vertex -9.49518 5.48204 13.9849
      vertex -8.4484 5.91563 14.9139
    endloop
  endfacet
  facet normal -0.790332 0.606466 0.087029
    outer loop
      vertex -9.87338 8.28475 8.69684
      vertex -10.6388 7.4494 7.56705
      vertex -10.5579 7.3927 8.69684
    endloop
  endfacet
  facet normal -0.745597 0.572107 0.341729
    outer loop
      vertex -9.49766 7.96949 10.9092
      vertex -10.1561 7.11138 10.9092
      vertex -9.83837 6.8889 11.9749
    endloop
  endfacet
  facet normal -0.983887 0.043005 0.173544
    outer loop
      vertex -12.8397 1.12333 8.69684
      vertex -12.8888 0 8.69684
      vertex -12.6918 0 9.81371
    endloop
  endfacet
  facet normal -0.701376 0.0923405 0.706785
    outer loop
      vertex -8.64924 1.52509 16.5846
      vertex -9.43899 1.66435 15.7827
      vertex -8.74925 0.76546 16.5846
    endloop
  endfacet
  facet normal -0.921273 0.290521 0.258562
    outer loop
      vertex -11.9264 4.34087 9.81371
      vertex -12.2594 3.28489 9.81371
      vertex -11.9759 3.20892 10.9092
    endloop
  endfacet
  facet normal -0.76835 0.40001 0.49963
    outer loop
      vertex -9.98626 5.76557 13.0027
      vertex -10.4508 4.87327 13.0027
      vertex -9.49518 5.48204 13.9849
    endloop
  endfacet
  facet normal 0.399979 0.768352 0.499651
    outer loop
      vertex 4.87327 10.4508 13.0027
      vertex 4.63362 9.93684 13.9849
      vertex 5.48204 9.49518 13.9849
    endloop
  endfacet
  facet normal -0.812369 -0.106913 0.573259
    outer loop
      vertex -10.2743 -0.898889 14.9139
      vertex -10.9224 -0.955583 13.9849
      vertex -10.1569 -1.79094 14.9139
    endloop
  endfacet
  facet normal -0.613385 0.193404 0.765738
    outer loop
      vertex -7.43663 2.70671 17.3136
      vertex -8.25301 3.00385 16.5846
      vertex -7.64424 2.04827 17.3136
    endloop
  endfacet
  facet normal -0.90987 0.376866 0.17352
    outer loop
      vertex -11.5027 5.36381 9.81371
      vertex -12.1115 4.40822 8.69684
      vertex -11.9264 4.34087 9.81371
    endloop
  endfacet
  facet normal -0.909865 0.376888 0.173499
    outer loop
      vertex -11.6812 5.44703 8.69684
      vertex -12.1115 4.40822 8.69684
      vertex -11.5027 5.36381 9.81371
    endloop
  endfacet
  facet normal -0.884959 0.196253 0.422295
    outer loop
      vertex -11.1382 2.98448 13.0027
      vertex -11.828 2.08559 11.9749
      vertex -11.356 2.00236 13.0027
    endloop
  endfacet
  facet normal -0.917514 -0.203426 0.341741
    outer loop
      vertex -11.828 -2.08559 11.9749
      vertex -12.21 -2.15295 10.9092
      vertex -11.6012 -3.10853 11.9749
    endloop
  endfacet
  facet normal -0.527334 -0.687233 0.499629
    outer loop
      vertex -7.04758 -8.39898 13.9849
      vertex -7.41207 -8.83337 13.0027
      vertex -6.61399 -9.44576 13.0027
    endloop
  endfacet
  facet normal -0.868247 -0.359669 0.341738
    outer loop
      vertex -11.2861 -4.10781 11.9749
      vertex -11.6506 -4.24047 10.9092
      vertex -10.8851 -5.07583 11.9749
    endloop
  endfacet
  facet normal -0.423164 -0.387749 0.818891
    outer loop
      vertex -5.35074 -4.4898 17.9641
      vertex -5.59597 -5.59597 17.3136
      vertex -4.93907 -4.93907 17.9641
    endloop
  endfacet
  facet normal -0.256811 -0.0338102 0.96587
    outer loop
      vertex -2.80301 -0.245231 19.6918
      vertex -3.8943 -0.340707 19.3983
      vertex -2.77097 -0.488596 19.6918
    endloop
  endfacet
  facet normal -0.585223 -0.638656 0.499632
    outer loop
      vertex -7.75278 -7.75278 13.9849
      vertex -8.15375 -8.15375 13.0027
      vertex -7.04758 -8.39898 13.9849
    endloop
  endfacet
  facet normal 0.193404 -0.613385 0.765738
    outer loop
      vertex 2.70671 -7.43663 17.3136
      vertex 2.04827 -7.64424 17.3136
      vertex 3.00385 -8.25301 16.5846
    endloop
  endfacet
  facet normal -0.0377661 -0.865436 0.499595
    outer loop
      vertex 0 -10.9641 13.9849
      vertex -0.955583 -10.9224 13.9849
      vertex 0 -11.5311 13.0027
    endloop
  endfacet
  facet normal -0.812396 -0.106999 0.573204
    outer loop
      vertex -10.1569 -1.79094 14.9139
      vertex -10.9224 -0.955583 13.9849
      vertex -10.7975 -1.90389 13.9849
    endloop
  endfacet
  facet normal -0.474186 -0.434507 0.765736
    outer loop
      vertex -6.0624 -5.08696 17.3136
      vertex -6.72792 -5.64539 16.5846
      vertex -6.21029 -6.21029 16.5846
    endloop
  endfacet
  facet normal -0.510254 -0.391526 0.765734
    outer loop
      vertex -6.48269 -4.53923 17.3136
      vertex -7.19434 -5.03753 16.5846
      vertex -6.72792 -5.64539 16.5846
    endloop
  endfacet
  facet normal -0.433936 -0.8336 0.341774
    outer loop
      vertex -5.07583 -10.8851 11.9749
      vertex -6.00522 -10.4013 11.9749
      vertex -5.23976 -11.2367 10.9092
    endloop
  endfacet
  facet normal -0.196206 -0.884952 0.422331
    outer loop
      vertex -2.98448 -11.1382 13.0027
      vertex -3.10853 -11.6012 11.9749
      vertex -2.08559 -11.828 11.9749
    endloop
  endfacet
  facet normal -0.378361 -0.726823 0.573212
    outer loop
      vertex -5.1568 -8.93183 14.9139
      vertex -5.48204 -9.49518 13.9849
      vertex -4.35871 -9.34729 14.9139
    endloop
  endfacet
  facet normal 0.0394687 -0.905619 0.422253
    outer loop
      vertex 1.005 -11.4873 13.0027
      vertex 0 -11.5311 13.0027
      vertex 1.04678 -11.9647 11.9749
    endloop
  endfacet
  facet normal -0.130536 0.991444 0
    outer loop
      vertex -1.13195 12.9382 7
      vertex -2.25528 12.7903 7.56705
      vertex -1.13195 12.9382 7.56705
    endloop
  endfacet
  facet normal -0.130536 0.991444 0
    outer loop
      vertex -2.25528 12.7903 7.56705
      vertex -1.13195 12.9382 7
      vertex -2.25528 12.7903 7
    endloop
  endfacet
  facet normal 0.128491 0.976409 0.173535
    outer loop
      vertex 2.23811 12.693 8.69684
      vertex 1.12333 12.8397 8.69684
      vertex 2.20392 12.499 9.81371
    endloop
  endfacet
  facet normal 0.484063 0.308379 0.818893
    outer loop
      vertex 6.48269 4.53923 17.3136
      vertex 6.0491 3.49245 17.9641
      vertex 6.85364 3.95695 17.3136
    endloop
  endfacet
  facet normal 0.792615 -0.504919 0.341787
    outer loop
      vertex 10.4013 -6.00522 11.9749
      vertex 9.83837 -6.8889 11.9749
      vertex 10.7373 -6.19916 10.9092
    endloop
  endfacet
  facet normal 0.961477 -0.213185 0.173534
    outer loop
      vertex 12.499 -2.20392 9.81371
      vertex 12.4496 -3.33586 8.69684
      vertex 12.693 -2.23811 8.69684
    endloop
  endfacet
  facet normal 0.765625 0.033435 0.642418
    outer loop
      vertex 10.3136 0 14.9139
      vertex 9.54813 0.835353 15.7827
      vertex 9.58461 0 15.7827
    endloop
  endfacet
  facet normal 0.799986 -0.177345 0.573211
    outer loop
      vertex 10.1569 -1.79094 14.9139
      vertex 9.96217 -2.66935 14.9139
      vertex 10.5905 -2.83771 13.9849
    endloop
  endfacet
  facet normal -0.0434346 -0.995258 0.0870352
    outer loop
      vertex 0 -12.8888 8.69684
      vertex -1.13195 -12.9382 7.56705
      vertex 0 -12.9876 7.56705
    endloop
  endfacet
  facet normal 0.887 -0.46177 0
    outer loop
      vertex 11.2476 -6.49381 7.56705
      vertex 11.7708 -5.48881 7
      vertex 11.7708 -5.48881 7.56705
    endloop
  endfacet
  facet normal 0.887 -0.46177 0
    outer loop
      vertex 11.7708 -5.48881 7
      vertex 11.2476 -6.49381 7.56705
      vertex 11.2476 -6.49381 7
    endloop
  endfacet
  facet normal 0.7261 -0.665341 0.173496
    outer loop
      vertex 9.87338 -8.28475 8.69684
      vertex 8.97449 -8.97449 9.81371
      vertex 9.11375 -9.11375 8.69684
    endloop
  endfacet
  facet normal 0.411763 -0.646336 0.642418
    outer loop
      vertex 5.91563 -8.4484 14.9139
      vertex 4.7923 -8.30051 15.7827
      vertex 5.1568 -8.93183 14.9139
    endloop
  endfacet
  facet normal -0.21312 -0.961503 0.173468
    outer loop
      vertex -3.28489 -12.2594 9.81371
      vertex -3.33586 -12.4496 8.69684
      vertex -2.20392 -12.499 9.81371
    endloop
  endfacet
  facet normal 0.691081 -0.440263 0.573214
    outer loop
      vertex 9.49518 -5.48204 13.9849
      vertex 8.4484 -5.91563 14.9139
      vertex 8.98126 -6.28874 13.9849
    endloop
  endfacet
  facet normal 0.943106 -0.209079 0.258528
    outer loop
      vertex 12.21 -2.15295 10.9092
      vertex 11.9759 -3.20892 10.9092
      vertex 12.499 -2.20392 9.81371
    endloop
  endfacet
  facet normal 0.719141 -0.551809 0.422307
    outer loop
      vertex 9.83837 -6.8889 11.9749
      vertex 8.83337 -7.41207 13.0027
      vertex 9.20053 -7.72016 11.9749
    endloop
  endfacet
  facet normal 0.52913 -0.830623 0.173453
    outer loop
      vertex 7.3927 -10.5579 8.69684
      vertex 6.34592 -10.9915 9.81371
      vertex 6.44439 -11.162 8.69684
    endloop
  endfacet
  facet normal 0.679765 -0.353864 0.642417
    outer loop
      vertex 9.34729 -4.35871 14.9139
      vertex 8.6866 -4.05063 15.7827
      vertex 8.93183 -5.1568 14.9139
    endloop
  endfacet
  facet normal 0.627496 -0.326655 0.706785
    outer loop
      vertex 8.6866 -4.05063 15.7827
      vertex 7.9598 -3.71172 16.5846
      vertex 8.30051 -4.7923 15.7827
    endloop
  endfacet
  facet normal 0.331525 -0.800311 0.499594
    outer loop
      vertex 4.63362 -9.93684 13.9849
      vertex 3.74994 -10.3029 13.9849
      vertex 3.94388 -10.8357 13.0027
    endloop
  endfacet
  facet normal 0.353864 -0.679765 0.642418
    outer loop
      vertex 4.7923 -8.30051 15.7827
      vertex 4.05063 -8.6866 15.7827
      vertex 5.1568 -8.93183 14.9139
    endloop
  endfacet
  facet normal 0.290521 -0.921273 0.258562
    outer loop
      vertex 4.34087 -11.9264 9.81371
      vertex 3.20892 -11.9759 10.9092
      vertex 3.28489 -12.2594 9.81371
    endloop
  endfacet
  facet normal -0.042051 -0.965054 0.258655
    outer loop
      vertex -1.08058 -12.3511 10.9092
      vertex -1.10617 -12.6436 9.81371
      vertex 0 -12.6918 9.81371
    endloop
  endfacet
  facet normal 0.270722 -0.653579 0.706785
    outer loop
      vertex 3.71172 -7.9598 16.5846
      vertex 3.00385 -8.25301 16.5846
      vertex 3.27813 -9.00658 15.7827
    endloop
  endfacet
  facet normal -0.0805625 0.0333687 0.996191
    outer loop
      vertex -0.513924 0.239646 19.9876
      vertex -1.59451 0.580353 19.8888
      vertex -0.532854 0.193943 19.9876
    endloop
  endfacet
  facet normal -0.0740977 0.334202 0.939584
    outer loop
      vertex -0.678821 3.84979 19.3983
      vertex -1.28759 4.80537 19.0104
      vertex -1.01177 3.77597 19.3983
    endloop
  endfacet
  facet normal 0.326475 0.102936 0.939584
    outer loop
      vertex 4.80537 1.28759 19.0104
      vertex 3.67342 1.33702 19.3983
      vertex 3.77597 1.01177 19.3983
    endloop
  endfacet
  facet normal 0.25878 -0.0112943 0.96587
    outer loop
      vertex 3.90917 0 19.3983
      vertex 2.81371 0 19.6918
      vertex 3.8943 -0.340707 19.3983
    endloop
  endfacet
  facet normal 0.62791 0.139201 0.765737
    outer loop
      vertex 8.48341 2.27312 16.5846
      vertex 7.64424 2.04827 17.3136
      vertex 8.64924 1.52509 16.5846
    endloop
  endfacet
  facet normal 0.542429 -0.345575 0.765734
    outer loop
      vertex 7.60602 -4.39134 16.5846
      vertex 6.48269 -4.53923 17.3136
      vertex 7.19434 -5.03753 16.5846
    endloop
  endfacet
  facet normal 0.499848 0.0218217 0.865838
    outer loop
      vertex 6.98489 0 17.9641
      vertex 5.97989 0.523172 18.5311
      vertex 6.00273 0 18.5311
    endloop
  endfacet
  facet normal 0.418553 -0.804049 0.422279
    outer loop
      vertex 5.76557 -9.98626 13.0027
      vertex 5.07583 -10.8851 11.9749
      vertex 6.00522 -10.4013 11.9749
    endloop
  endfacet
  facet normal 0.708018 -0.293271 0.64242
    outer loop
      vertex 9.00658 -3.27813 15.7827
      vertex 8.6866 -4.05063 15.7827
      vertex 9.69161 -3.52746 14.9139
    endloop
  endfacet
  facet normal 0.299552 0.950097 0.087093
    outer loop
      vertex 3.36144 12.5451 7.56705
      vertex 3.33586 12.4496 8.69684
      vertex 4.40822 12.1115 8.69684
    endloop
  endfacet
  facet normal 0.296136 0.939262 0.173468
    outer loop
      vertex 3.33586 12.4496 8.69684
      vertex 3.28489 12.2594 9.81371
      vertex 4.40822 12.1115 8.69684
    endloop
  endfacet
  facet normal 0.296185 0.939236 0.173521
    outer loop
      vertex 4.40822 12.1115 8.69684
      vertex 3.28489 12.2594 9.81371
      vertex 4.34087 11.9264 9.81371
    endloop
  endfacet
  facet normal 0.203405 0.917512 0.341758
    outer loop
      vertex 3.20892 11.9759 10.9092
      vertex 2.15295 12.21 10.9092
      vertex 3.10853 11.6012 11.9749
    endloop
  endfacet
  facet normal 0.864496 0.272577 0.422312
    outer loop
      vertex 11.2861 4.10781 11.9749
      vertex 10.8357 3.94388 13.0027
      vertex 11.1382 2.98448 13.0027
    endloop
  endfacet
  facet normal 0.976409 0.128491 0.173535
    outer loop
      vertex 12.693 2.23811 8.69684
      vertex 12.499 2.20392 9.81371
      vertex 12.8397 1.12333 8.69684
    endloop
  endfacet
  facet normal -0.172592 0.547379 0.818894
    outer loop
      vertex -2.04827 7.64424 17.3136
      vertex -2.70671 7.43663 17.3136
      vertex -2.38897 6.56365 17.9641
    endloop
  endfacet
  facet normal 0.113063 0.858827 0.499632
    outer loop
      vertex 1.005 11.4873 13.0027
      vertex 0.955583 10.9224 13.9849
      vertex 2.00236 11.356 13.0027
    endloop
  endfacet
  facet normal 0.0923405 0.701376 0.706785
    outer loop
      vertex 1.66435 9.43899 15.7827
      vertex 0.76546 8.74925 16.5846
      vertex 1.52509 8.64924 16.5846
    endloop
  endfacet
  facet normal -0.260469 0.826173 0.499593
    outer loop
      vertex -2.83771 10.5905 13.9849
      vertex -3.94388 10.8357 13.0027
      vertex -3.74994 10.3029 13.9849
    endloop
  endfacet
  facet normal 0.560339 0.124226 0.818894
    outer loop
      vertex 7.64424 2.04827 17.3136
      vertex 6.74689 1.80782 17.9641
      vertex 6.87878 1.21291 17.9641
    endloop
  endfacet
  facet normal 0.701377 0.0923385 0.706784
    outer loop
      vertex 9.43899 1.66435 15.7827
      vertex 8.74925 0.76546 16.5846
      vertex 9.54813 0.835353 15.7827
    endloop
  endfacet
  facet normal 0.440269 0.691081 0.573211
    outer loop
      vertex 5.48204 9.49518 13.9849
      vertex 5.1568 8.93183 14.9139
      vertex 5.91563 8.4484 14.9139
    endloop
  endfacet
  facet normal 0.553585 0.604129 0.573212
    outer loop
      vertex 7.04758 8.39898 13.9849
      vertex 6.62945 7.90067 14.9139
      vertex 7.29281 7.29281 14.9139
    endloop
  endfacet
  facet normal 0.195294 0.37517 0.90615
    outer loop
      vertex 2.53686 5.44032 18.5311
      vertex 2.10248 4.50878 19.0104
      vertex 3.00137 5.19852 18.5311
    endloop
  endfacet
  facet normal 0.646339 0.411762 0.642416
    outer loop
      vertex 8.4484 5.91563 14.9139
      vertex 7.85125 5.4975 15.7827
      vertex 8.30051 4.7923 15.7827
    endloop
  endfacet
  facet normal 0.976414 0.128617 0.173415
    outer loop
      vertex 12.8397 1.12333 8.69684
      vertex 12.499 2.20392 9.81371
      vertex 12.6436 1.10617 9.81371
    endloop
  endfacet
  facet normal 0.856867 0.446009 0.258564
    outer loop
      vertex 11.5027 5.36381 9.81371
      vertex 10.9915 6.34592 9.81371
      vertex 11.2367 5.23976 10.9092
    endloop
  endfacet
  facet normal 0.766344 0.588076 0.258619
    outer loop
      vertex 10.3966 7.27974 9.81371
      vertex 9.72252 8.15816 9.81371
      vertex 10.1561 7.11138 10.9092
    endloop
  endfacet
  facet normal 0.596639 0.380099 0.706786
    outer loop
      vertex 7.85125 5.4975 15.7827
      vertex 7.19434 5.03753 16.5846
      vertex 8.30051 4.7923 15.7827
    endloop
  endfacet
  facet normal 0.572108 0.745595 0.341731
    outer loop
      vertex 7.96949 9.49766 10.9092
      vertex 6.8889 9.83837 11.9749
      vertex 7.72016 9.20053 11.9749
    endloop
  endfacet
  facet normal 0.856855 0.446022 0.258579
    outer loop
      vertex 10.9915 6.34592 9.81371
      vertex 10.7373 6.19916 10.9092
      vertex 11.2367 5.23976 10.9092
    endloop
  endfacet
  facet normal 0.687233 0.527334 0.499629
    outer loop
      vertex 9.44576 6.61399 13.0027
      vertex 8.39898 7.04758 13.9849
      vertex 8.98126 6.28874 13.9849
    endloop
  endfacet
  facet normal 0.692895 0.634914 0.341731
    outer loop
      vertex 9.49766 7.96949 10.9092
      vertex 8.76694 8.76694 10.9092
      vertex 9.20053 7.72016 11.9749
    endloop
  endfacet
  facet normal 0.766375 0.588051 0.258583
    outer loop
      vertex 9.72252 8.15816 9.81371
      vertex 9.49766 7.96949 10.9092
      vertex 10.1561 7.11138 10.9092
    endloop
  endfacet
  facet normal 0.972584 0.215648 0.0870384
    outer loop
      vertex 12.7903 2.25528 7.56705
      vertex 12.4496 3.33586 8.69684
      vertex 12.693 2.23811 8.69684
    endloop
  endfacet
  facet normal 0.734481 0.67302 0.0870695
    outer loop
      vertex 9.18364 9.18364 7.56705
      vertex 9.11375 9.11375 8.69684
      vertex 9.87338 8.28475 8.69684
    endloop
  endfacet
  facet normal 0.0642898 -0.0589117 0.996191
    outer loop
      vertex 1.29986 -1.09071 19.8888
      vertex 0.400966 -0.400966 19.9876
      vertex 1.19985 -1.19985 19.8888
    endloop
  endfacet
  facet normal 0.316263 -0.130994 0.939584
    outer loop
      vertex 3.67342 -1.33702 19.3983
      vertex 3.54292 -1.65209 19.3983
      vertex 4.50878 -2.10248 19.0104
    endloop
  endfacet
  facet normal -0.23931 -0.0991207 0.965871
    outer loop
      vertex -2.55009 -1.18913 19.6918
      vertex -3.67342 -1.33702 19.3983
      vertex -3.54292 -1.65209 19.3983
    endloop
  endfacet
  facet normal -0.172376 0.0226916 0.98477
    outer loop
      vertex -1.67106 0.294653 19.8888
      vertex -2.80301 0.245231 19.6918
      vertex -1.69038 0.147889 19.8888
    endloop
  endfacet
  facet normal -0.033807 0.25681 0.96587
    outer loop
      vertex -0.340707 3.8943 19.3983
      vertex -0.678821 3.84979 19.3983
      vertex -0.488596 2.77097 19.6918
    endloop
  endfacet
  facet normal 0.153112 0.69066 0.706785
    outer loop
      vertex 1.66435 9.43899 15.7827
      vertex 1.52509 8.64924 16.5846
      vertex 2.27312 8.48341 16.5846
    endloop
  endfacet
  facet normal -0.0805619 0.0333706 0.996191
    outer loop
      vertex -1.53786 0.717115 19.8888
      vertex -1.59451 0.580353 19.8888
      vertex -0.513924 0.239646 19.9876
    endloop
  endfacet
  facet normal 0.0735427 -0.0468536 0.996191
    outer loop
      vertex 1.46951 -0.84842 19.8888
      vertex 0.491081 -0.283525 19.9876
      vertex 1.38997 -0.973268 19.8888
    endloop
  endfacet
  facet normal 0.0112912 0.258781 0.96587
    outer loop
      vertex 0.340707 3.8943 19.3983
      vertex 0 2.81371 19.6918
      vertex 0.245231 2.80301 19.6918
    endloop
  endfacet
  facet normal -0.0864542 0.0113808 0.996191
    outer loop
      vertex -1.67106 0.294653 19.8888
      vertex -1.69038 0.147889 19.8888
      vertex -0.564894 0.0494213 19.9876
    endloop
  endfacet
  facet normal -0.957697 0.126152 0.258656
    outer loop
      vertex -12.499 2.20392 9.81371
      vertex -12.6436 1.10617 9.81371
      vertex -12.3511 1.08058 10.9092
    endloop
  endfacet
  facet normal -0.938898 -0.0409901 0.341746
    outer loop
      vertex -12.0104 0 11.9749
      vertex -12.3983 0 10.9092
      vertex -11.9647 -1.04678 11.9749
    endloop
  endfacet
  facet normal -0.987676 0.130039 0.087102
    outer loop
      vertex -12.7903 2.25528 7.56705
      vertex -12.9382 1.13195 7.56705
      vertex -12.8397 1.12333 8.69684
    endloop
  endfacet
  facet normal -0.976409 0.128491 0.173535
    outer loop
      vertex -12.693 2.23811 8.69684
      vertex -12.8397 1.12333 8.69684
      vertex -12.499 2.20392 9.81371
    endloop
  endfacet
  facet normal -0.477166 0.150453 0.865839
    outer loop
      vertex -6.56365 2.38897 17.9641
      vertex -6.74689 1.80782 17.9641
      vertex -5.64072 2.05305 18.5311
    endloop
  endfacet
  facet normal -0.858798 0.113111 0.499671
    outer loop
      vertex -10.7975 1.90389 13.9849
      vertex -11.356 2.00236 13.0027
      vertex -10.9224 0.955583 13.9849
    endloop
  endfacet
  facet normal 0.331442 0.800309 0.499651
    outer loop
      vertex 4.87327 10.4508 13.0027
      vertex 3.94388 10.8357 13.0027
      vertex 4.63362 9.93684 13.9849
    endloop
  endfacet
  facet normal -0.0428729 0.983915 0.173415
    outer loop
      vertex 0 12.6918 9.81371
      vertex -1.12333 12.8397 8.69684
      vertex -1.10617 12.6436 9.81371
    endloop
  endfacet
  facet normal -0.203405 0.917512 0.341758
    outer loop
      vertex -2.15295 12.21 10.9092
      vertex -3.20892 11.9759 10.9092
      vertex -3.10853 11.6012 11.9749
    endloop
  endfacet
  facet normal -0.585221 0.638661 0.499628
    outer loop
      vertex -7.41207 8.83337 13.0027
      vertex -8.15375 8.15375 13.0027
      vertex -7.04758 8.39898 13.9849
    endloop
  endfacet
  facet normal -0.865417 0.0377167 0.499631
    outer loop
      vertex -11.4873 1.005 13.0027
      vertex -11.5311 0 13.0027
      vertex -10.9224 0.955583 13.9849
    endloop
  endfacet
  facet normal -0.642543 -0.0280534 0.765736
    outer loop
      vertex -7.9139 0 17.3136
      vertex -8.78267 0 16.5846
      vertex -8.74925 -0.76546 16.5846
    endloop
  endfacet
  facet normal -0.745597 -0.572107 0.341729
    outer loop
      vertex -9.83837 -6.8889 11.9749
      vertex -10.1561 -7.11138 10.9092
      vertex -9.49766 -7.96949 10.9092
    endloop
  endfacet
  facet normal -0.477166 -0.150453 0.865839
    outer loop
      vertex -5.64072 -2.05305 18.5311
      vertex -6.74689 -1.80782 17.9641
      vertex -6.56365 -2.38897 17.9641
    endloop
  endfacet
  facet normal -0.792598 0.504985 0.34173
    outer loop
      vertex -10.1561 7.11138 10.9092
      vertex -10.7373 6.19916 10.9092
      vertex -9.83837 6.8889 11.9749
    endloop
  endfacet
  facet normal -0.668309 0.612388 0.422307
    outer loop
      vertex -8.15375 8.15375 13.0027
      vertex -9.20053 7.72016 11.9749
      vertex -8.83337 7.41207 13.0027
    endloop
  endfacet
  facet normal -0.923877 0.382691 0
    outer loop
      vertex -12.2044 4.44203 7
      vertex -11.7708 5.48881 7.56705
      vertex -11.7708 5.48881 7
    endloop
  endfacet
  facet normal -0.923877 0.382691 0
    outer loop
      vertex -11.7708 5.48881 7.56705
      vertex -12.2044 4.44203 7
      vertex -12.2044 4.44203 7.56705
    endloop
  endfacet
  facet normal -0.939262 0.296136 0.173468
    outer loop
      vertex -12.1115 4.40822 8.69684
      vertex -12.4496 3.33586 8.69684
      vertex -12.2594 3.28489 9.81371
    endloop
  endfacet
  facet normal -0.596637 0.380111 0.706781
    outer loop
      vertex -7.19434 5.03753 16.5846
      vertex -8.30051 4.7923 15.7827
      vertex -7.60602 4.39134 16.5846
    endloop
  endfacet
  facet normal -0.868247 0.359669 0.341738
    outer loop
      vertex -10.8851 5.07583 11.9749
      vertex -11.6506 4.24047 10.9092
      vertex -11.2861 4.10781 11.9749
    endloop
  endfacet
  facet normal -0.0376315 0.169742 0.98477
    outer loop
      vertex -0.294653 1.67106 19.8888
      vertex -0.728243 2.71784 19.6918
      vertex -0.439174 1.63902 19.8888
    endloop
  endfacet
  facet normal -0.764498 0.487036 0.422301
    outer loop
      vertex -9.83837 6.8889 11.9749
      vertex -9.98626 5.76557 13.0027
      vertex -9.44576 6.61399 13.0027
    endloop
  endfacet
  facet normal -0.60643 0.790355 0.0870712
    outer loop
      vertex -7.4494 10.6388 7.56705
      vertex -8.34828 9.9491 7.56705
      vertex -8.28475 9.87338 8.69684
    endloop
  endfacet
  facet normal -0.764519 0.487021 0.422281
    outer loop
      vertex -9.83837 6.8889 11.9749
      vertex -10.4013 6.00522 11.9749
      vertex -9.98626 5.76557 13.0027
    endloop
  endfacet
  facet normal -0.766375 0.588051 0.258583
    outer loop
      vertex -9.72252 8.15816 9.81371
      vertex -10.1561 7.11138 10.9092
      vertex -9.49766 7.96949 10.9092
    endloop
  endfacet
  facet normal -0.950096 0.299556 0.0870886
    outer loop
      vertex -12.2044 4.44203 7.56705
      vertex -12.5451 3.36144 7.56705
      vertex -12.1115 4.40822 8.69684
    endloop
  endfacet
  facet normal -0.938898 0.0409901 0.341746
    outer loop
      vertex -11.9647 1.04678 11.9749
      vertex -12.3983 0 10.9092
      vertex -12.0104 0 11.9749
    endloop
  endfacet
  facet normal -0.883631 -0.460016 0.0870718
    outer loop
      vertex -11.162 -6.44439 8.69684
      vertex -11.7708 -5.48881 7.56705
      vertex -11.2476 -6.49381 7.56705
    endloop
  endfacet
  facet normal -0.830623 -0.52913 0.173453
    outer loop
      vertex -10.9915 -6.34592 9.81371
      vertex -11.162 -6.44439 8.69684
      vertex -10.5579 -7.3927 8.69684
    endloop
  endfacet
  facet normal -0.745595 -0.572108 0.341731
    outer loop
      vertex -9.20053 -7.72016 11.9749
      vertex -9.83837 -6.8889 11.9749
      vertex -9.49766 -7.96949 10.9092
    endloop
  endfacet
  facet normal -0.976414 -0.128617 0.173415
    outer loop
      vertex -12.6436 -1.10617 9.81371
      vertex -12.8397 -1.12333 8.69684
      vertex -12.499 -2.20392 9.81371
    endloop
  endfacet
  facet normal -0.665346 -0.726096 0.173489
    outer loop
      vertex -8.15816 -9.72252 9.81371
      vertex -8.97449 -8.97449 9.81371
      vertex -8.28475 -9.87338 8.69684
    endloop
  endfacet
  facet normal -0.818592 -0.0357894 0.57326
    outer loop
      vertex -10.3136 0 14.9139
      vertex -10.9224 -0.955583 13.9849
      vertex -10.2743 -0.898889 14.9139
    endloop
  endfacet
  facet normal -0.917514 0.203426 0.341741
    outer loop
      vertex -11.6012 3.10853 11.9749
      vertex -12.21 2.15295 10.9092
      vertex -11.828 2.08559 11.9749
    endloop
  endfacet
  facet normal -0.588076 -0.766344 0.258619
    outer loop
      vertex -7.11138 -10.1561 10.9092
      vertex -8.15816 -9.72252 9.81371
      vertex -7.27974 -10.3966 9.81371
    endloop
  endfacet
  facet normal -0.673021 -0.73448 0.0870709
    outer loop
      vertex -8.28475 -9.87338 8.69684
      vertex -9.18364 -9.18364 7.56705
      vertex -8.34828 -9.9491 7.56705
    endloop
  endfacet
  facet normal -0.781314 -0.599546 0.173476
    outer loop
      vertex -10.3966 -7.27974 9.81371
      vertex -10.5579 -7.3927 8.69684
      vertex -9.87338 -8.28475 8.69684
    endloop
  endfacet
  facet normal -0.165817 -0.0522801 0.98477
    outer loop
      vertex -1.63902 -0.439174 19.8888
      vertex -2.71784 -0.728243 19.6918
      vertex -2.64403 -0.962347 19.6918
    endloop
  endfacet
  facet normal 0.596639 -0.380099 0.706786
    outer loop
      vertex 8.30051 -4.7923 15.7827
      vertex 7.19434 -5.03753 16.5846
      vertex 7.85125 -5.4975 15.7827
    endloop
  endfacet
  facet normal 0.553585 -0.604129 0.573212
    outer loop
      vertex 7.29281 -7.29281 14.9139
      vertex 6.62945 -7.90067 14.9139
      vertex 7.04758 -8.39898 13.9849
    endloop
  endfacet
  facet normal -0.701377 -0.0923385 0.706784
    outer loop
      vertex -8.74925 -0.76546 16.5846
      vertex -9.54813 -0.835353 15.7827
      vertex -9.43899 -1.66435 15.7827
    endloop
  endfacet
  facet normal -0.78148 -0.246378 0.573224
    outer loop
      vertex -9.69161 -3.52746 14.9139
      vertex -10.5905 -2.83771 13.9849
      vertex -10.3029 -3.74994 13.9849
    endloop
  endfacet
  facet normal 0.137936 0.105843 0.984769
    outer loop
      vertex 2.15543 1.80862 19.6918
      vertex 1.29986 1.09071 19.8888
      vertex 2.30486 1.61388 19.6918
    endloop
  endfacet
  facet normal -0.612388 -0.668309 0.422307
    outer loop
      vertex -7.41207 -8.83337 13.0027
      vertex -8.15375 -8.15375 13.0027
      vertex -7.72016 -9.20053 11.9749
    endloop
  endfacet
  facet normal -0.496043 -0.0653031 0.865839
    outer loop
      vertex -5.97989 -0.523172 18.5311
      vertex -6.87878 -1.21291 17.9641
      vertex -5.91154 -1.04236 18.5311
    endloop
  endfacet
  facet normal -0.285744 -0.311832 0.906152
    outer loop
      vertex -3.51777 -3.51777 19.0104
      vertex -4.24457 -4.24457 18.5311
      vertex -3.85848 -4.59836 18.5311
    endloop
  endfacet
  facet normal -0.418553 -0.804049 0.422279
    outer loop
      vertex -5.76557 -9.98626 13.0027
      vertex -6.00522 -10.4013 11.9749
      vertex -5.07583 -10.8851 11.9749
    endloop
  endfacet
  facet normal -0.433919 -0.833603 0.341789
    outer loop
      vertex -6.00522 -10.4013 11.9749
      vertex -6.19916 -10.7373 10.9092
      vertex -5.23976 -11.2367 10.9092
    endloop
  endfacet
  facet normal -0.260469 -0.826173 0.499593
    outer loop
      vertex -3.74994 -10.3029 13.9849
      vertex -3.94388 -10.8357 13.0027
      vertex -2.83771 -10.5905 13.9849
    endloop
  endfacet
  facet normal 0.0749111 -0.569036 0.818893
    outer loop
      vertex 1.21291 -6.87878 17.9641
      vertex 0.689741 -7.88378 17.3136
      vertex 1.37423 -7.79367 17.3136
    endloop
  endfacet
  facet normal -0.487036 -0.764498 0.422301
    outer loop
      vertex -6.61399 -9.44576 13.0027
      vertex -6.8889 -9.83837 11.9749
      vertex -5.76557 -9.98626 13.0027
    endloop
  endfacet
  facet normal -0.465427 -0.730581 0.499629
    outer loop
      vertex -6.28874 -8.98126 13.9849
      vertex -6.61399 -9.44576 13.0027
      vertex -5.48204 -9.49518 13.9849
    endloop
  endfacet
  facet normal -0.300699 -0.953719 0
    outer loop
      vertex -4.44203 -12.2044 7
      vertex -3.36144 -12.5451 7.56705
      vertex -4.44203 -12.2044 7.56705
    endloop
  endfacet
  facet normal -0.300699 -0.953719 -0
    outer loop
      vertex -3.36144 -12.5451 7.56705
      vertex -4.44203 -12.2044 7
      vertex -3.36144 -12.5451 7
    endloop
  endfacet
  facet normal -0.369658 -0.892467 0.258566
    outer loop
      vertex -4.24047 -11.6506 10.9092
      vertex -5.36381 -11.5027 9.81371
      vertex -4.34087 -11.9264 9.81371
    endloop
  endfacet
  facet normal -0.535273 -0.84018 0.0870715
    outer loop
      vertex -6.44439 -11.162 8.69684
      vertex -7.4494 -10.6388 7.56705
      vertex -6.49381 -11.2476 7.56705
    endloop
  endfacet
  facet normal -0.128617 -0.976414 0.173415
    outer loop
      vertex -1.10617 -12.6436 9.81371
      vertex -2.20392 -12.499 9.81371
      vertex -1.12333 -12.8397 8.69684
    endloop
  endfacet
  facet normal 0.840208 -0.535236 0.0870256
    outer loop
      vertex 11.162 -6.44439 8.69684
      vertex 10.5579 -7.3927 8.69684
      vertex 10.6388 -7.4494 7.56705
    endloop
  endfacet
  facet normal -0.67302 0.734481 0.0870695
    outer loop
      vertex -8.28475 9.87338 8.69684
      vertex -9.18364 9.18364 7.56705
      vertex -9.11375 9.11375 8.69684
    endloop
  endfacet
  facet normal 0.976414 -0.128617 0.173415
    outer loop
      vertex 12.6436 -1.10617 9.81371
      vertex 12.499 -2.20392 9.81371
      vertex 12.8397 -1.12333 8.69684
    endloop
  endfacet
  facet normal 0.818626 0.0357234 0.573215
    outer loop
      vertex 10.9224 0.955583 13.9849
      vertex 10.3136 0 14.9139
      vertex 10.9641 0 13.9849
    endloop
  endfacet
  facet normal 0.938904 -0.0410116 0.341727
    outer loop
      vertex 12.3983 0 10.9092
      vertex 11.9647 -1.04678 11.9749
      vertex 12.3511 -1.08058 10.9092
    endloop
  endfacet
  facet normal 0.921273 -0.290521 0.258562
    outer loop
      vertex 11.9759 -3.20892 10.9092
      vertex 11.9264 -4.34087 9.81371
      vertex 12.2594 -3.28489 9.81371
    endloop
  endfacet
  facet normal 0.976409 -0.128491 0.173535
    outer loop
      vertex 12.8397 -1.12333 8.69684
      vertex 12.499 -2.20392 9.81371
      vertex 12.693 -2.23811 8.69684
    endloop
  endfacet
  facet normal 0.898723 -0.118315 0.422255
    outer loop
      vertex 11.4873 -1.005 13.0027
      vertex 11.356 -2.00236 13.0027
      vertex 11.9647 -1.04678 11.9749
    endloop
  endfacet
  facet normal 0.845721 0.187471 0.49961
    outer loop
      vertex 11.1382 2.98448 13.0027
      vertex 10.5905 2.83771 13.9849
      vertex 10.7975 1.90389 13.9849
    endloop
  endfacet
  facet normal 0.905589 0.0395359 0.422309
    outer loop
      vertex 11.9647 1.04678 11.9749
      vertex 11.5311 0 13.0027
      vertex 12.0104 0 11.9749
    endloop
  endfacet
  facet normal 0.884959 -0.196253 0.422295
    outer loop
      vertex 11.356 -2.00236 13.0027
      vertex 11.1382 -2.98448 13.0027
      vertex 11.828 -2.08559 11.9749
    endloop
  endfacet
  facet normal 0.454755 -0.873563 0.173451
    outer loop
      vertex 6.34592 -10.9915 9.81371
      vertex 5.44703 -11.6812 8.69684
      vertex 6.44439 -11.162 8.69684
    endloop
  endfacet
  facet normal -0.043005 -0.983887 0.173544
    outer loop
      vertex 0 -12.6918 9.81371
      vertex -1.12333 -12.8397 8.69684
      vertex 0 -12.8888 8.69684
    endloop
  endfacet
  facet normal 0.606466 -0.790332 0.087029
    outer loop
      vertex 8.28475 -9.87338 8.69684
      vertex 7.3927 -10.5579 8.69684
      vertex 7.4494 -10.6388 7.56705
    endloop
  endfacet
  facet normal 0.535236 -0.840208 0.0870256
    outer loop
      vertex 7.3927 -10.5579 8.69684
      vertex 6.44439 -11.162 8.69684
      vertex 7.4494 -10.6388 7.56705
    endloop
  endfacet
  facet normal 0.454708 -0.873578 0.173498
    outer loop
      vertex 6.34592 -10.9915 9.81371
      vertex 5.36381 -11.5027 9.81371
      vertex 5.44703 -11.6812 8.69684
    endloop
  endfacet
  facet normal 0.504985 -0.792598 0.34173
    outer loop
      vertex 6.8889 -9.83837 11.9749
      vertex 6.19916 -10.7373 10.9092
      vertex 7.11138 -10.1561 10.9092
    endloop
  endfacet
  facet normal 0.378361 -0.726823 0.573212
    outer loop
      vertex 5.48204 -9.49518 13.9849
      vertex 4.35871 -9.34729 14.9139
      vertex 4.63362 -9.93684 13.9849
    endloop
  endfacet
  facet normal 0.588051 -0.766375 0.258583
    outer loop
      vertex 7.96949 -9.49766 10.9092
      vertex 7.11138 -10.1561 10.9092
      vertex 8.15816 -9.72252 9.81371
    endloop
  endfacet
  facet normal 0.764519 -0.487021 0.422281
    outer loop
      vertex 9.98626 -5.76557 13.0027
      vertex 9.83837 -6.8889 11.9749
      vertex 10.4013 -6.00522 11.9749
    endloop
  endfacet
  facet normal 0.917514 -0.203426 0.341741
    outer loop
      vertex 11.828 -2.08559 11.9749
      vertex 11.6012 -3.10853 11.9749
      vertex 12.21 -2.15295 10.9092
    endloop
  endfacet
  facet normal 0.804049 -0.418553 0.422279
    outer loop
      vertex 10.8851 -5.07583 11.9749
      vertex 9.98626 -5.76557 13.0027
      vertex 10.4013 -6.00522 11.9749
    endloop
  endfacet
  facet normal 0.833603 -0.433919 0.341789
    outer loop
      vertex 11.2367 -5.23976 10.9092
      vertex 10.4013 -6.00522 11.9749
      vertex 10.7373 -6.19916 10.9092
    endloop
  endfacet
  facet normal 0.60799 -0.466524 0.64242
    outer loop
      vertex 8.4484 -5.91563 14.9139
      vertex 7.34223 -6.16086 15.7827
      vertex 7.90067 -6.62945 14.9139
    endloop
  endfacet
  facet normal 0.768352 -0.399979 0.499651
    outer loop
      vertex 9.93684 -4.63362 13.9849
      vertex 9.49518 -5.48204 13.9849
      vertex 10.4508 -4.87327 13.0027
    endloop
  endfacet
  facet normal 0.368881 -0.338009 0.865839
    outer loop
      vertex 5.35074 -4.4898 17.9641
      vertex 4.59836 -3.85848 18.5311
      vertex 4.93907 -4.93907 17.9641
    endloop
  endfacet
  facet normal 0.260488 -0.826157 0.499611
    outer loop
      vertex 3.94388 -10.8357 13.0027
      vertex 2.83771 -10.5905 13.9849
      vertex 2.98448 -11.1382 13.0027
    endloop
  endfacet
  facet normal 0.356718 -0.227251 0.906151
    outer loop
      vertex 4.30838 -2.48744 19.0104
      vertex 4.07519 -2.85348 19.0104
      vertex 4.91715 -3.44303 18.5311
    endloop
  endfacet
  facet normal 0.288709 -0.183925 0.939584
    outer loop
      vertex 4.30838 -2.48744 19.0104
      vertex 3.20221 -2.24221 19.3983
      vertex 4.07519 -2.85348 19.0104
    endloop
  endfacet
  facet normal 0.313591 -0.757017 0.573224
    outer loop
      vertex 4.63362 -9.93684 13.9849
      vertex 3.52746 -9.69161 14.9139
      vertex 3.74994 -10.3029 13.9849
    endloop
  endfacet
  facet normal -0.349395 -0.455339 0.818895
    outer loop
      vertex -4.4898 -5.35074 17.9641
      vertex -4.53923 -6.48269 17.3136
      vertex -4.00637 -5.72169 17.9641
    endloop
  endfacet
  facet normal -0.0409901 -0.938898 0.341746
    outer loop
      vertex 0 -12.0104 11.9749
      vertex -1.04678 -11.9647 11.9749
      vertex 0 -12.3983 10.9092
    endloop
  endfacet
  facet normal -0.215648 -0.972584 0.0870384
    outer loop
      vertex -2.23811 -12.693 8.69684
      vertex -3.33586 -12.4496 8.69684
      vertex -2.25528 -12.7903 7.56705
    endloop
  endfacet
  facet normal 0.18754 -0.845671 0.499669
    outer loop
      vertex 2.98448 -11.1382 13.0027
      vertex 1.90389 -10.7975 13.9849
      vertex 2.00236 -11.356 13.0027
    endloop
  endfacet
  facet normal -0.0394687 -0.905619 0.422253
    outer loop
      vertex -1.005 -11.4873 13.0027
      vertex -1.04678 -11.9647 11.9749
      vertex 0 -11.5311 13.0027
    endloop
  endfacet
  facet normal 0.0436 -0.999049 0
    outer loop
      vertex 0 -12.9876 7
      vertex 1.13195 -12.9382 7.56705
      vertex 0 -12.9876 7.56705
    endloop
  endfacet
  facet normal 0.0436 -0.999049 0
    outer loop
      vertex 1.13195 -12.9382 7.56705
      vertex 0 -12.9876 7
      vertex 1.13195 -12.9382 7
    endloop
  endfacet
  facet normal 0.129975 -0.98769 0.0870373
    outer loop
      vertex 2.23811 -12.693 8.69684
      vertex 1.12333 -12.8397 8.69684
      vertex 2.25528 -12.7903 7.56705
    endloop
  endfacet
  facet normal 0.390761 -0.161852 0.906151
    outer loop
      vertex 4.67486 -1.70151 19.0104
      vertex 4.50878 -2.10248 19.0104
      vertex 5.64072 -2.05305 18.5311
    endloop
  endfacet
  facet normal 0.303637 -0.158072 0.939584
    outer loop
      vertex 3.54292 -1.65209 19.3983
      vertex 3.38544 -1.95459 19.3983
      vertex 4.50878 -2.10248 19.0104
    endloop
  endfacet
  facet normal 0.137939 0.105837 0.98477
    outer loop
      vertex 2.30486 1.61388 19.6918
      vertex 1.29986 1.09071 19.8888
      vertex 1.38997 0.973268 19.8888
    endloop
  endfacet
  facet normal -0.0642898 0.0589117 0.996191
    outer loop
      vertex -1.19985 1.19985 19.8888
      vertex -1.29986 1.09071 19.8888
      vertex -0.400966 0.400966 19.9876
    endloop
  endfacet
  facet normal 0.419334 -0.0552045 0.906152
    outer loop
      vertex 5.97989 -0.523172 18.5311
      vertex 4.95595 -0.433589 19.0104
      vertex 5.91154 -1.04236 18.5311
    endloop
  endfacet
  facet normal -0.0871169 0.00380539 0.996191
    outer loop
      vertex -1.69038 0.147889 19.8888
      vertex -1.69684 0 19.8888
      vertex -0.567052 0 19.9876
    endloop
  endfacet
  facet normal 0.488463 -0.108296 0.865838
    outer loop
      vertex 5.91154 -1.04236 18.5311
      vertex 5.79819 -1.55362 18.5311
      vertex 6.87878 -1.21291 17.9641
    endloop
  endfacet
  facet normal 0.356718 0.227251 0.906151
    outer loop
      vertex 4.91715 3.44303 18.5311
      vertex 4.07519 2.85348 19.0104
      vertex 4.30838 2.48744 19.0104
    endloop
  endfacet
  facet normal 0.781483 -0.2464 0.573211
    outer loop
      vertex 9.96217 -2.66935 14.9139
      vertex 9.69161 -3.52746 14.9139
      vertex 10.5905 -2.83771 13.9849
    endloop
  endfacet
  facet normal 0.642543 0.0280534 0.765736
    outer loop
      vertex 8.74925 0.76546 16.5846
      vertex 7.9139 0 17.3136
      vertex 8.78267 0 16.5846
    endloop
  endfacet
  facet normal 0.316263 -0.130995 0.939584
    outer loop
      vertex 4.67486 -1.70151 19.0104
      vertex 3.67342 -1.33702 19.3983
      vertex 4.50878 -2.10248 19.0104
    endloop
  endfacet
  facet normal 0.25878 0.0112943 0.96587
    outer loop
      vertex 3.8943 0.340707 19.3983
      vertex 2.81371 0 19.6918
      vertex 3.90917 0 19.3983
    endloop
  endfacet
  facet normal 0.252886 -0.0560687 0.96587
    outer loop
      vertex 3.84979 -0.678821 19.3983
      vertex 2.71784 -0.728243 19.6918
      vertex 3.77597 -1.01177 19.3983
    endloop
  endfacet
  facet normal 0.42255 -0.0184472 0.906152
    outer loop
      vertex 6.00273 0 18.5311
      vertex 4.95595 -0.433589 19.0104
      vertex 5.97989 -0.523172 18.5311
    endloop
  endfacet
  facet normal -0.0377167 0.865417 0.499631
    outer loop
      vertex 0 11.5311 13.0027
      vertex -1.005 11.4873 13.0027
      vertex -0.955583 10.9224 13.9849
    endloop
  endfacet
  facet normal 0.599555 0.781304 0.173489
    outer loop
      vertex 8.28475 9.87338 8.69684
      vertex 7.27974 10.3966 9.81371
      vertex 8.15816 9.72252 9.81371
    endloop
  endfacet
  facet normal 0.465427 0.730581 0.499629
    outer loop
      vertex 6.61399 9.44576 13.0027
      vertex 5.48204 9.49518 13.9849
      vertex 6.28874 8.98126 13.9849
    endloop
  endfacet
  facet normal 0.668307 0.612394 0.422302
    outer loop
      vertex 8.49266 8.49266 11.9749
      vertex 8.15375 8.15375 13.0027
      vertex 9.20053 7.72016 11.9749
    endloop
  endfacet
  facet normal 0.668309 0.612388 0.422307
    outer loop
      vertex 9.20053 7.72016 11.9749
      vertex 8.15375 8.15375 13.0027
      vertex 8.83337 7.41207 13.0027
    endloop
  endfacet
  facet normal 0.972592 0.215592 0.0870935
    outer loop
      vertex 12.5451 3.36144 7.56705
      vertex 12.4496 3.33586 8.69684
      vertex 12.7903 2.25528 7.56705
    endloop
  endfacet
  facet normal 0.865417 0.0377167 0.499631
    outer loop
      vertex 11.4873 1.005 13.0027
      vertex 10.9224 0.955583 13.9849
      vertex 11.5311 0 13.0027
    endloop
  endfacet
  facet normal 0.331525 0.800311 0.499594
    outer loop
      vertex 3.94388 10.8357 13.0027
      vertex 3.74994 10.3029 13.9849
      vertex 4.63362 9.93684 13.9849
    endloop
  endfacet
  facet normal 0.551816 0.719139 0.422301
    outer loop
      vertex 6.8889 9.83837 11.9749
      vertex 6.61399 9.44576 13.0027
      vertex 7.41207 8.83337 13.0027
    endloop
  endfacet
  facet normal 0.560341 0.124224 0.818893
    outer loop
      vertex 7.64424 2.04827 17.3136
      vertex 6.87878 1.21291 17.9641
      vertex 7.79367 1.37423 17.3136
    endloop
  endfacet
  facet normal 0.69066 0.153112 0.706785
    outer loop
      vertex 9.43899 1.66435 15.7827
      vertex 8.48341 2.27312 16.5846
      vertex 8.64924 1.52509 16.5846
    endloop
  endfacet
  facet normal 0.613387 0.193402 0.765737
    outer loop
      vertex 8.25301 3.00385 16.5846
      vertex 7.64424 2.04827 17.3136
      vertex 8.48341 2.27312 16.5846
    endloop
  endfacet
  facet normal 0.570486 0.29697 0.765738
    outer loop
      vertex 7.60602 4.39134 16.5846
      vertex 6.85364 3.95695 17.3136
      vertex 7.9598 3.71172 16.5846
    endloop
  endfacet
  facet normal 0.338013 0.368872 0.865841
    outer loop
      vertex 4.93907 4.93907 17.9641
      vertex 3.85848 4.59836 18.5311
      vertex 4.24457 4.24457 18.5311
    endloop
  endfacet
  facet normal 0.380111 0.596637 0.706781
    outer loop
      vertex 4.7923 8.30051 15.7827
      vertex 4.39134 7.60602 16.5846
      vertex 5.03753 7.19434 16.5846
    endloop
  endfacet
  facet normal 0.139177 0.218458 0.96587
    outer loop
      vertex 2.24221 3.20221 19.3983
      vertex 1.40686 2.43675 19.6918
      vertex 1.61388 2.30486 19.6918
    endloop
  endfacet
  facet normal 0.127185 0.403379 0.906151
    outer loop
      vertex 1.55362 5.79819 18.5311
      vertex 1.28759 4.80537 19.0104
      vertex 2.05305 5.64072 18.5311
    endloop
  endfacet
  facet normal 0.412928 0.0915491 0.906151
    outer loop
      vertex 5.79819 1.55362 18.5311
      vertex 4.80537 1.28759 19.0104
      vertex 5.91154 1.04236 18.5311
    endloop
  endfacet
  facet normal 0.484055 0.308384 0.818895
    outer loop
      vertex 6.48269 4.53923 17.3136
      vertex 5.72169 4.00637 17.9641
      vertex 6.0491 3.49245 17.9641
    endloop
  endfacet
  facet normal 0.708018 0.293275 0.642418
    outer loop
      vertex 9.34729 4.35871 14.9139
      vertex 8.6866 4.05063 15.7827
      vertex 9.69161 3.52746 14.9139
    endloop
  endfacet
  facet normal 0.268828 0.421966 0.865838
    outer loop
      vertex 3.49245 6.0491 17.9641
      vertex 3.44303 4.91715 18.5311
      vertex 4.00637 5.72169 17.9641
    endloop
  endfacet
  facet normal 0.868247 0.359669 0.341738
    outer loop
      vertex 11.6506 4.24047 10.9092
      vertex 10.8851 5.07583 11.9749
      vertex 11.2861 4.10781 11.9749
    endloop
  endfacet
  facet normal 0.892469 0.369655 0.258562
    outer loop
      vertex 11.5027 5.36381 9.81371
      vertex 11.2367 5.23976 10.9092
      vertex 11.6506 4.24047 10.9092
    endloop
  endfacet
  facet normal 0.790332 0.606466 0.087029
    outer loop
      vertex 10.6388 7.4494 7.56705
      vertex 9.87338 8.28475 8.69684
      vertex 10.5579 7.3927 8.69684
    endloop
  endfacet
  facet normal 0.527334 0.687233 0.499629
    outer loop
      vertex 7.41207 8.83337 13.0027
      vertex 6.61399 9.44576 13.0027
      vertex 7.04758 8.39898 13.9849
    endloop
  endfacet
  facet normal 0.551809 0.719141 0.422307
    outer loop
      vertex 7.72016 9.20053 11.9749
      vertex 6.8889 9.83837 11.9749
      vertex 7.41207 8.83337 13.0027
    endloop
  endfacet
  facet normal 0.604129 0.553585 0.573212
    outer loop
      vertex 8.39898 7.04758 13.9849
      vertex 7.29281 7.29281 14.9139
      vertex 7.90067 6.62945 14.9139
    endloop
  endfacet
  facet normal 0.585221 0.638661 0.499628
    outer loop
      vertex 7.41207 8.83337 13.0027
      vertex 7.04758 8.39898 13.9849
      vertex 8.15375 8.15375 13.0027
    endloop
  endfacet
  facet normal 0.634914 0.692895 0.341731
    outer loop
      vertex 7.96949 9.49766 10.9092
      vertex 7.72016 9.20053 11.9749
      vertex 8.76694 8.76694 10.9092
    endloop
  endfacet
  facet normal 0.634918 0.692888 0.341738
    outer loop
      vertex 8.76694 8.76694 10.9092
      vertex 7.72016 9.20053 11.9749
      vertex 8.49266 8.49266 11.9749
    endloop
  endfacet
  facet normal 0.530257 0.219635 0.818894
    outer loop
      vertex 7.17243 3.34456 17.3136
      vertex 6.56365 2.38897 17.9641
      vertex 7.43663 2.70671 17.3136
    endloop
  endfacet
  facet normal 0.764519 0.487021 0.422281
    outer loop
      vertex 10.4013 6.00522 11.9749
      vertex 9.83837 6.8889 11.9749
      vertex 9.98626 5.76557 13.0027
    endloop
  endfacet
  facet normal 0.814687 0.519059 0.258579
    outer loop
      vertex 10.9915 6.34592 9.81371
      vertex 10.1561 7.11138 10.9092
      vertex 10.7373 6.19916 10.9092
    endloop
  endfacet
  facet normal 0.814702 0.519014 0.258621
    outer loop
      vertex 10.3966 7.27974 9.81371
      vertex 10.1561 7.11138 10.9092
      vertex 10.9915 6.34592 9.81371
    endloop
  endfacet
  facet normal 0.84018 0.535273 0.0870715
    outer loop
      vertex 11.2476 6.49381 7.56705
      vertex 10.6388 7.4494 7.56705
      vertex 11.162 6.44439 8.69684
    endloop
  endfacet
  facet normal 0.712206 0.652609 0.258582
    outer loop
      vertex 9.72252 8.15816 9.81371
      vertex 8.76694 8.76694 10.9092
      vertex 9.49766 7.96949 10.9092
    endloop
  endfacet
  facet normal -0.00380539 0.0871169 0.996191
    outer loop
      vertex 0 1.69684 19.8888
      vertex -0.147889 1.69038 19.8888
      vertex 0 0.567052 19.9876
    endloop
  endfacet
  facet normal -0.139203 -0.62791 0.765736
    outer loop
      vertex -1.37423 -7.79367 17.3136
      vertex -2.04827 -7.64424 17.3136
      vertex -1.52509 -8.64924 16.5846
    endloop
  endfacet
  facet normal 0.288709 -0.183924 0.939585
    outer loop
      vertex 3.38544 -1.95459 19.3983
      vertex 3.20221 -2.24221 19.3983
      vertex 4.30838 -2.48744 19.0104
    endloop
  endfacet
  facet normal 0.326475 -0.102936 0.939584
    outer loop
      vertex 3.77597 -1.01177 19.3983
      vertex 3.67342 -1.33702 19.3983
      vertex 4.80537 -1.28759 19.0104
    endloop
  endfacet
  facet normal -0.0934198 -0.146634 0.98477
    outer loop
      vertex -0.973268 -1.38997 19.8888
      vertex -1.40686 -2.43675 19.6918
      vertex -0.84842 -1.46951 19.8888
    endloop
  endfacet
  facet normal 0.218463 0.139173 0.96587
    outer loop
      vertex 3.20221 2.24221 19.3983
      vertex 2.43675 1.40686 19.6918
      vertex 3.38544 1.95459 19.3983
    endloop
  endfacet
  facet normal -0.117462 0.128185 0.98477
    outer loop
      vertex -1.09071 1.29986 19.8888
      vertex -1.9896 1.9896 19.6918
      vertex -1.19985 1.19985 19.8888
    endloop
  endfacet
  facet normal 0.218458 0.139177 0.96587
    outer loop
      vertex 3.20221 2.24221 19.3983
      vertex 2.30486 1.61388 19.6918
      vertex 2.43675 1.40686 19.6918
    endloop
  endfacet
  facet normal 0.296976 0.570486 0.765736
    outer loop
      vertex 3.71172 7.9598 16.5846
      vertex 3.34456 7.17243 17.3136
      vertex 3.95695 6.85364 17.3136
    endloop
  endfacet
  facet normal 0.430658 0.561237 0.706786
    outer loop
      vertex 5.4975 7.85125 15.7827
      vertex 5.03753 7.19434 16.5846
      vertex 6.16086 7.34223 15.7827
    endloop
  endfacet
  facet normal -0.0665369 0.160629 0.98477
    outer loop
      vertex -0.962347 2.64403 19.6918
      vertex -1.18913 2.55009 19.6918
      vertex -0.580353 1.59451 19.8888
    endloop
  endfacet
  facet normal -0.108291 0.488462 0.86584
    outer loop
      vertex -1.21291 6.87878 17.9641
      vertex -1.80782 6.74689 17.9641
      vertex -1.55362 5.79819 18.5311
    endloop
  endfacet
  facet normal -0.25878 -0.0112943 0.96587
    outer loop
      vertex -2.81371 0 19.6918
      vertex -3.90917 0 19.3983
      vertex -3.8943 -0.340707 19.3983
    endloop
  endfacet
  facet normal -0.258781 -0.0112912 0.96587
    outer loop
      vertex -2.81371 0 19.6918
      vertex -3.8943 -0.340707 19.3983
      vertex -2.80301 -0.245231 19.6918
    endloop
  endfacet
  facet normal -0.128185 0.117462 0.98477
    outer loop
      vertex -1.19985 1.19985 19.8888
      vertex -1.9896 1.9896 19.6918
      vertex -1.29986 1.09071 19.8888
    endloop
  endfacet
  facet normal 0.165817 0.0522801 0.98477
    outer loop
      vertex 2.64403 0.962347 19.6918
      vertex 1.63902 0.439174 19.8888
      vertex 2.71784 0.728243 19.6918
    endloop
  endfacet
  facet normal -0.247039 -0.0778904 0.96587
    outer loop
      vertex -2.64403 -0.962347 19.6918
      vertex -3.77597 -1.01177 19.3983
      vertex -3.67342 -1.33702 19.3983
    endloop
  endfacet
  facet normal -0.165818 -0.0522781 0.98477
    outer loop
      vertex -1.63902 -0.439174 19.8888
      vertex -2.64403 -0.962347 19.6918
      vertex -1.59451 -0.580353 19.8888
    endloop
  endfacet
  facet normal -0.943105 0.209042 0.258561
    outer loop
      vertex -12.2594 3.28489 9.81371
      vertex -12.499 2.20392 9.81371
      vertex -11.9759 3.20892 10.9092
    endloop
  endfacet
  facet normal -0.905589 0.0395359 0.422309
    outer loop
      vertex -11.9647 1.04678 11.9749
      vertex -12.0104 0 11.9749
      vertex -11.5311 0 13.0027
    endloop
  endfacet
  facet normal -0.995249 0.0435017 0.087102
    outer loop
      vertex -12.8397 1.12333 8.69684
      vertex -12.9382 1.13195 7.56705
      vertex -12.8888 0 8.69684
    endloop
  endfacet
  facet normal -0.674685 0.212729 0.706786
    outer loop
      vertex -8.25301 3.00385 16.5846
      vertex -9.25802 2.48068 15.7827
      vertex -8.48341 2.27312 16.5846
    endloop
  endfacet
  facet normal -0.169742 0.037632 0.98477
    outer loop
      vertex -2.71784 0.728243 19.6918
      vertex -2.77097 0.488596 19.6918
      vertex -1.67106 0.294653 19.8888
    endloop
  endfacet
  facet normal -0.572108 0.745595 0.341731
    outer loop
      vertex -6.8889 9.83837 11.9749
      vertex -7.96949 9.49766 10.9092
      vertex -7.72016 9.20053 11.9749
    endloop
  endfacet
  facet normal -0.296185 0.939236 0.173521
    outer loop
      vertex -3.28489 12.2594 9.81371
      vertex -4.40822 12.1115 8.69684
      vertex -4.34087 11.9264 9.81371
    endloop
  endfacet
  facet normal -0.203426 0.917514 0.341741
    outer loop
      vertex -2.15295 12.21 10.9092
      vertex -3.10853 11.6012 11.9749
      vertex -2.08559 11.828 11.9749
    endloop
  endfacet
  facet normal 0.043005 0.983887 0.173544
    outer loop
      vertex 0 12.8888 8.69684
      vertex 0 12.6918 9.81371
      vertex 1.12333 12.8397 8.69684
    endloop
  endfacet
  facet normal -0.634918 0.692888 0.341738
    outer loop
      vertex -7.72016 9.20053 11.9749
      vertex -8.76694 8.76694 10.9092
      vertex -8.49266 8.49266 11.9749
    endloop
  endfacet
  facet normal -0.177335 0.799994 0.573203
    outer loop
      vertex -1.90389 10.7975 13.9849
      vertex -2.83771 10.5905 13.9849
      vertex -1.79094 10.1569 14.9139
    endloop
  endfacet
  facet normal -0.380099 0.596639 0.706786
    outer loop
      vertex -4.7923 8.30051 15.7827
      vertex -5.4975 7.85125 15.7827
      vertex -5.03753 7.19434 16.5846
    endloop
  endfacet
  facet normal 0.122613 0.931762 0.34174
    outer loop
      vertex 2.15295 12.21 10.9092
      vertex 1.04678 11.9647 11.9749
      vertex 2.08559 11.828 11.9749
    endloop
  endfacet
  facet normal -0.701377 0.0923385 0.706784
    outer loop
      vertex -9.43899 1.66435 15.7827
      vertex -9.54813 0.835353 15.7827
      vertex -8.74925 0.76546 16.5846
    endloop
  endfacet
  facet normal -0.818592 0.0357894 0.57326
    outer loop
      vertex -10.2743 0.898889 14.9139
      vertex -10.9224 0.955583 13.9849
      vertex -10.3136 0 14.9139
    endloop
  endfacet
  facet normal -0.530257 0.219635 0.818894
    outer loop
      vertex -7.17243 3.34456 17.3136
      vertex -7.43663 2.70671 17.3136
      vertex -6.56365 2.38897 17.9641
    endloop
  endfacet
  facet normal -0.560339 0.124226 0.818894
    outer loop
      vertex -6.74689 1.80782 17.9641
      vertex -7.64424 2.04827 17.3136
      vertex -6.87878 1.21291 17.9641
    endloop
  endfacet
  facet normal -0.613385 -0.193404 0.765738
    outer loop
      vertex -7.64424 -2.04827 17.3136
      vertex -8.25301 -3.00385 16.5846
      vertex -7.43663 -2.70671 17.3136
    endloop
  endfacet
  facet normal -0.674685 -0.212729 0.706786
    outer loop
      vertex -8.48341 -2.27312 16.5846
      vertex -9.25802 -2.48068 15.7827
      vertex -8.25301 -3.00385 16.5846
    endloop
  endfacet
  facet normal -0.529148 0.830608 0.173475
    outer loop
      vertex -6.34592 10.9915 9.81371
      vertex -7.3927 10.5579 8.69684
      vertex -7.27974 10.3966 9.81371
    endloop
  endfacet
  facet normal -0.606466 0.790332 0.087029
    outer loop
      vertex -7.4494 10.6388 7.56705
      vertex -8.28475 9.87338 8.69684
      vertex -7.3927 10.5579 8.69684
    endloop
  endfacet
  facet normal -0.920366 0.381238 0.0870895
    outer loop
      vertex -11.7708 5.48881 7.56705
      vertex -12.1115 4.40822 8.69684
      vertex -11.6812 5.44703 8.69684
    endloop
  endfacet
  facet normal -0.883631 0.460016 0.0870718
    outer loop
      vertex -11.2476 6.49381 7.56705
      vertex -11.7708 5.48881 7.56705
      vertex -11.162 6.44439 8.69684
    endloop
  endfacet
  facet normal -0.961503 0.21312 0.173468
    outer loop
      vertex -12.4496 3.33586 8.69684
      vertex -12.499 2.20392 9.81371
      vertex -12.2594 3.28489 9.81371
    endloop
  endfacet
  facet normal -0.939236 0.296185 0.173521
    outer loop
      vertex -12.1115 4.40822 8.69684
      vertex -12.2594 3.28489 9.81371
      vertex -11.9264 4.34087 9.81371
    endloop
  endfacet
  facet normal -0.905619 0.0394687 0.422253
    outer loop
      vertex -11.4873 1.005 13.0027
      vertex -11.9647 1.04678 11.9749
      vertex -11.5311 0 13.0027
    endloop
  endfacet
  facet normal -0.765642 0.0334744 0.642395
    outer loop
      vertex -10.2743 0.898889 14.9139
      vertex -10.3136 0 14.9139
      vertex -9.54813 0.835353 15.7827
    endloop
  endfacet
  facet normal -0.8336 0.433936 0.341774
    outer loop
      vertex -10.4013 6.00522 11.9749
      vertex -11.2367 5.23976 10.9092
      vertex -10.8851 5.07583 11.9749
    endloop
  endfacet
  facet normal -0.7598 0.10003 0.642416
    outer loop
      vertex -9.43899 1.66435 15.7827
      vertex -10.1569 1.79094 14.9139
      vertex -9.54813 0.835353 15.7827
    endloop
  endfacet
  facet normal -0.260488 0.826157 0.499611
    outer loop
      vertex -2.98448 11.1382 13.0027
      vertex -3.94388 10.8357 13.0027
      vertex -2.83771 10.5905 13.9849
    endloop
  endfacet
  facet normal -0.465428 0.73058 0.499629
    outer loop
      vertex -5.76557 9.98626 13.0027
      vertex -6.61399 9.44576 13.0027
      vertex -5.48204 9.49518 13.9849
    endloop
  endfacet
  facet normal -0.527334 0.687233 0.499629
    outer loop
      vertex -6.61399 9.44576 13.0027
      vertex -7.41207 8.83337 13.0027
      vertex -7.04758 8.39898 13.9849
    endloop
  endfacet
  facet normal -0.665341 0.7261 0.173496
    outer loop
      vertex -8.28475 9.87338 8.69684
      vertex -9.11375 9.11375 8.69684
      vertex -8.97449 8.97449 9.81371
    endloop
  endfacet
  facet normal -0.856867 0.446009 0.258564
    outer loop
      vertex -10.9915 6.34592 9.81371
      vertex -11.5027 5.36381 9.81371
      vertex -11.2367 5.23976 10.9092
    endloop
  endfacet
  facet normal -0.868251 0.359624 0.341776
    outer loop
      vertex -11.2367 5.23976 10.9092
      vertex -11.6506 4.24047 10.9092
      vertex -10.8851 5.07583 11.9749
    endloop
  endfacet
  facet normal -0.972584 -0.215648 0.0870384
    outer loop
      vertex -12.693 -2.23811 8.69684
      vertex -12.7903 -2.25528 7.56705
      vertex -12.4496 -3.33586 8.69684
    endloop
  endfacet
  facet normal -0.976409 -0.128491 0.173535
    outer loop
      vertex -12.499 -2.20392 9.81371
      vertex -12.8397 -1.12333 8.69684
      vertex -12.693 -2.23811 8.69684
    endloop
  endfacet
  facet normal -0.837501 -0.346845 0.422245
    outer loop
      vertex -10.8357 -3.94388 13.0027
      vertex -10.8851 -5.07583 11.9749
      vertex -10.4508 -4.87327 13.0027
    endloop
  endfacet
  facet normal -0.858827 -0.113063 0.499632
    outer loop
      vertex -10.9224 -0.955583 13.9849
      vertex -11.4873 -1.005 13.0027
      vertex -11.356 -2.00236 13.0027
    endloop
  endfacet
  facet normal -0.748191 -0.165864 0.642417
    outer loop
      vertex -9.43899 -1.66435 15.7827
      vertex -9.96217 -2.66935 14.9139
      vertex -9.25802 -2.48068 15.7827
    endloop
  endfacet
  facet normal -0.708018 -0.293271 0.64242
    outer loop
      vertex -9.00658 -3.27813 15.7827
      vertex -9.69161 -3.52746 14.9139
      vertex -8.6866 -4.05063 15.7827
    endloop
  endfacet
  facet normal -0.84018 -0.535273 0.0870715
    outer loop
      vertex -11.162 -6.44439 8.69684
      vertex -11.2476 -6.49381 7.56705
      vertex -10.6388 -7.4494 7.56705
    endloop
  endfacet
  facet normal -0.634914 -0.692895 0.341731
    outer loop
      vertex -7.72016 -9.20053 11.9749
      vertex -8.76694 -8.76694 10.9092
      vertex -7.96949 -9.49766 10.9092
    endloop
  endfacet
  facet normal -0.766344 -0.588076 0.258619
    outer loop
      vertex -10.1561 -7.11138 10.9092
      vertex -10.3966 -7.27974 9.81371
      vertex -9.72252 -8.15816 9.81371
    endloop
  endfacet
  facet normal -0.856867 -0.446009 0.258564
    outer loop
      vertex -11.2367 -5.23976 10.9092
      vertex -11.5027 -5.36381 9.81371
      vertex -10.9915 -6.34592 9.81371
    endloop
  endfacet
  facet normal -0.909865 -0.376888 0.173499
    outer loop
      vertex -11.5027 -5.36381 9.81371
      vertex -12.1115 -4.40822 8.69684
      vertex -11.6812 -5.44703 8.69684
    endloop
  endfacet
  facet normal -0.73448 -0.673021 0.0870709
    outer loop
      vertex -9.87338 -8.28475 8.69684
      vertex -9.9491 -8.34828 7.56705
      vertex -9.18364 -9.18364 7.56705
    endloop
  endfacet
  facet normal -0.712203 -0.652615 0.258576
    outer loop
      vertex -8.76694 -8.76694 10.9092
      vertex -9.72252 -8.15816 9.81371
      vertex -8.97449 -8.97449 9.81371
    endloop
  endfacet
  facet normal -0.60643 -0.790355 0.0870712
    outer loop
      vertex -8.28475 -9.87338 8.69684
      vertex -8.34828 -9.9491 7.56705
      vertex -7.4494 -10.6388 7.56705
    endloop
  endfacet
  facet normal -0.519059 -0.814687 0.258579
    outer loop
      vertex -6.19916 -10.7373 10.9092
      vertex -7.11138 -10.1561 10.9092
      vertex -6.34592 -10.9915 9.81371
    endloop
  endfacet
  facet normal -0.399979 -0.768352 0.499651
    outer loop
      vertex -4.63362 -9.93684 13.9849
      vertex -5.48204 -9.49518 13.9849
      vertex -4.87327 -10.4508 13.0027
    endloop
  endfacet
  facet normal -0.898723 -0.118315 0.422255
    outer loop
      vertex -11.4873 -1.005 13.0027
      vertex -11.9647 -1.04678 11.9749
      vertex -11.356 -2.00236 13.0027
    endloop
  endfacet
  facet normal -0.865417 -0.0377167 0.499631
    outer loop
      vertex -10.9224 -0.955583 13.9849
      vertex -11.5311 0 13.0027
      vertex -11.4873 -1.005 13.0027
    endloop
  endfacet
  facet normal -0.790355 -0.60643 0.0870712
    outer loop
      vertex -9.87338 -8.28475 8.69684
      vertex -10.6388 -7.4494 7.56705
      vertex -9.9491 -8.34828 7.56705
    endloop
  endfacet
  facet normal -0.665341 -0.7261 0.173496
    outer loop
      vertex -8.97449 -8.97449 9.81371
      vertex -9.11375 -9.11375 8.69684
      vertex -8.28475 -9.87338 8.69684
    endloop
  endfacet
  facet normal -0.7261 -0.665341 0.173496
    outer loop
      vertex -8.97449 -8.97449 9.81371
      vertex -9.87338 -8.28475 8.69684
      vertex -9.11375 -9.11375 8.69684
    endloop
  endfacet
  facet normal -0.299556 -0.950096 0.0870886
    outer loop
      vertex -4.40822 -12.1115 8.69684
      vertex -4.44203 -12.2044 7.56705
      vertex -3.36144 -12.5451 7.56705
    endloop
  endfacet
  facet normal -0.252886 -0.056065 0.96587
    outer loop
      vertex -2.77097 -0.488596 19.6918
      vertex -3.84979 -0.678821 19.3983
      vertex -2.71784 -0.728243 19.6918
    endloop
  endfacet
  facet normal -0.172376 -0.022694 0.98477
    outer loop
      vertex -1.67106 -0.294653 19.8888
      vertex -2.80301 -0.245231 19.6918
      vertex -2.77097 -0.488596 19.6918
    endloop
  endfacet
  facet normal 0.691081 -0.440269 0.573211
    outer loop
      vertex 8.93183 -5.1568 14.9139
      vertex 8.4484 -5.91563 14.9139
      vertex 9.49518 -5.48204 13.9849
    endloop
  endfacet
  facet normal 0.561237 -0.430658 0.706786
    outer loop
      vertex 7.85125 -5.4975 15.7827
      vertex 7.19434 -5.03753 16.5846
      vertex 7.34223 -6.16086 15.7827
    endloop
  endfacet
  facet normal 0.757017 -0.313591 0.573224
    outer loop
      vertex 10.3029 -3.74994 13.9849
      vertex 9.69161 -3.52746 14.9139
      vertex 9.93684 -4.63362 13.9849
    endloop
  endfacet
  facet normal 0.726823 -0.378361 0.573212
    outer loop
      vertex 9.93684 -4.63362 13.9849
      vertex 9.34729 -4.35871 14.9139
      vertex 9.49518 -5.48204 13.9849
    endloop
  endfacet
  facet normal 0.706756 -0.0308641 0.706784
    outer loop
      vertex 9.58461 0 15.7827
      vertex 8.74925 -0.76546 16.5846
      vertex 9.54813 -0.835353 15.7827
    endloop
  endfacet
  facet normal 0.569036 -0.0749111 0.818893
    outer loop
      vertex 7.88378 -0.689741 17.3136
      vertex 6.87878 -1.21291 17.9641
      vertex 7.79367 -1.37423 17.3136
    endloop
  endfacet
  facet normal -0.826157 -0.260488 0.499611
    outer loop
      vertex -10.5905 -2.83771 13.9849
      vertex -11.1382 -2.98448 13.0027
      vertex -10.8357 -3.94388 13.0027
    endloop
  endfacet
  facet normal -0.799994 -0.177335 0.573203
    outer loop
      vertex -10.1569 -1.79094 14.9139
      vertex -10.7975 -1.90389 13.9849
      vertex -10.5905 -2.83771 13.9849
    endloop
  endfacet
  facet normal -0.674685 -0.212732 0.706785
    outer loop
      vertex -8.25301 -3.00385 16.5846
      vertex -9.25802 -2.48068 15.7827
      vertex -9.00658 -3.27813 15.7827
    endloop
  endfacet
  facet normal -0.730886 -0.230447 0.642417
    outer loop
      vertex -9.25802 -2.48068 15.7827
      vertex -9.96217 -2.66935 14.9139
      vertex -9.69161 -3.52746 14.9139
    endloop
  endfacet
  facet normal -0.230451 -0.730882 0.64242
    outer loop
      vertex -3.27813 -9.00658 15.7827
      vertex -3.52746 -9.69161 14.9139
      vertex -2.48068 -9.25802 15.7827
    endloop
  endfacet
  facet normal -0.800309 -0.331442 0.499651
    outer loop
      vertex -9.93684 -4.63362 13.9849
      vertex -10.8357 -3.94388 13.0027
      vertex -10.4508 -4.87327 13.0027
    endloop
  endfacet
  facet normal -0.521576 -0.477931 0.706782
    outer loop
      vertex -6.72792 -5.64539 16.5846
      vertex -7.34223 -6.16086 15.7827
      vertex -6.21029 -6.21029 16.5846
    endloop
  endfacet
  facet normal -0.542429 -0.345575 0.765734
    outer loop
      vertex -6.48269 -4.53923 17.3136
      vertex -7.60602 -4.39134 16.5846
      vertex -7.19434 -5.03753 16.5846
    endloop
  endfacet
  facet normal -0.25878 0.0112943 0.96587
    outer loop
      vertex -3.8943 0.340707 19.3983
      vertex -3.90917 0 19.3983
      vertex -2.81371 0 19.6918
    endloop
  endfacet
  facet normal -0.69066 -0.153112 0.706785
    outer loop
      vertex -8.64924 -1.52509 16.5846
      vertex -9.43899 -1.66435 15.7827
      vertex -8.48341 -2.27312 16.5846
    endloop
  endfacet
  facet normal -0.18754 -0.845671 0.499669
    outer loop
      vertex -1.90389 -10.7975 13.9849
      vertex -2.98448 -11.1382 13.0027
      vertex -2.00236 -11.356 13.0027
    endloop
  endfacet
  facet normal -0.209079 -0.943106 0.258528
    outer loop
      vertex -2.15295 -12.21 10.9092
      vertex -3.20892 -11.9759 10.9092
      vertex -2.20392 -12.499 9.81371
    endloop
  endfacet
  facet normal -0.380111 -0.596637 0.706781
    outer loop
      vertex -4.39134 -7.60602 16.5846
      vertex -5.03753 -7.19434 16.5846
      vertex -4.7923 -8.30051 15.7827
    endloop
  endfacet
  facet normal 0.0308568 -0.706752 0.706788
    outer loop
      vertex 0 -8.78267 16.5846
      vertex 0 -9.58461 15.7827
      vertex 0.76546 -8.74925 16.5846
    endloop
  endfacet
  facet normal -0.521577 -0.477929 0.706783
    outer loop
      vertex -6.21029 -6.21029 16.5846
      vertex -7.34223 -6.16086 15.7827
      vertex -6.77734 -6.77734 15.7827
    endloop
  endfacet
  facet normal -0.113111 -0.858798 0.499671
    outer loop
      vertex -1.90389 -10.7975 13.9849
      vertex -2.00236 -11.356 13.0027
      vertex -0.955583 -10.9224 13.9849
    endloop
  endfacet
  facet normal 0.033435 -0.765625 0.642418
    outer loop
      vertex 0 -9.58461 15.7827
      vertex 0 -10.3136 14.9139
      vertex 0.835353 -9.54813 15.7827
    endloop
  endfacet
  facet normal -0.440263 -0.691081 0.573214
    outer loop
      vertex -5.91563 -8.4484 14.9139
      vertex -6.28874 -8.98126 13.9849
      vertex -5.48204 -9.49518 13.9849
    endloop
  endfacet
  facet normal -0.504985 -0.792598 0.34173
    outer loop
      vertex -6.8889 -9.83837 11.9749
      vertex -7.11138 -10.1561 10.9092
      vertex -6.19916 -10.7373 10.9092
    endloop
  endfacet
  facet normal -0.768352 -0.399979 0.499651
    outer loop
      vertex -9.93684 -4.63362 13.9849
      vertex -10.4508 -4.87327 13.0027
      vertex -9.49518 -5.48204 13.9849
    endloop
  endfacet
  facet normal -0.572107 -0.745597 0.341729
    outer loop
      vertex -6.8889 -9.83837 11.9749
      vertex -7.96949 -9.49766 10.9092
      vertex -7.11138 -10.1561 10.9092
    endloop
  endfacet
  facet normal -0.46177 -0.887 0
    outer loop
      vertex -6.49381 -11.2476 7
      vertex -5.48881 -11.7708 7.56705
      vertex -6.49381 -11.2476 7.56705
    endloop
  endfacet
  facet normal -0.46177 -0.887 -0
    outer loop
      vertex -5.48881 -11.7708 7.56705
      vertex -6.49381 -11.2476 7
      vertex -5.48881 -11.7708 7
    endloop
  endfacet
  facet normal -0.296136 -0.939262 0.173468
    outer loop
      vertex -3.28489 -12.2594 9.81371
      vertex -4.40822 -12.1115 8.69684
      vertex -3.33586 -12.4496 8.69684
    endloop
  endfacet
  facet normal -0.381238 0.920366 0.0870895
    outer loop
      vertex -4.40822 12.1115 8.69684
      vertex -5.48881 11.7708 7.56705
      vertex -5.44703 11.6812 8.69684
    endloop
  endfacet
  facet normal -0.215592 0.972592 0.0870935
    outer loop
      vertex -2.25528 12.7903 7.56705
      vertex -3.36144 12.5451 7.56705
      vertex -3.33586 12.4496 8.69684
    endloop
  endfacet
  facet normal 0.90987 0.376866 0.17352
    outer loop
      vertex 12.1115 4.40822 8.69684
      vertex 11.5027 5.36381 9.81371
      vertex 11.9264 4.34087 9.81371
    endloop
  endfacet
  facet normal 0.950096 0.299556 0.0870886
    outer loop
      vertex 12.2044 4.44203 7.56705
      vertex 12.1115 4.40822 8.69684
      vertex 12.5451 3.36144 7.56705
    endloop
  endfacet
  facet normal 0.957749 0.126018 0.258526
    outer loop
      vertex 12.499 2.20392 9.81371
      vertex 12.21 2.15295 10.9092
      vertex 12.3511 1.08058 10.9092
    endloop
  endfacet
  facet normal 0.957697 -0.126152 0.258656
    outer loop
      vertex 12.6436 -1.10617 9.81371
      vertex 12.3511 -1.08058 10.9092
      vertex 12.499 -2.20392 9.81371
    endloop
  endfacet
  facet normal 0.983915 0.0428729 0.173415
    outer loop
      vertex 12.8397 1.12333 8.69684
      vertex 12.6436 1.10617 9.81371
      vertex 12.6918 0 9.81371
    endloop
  endfacet
  facet normal 0.931762 0.122613 0.34174
    outer loop
      vertex 12.21 2.15295 10.9092
      vertex 11.828 2.08559 11.9749
      vertex 11.9647 1.04678 11.9749
    endloop
  endfacet
  facet normal 0.843383 -0.537313 0
    outer loop
      vertex 10.6388 -7.4494 7.56705
      vertex 11.2476 -6.49381 7
      vertex 11.2476 -6.49381 7.56705
    endloop
  endfacet
  facet normal 0.843383 -0.537313 0
    outer loop
      vertex 11.2476 -6.49381 7
      vertex 10.6388 -7.4494 7.56705
      vertex 10.6388 -7.4494 7
    endloop
  endfacet
  facet normal 0.892467 -0.369658 0.258566
    outer loop
      vertex 11.6506 -4.24047 10.9092
      vertex 11.5027 -5.36381 9.81371
      vertex 11.9264 -4.34087 9.81371
    endloop
  endfacet
  facet normal 0.873563 -0.454755 0.173451
    outer loop
      vertex 11.6812 -5.44703 8.69684
      vertex 10.9915 -6.34592 9.81371
      vertex 11.162 -6.44439 8.69684
    endloop
  endfacet
  facet normal 0.748191 -0.165864 0.642417
    outer loop
      vertex 9.43899 -1.66435 15.7827
      vertex 9.25802 -2.48068 15.7827
      vertex 9.96217 -2.66935 14.9139
    endloop
  endfacet
  facet normal 0.637654 -0.0839443 0.765736
    outer loop
      vertex 7.88378 -0.689741 17.3136
      vertex 7.79367 -1.37423 17.3136
      vertex 8.64924 -1.52509 16.5846
    endloop
  endfacet
  facet normal 0.730886 0.230447 0.642417
    outer loop
      vertex 9.69161 3.52746 14.9139
      vertex 9.25802 2.48068 15.7827
      vertex 9.96217 2.66935 14.9139
    endloop
  endfacet
  facet normal 0.812369 -0.106913 0.573259
    outer loop
      vertex 10.2743 -0.898889 14.9139
      vertex 10.1569 -1.79094 14.9139
      vertex 10.9224 -0.955583 13.9849
    endloop
  endfacet
  facet normal 0.917512 -0.203405 0.341758
    outer loop
      vertex 12.21 -2.15295 10.9092
      vertex 11.6012 -3.10853 11.9749
      vertex 11.9759 -3.20892 10.9092
    endloop
  endfacet
  facet normal 0.896285 -0.282623 0.341757
    outer loop
      vertex 11.6012 -3.10853 11.9749
      vertex 11.2861 -4.10781 11.9749
      vertex 11.9759 -3.20892 10.9092
    endloop
  endfacet
  facet normal 0.799994 -0.177335 0.573203
    outer loop
      vertex 10.7975 -1.90389 13.9849
      vertex 10.1569 -1.79094 14.9139
      vertex 10.5905 -2.83771 13.9849
    endloop
  endfacet
  facet normal 0.898711 -0.118264 0.422295
    outer loop
      vertex 11.9647 -1.04678 11.9749
      vertex 11.356 -2.00236 13.0027
      vertex 11.828 -2.08559 11.9749
    endloop
  endfacet
  facet normal 0.300699 -0.953719 0
    outer loop
      vertex 3.36144 -12.5451 7
      vertex 4.44203 -12.2044 7.56705
      vertex 3.36144 -12.5451 7.56705
    endloop
  endfacet
  facet normal 0.300699 -0.953719 0
    outer loop
      vertex 4.44203 -12.2044 7.56705
      vertex 3.36144 -12.5451 7
      vertex 4.44203 -12.2044 7
    endloop
  endfacet
  facet normal 0.537313 -0.843383 0
    outer loop
      vertex 6.49381 -11.2476 7
      vertex 7.4494 -10.6388 7.56705
      vertex 6.49381 -11.2476 7.56705
    endloop
  endfacet
  facet normal 0.537313 -0.843383 0
    outer loop
      vertex 7.4494 -10.6388 7.56705
      vertex 6.49381 -11.2476 7
      vertex 7.4494 -10.6388 7
    endloop
  endfacet
  facet normal 0.299552 -0.950097 0.087093
    outer loop
      vertex 4.40822 -12.1115 8.69684
      vertex 3.33586 -12.4496 8.69684
      vertex 3.36144 -12.5451 7.56705
    endloop
  endfacet
  facet normal 0.446022 -0.856855 0.258579
    outer loop
      vertex 6.19916 -10.7373 10.9092
      vertex 5.23976 -11.2367 10.9092
      vertex 6.34592 -10.9915 9.81371
    endloop
  endfacet
  facet normal 0.535273 -0.84018 0.0870715
    outer loop
      vertex 7.4494 -10.6388 7.56705
      vertex 6.44439 -11.162 8.69684
      vertex 6.49381 -11.2476 7.56705
    endloop
  endfacet
  facet normal 0.460016 -0.883631 0.0870718
    outer loop
      vertex 6.44439 -11.162 8.69684
      vertex 5.48881 -11.7708 7.56705
      vertex 6.49381 -11.2476 7.56705
    endloop
  endfacet
  facet normal 0.440269 -0.691081 0.573211
    outer loop
      vertex 5.91563 -8.4484 14.9139
      vertex 5.1568 -8.93183 14.9139
      vertex 5.48204 -9.49518 13.9849
    endloop
  endfacet
  facet normal 0.585223 -0.638656 0.499632
    outer loop
      vertex 7.75278 -7.75278 13.9849
      vertex 7.04758 -8.39898 13.9849
      vertex 8.15375 -8.15375 13.0027
    endloop
  endfacet
  facet normal 0.712203 -0.652615 0.258576
    outer loop
      vertex 9.72252 -8.15816 9.81371
      vertex 8.76694 -8.76694 10.9092
      vertex 8.97449 -8.97449 9.81371
    endloop
  endfacet
  facet normal 0.599555 -0.781304 0.173489
    outer loop
      vertex 8.15816 -9.72252 9.81371
      vertex 7.27974 -10.3966 9.81371
      vertex 8.28475 -9.87338 8.69684
    endloop
  endfacet
  facet normal 0.652615 -0.712203 0.258576
    outer loop
      vertex 8.76694 -8.76694 10.9092
      vertex 8.15816 -9.72252 9.81371
      vertex 8.97449 -8.97449 9.81371
    endloop
  endfacet
  facet normal 0.634918 -0.692888 0.341738
    outer loop
      vertex 8.49266 -8.49266 11.9749
      vertex 7.72016 -9.20053 11.9749
      vertex 8.76694 -8.76694 10.9092
    endloop
  endfacet
  facet normal 0.652609 -0.712206 0.258582
    outer loop
      vertex 8.76694 -8.76694 10.9092
      vertex 7.96949 -9.49766 10.9092
      vertex 8.15816 -9.72252 9.81371
    endloop
  endfacet
  facet normal 0.612394 -0.668307 0.422302
    outer loop
      vertex 8.15375 -8.15375 13.0027
      vertex 7.72016 -9.20053 11.9749
      vertex 8.49266 -8.49266 11.9749
    endloop
  endfacet
  facet normal 0.745597 -0.572107 0.341729
    outer loop
      vertex 9.83837 -6.8889 11.9749
      vertex 9.49766 -7.96949 10.9092
      vertex 10.1561 -7.11138 10.9092
    endloop
  endfacet
  facet normal 0.734481 -0.67302 0.0870695
    outer loop
      vertex 9.87338 -8.28475 8.69684
      vertex 9.11375 -9.11375 8.69684
      vertex 9.18364 -9.18364 7.56705
    endloop
  endfacet
  facet normal 0.650077 -0.498823 0.573214
    outer loop
      vertex 8.4484 -5.91563 14.9139
      vertex 8.39898 -7.04758 13.9849
      vertex 8.98126 -6.28874 13.9849
    endloop
  endfacet
  facet normal 0.800309 -0.331442 0.499651
    outer loop
      vertex 10.8357 -3.94388 13.0027
      vertex 9.93684 -4.63362 13.9849
      vertex 10.4508 -4.87327 13.0027
    endloop
  endfacet
  facet normal 0.585221 -0.638661 0.499628
    outer loop
      vertex 8.15375 -8.15375 13.0027
      vertex 7.04758 -8.39898 13.9849
      vertex 7.41207 -8.83337 13.0027
    endloop
  endfacet
  facet normal 0.719139 -0.551816 0.422301
    outer loop
      vertex 9.44576 -6.61399 13.0027
      vertex 8.83337 -7.41207 13.0027
      vertex 9.83837 -6.8889 11.9749
    endloop
  endfacet
  facet normal 0.868247 -0.359669 0.341738
    outer loop
      vertex 11.2861 -4.10781 11.9749
      vertex 10.8851 -5.07583 11.9749
      vertex 11.6506 -4.24047 10.9092
    endloop
  endfacet
  facet normal 0.868251 -0.359624 0.341776
    outer loop
      vertex 11.6506 -4.24047 10.9092
      vertex 10.8851 -5.07583 11.9749
      vertex 11.2367 -5.23976 10.9092
    endloop
  endfacet
  facet normal 0.864496 -0.272577 0.422312
    outer loop
      vertex 11.1382 -2.98448 13.0027
      vertex 10.8357 -3.94388 13.0027
      vertex 11.2861 -4.10781 11.9749
    endloop
  endfacet
  facet normal 0.826157 -0.260488 0.499611
    outer loop
      vertex 11.1382 -2.98448 13.0027
      vertex 10.5905 -2.83771 13.9849
      vertex 10.8357 -3.94388 13.0027
    endloop
  endfacet
  facet normal 0.304579 -0.396933 0.865838
    outer loop
      vertex 4.4898 -5.35074 17.9641
      vertex 3.44303 -4.91715 18.5311
      vertex 4.00637 -5.72169 17.9641
    endloop
  endfacet
  facet normal 0.380111 -0.596637 0.706781
    outer loop
      vertex 5.03753 -7.19434 16.5846
      vertex 4.39134 -7.60602 16.5846
      vertex 4.7923 -8.30051 15.7827
    endloop
  endfacet
  facet normal 0.293271 -0.708018 0.64242
    outer loop
      vertex 4.05063 -8.6866 15.7827
      vertex 3.27813 -9.00658 15.7827
      vertex 3.52746 -9.69161 14.9139
    endloop
  endfacet
  facet normal 0.32665 -0.627503 0.706781
    outer loop
      vertex 4.39134 -7.60602 16.5846
      vertex 3.71172 -7.9598 16.5846
      vertex 4.7923 -8.30051 15.7827
    endloop
  endfacet
  facet normal 0.193402 -0.613387 0.765737
    outer loop
      vertex 3.00385 -8.25301 16.5846
      vertex 2.04827 -7.64424 17.3136
      vertex 2.27312 -8.48341 16.5846
    endloop
  endfacet
  facet normal 0.430658 -0.561237 0.706786
    outer loop
      vertex 6.16086 -7.34223 15.7827
      vertex 5.03753 -7.19434 16.5846
      vertex 5.4975 -7.85125 15.7827
    endloop
  endfacet
  facet normal 0.265017 -0.509093 0.818896
    outer loop
      vertex 3.95695 -6.85364 17.3136
      vertex 2.95194 -6.33046 17.9641
      vertex 3.34456 -7.17243 17.3136
    endloop
  endfacet
  facet normal 0.153111 -0.69066 0.706786
    outer loop
      vertex 2.27312 -8.48341 16.5846
      vertex 1.66435 -9.43899 15.7827
      vertex 2.48068 -9.25802 15.7827
    endloop
  endfacet
  facet normal 0.246125 -0.594198 0.765736
    outer loop
      vertex 3.34456 -7.17243 17.3136
      vertex 3.00385 -8.25301 16.5846
      vertex 3.71172 -7.9598 16.5846
    endloop
  endfacet
  facet normal 0.153112 -0.69066 0.706785
    outer loop
      vertex 2.27312 -8.48341 16.5846
      vertex 1.52509 -8.64924 16.5846
      vertex 1.66435 -9.43899 15.7827
    endloop
  endfacet
  facet normal -0.153112 -0.69066 0.706785
    outer loop
      vertex -1.52509 -8.64924 16.5846
      vertex -2.27312 -8.48341 16.5846
      vertex -1.66435 -9.43899 15.7827
    endloop
  endfacet
  facet normal 0.0308641 -0.706756 0.706784
    outer loop
      vertex 0.76546 -8.74925 16.5846
      vertex 0 -9.58461 15.7827
      vertex 0.835353 -9.54813 15.7827
    endloop
  endfacet
  facet normal 0.128617 -0.976414 0.173415
    outer loop
      vertex 2.20392 -12.499 9.81371
      vertex 1.10617 -12.6436 9.81371
      vertex 1.12333 -12.8397 8.69684
    endloop
  endfacet
  facet normal 0.369655 -0.892469 0.258562
    outer loop
      vertex 5.23976 -11.2367 10.9092
      vertex 4.24047 -11.6506 10.9092
      vertex 5.36381 -11.5027 9.81371
    endloop
  endfacet
  facet normal 0.203405 -0.917512 0.341758
    outer loop
      vertex 3.10853 -11.6012 11.9749
      vertex 2.15295 -12.21 10.9092
      vertex 3.20892 -11.9759 10.9092
    endloop
  endfacet
  facet normal 0.260469 -0.826173 0.499593
    outer loop
      vertex 3.74994 -10.3029 13.9849
      vertex 2.83771 -10.5905 13.9849
      vertex 3.94388 -10.8357 13.0027
    endloop
  endfacet
  facet normal 0.0377167 -0.865417 0.499631
    outer loop
      vertex 0.955583 -10.9224 13.9849
      vertex 0 -11.5311 13.0027
      vertex 1.005 -11.4873 13.0027
    endloop
  endfacet
  facet normal -0.130536 -0.991444 0
    outer loop
      vertex -2.25528 -12.7903 7
      vertex -1.13195 -12.9382 7.56705
      vertex -2.25528 -12.7903 7.56705
    endloop
  endfacet
  facet normal -0.130536 -0.991444 -0
    outer loop
      vertex -1.13195 -12.9382 7.56705
      vertex -2.25528 -12.7903 7
      vertex -1.13195 -12.9382 7
    endloop
  endfacet
  facet normal 0.043005 -0.983887 0.173544
    outer loop
      vertex 0 -12.6918 9.81371
      vertex 0 -12.8888 8.69684
      vertex 1.12333 -12.8397 8.69684
    endloop
  endfacet
  facet normal 0.477166 -0.150453 0.865839
    outer loop
      vertex 6.74689 -1.80782 17.9641
      vertex 5.64072 -2.05305 18.5311
      vertex 6.56365 -2.38897 17.9641
    endloop
  endfacet
  facet normal 0.509101 -0.26501 0.818893
    outer loop
      vertex 6.33046 -2.95194 17.9641
      vertex 6.0491 -3.49245 17.9641
      vertex 6.85364 -3.95695 17.3136
    endloop
  endfacet
  facet normal 0.387749 0.423164 0.818891
    outer loop
      vertex 5.59597 5.59597 17.3136
      vertex 4.4898 5.35074 17.9641
      vertex 4.93907 4.93907 17.9641
    endloop
  endfacet
  facet normal 0.190972 0.174999 0.96587
    outer loop
      vertex 2.7642 2.7642 19.3983
      vertex 2.15543 1.80862 19.6918
      vertex 2.9946 2.51277 19.3983
    endloop
  endfacet
  facet normal 0.496045 0.0653005 0.865838
    outer loop
      vertex 6.87878 1.21291 17.9641
      vertex 5.97989 0.523172 18.5311
      vertex 6.95831 0.608773 17.9641
    endloop
  endfacet
  facet normal 0.499849 0.0218242 0.865838
    outer loop
      vertex 6.95831 0.608773 17.9641
      vertex 5.97989 0.523172 18.5311
      vertex 6.98489 0 17.9641
    endloop
  endfacet
  facet normal 0.488462 -0.108291 0.86584
    outer loop
      vertex 6.87878 -1.21291 17.9641
      vertex 5.79819 -1.55362 18.5311
      vertex 6.74689 -1.80782 17.9641
    endloop
  endfacet
  facet normal 0.62791 -0.139201 0.765737
    outer loop
      vertex 8.64924 -1.52509 16.5846
      vertex 7.64424 -2.04827 17.3136
      vertex 8.48341 -2.27312 16.5846
    endloop
  endfacet
  facet normal 0.674685 -0.212732 0.706785
    outer loop
      vertex 9.25802 -2.48068 15.7827
      vertex 8.25301 -3.00385 16.5846
      vertex 9.00658 -3.27813 15.7827
    endloop
  endfacet
  facet normal 0.341994 -0.0149262 0.939584
    outer loop
      vertex 3.90917 0 19.3983
      vertex 3.8943 -0.340707 19.3983
      vertex 4.95595 -0.433589 19.0104
    endloop
  endfacet
  facet normal 0.812369 0.106913 0.573259
    outer loop
      vertex 10.9224 0.955583 13.9849
      vertex 10.1569 1.79094 14.9139
      vertex 10.2743 0.898889 14.9139
    endloop
  endfacet
  facet normal 0.858798 0.113111 0.499671
    outer loop
      vertex 11.356 2.00236 13.0027
      vertex 10.7975 1.90389 13.9849
      vertex 10.9224 0.955583 13.9849
    endloop
  endfacet
  facet normal 0.252886 0.0560687 0.96587
    outer loop
      vertex 3.77597 1.01177 19.3983
      vertex 2.71784 0.728243 19.6918
      vertex 3.84979 0.678821 19.3983
    endloop
  endfacet
  facet normal 0.239309 0.0991285 0.96587
    outer loop
      vertex 3.67342 1.33702 19.3983
      vertex 2.55009 1.18913 19.6918
      vertex 2.64403 0.962347 19.6918
    endloop
  endfacet
  facet normal 0.172376 0.0226916 0.98477
    outer loop
      vertex 2.80301 0.245231 19.6918
      vertex 1.67106 0.294653 19.8888
      vertex 1.69038 0.147889 19.8888
    endloop
  endfacet
  facet normal 0.0218217 -0.499848 0.865838
    outer loop
      vertex 0 -6.00273 18.5311
      vertex 0 -6.98489 17.9641
      vertex 0.523172 -5.97989 18.5311
    endloop
  endfacet
  facet normal 0.339391 -0.0446781 0.939584
    outer loop
      vertex 3.8943 -0.340707 19.3983
      vertex 3.84979 -0.678821 19.3983
      vertex 4.95595 -0.433589 19.0104
    endloop
  endfacet
  facet normal 0.326475 -0.102938 0.939584
    outer loop
      vertex 4.80537 -1.28759 19.0104
      vertex 3.67342 -1.33702 19.3983
      vertex 4.67486 -1.70151 19.0104
    endloop
  endfacet
  facet normal 0.42255 0.0184481 0.906152
    outer loop
      vertex 6.00273 0 18.5311
      vertex 4.95595 0.433589 19.0104
      vertex 4.97488 0 19.0104
    endloop
  endfacet
  facet normal 0.341992 0.014931 0.939584
    outer loop
      vertex 4.95595 0.433589 19.0104
      vertex 3.90917 0 19.3983
      vertex 4.97488 0 19.0104
    endloop
  endfacet
  facet normal 0.303638 -0.158066 0.939585
    outer loop
      vertex 4.50878 -2.10248 19.0104
      vertex 3.38544 -1.95459 19.3983
      vertex 4.30838 -2.48744 19.0104
    endloop
  endfacet
  facet normal 0.37517 -0.195294 0.90615
    outer loop
      vertex 5.44032 -2.53686 18.5311
      vertex 4.50878 -2.10248 19.0104
      vertex 5.19852 -3.00137 18.5311
    endloop
  endfacet
  facet normal 0.403378 -0.127186 0.906151
    outer loop
      vertex 4.80537 -1.28759 19.0104
      vertex 4.67486 -1.70151 19.0104
      vertex 5.64072 -2.05305 18.5311
    endloop
  endfacet
  facet normal 0.403379 -0.127185 0.906151
    outer loop
      vertex 5.79819 -1.55362 18.5311
      vertex 4.80537 -1.28759 19.0104
      vertex 5.64072 -2.05305 18.5311
    endloop
  endfacet
  facet normal 0.209042 0.943105 0.258561
    outer loop
      vertex 3.28489 12.2594 9.81371
      vertex 2.20392 12.499 9.81371
      vertex 3.20892 11.9759 10.9092
    endloop
  endfacet
  facet normal 0.290521 0.921273 0.258562
    outer loop
      vertex 3.28489 12.2594 9.81371
      vertex 3.20892 11.9759 10.9092
      vertex 4.34087 11.9264 9.81371
    endloop
  endfacet
  facet normal 0.537313 0.843383 -0
    outer loop
      vertex 7.4494 10.6388 7
      vertex 6.49381 11.2476 7.56705
      vertex 7.4494 10.6388 7.56705
    endloop
  endfacet
  facet normal 0.537313 0.843383 0
    outer loop
      vertex 6.49381 11.2476 7.56705
      vertex 7.4494 10.6388 7
      vertex 6.49381 11.2476 7
    endloop
  endfacet
  facet normal 0.382691 0.923877 -0
    outer loop
      vertex 5.48881 11.7708 7
      vertex 4.44203 12.2044 7.56705
      vertex 5.48881 11.7708 7.56705
    endloop
  endfacet
  facet normal 0.382691 0.923877 0
    outer loop
      vertex 4.44203 12.2044 7.56705
      vertex 5.48881 11.7708 7
      vertex 4.44203 12.2044 7
    endloop
  endfacet
  facet normal 0.529148 0.830608 0.173475
    outer loop
      vertex 7.3927 10.5579 8.69684
      vertex 6.34592 10.9915 9.81371
      vertex 7.27974 10.3966 9.81371
    endloop
  endfacet
  facet normal 0.665341 0.7261 0.173496
    outer loop
      vertex 9.11375 9.11375 8.69684
      vertex 8.28475 9.87338 8.69684
      vertex 8.97449 8.97449 9.81371
    endloop
  endfacet
  facet normal 0.454755 0.873563 0.173451
    outer loop
      vertex 6.44439 11.162 8.69684
      vertex 5.44703 11.6812 8.69684
      vertex 6.34592 10.9915 9.81371
    endloop
  endfacet
  facet normal 0.446009 0.856867 0.258564
    outer loop
      vertex 5.36381 11.5027 9.81371
      vertex 5.23976 11.2367 10.9092
      vertex 6.34592 10.9915 9.81371
    endloop
  endfacet
  facet normal 0.535273 0.84018 0.0870715
    outer loop
      vertex 6.49381 11.2476 7.56705
      vertex 6.44439 11.162 8.69684
      vertex 7.4494 10.6388 7.56705
    endloop
  endfacet
  facet normal 0.650077 0.498823 0.573214
    outer loop
      vertex 8.98126 6.28874 13.9849
      vertex 8.39898 7.04758 13.9849
      vertex 8.4484 5.91563 14.9139
    endloop
  endfacet
  facet normal 0.60799 0.466524 0.64242
    outer loop
      vertex 7.90067 6.62945 14.9139
      vertex 7.34223 6.16086 15.7827
      vertex 8.4484 5.91563 14.9139
    endloop
  endfacet
  facet normal 0.679765 0.353864 0.642417
    outer loop
      vertex 8.93183 5.1568 14.9139
      vertex 8.6866 4.05063 15.7827
      vertex 9.34729 4.35871 14.9139
    endloop
  endfacet
  facet normal 0.561237 0.430658 0.706786
    outer loop
      vertex 7.34223 6.16086 15.7827
      vertex 7.19434 5.03753 16.5846
      vertex 7.85125 5.4975 15.7827
    endloop
  endfacet
  facet normal 0.896285 0.282623 0.341757
    outer loop
      vertex 11.9759 3.20892 10.9092
      vertex 11.2861 4.10781 11.9749
      vertex 11.6012 3.10853 11.9749
    endloop
  endfacet
  facet normal 0.917512 0.203405 0.341758
    outer loop
      vertex 11.9759 3.20892 10.9092
      vertex 11.6012 3.10853 11.9749
      vertex 12.21 2.15295 10.9092
    endloop
  endfacet
  facet normal 0.378361 0.726823 0.573212
    outer loop
      vertex 5.48204 9.49518 13.9849
      vertex 4.35871 9.34729 14.9139
      vertex 5.1568 8.93183 14.9139
    endloop
  endfacet
  facet normal 0.353864 0.679765 0.642417
    outer loop
      vertex 4.35871 9.34729 14.9139
      vertex 4.05063 8.6866 15.7827
      vertex 5.1568 8.93183 14.9139
    endloop
  endfacet
  facet normal 0.203426 0.917514 0.341741
    outer loop
      vertex 2.15295 12.21 10.9092
      vertex 2.08559 11.828 11.9749
      vertex 3.10853 11.6012 11.9749
    endloop
  endfacet
  facet normal 0.433936 0.8336 0.341774
    outer loop
      vertex 5.23976 11.2367 10.9092
      vertex 5.07583 10.8851 11.9749
      vertex 6.00522 10.4013 11.9749
    endloop
  endfacet
  facet normal 0.499849 -0.0218242 0.865838
    outer loop
      vertex 6.98489 0 17.9641
      vertex 5.97989 -0.523172 18.5311
      vertex 6.95831 -0.608773 17.9641
    endloop
  endfacet
  facet normal 0.64254 0.0280588 0.765739
    outer loop
      vertex 8.74925 0.76546 16.5846
      vertex 7.88378 0.689741 17.3136
      vertex 7.9139 0 17.3136
    endloop
  endfacet
  facet normal 0.465428 0.73058 0.499629
    outer loop
      vertex 5.76557 9.98626 13.0027
      vertex 5.48204 9.49518 13.9849
      vertex 6.61399 9.44576 13.0027
    endloop
  endfacet
  facet normal 0.527334 0.687233 0.499629
    outer loop
      vertex 6.61399 9.44576 13.0027
      vertex 6.28874 8.98126 13.9849
      vertex 7.04758 8.39898 13.9849
    endloop
  endfacet
  facet normal 0.326655 0.627496 0.706785
    outer loop
      vertex 4.05063 8.6866 15.7827
      vertex 3.71172 7.9598 16.5846
      vertex 4.7923 8.30051 15.7827
    endloop
  endfacet
  facet normal 0.313577 0.757032 0.573212
    outer loop
      vertex 4.63362 9.93684 13.9849
      vertex 3.52746 9.69161 14.9139
      vertex 4.35871 9.34729 14.9139
    endloop
  endfacet
  facet normal 0.338009 0.368881 0.865839
    outer loop
      vertex 4.4898 5.35074 17.9641
      vertex 3.85848 4.59836 18.5311
      vertex 4.93907 4.93907 17.9641
    endloop
  endfacet
  facet normal 0.11961 0.229756 0.96587
    outer loop
      vertex 1.65209 3.54292 19.3983
      vertex 1.18913 2.55009 19.6918
      vertex 1.95459 3.38544 19.3983
    endloop
  endfacet
  facet normal 0.43451 0.474176 0.76574
    outer loop
      vertex 6.21029 6.21029 16.5846
      vertex 5.08696 6.0624 17.3136
      vertex 5.59597 5.59597 17.3136
    endloop
  endfacet
  facet normal 0.387754 0.423152 0.818895
    outer loop
      vertex 5.08696 6.0624 17.3136
      vertex 4.4898 5.35074 17.9641
      vertex 5.59597 5.59597 17.3136
    endloop
  endfacet
  facet normal 0.412927 0.0915393 0.906152
    outer loop
      vertex 5.91154 1.04236 18.5311
      vertex 4.80537 1.28759 19.0104
      vertex 4.8993 0.863879 19.0104
    endloop
  endfacet
  facet normal 0.488463 0.108296 0.865838
    outer loop
      vertex 6.87878 1.21291 17.9641
      vertex 5.79819 1.55362 18.5311
      vertex 5.91154 1.04236 18.5311
    endloop
  endfacet
  facet normal 0.613385 0.193404 0.765738
    outer loop
      vertex 8.25301 3.00385 16.5846
      vertex 7.43663 2.70671 17.3136
      vertex 7.64424 2.04827 17.3136
    endloop
  endfacet
  facet normal 0.509101 0.26501 0.818893
    outer loop
      vertex 6.85364 3.95695 17.3136
      vertex 6.0491 3.49245 17.9641
      vertex 6.33046 2.95194 17.9641
    endloop
  endfacet
  facet normal 0.390761 0.161858 0.90615
    outer loop
      vertex 5.44032 2.53686 18.5311
      vertex 4.50878 2.10248 19.0104
      vertex 5.64072 2.05305 18.5311
    endloop
  endfacet
  facet normal 0.403379 0.127185 0.906151
    outer loop
      vertex 5.64072 2.05305 18.5311
      vertex 4.80537 1.28759 19.0104
      vertex 5.79819 1.55362 18.5311
    endloop
  endfacet
  facet normal 0.396931 0.30458 0.865839
    outer loop
      vertex 5.35074 4.4898 17.9641
      vertex 4.59836 3.85848 18.5311
      vertex 4.91715 3.44303 18.5311
    endloop
  endfacet
  facet normal 0.37517 0.195294 0.90615
    outer loop
      vertex 5.19852 3.00137 18.5311
      vertex 4.50878 2.10248 19.0104
      vertex 5.44032 2.53686 18.5311
    endloop
  endfacet
  facet normal 0.976302 0.216415 0
    outer loop
      vertex 12.7903 2.25528 7.56705
      vertex 12.5451 3.36144 7
      vertex 12.5451 3.36144 7.56705
    endloop
  endfacet
  facet normal 0.976302 0.216415 0
    outer loop
      vertex 12.5451 3.36144 7
      vertex 12.7903 2.25528 7.56705
      vertex 12.7903 2.25528 7
    endloop
  endfacet
  facet normal 0.792615 0.504919 0.341787
    outer loop
      vertex 10.7373 6.19916 10.9092
      vertex 9.83837 6.8889 11.9749
      vertex 10.4013 6.00522 11.9749
    endloop
  endfacet
  facet normal 0.868251 0.359624 0.341776
    outer loop
      vertex 11.2367 5.23976 10.9092
      vertex 10.8851 5.07583 11.9749
      vertex 11.6506 4.24047 10.9092
    endloop
  endfacet
  facet normal 0.883631 0.460016 0.0870718
    outer loop
      vertex 11.2476 6.49381 7.56705
      vertex 11.162 6.44439 8.69684
      vertex 11.7708 5.48881 7.56705
    endloop
  endfacet
  facet normal 0.487036 0.764498 0.422301
    outer loop
      vertex 6.8889 9.83837 11.9749
      vertex 5.76557 9.98626 13.0027
      vertex 6.61399 9.44576 13.0027
    endloop
  endfacet
  facet normal 0.487021 0.764519 0.422281
    outer loop
      vertex 6.00522 10.4013 11.9749
      vertex 5.76557 9.98626 13.0027
      vertex 6.8889 9.83837 11.9749
    endloop
  endfacet
  facet normal 0.498821 0.650081 0.573212
    outer loop
      vertex 7.04758 8.39898 13.9849
      vertex 5.91563 8.4484 14.9139
      vertex 6.62945 7.90067 14.9139
    endloop
  endfacet
  facet normal 0.585223 0.638656 0.499632
    outer loop
      vertex 8.15375 8.15375 13.0027
      vertex 7.04758 8.39898 13.9849
      vertex 7.75278 7.75278 13.9849
    endloop
  endfacet
  facet normal 0.612388 0.668309 0.422307
    outer loop
      vertex 7.72016 9.20053 11.9749
      vertex 7.41207 8.83337 13.0027
      vertex 8.15375 8.15375 13.0027
    endloop
  endfacet
  facet normal 0.692888 0.634918 0.341738
    outer loop
      vertex 8.76694 8.76694 10.9092
      vertex 8.49266 8.49266 11.9749
      vertex 9.20053 7.72016 11.9749
    endloop
  endfacet
  facet normal 0.638656 0.585223 0.499632
    outer loop
      vertex 8.15375 8.15375 13.0027
      vertex 7.75278 7.75278 13.9849
      vertex 8.39898 7.04758 13.9849
    endloop
  endfacet
  facet normal 0.638661 0.585221 0.499628
    outer loop
      vertex 8.83337 7.41207 13.0027
      vertex 8.15375 8.15375 13.0027
      vertex 8.39898 7.04758 13.9849
    endloop
  endfacet
  facet normal 0.712203 0.652615 0.258576
    outer loop
      vertex 8.97449 8.97449 9.81371
      vertex 8.76694 8.76694 10.9092
      vertex 9.72252 8.15816 9.81371
    endloop
  endfacet
  facet normal 0.7261 0.665341 0.173496
    outer loop
      vertex 9.11375 9.11375 8.69684
      vertex 8.97449 8.97449 9.81371
      vertex 9.87338 8.28475 8.69684
    endloop
  endfacet
  facet normal 0.691081 0.440263 0.573214
    outer loop
      vertex 8.98126 6.28874 13.9849
      vertex 8.4484 5.91563 14.9139
      vertex 9.49518 5.48204 13.9849
    endloop
  endfacet
  facet normal 0.792598 0.504985 0.34173
    outer loop
      vertex 10.1561 7.11138 10.9092
      vertex 9.83837 6.8889 11.9749
      vertex 10.7373 6.19916 10.9092
    endloop
  endfacet
  facet normal 0.726823 0.378361 0.573212
    outer loop
      vertex 9.49518 5.48204 13.9849
      vertex 8.93183 5.1568 14.9139
      vertex 9.34729 4.35871 14.9139
    endloop
  endfacet
  facet normal 0.804044 0.418593 0.422248
    outer loop
      vertex 10.8851 5.07583 11.9749
      vertex 9.98626 5.76557 13.0027
      vertex 10.4508 4.87327 13.0027
    endloop
  endfacet
  facet normal 0.745597 0.572107 0.341729
    outer loop
      vertex 10.1561 7.11138 10.9092
      vertex 9.49766 7.96949 10.9092
      vertex 9.83837 6.8889 11.9749
    endloop
  endfacet
  facet normal 0.745595 0.572108 0.341731
    outer loop
      vertex 9.49766 7.96949 10.9092
      vertex 9.20053 7.72016 11.9749
      vertex 9.83837 6.8889 11.9749
    endloop
  endfacet
  facet normal 0.726096 0.665346 0.173489
    outer loop
      vertex 9.87338 8.28475 8.69684
      vertex 8.97449 8.97449 9.81371
      vertex 9.72252 8.15816 9.81371
    endloop
  endfacet
  facet normal 0.781304 0.599555 0.173489
    outer loop
      vertex 9.87338 8.28475 8.69684
      vertex 9.72252 8.15816 9.81371
      vertex 10.3966 7.27974 9.81371
    endloop
  endfacet
  facet normal 0.19098 -0.174993 0.96587
    outer loop
      vertex 2.15543 -1.80862 19.6918
      vertex 1.9896 -1.9896 19.6918
      vertex 2.7642 -2.7642 19.3983
    endloop
  endfacet
  facet normal 0.339392 -0.0446828 0.939583
    outer loop
      vertex 4.95595 -0.433589 19.0104
      vertex 3.84979 -0.678821 19.3983
      vertex 4.8993 -0.863879 19.0104
    endloop
  endfacet
  facet normal 0.356715 0.227254 0.906151
    outer loop
      vertex 4.91715 3.44303 18.5311
      vertex 4.30838 2.48744 19.0104
      vertex 5.19852 3.00137 18.5311
    endloop
  endfacet
  facet normal 0.128185 0.117462 0.98477
    outer loop
      vertex 1.9896 1.9896 19.6918
      vertex 1.19985 1.19985 19.8888
      vertex 1.29986 1.09071 19.8888
    endloop
  endfacet
  facet normal 0.0226916 0.172376 0.98477
    outer loop
      vertex 0.245231 2.80301 19.6918
      vertex 0.147889 1.69038 19.8888
      vertex 0.294653 1.67106 19.8888
    endloop
  endfacet
  facet normal -0.040263 0.0773479 0.996191
    outer loop
      vertex -0.717115 1.53786 19.8888
      vertex -0.84842 1.46951 19.8888
      vertex -0.239646 0.513924 19.9876
    endloop
  endfacet
  facet normal 0.246125 0.594198 0.765736
    outer loop
      vertex 3.71172 7.9598 16.5846
      vertex 3.00385 8.25301 16.5846
      vertex 3.34456 7.17243 17.3136
    endloop
  endfacet
  facet normal -0.231017 0.443795 0.865839
    outer loop
      vertex -2.95194 6.33046 17.9641
      vertex -3.00137 5.19852 18.5311
      vertex -2.53686 5.44032 18.5311
    endloop
  endfacet
  facet normal 0.313591 0.757017 0.573224
    outer loop
      vertex 3.74994 10.3029 13.9849
      vertex 3.52746 9.69161 14.9139
      vertex 4.63362 9.93684 13.9849
    endloop
  endfacet
  facet normal -0.118315 0.898723 0.422255
    outer loop
      vertex -1.04678 11.9647 11.9749
      vertex -2.00236 11.356 13.0027
      vertex -1.005 11.4873 13.0027
    endloop
  endfacet
  facet normal -0.0778883 0.247039 0.96587
    outer loop
      vertex -0.728243 2.71784 19.6918
      vertex -1.01177 3.77597 19.3983
      vertex -0.962347 2.64403 19.6918
    endloop
  endfacet
  facet normal -0.391529 0.510248 0.765736
    outer loop
      vertex -4.53923 6.48269 17.3136
      vertex -5.64539 6.72792 16.5846
      vertex -5.08696 6.0624 17.3136
    endloop
  endfacet
  facet normal 0.227254 0.356715 0.906151
    outer loop
      vertex 3.00137 5.19852 18.5311
      vertex 2.48744 4.30838 19.0104
      vertex 3.44303 4.91715 18.5311
    endloop
  endfacet
  facet normal 0.193404 0.613385 0.765738
    outer loop
      vertex 3.00385 8.25301 16.5846
      vertex 2.04827 7.64424 17.3136
      vertex 2.70671 7.43663 17.3136
    endloop
  endfacet
  facet normal 0.108296 0.488463 0.865838
    outer loop
      vertex 1.21291 6.87878 17.9641
      vertex 1.04236 5.91154 18.5311
      vertex 1.55362 5.79819 18.5311
    endloop
  endfacet
  facet normal -0.0149262 0.341994 0.939584
    outer loop
      vertex 0 3.90917 19.3983
      vertex -0.433589 4.95595 19.0104
      vertex -0.340707 3.8943 19.3983
    endloop
  endfacet
  facet normal 0.014931 0.341992 0.939584
    outer loop
      vertex 0 4.97488 19.0104
      vertex 0 3.90917 19.3983
      vertex 0.433589 4.95595 19.0104
    endloop
  endfacet
  facet normal -0.191465 0.462238 0.865839
    outer loop
      vertex -2.38897 6.56365 17.9641
      vertex -2.95194 6.33046 17.9641
      vertex -2.05305 5.64072 18.5311
    endloop
  endfacet
  facet normal -0.239309 0.0991285 0.96587
    outer loop
      vertex -2.55009 1.18913 19.6918
      vertex -3.67342 1.33702 19.3983
      vertex -2.64403 0.962347 19.6918
    endloop
  endfacet
  facet normal 0.0773462 0.0402657 0.996191
    outer loop
      vertex 1.46951 0.84842 19.8888
      vertex 0.491081 0.283525 19.9876
      vertex 0.513924 0.239646 19.9876
    endloop
  endfacet
  facet normal -0.308379 0.484063 0.818893
    outer loop
      vertex -3.95695 6.85364 17.3136
      vertex -4.53923 6.48269 17.3136
      vertex -3.49245 6.0491 17.9641
    endloop
  endfacet
  facet normal -0.256811 0.0338102 0.96587
    outer loop
      vertex -2.77097 0.488596 19.6918
      vertex -3.8943 0.340707 19.3983
      vertex -2.80301 0.245231 19.6918
    endloop
  endfacet
  facet normal 0.0642913 -0.0589097 0.996191
    outer loop
      vertex 0.434386 -0.364493 19.9876
      vertex 0.400966 -0.400966 19.9876
      vertex 1.29986 -1.09071 19.8888
    endloop
  endfacet
  facet normal 0.069182 0.0530814 0.996191
    outer loop
      vertex 1.29986 1.09071 19.8888
      vertex 0.464501 0.325247 19.9876
      vertex 1.38997 0.973268 19.8888
    endloop
  endfacet
  facet normal -0.921271 0.290523 0.258565
    outer loop
      vertex -11.9264 4.34087 9.81371
      vertex -11.9759 3.20892 10.9092
      vertex -11.6506 4.24047 10.9092
    endloop
  endfacet
  facet normal -0.896285 0.282644 0.341739
    outer loop
      vertex -11.6506 4.24047 10.9092
      vertex -11.9759 3.20892 10.9092
      vertex -11.2861 4.10781 11.9749
    endloop
  endfacet
  facet normal -0.995258 0.0434346 0.0870352
    outer loop
      vertex -12.9382 1.13195 7.56705
      vertex -12.9876 0 7.56705
      vertex -12.8888 0 8.69684
    endloop
  endfacet
  facet normal -0.42255 -0.0184481 0.906152
    outer loop
      vertex -4.97488 0 19.0104
      vertex -6.00273 0 18.5311
      vertex -4.95595 -0.433589 19.0104
    endloop
  endfacet
  facet normal -0.547379 -0.172592 0.818894
    outer loop
      vertex -6.74689 -1.80782 17.9641
      vertex -7.64424 -2.04827 17.3136
      vertex -6.56365 -2.38897 17.9641
    endloop
  endfacet
  facet normal -0.419333 0.0552074 0.906152
    outer loop
      vertex -4.8993 0.863879 19.0104
      vertex -5.91154 1.04236 18.5311
      vertex -4.95595 0.433589 19.0104
    endloop
  endfacet
  facet normal -0.139177 0.218458 0.96587
    outer loop
      vertex -1.40686 2.43675 19.6918
      vertex -2.24221 3.20221 19.3983
      vertex -1.61388 2.30486 19.6918
    endloop
  endfacet
  facet normal 0.126018 0.957749 0.258526
    outer loop
      vertex 2.20392 12.499 9.81371
      vertex 1.08058 12.3511 10.9092
      vertex 2.15295 12.21 10.9092
    endloop
  endfacet
  facet normal 0.1226 0.931768 0.341728
    outer loop
      vertex 1.08058 12.3511 10.9092
      vertex 1.04678 11.9647 11.9749
      vertex 2.15295 12.21 10.9092
    endloop
  endfacet
  facet normal -0.126018 0.957749 0.258526
    outer loop
      vertex -1.08058 12.3511 10.9092
      vertex -2.20392 12.499 9.81371
      vertex -2.15295 12.21 10.9092
    endloop
  endfacet
  facet normal 0.0434346 0.995258 0.0870352
    outer loop
      vertex 0 12.9876 7.56705
      vertex 0 12.8888 8.69684
      vertex 1.13195 12.9382 7.56705
    endloop
  endfacet
  facet normal 0.21312 0.961503 0.173468
    outer loop
      vertex 3.33586 12.4496 8.69684
      vertex 2.20392 12.499 9.81371
      vertex 3.28489 12.2594 9.81371
    endloop
  endfacet
  facet normal -0.0280534 0.642543 0.765736
    outer loop
      vertex 0 8.78267 16.5846
      vertex -0.76546 8.74925 16.5846
      vertex 0 7.9139 17.3136
    endloop
  endfacet
  facet normal -0.196206 0.884952 0.422331
    outer loop
      vertex -2.08559 11.828 11.9749
      vertex -3.10853 11.6012 11.9749
      vertex -2.98448 11.1382 13.0027
    endloop
  endfacet
  facet normal -0.403379 0.127185 0.906151
    outer loop
      vertex -5.64072 2.05305 18.5311
      vertex -5.79819 1.55362 18.5311
      vertex -4.80537 1.28759 19.0104
    endloop
  endfacet
  facet normal -0.205499 0.157686 0.96587
    outer loop
      vertex -2.15543 1.80862 19.6918
      vertex -2.9946 2.51277 19.3983
      vertex -2.30486 1.61388 19.6918
    endloop
  endfacet
  facet normal 0.153111 0.69066 0.706786
    outer loop
      vertex 2.48068 9.25802 15.7827
      vertex 1.66435 9.43899 15.7827
      vertex 2.27312 8.48341 16.5846
    endloop
  endfacet
  facet normal 0.0394687 0.905619 0.422253
    outer loop
      vertex 1.04678 11.9647 11.9749
      vertex 0 11.5311 13.0027
      vertex 1.005 11.4873 13.0027
    endloop
  endfacet
  facet normal -0.21312 0.961503 0.173468
    outer loop
      vertex -2.20392 12.499 9.81371
      vertex -3.33586 12.4496 8.69684
      vertex -3.28489 12.2594 9.81371
    endloop
  endfacet
  facet normal -0.369658 0.892467 0.258566
    outer loop
      vertex -4.34087 11.9264 9.81371
      vertex -5.36381 11.5027 9.81371
      vertex -4.24047 11.6506 10.9092
    endloop
  endfacet
  facet normal -0.612388 0.668309 0.422307
    outer loop
      vertex -7.72016 9.20053 11.9749
      vertex -8.15375 8.15375 13.0027
      vertex -7.41207 8.83337 13.0027
    endloop
  endfacet
  facet normal -0.272595 0.864482 0.42233
    outer loop
      vertex -3.10853 11.6012 11.9749
      vertex -4.10781 11.2861 11.9749
      vertex -2.98448 11.1382 13.0027
    endloop
  endfacet
  facet normal -0.674685 0.212732 0.706785
    outer loop
      vertex -9.00658 3.27813 15.7827
      vertex -9.25802 2.48068 15.7827
      vertex -8.25301 3.00385 16.5846
    endloop
  endfacet
  facet normal -0.496045 -0.0653005 0.865838
    outer loop
      vertex -5.97989 -0.523172 18.5311
      vertex -6.95831 -0.608773 17.9641
      vertex -6.87878 -1.21291 17.9641
    endloop
  endfacet
  facet normal -0.765625 0.033435 0.642418
    outer loop
      vertex -9.54813 0.835353 15.7827
      vertex -10.3136 0 14.9139
      vertex -9.58461 0 15.7827
    endloop
  endfacet
  facet normal -0.706752 -0.0308568 0.706788
    outer loop
      vertex -8.78267 0 16.5846
      vertex -9.58461 0 15.7827
      vertex -8.74925 -0.76546 16.5846
    endloop
  endfacet
  facet normal -0.419334 0.0552045 0.906152
    outer loop
      vertex -5.91154 1.04236 18.5311
      vertex -5.97989 0.523172 18.5311
      vertex -4.95595 0.433589 19.0104
    endloop
  endfacet
  facet normal -0.62791 0.139203 0.765736
    outer loop
      vertex -7.64424 2.04827 17.3136
      vertex -8.64924 1.52509 16.5846
      vertex -7.79367 1.37423 17.3136
    endloop
  endfacet
  facet normal -0.510248 -0.391529 0.765736
    outer loop
      vertex -6.48269 -4.53923 17.3136
      vertex -6.72792 -5.64539 16.5846
      vertex -6.0624 -5.08696 17.3136
    endloop
  endfacet
  facet normal -0.607988 -0.466531 0.642416
    outer loop
      vertex -7.85125 -5.4975 15.7827
      vertex -8.4484 -5.91563 14.9139
      vertex -7.34223 -6.16086 15.7827
    endloop
  endfacet
  facet normal -0.477165 -0.15045 0.86584
    outer loop
      vertex -5.79819 -1.55362 18.5311
      vertex -6.74689 -1.80782 17.9641
      vertex -5.64072 -2.05305 18.5311
    endloop
  endfacet
  facet normal -0.637654 -0.0839443 0.765736
    outer loop
      vertex -7.88378 -0.689741 17.3136
      vertex -8.64924 -1.52509 16.5846
      vertex -7.79367 -1.37423 17.3136
    endloop
  endfacet
  facet normal -0.73728 0.675587 0
    outer loop
      vertex -9.9491 8.34828 7
      vertex -9.18364 9.18364 7.56705
      vertex -9.18364 9.18364 7
    endloop
  endfacet
  facet normal -0.73728 0.675587 0
    outer loop
      vertex -9.18364 9.18364 7.56705
      vertex -9.9491 8.34828 7
      vertex -9.9491 8.34828 7.56705
    endloop
  endfacet
  facet normal -0.551809 0.719141 0.422307
    outer loop
      vertex -6.8889 9.83837 11.9749
      vertex -7.72016 9.20053 11.9749
      vertex -7.41207 8.83337 13.0027
    endloop
  endfacet
  facet normal -0.745595 0.572108 0.341731
    outer loop
      vertex -9.49766 7.96949 10.9092
      vertex -9.83837 6.8889 11.9749
      vertex -9.20053 7.72016 11.9749
    endloop
  endfacet
  facet normal -0.887 0.46177 0
    outer loop
      vertex -11.7708 5.48881 7
      vertex -11.2476 6.49381 7.56705
      vertex -11.2476 6.49381 7
    endloop
  endfacet
  facet normal -0.887 0.46177 0
    outer loop
      vertex -11.2476 6.49381 7.56705
      vertex -11.7708 5.48881 7
      vertex -11.7708 5.48881 7.56705
    endloop
  endfacet
  facet normal -0.84018 0.535273 0.0870715
    outer loop
      vertex -10.6388 7.4494 7.56705
      vertex -11.2476 6.49381 7.56705
      vertex -11.162 6.44439 8.69684
    endloop
  endfacet
  facet normal -0.920366 0.381237 0.0870884
    outer loop
      vertex -11.7708 5.48881 7.56705
      vertex -12.2044 4.44203 7.56705
      vertex -12.1115 4.40822 8.69684
    endloop
  endfacet
  facet normal -0.950097 0.299552 0.087093
    outer loop
      vertex -12.1115 4.40822 8.69684
      vertex -12.5451 3.36144 7.56705
      vertex -12.4496 3.33586 8.69684
    endloop
  endfacet
  facet normal -0.98769 0.129975 0.0870373
    outer loop
      vertex -12.7903 2.25528 7.56705
      vertex -12.8397 1.12333 8.69684
      vertex -12.693 2.23811 8.69684
    endloop
  endfacet
  facet normal -0.69066 0.153111 0.706786
    outer loop
      vertex -9.25802 2.48068 15.7827
      vertex -9.43899 1.66435 15.7827
      vertex -8.48341 2.27312 16.5846
    endloop
  endfacet
  facet normal -0.837441 0.346908 0.422312
    outer loop
      vertex -10.8851 5.07583 11.9749
      vertex -11.2861 4.10781 11.9749
      vertex -10.8357 3.94388 13.0027
    endloop
  endfacet
  facet normal -0.73058 0.465428 0.499629
    outer loop
      vertex -9.44576 6.61399 13.0027
      vertex -9.98626 5.76557 13.0027
      vertex -9.49518 5.48204 13.9849
    endloop
  endfacet
  facet normal -0.804044 0.418593 0.422248
    outer loop
      vertex -9.98626 5.76557 13.0027
      vertex -10.8851 5.07583 11.9749
      vertex -10.4508 4.87327 13.0027
    endloop
  endfacet
  facet normal -0.845671 0.18754 0.499669
    outer loop
      vertex -11.1382 2.98448 13.0027
      vertex -11.356 2.00236 13.0027
      vertex -10.7975 1.90389 13.9849
    endloop
  endfacet
  facet normal -0.804049 0.418553 0.422279
    outer loop
      vertex -10.4013 6.00522 11.9749
      vertex -10.8851 5.07583 11.9749
      vertex -9.98626 5.76557 13.0027
    endloop
  endfacet
  facet normal -0.687233 0.527334 0.499629
    outer loop
      vertex -8.83337 7.41207 13.0027
      vertex -9.44576 6.61399 13.0027
      vertex -8.39898 7.04758 13.9849
    endloop
  endfacet
  facet normal -0.634914 0.692895 0.341731
    outer loop
      vertex -7.96949 9.49766 10.9092
      vertex -8.76694 8.76694 10.9092
      vertex -7.72016 9.20053 11.9749
    endloop
  endfacet
  facet normal -0.873578 0.454708 0.173498
    outer loop
      vertex -10.9915 6.34592 9.81371
      vertex -11.6812 5.44703 8.69684
      vertex -11.5027 5.36381 9.81371
    endloop
  endfacet
  facet normal -0.792615 0.504919 0.341787
    outer loop
      vertex -9.83837 6.8889 11.9749
      vertex -10.7373 6.19916 10.9092
      vertex -10.4013 6.00522 11.9749
    endloop
  endfacet
  facet normal -0.873578 -0.454708 0.173498
    outer loop
      vertex -11.5027 -5.36381 9.81371
      vertex -11.6812 -5.44703 8.69684
      vertex -10.9915 -6.34592 9.81371
    endloop
  endfacet
  facet normal -0.950096 -0.299556 0.0870886
    outer loop
      vertex -12.1115 -4.40822 8.69684
      vertex -12.5451 -3.36144 7.56705
      vertex -12.2044 -4.44203 7.56705
    endloop
  endfacet
  facet normal -0.90987 -0.376866 0.17352
    outer loop
      vertex -11.9264 -4.34087 9.81371
      vertex -12.1115 -4.40822 8.69684
      vertex -11.5027 -5.36381 9.81371
    endloop
  endfacet
  facet normal -0.938904 0.0410116 0.341727
    outer loop
      vertex -12.3511 1.08058 10.9092
      vertex -12.3983 0 10.9092
      vertex -11.9647 1.04678 11.9749
    endloop
  endfacet
  facet normal -0.983887 -0.043005 0.173544
    outer loop
      vertex -12.6918 0 9.81371
      vertex -12.8888 0 8.69684
      vertex -12.8397 -1.12333 8.69684
    endloop
  endfacet
  facet normal -0.995249 -0.0435017 0.087102
    outer loop
      vertex -12.8888 0 8.69684
      vertex -12.9382 -1.13195 7.56705
      vertex -12.8397 -1.12333 8.69684
    endloop
  endfacet
  facet normal -0.939236 -0.296185 0.173521
    outer loop
      vertex -11.9264 -4.34087 9.81371
      vertex -12.2594 -3.28489 9.81371
      vertex -12.1115 -4.40822 8.69684
    endloop
  endfacet
  facet normal -0.892469 -0.369655 0.258562
    outer loop
      vertex -11.2367 -5.23976 10.9092
      vertex -11.6506 -4.24047 10.9092
      vertex -11.5027 -5.36381 9.81371
    endloop
  endfacet
  facet normal -0.800311 -0.331525 0.499594
    outer loop
      vertex -10.3029 -3.74994 13.9849
      vertex -10.8357 -3.94388 13.0027
      vertex -9.93684 -4.63362 13.9849
    endloop
  endfacet
  facet normal -0.804044 -0.418593 0.422248
    outer loop
      vertex -10.4508 -4.87327 13.0027
      vertex -10.8851 -5.07583 11.9749
      vertex -9.98626 -5.76557 13.0027
    endloop
  endfacet
  facet normal -0.730882 -0.230451 0.64242
    outer loop
      vertex -9.25802 -2.48068 15.7827
      vertex -9.69161 -3.52746 14.9139
      vertex -9.00658 -3.27813 15.7827
    endloop
  endfacet
  facet normal -0.498821 -0.650081 0.573212
    outer loop
      vertex -6.62945 -7.90067 14.9139
      vertex -7.04758 -8.39898 13.9849
      vertex -5.91563 -8.4484 14.9139
    endloop
  endfacet
  facet normal -0.840208 -0.535236 0.0870256
    outer loop
      vertex -10.5579 -7.3927 8.69684
      vertex -11.162 -6.44439 8.69684
      vertex -10.6388 -7.4494 7.56705
    endloop
  endfacet
  facet normal -0.790332 -0.606466 0.087029
    outer loop
      vertex -10.5579 -7.3927 8.69684
      vertex -10.6388 -7.4494 7.56705
      vertex -9.87338 -8.28475 8.69684
    endloop
  endfacet
  facet normal -0.830608 -0.529148 0.173475
    outer loop
      vertex -10.3966 -7.27974 9.81371
      vertex -10.9915 -6.34592 9.81371
      vertex -10.5579 -7.3927 8.69684
    endloop
  endfacet
  facet normal -0.668309 -0.612388 0.422307
    outer loop
      vertex -8.83337 -7.41207 13.0027
      vertex -9.20053 -7.72016 11.9749
      vertex -8.15375 -8.15375 13.0027
    endloop
  endfacet
  facet normal -0.726096 -0.665346 0.173489
    outer loop
      vertex -9.72252 -8.15816 9.81371
      vertex -9.87338 -8.28475 8.69684
      vertex -8.97449 -8.97449 9.81371
    endloop
  endfacet
  facet normal -0.652615 -0.712203 0.258576
    outer loop
      vertex -8.76694 -8.76694 10.9092
      vertex -8.97449 -8.97449 9.81371
      vertex -8.15816 -9.72252 9.81371
    endloop
  endfacet
  facet normal -0.454755 -0.873563 0.173451
    outer loop
      vertex -6.34592 -10.9915 9.81371
      vertex -6.44439 -11.162 8.69684
      vertex -5.44703 -11.6812 8.69684
    endloop
  endfacet
  facet normal -0.599546 -0.781314 0.173476
    outer loop
      vertex -7.27974 -10.3966 9.81371
      vertex -8.28475 -9.87338 8.69684
      vertex -7.3927 -10.5579 8.69684
    endloop
  endfacet
  facet normal -0.599555 -0.781304 0.173489
    outer loop
      vertex -8.15816 -9.72252 9.81371
      vertex -8.28475 -9.87338 8.69684
      vertex -7.27974 -10.3966 9.81371
    endloop
  endfacet
  facet normal -0.675587 -0.73728 0
    outer loop
      vertex -9.18364 -9.18364 7
      vertex -8.34828 -9.9491 7.56705
      vertex -9.18364 -9.18364 7.56705
    endloop
  endfacet
  facet normal -0.675587 -0.73728 -0
    outer loop
      vertex -8.34828 -9.9491 7.56705
      vertex -9.18364 -9.18364 7
      vertex -8.34828 -9.9491 7
    endloop
  endfacet
  facet normal -0.608742 -0.793368 0
    outer loop
      vertex -8.34828 -9.9491 7
      vertex -7.4494 -10.6388 7.56705
      vertex -8.34828 -9.9491 7.56705
    endloop
  endfacet
  facet normal -0.608742 -0.793368 -0
    outer loop
      vertex -7.4494 -10.6388 7.56705
      vertex -8.34828 -9.9491 7
      vertex -7.4494 -10.6388 7
    endloop
  endfacet
  facet normal -0.446022 -0.856855 0.258579
    outer loop
      vertex -6.19916 -10.7373 10.9092
      vertex -6.34592 -10.9915 9.81371
      vertex -5.23976 -11.2367 10.9092
    endloop
  endfacet
  facet normal -0.504919 -0.792615 0.341787
    outer loop
      vertex -6.00522 -10.4013 11.9749
      vertex -6.8889 -9.83837 11.9749
      vertex -6.19916 -10.7373 10.9092
    endloop
  endfacet
  facet normal -0.896285 0.282623 0.341757
    outer loop
      vertex -11.2861 4.10781 11.9749
      vertex -11.9759 3.20892 10.9092
      vertex -11.6012 3.10853 11.9749
    endloop
  endfacet
  facet normal -0.898723 0.118315 0.422255
    outer loop
      vertex -11.356 2.00236 13.0027
      vertex -11.9647 1.04678 11.9749
      vertex -11.4873 1.005 13.0027
    endloop
  endfacet
  facet normal -0.326475 -0.102936 0.939584
    outer loop
      vertex -3.77597 -1.01177 19.3983
      vertex -4.80537 -1.28759 19.0104
      vertex -3.67342 -1.33702 19.3983
    endloop
  endfacet
  facet normal -0.252886 -0.0560687 0.96587
    outer loop
      vertex -2.71784 -0.728243 19.6918
      vertex -3.84979 -0.678821 19.3983
      vertex -3.77597 -1.01177 19.3983
    endloop
  endfacet
  facet normal -0.288709 -0.183924 0.939585
    outer loop
      vertex -3.38544 -1.95459 19.3983
      vertex -4.30838 -2.48744 19.0104
      vertex -3.20221 -2.24221 19.3983
    endloop
  endfacet
  facet normal -0.247039 -0.0778883 0.96587
    outer loop
      vertex -2.71784 -0.728243 19.6918
      vertex -3.77597 -1.01177 19.3983
      vertex -2.64403 -0.962347 19.6918
    endloop
  endfacet
  facet normal 0.498821 -0.650081 0.573212
    outer loop
      vertex 6.62945 -7.90067 14.9139
      vertex 5.91563 -8.4484 14.9139
      vertex 7.04758 -8.39898 13.9849
    endloop
  endfacet
  facet normal 0.521577 -0.477929 0.706783
    outer loop
      vertex 7.34223 -6.16086 15.7827
      vertex 6.21029 -6.21029 16.5846
      vertex 6.77734 -6.77734 15.7827
    endloop
  endfacet
  facet normal 0.517742 -0.565013 0.64242
    outer loop
      vertex 7.29281 -7.29281 14.9139
      vertex 6.16086 -7.34223 15.7827
      vertex 6.62945 -7.90067 14.9139
    endloop
  endfacet
  facet normal 0.607988 -0.466531 0.642416
    outer loop
      vertex 7.85125 -5.4975 15.7827
      vertex 7.34223 -6.16086 15.7827
      vertex 8.4484 -5.91563 14.9139
    endloop
  endfacet
  facet normal 0.800311 -0.331525 0.499594
    outer loop
      vertex 10.3029 -3.74994 13.9849
      vertex 9.93684 -4.63362 13.9849
      vertex 10.8357 -3.94388 13.0027
    endloop
  endfacet
  facet normal 0.726823 -0.378361 0.573212
    outer loop
      vertex 9.34729 -4.35871 14.9139
      vertex 8.93183 -5.1568 14.9139
      vertex 9.49518 -5.48204 13.9849
    endloop
  endfacet
  facet normal 0.530257 -0.219635 0.818894
    outer loop
      vertex 7.43663 -2.70671 17.3136
      vertex 6.56365 -2.38897 17.9641
      vertex 7.17243 -3.34456 17.3136
    endloop
  endfacet
  facet normal 0.474176 -0.43451 0.76574
    outer loop
      vertex 6.0624 -5.08696 17.3136
      vertex 5.59597 -5.59597 17.3136
      vertex 6.21029 -6.21029 16.5846
    endloop
  endfacet
  facet normal 0.646339 -0.411762 0.642416
    outer loop
      vertex 8.30051 -4.7923 15.7827
      vertex 7.85125 -5.4975 15.7827
      vertex 8.4484 -5.91563 14.9139
    endloop
  endfacet
  facet normal 0.627503 -0.32665 0.706781
    outer loop
      vertex 7.9598 -3.71172 16.5846
      vertex 7.60602 -4.39134 16.5846
      vertex 8.30051 -4.7923 15.7827
    endloop
  endfacet
  facet normal 0.484063 -0.308379 0.818893
    outer loop
      vertex 6.85364 -3.95695 17.3136
      vertex 6.0491 -3.49245 17.9641
      vertex 6.48269 -4.53923 17.3136
    endloop
  endfacet
  facet normal 0.455339 -0.349395 0.818895
    outer loop
      vertex 5.72169 -4.00637 17.9641
      vertex 5.35074 -4.4898 17.9641
      vertex 6.48269 -4.53923 17.3136
    endloop
  endfacet
  facet normal -0.7598 -0.10003 0.642416
    outer loop
      vertex -9.54813 -0.835353 15.7827
      vertex -10.1569 -1.79094 14.9139
      vertex -9.43899 -1.66435 15.7827
    endloop
  endfacet
  facet normal -0.759822 -0.0999977 0.642395
    outer loop
      vertex -9.54813 -0.835353 15.7827
      vertex -10.2743 -0.898889 14.9139
      vertex -10.1569 -1.79094 14.9139
    endloop
  endfacet
  facet normal -0.701376 -0.0923405 0.706785
    outer loop
      vertex -8.74925 -0.76546 16.5846
      vertex -9.43899 -1.66435 15.7827
      vertex -8.64924 -1.52509 16.5846
    endloop
  endfacet
  facet normal -0.69066 -0.153111 0.706786
    outer loop
      vertex -8.48341 -2.27312 16.5846
      vertex -9.43899 -1.66435 15.7827
      vertex -9.25802 -2.48068 15.7827
    endloop
  endfacet
  facet normal -0.884959 -0.196253 0.422295
    outer loop
      vertex -11.356 -2.00236 13.0027
      vertex -11.828 -2.08559 11.9749
      vertex -11.1382 -2.98448 13.0027
    endloop
  endfacet
  facet normal -0.781483 -0.2464 0.573211
    outer loop
      vertex -9.96217 -2.66935 14.9139
      vertex -10.5905 -2.83771 13.9849
      vertex -9.69161 -3.52746 14.9139
    endloop
  endfacet
  facet normal -0.553585 -0.604129 0.573212
    outer loop
      vertex -7.29281 -7.29281 14.9139
      vertex -7.75278 -7.75278 13.9849
      vertex -7.04758 -8.39898 13.9849
    endloop
  endfacet
  facet normal -0.477929 -0.521577 0.706783
    outer loop
      vertex -6.21029 -6.21029 16.5846
      vertex -6.77734 -6.77734 15.7827
      vertex -6.16086 -7.34223 15.7827
    endloop
  endfacet
  facet normal -0.465428 -0.73058 0.499629
    outer loop
      vertex -5.48204 -9.49518 13.9849
      vertex -6.61399 -9.44576 13.0027
      vertex -5.76557 -9.98626 13.0027
    endloop
  endfacet
  facet normal -0.487021 -0.764519 0.422281
    outer loop
      vertex -5.76557 -9.98626 13.0027
      vertex -6.8889 -9.83837 11.9749
      vertex -6.00522 -10.4013 11.9749
    endloop
  endfacet
  facet normal -0.326475 -0.102938 0.939584
    outer loop
      vertex -3.67342 -1.33702 19.3983
      vertex -4.80537 -1.28759 19.0104
      vertex -4.67486 -1.70151 19.0104
    endloop
  endfacet
  facet normal -0.488462 -0.108291 0.86584
    outer loop
      vertex -5.79819 -1.55362 18.5311
      vertex -6.87878 -1.21291 17.9641
      vertex -6.74689 -1.80782 17.9641
    endloop
  endfacet
  facet normal -0.62791 -0.139201 0.765737
    outer loop
      vertex -7.64424 -2.04827 17.3136
      vertex -8.64924 -1.52509 16.5846
      vertex -8.48341 -2.27312 16.5846
    endloop
  endfacet
  facet normal -0.403379 -0.127185 0.906151
    outer loop
      vertex -4.80537 -1.28759 19.0104
      vertex -5.79819 -1.55362 18.5311
      vertex -5.64072 -2.05305 18.5311
    endloop
  endfacet
  facet normal -0.331525 -0.800311 0.499594
    outer loop
      vertex -3.74994 -10.3029 13.9849
      vertex -4.63362 -9.93684 13.9849
      vertex -3.94388 -10.8357 13.0027
    endloop
  endfacet
  facet normal -0.260488 -0.826157 0.499611
    outer loop
      vertex -2.83771 -10.5905 13.9849
      vertex -3.94388 -10.8357 13.0027
      vertex -2.98448 -11.1382 13.0027
    endloop
  endfacet
  facet normal -0.376866 -0.90987 0.17352
    outer loop
      vertex -4.34087 -11.9264 9.81371
      vertex -5.36381 -11.5027 9.81371
      vertex -4.40822 -12.1115 8.69684
    endloop
  endfacet
  facet normal -0.376888 -0.909865 0.173499
    outer loop
      vertex -5.36381 -11.5027 9.81371
      vertex -5.44703 -11.6812 8.69684
      vertex -4.40822 -12.1115 8.69684
    endloop
  endfacet
  facet normal -0.0522781 -0.165818 0.98477
    outer loop
      vertex -0.580353 -1.59451 19.8888
      vertex -0.962347 -2.64403 19.6918
      vertex -0.439174 -1.63902 19.8888
    endloop
  endfacet
  facet normal -0.150453 -0.477166 0.865839
    outer loop
      vertex -2.05305 -5.64072 18.5311
      vertex -2.38897 -6.56365 17.9641
      vertex -1.80782 -6.74689 17.9641
    endloop
  endfacet
  facet normal -0.139201 -0.62791 0.765737
    outer loop
      vertex -2.04827 -7.64424 17.3136
      vertex -2.27312 -8.48341 16.5846
      vertex -1.52509 -8.64924 16.5846
    endloop
  endfacet
  facet normal -0.0915393 -0.412927 0.906152
    outer loop
      vertex -0.863879 -4.8993 19.0104
      vertex -1.28759 -4.80537 19.0104
      vertex -1.04236 -5.91154 18.5311
    endloop
  endfacet
  facet normal -0.553585 -0.604129 0.573212
    outer loop
      vertex -6.62945 -7.90067 14.9139
      vertex -7.29281 -7.29281 14.9139
      vertex -7.04758 -8.39898 13.9849
    endloop
  endfacet
  facet normal -0.2464 -0.781483 0.573211
    outer loop
      vertex -2.66935 -9.96217 14.9139
      vertex -3.52746 -9.69161 14.9139
      vertex -2.83771 -10.5905 13.9849
    endloop
  endfacet
  facet normal -0.32665 -0.627503 0.706781
    outer loop
      vertex -4.39134 -7.60602 16.5846
      vertex -4.7923 -8.30051 15.7827
      vertex -3.71172 -7.9598 16.5846
    endloop
  endfacet
  facet normal -0.411763 -0.646336 0.642418
    outer loop
      vertex -4.7923 -8.30051 15.7827
      vertex -5.91563 -8.4484 14.9139
      vertex -5.1568 -8.93183 14.9139
    endloop
  endfacet
  facet normal -0.187471 -0.845721 0.49961
    outer loop
      vertex -2.83771 -10.5905 13.9849
      vertex -2.98448 -11.1382 13.0027
      vertex -1.90389 -10.7975 13.9849
    endloop
  endfacet
  facet normal -0.118264 -0.898711 0.422295
    outer loop
      vertex -2.00236 -11.356 13.0027
      vertex -2.08559 -11.828 11.9749
      vertex -1.04678 -11.9647 11.9749
    endloop
  endfacet
  facet normal -0.585221 -0.638661 0.499628
    outer loop
      vertex -7.04758 -8.39898 13.9849
      vertex -8.15375 -8.15375 13.0027
      vertex -7.41207 -8.83337 13.0027
    endloop
  endfacet
  facet normal -0.692895 -0.634914 0.341731
    outer loop
      vertex -9.20053 -7.72016 11.9749
      vertex -9.49766 -7.96949 10.9092
      vertex -8.76694 -8.76694 10.9092
    endloop
  endfacet
  facet normal -0.290523 -0.921271 0.258565
    outer loop
      vertex -4.24047 -11.6506 10.9092
      vertex -4.34087 -11.9264 9.81371
      vertex -3.20892 -11.9759 10.9092
    endloop
  endfacet
  facet normal -0.296185 -0.939236 0.173521
    outer loop
      vertex -4.34087 -11.9264 9.81371
      vertex -4.40822 -12.1115 8.69684
      vertex -3.28489 -12.2594 9.81371
    endloop
  endfacet
  facet normal 0.0434346 -0.995258 0.0870352
    outer loop
      vertex 0 -12.8888 8.69684
      vertex 0 -12.9876 7.56705
      vertex 1.13195 -12.9382 7.56705
    endloop
  endfacet
  facet normal 0.953719 -0.300699 0
    outer loop
      vertex 12.2044 -4.44203 7.56705
      vertex 12.5451 -3.36144 7
      vertex 12.5451 -3.36144 7.56705
    endloop
  endfacet
  facet normal 0.953719 -0.300699 0
    outer loop
      vertex 12.5451 -3.36144 7
      vertex 12.2044 -4.44203 7.56705
      vertex 12.2044 -4.44203 7
    endloop
  endfacet
  facet normal 0.793368 -0.608742 0
    outer loop
      vertex 9.9491 -8.34828 7.56705
      vertex 10.6388 -7.4494 7
      vertex 10.6388 -7.4494 7.56705
    endloop
  endfacet
  facet normal 0.793368 -0.608742 0
    outer loop
      vertex 10.6388 -7.4494 7
      vertex 9.9491 -8.34828 7.56705
      vertex 9.9491 -8.34828 7
    endloop
  endfacet
  facet normal -0.213185 0.961477 0.173534
    outer loop
      vertex -2.23811 12.693 8.69684
      vertex -3.33586 12.4496 8.69684
      vertex -2.20392 12.499 9.81371
    endloop
  endfacet
  facet normal -0.299552 0.950097 0.087093
    outer loop
      vertex -3.36144 12.5451 7.56705
      vertex -4.40822 12.1115 8.69684
      vertex -3.33586 12.4496 8.69684
    endloop
  endfacet
  facet normal -0.381237 0.920366 0.0870884
    outer loop
      vertex -4.44203 12.2044 7.56705
      vertex -5.48881 11.7708 7.56705
      vertex -4.40822 12.1115 8.69684
    endloop
  endfacet
  facet normal 0.950097 0.299552 0.087093
    outer loop
      vertex 12.5451 3.36144 7.56705
      vertex 12.1115 4.40822 8.69684
      vertex 12.4496 3.33586 8.69684
    endloop
  endfacet
  facet normal 0.840208 0.535236 0.0870256
    outer loop
      vertex 10.6388 7.4494 7.56705
      vertex 10.5579 7.3927 8.69684
      vertex 11.162 6.44439 8.69684
    endloop
  endfacet
  facet normal 0.920366 0.381237 0.0870884
    outer loop
      vertex 12.2044 4.44203 7.56705
      vertex 11.7708 5.48881 7.56705
      vertex 12.1115 4.40822 8.69684
    endloop
  endfacet
  facet normal 0.892467 0.369658 0.258566
    outer loop
      vertex 11.9264 4.34087 9.81371
      vertex 11.5027 5.36381 9.81371
      vertex 11.6506 4.24047 10.9092
    endloop
  endfacet
  facet normal 0.931768 0.1226 0.341728
    outer loop
      vertex 12.21 2.15295 10.9092
      vertex 11.9647 1.04678 11.9749
      vertex 12.3511 1.08058 10.9092
    endloop
  endfacet
  facet normal 0.983887 0.043005 0.173544
    outer loop
      vertex 12.8397 1.12333 8.69684
      vertex 12.6918 0 9.81371
      vertex 12.8888 0 8.69684
    endloop
  endfacet
  facet normal 0.995249 0.0435017 0.087102
    outer loop
      vertex 12.9382 1.13195 7.56705
      vertex 12.8397 1.12333 8.69684
      vertex 12.8888 0 8.69684
    endloop
  endfacet
  facet normal 0.920366 -0.381237 0.0870884
    outer loop
      vertex 12.1115 -4.40822 8.69684
      vertex 11.7708 -5.48881 7.56705
      vertex 12.2044 -4.44203 7.56705
    endloop
  endfacet
  facet normal 0.995249 -0.0435017 0.087102
    outer loop
      vertex 12.8888 0 8.69684
      vertex 12.8397 -1.12333 8.69684
      vertex 12.9382 -1.13195 7.56705
    endloop
  endfacet
  facet normal 0.957749 -0.126018 0.258526
    outer loop
      vertex 12.3511 -1.08058 10.9092
      vertex 12.21 -2.15295 10.9092
      vertex 12.499 -2.20392 9.81371
    endloop
  endfacet
  facet normal 0.983887 -0.043005 0.173544
    outer loop
      vertex 12.8888 0 8.69684
      vertex 12.6918 0 9.81371
      vertex 12.8397 -1.12333 8.69684
    endloop
  endfacet
  facet normal 0.939236 -0.296185 0.173521
    outer loop
      vertex 12.2594 -3.28489 9.81371
      vertex 11.9264 -4.34087 9.81371
      vertex 12.1115 -4.40822 8.69684
    endloop
  endfacet
  facet normal 0.90987 -0.376866 0.17352
    outer loop
      vertex 11.9264 -4.34087 9.81371
      vertex 11.5027 -5.36381 9.81371
      vertex 12.1115 -4.40822 8.69684
    endloop
  endfacet
  facet normal 0.790332 -0.606466 0.087029
    outer loop
      vertex 10.5579 -7.3927 8.69684
      vertex 9.87338 -8.28475 8.69684
      vertex 10.6388 -7.4494 7.56705
    endloop
  endfacet
  facet normal 0.830623 -0.52913 0.173453
    outer loop
      vertex 10.9915 -6.34592 9.81371
      vertex 10.5579 -7.3927 8.69684
      vertex 11.162 -6.44439 8.69684
    endloop
  endfacet
  facet normal 0.78148 -0.246378 0.573224
    outer loop
      vertex 10.5905 -2.83771 13.9849
      vertex 9.69161 -3.52746 14.9139
      vertex 10.3029 -3.74994 13.9849
    endloop
  endfacet
  facet normal 0.573398 -0.0250395 0.818894
    outer loop
      vertex 7.9139 0 17.3136
      vertex 6.95831 -0.608773 17.9641
      vertex 7.88378 -0.689741 17.3136
    endloop
  endfacet
  facet normal 0.653579 -0.270722 0.706785
    outer loop
      vertex 8.25301 -3.00385 16.5846
      vertex 7.9598 -3.71172 16.5846
      vertex 9.00658 -3.27813 15.7827
    endloop
  endfacet
  facet normal 0.62791 -0.139203 0.765736
    outer loop
      vertex 7.79367 -1.37423 17.3136
      vertex 7.64424 -2.04827 17.3136
      vertex 8.64924 -1.52509 16.5846
    endloop
  endfacet
  facet normal 0.818626 -0.0357234 0.573215
    outer loop
      vertex 10.9641 0 13.9849
      vertex 10.3136 0 14.9139
      vertex 10.9224 -0.955583 13.9849
    endloop
  endfacet
  facet normal 0.812396 -0.106999 0.573204
    outer loop
      vertex 10.9224 -0.955583 13.9849
      vertex 10.1569 -1.79094 14.9139
      vertex 10.7975 -1.90389 13.9849
    endloop
  endfacet
  facet normal 0.884959 0.196253 0.422295
    outer loop
      vertex 11.828 2.08559 11.9749
      vertex 11.1382 2.98448 13.0027
      vertex 11.356 2.00236 13.0027
    endloop
  endfacet
  facet normal 0.865417 -0.0377167 0.499631
    outer loop
      vertex 11.5311 0 13.0027
      vertex 10.9224 -0.955583 13.9849
      vertex 11.4873 -1.005 13.0027
    endloop
  endfacet
  facet normal 0.884952 0.196206 0.422331
    outer loop
      vertex 11.6012 3.10853 11.9749
      vertex 11.1382 2.98448 13.0027
      vertex 11.828 2.08559 11.9749
    endloop
  endfacet
  facet normal 0.864482 0.272595 0.42233
    outer loop
      vertex 11.2861 4.10781 11.9749
      vertex 11.1382 2.98448 13.0027
      vertex 11.6012 3.10853 11.9749
    endloop
  endfacet
  facet normal 0.961503 -0.21312 0.173468
    outer loop
      vertex 12.499 -2.20392 9.81371
      vertex 12.2594 -3.28489 9.81371
      vertex 12.4496 -3.33586 8.69684
    endloop
  endfacet
  facet normal 0.884952 -0.196206 0.422331
    outer loop
      vertex 11.828 -2.08559 11.9749
      vertex 11.1382 -2.98448 13.0027
      vertex 11.6012 -3.10853 11.9749
    endloop
  endfacet
  facet normal 0.864482 -0.272595 0.42233
    outer loop
      vertex 11.6012 -3.10853 11.9749
      vertex 11.1382 -2.98448 13.0027
      vertex 11.2861 -4.10781 11.9749
    endloop
  endfacet
  facet normal 0.905619 -0.0394687 0.422253
    outer loop
      vertex 11.5311 0 13.0027
      vertex 11.4873 -1.005 13.0027
      vertex 11.9647 -1.04678 11.9749
    endloop
  endfacet
  facet normal 0.905589 -0.0395359 0.422309
    outer loop
      vertex 12.0104 0 11.9749
      vertex 11.5311 0 13.0027
      vertex 11.9647 -1.04678 11.9749
    endloop
  endfacet
  facet normal 0.382691 -0.923877 0
    outer loop
      vertex 4.44203 -12.2044 7
      vertex 5.48881 -11.7708 7.56705
      vertex 4.44203 -12.2044 7.56705
    endloop
  endfacet
  facet normal 0.382691 -0.923877 0
    outer loop
      vertex 5.48881 -11.7708 7.56705
      vertex 4.44203 -12.2044 7
      vertex 5.48881 -11.7708 7
    endloop
  endfacet
  facet normal 0.216415 -0.976302 0
    outer loop
      vertex 2.25528 -12.7903 7
      vertex 3.36144 -12.5451 7.56705
      vertex 2.25528 -12.7903 7.56705
    endloop
  endfacet
  facet normal 0.216415 -0.976302 0
    outer loop
      vertex 3.36144 -12.5451 7.56705
      vertex 2.25528 -12.7903 7
      vertex 3.36144 -12.5451 7
    endloop
  endfacet
  facet normal 0.299556 -0.950096 0.0870886
    outer loop
      vertex 4.40822 -12.1115 8.69684
      vertex 3.36144 -12.5451 7.56705
      vertex 4.44203 -12.2044 7.56705
    endloop
  endfacet
  facet normal 0.381237 -0.920366 0.0870884
    outer loop
      vertex 5.48881 -11.7708 7.56705
      vertex 4.40822 -12.1115 8.69684
      vertex 4.44203 -12.2044 7.56705
    endloop
  endfacet
  facet normal 0.46177 -0.887 0
    outer loop
      vertex 5.48881 -11.7708 7
      vertex 6.49381 -11.2476 7.56705
      vertex 5.48881 -11.7708 7.56705
    endloop
  endfacet
  facet normal 0.46177 -0.887 0
    outer loop
      vertex 6.49381 -11.2476 7.56705
      vertex 5.48881 -11.7708 7
      vertex 6.49381 -11.2476 7
    endloop
  endfacet
  facet normal 0.608742 -0.793368 0
    outer loop
      vertex 7.4494 -10.6388 7
      vertex 8.34828 -9.9491 7.56705
      vertex 7.4494 -10.6388 7.56705
    endloop
  endfacet
  facet normal 0.608742 -0.793368 0
    outer loop
      vertex 8.34828 -9.9491 7.56705
      vertex 7.4494 -10.6388 7
      vertex 8.34828 -9.9491 7
    endloop
  endfacet
  facet normal 0.359669 -0.868247 0.341738
    outer loop
      vertex 5.07583 -10.8851 11.9749
      vertex 4.10781 -11.2861 11.9749
      vertex 4.24047 -11.6506 10.9092
    endloop
  endfacet
  facet normal 0.446009 -0.856867 0.258564
    outer loop
      vertex 6.34592 -10.9915 9.81371
      vertex 5.23976 -11.2367 10.9092
      vertex 5.36381 -11.5027 9.81371
    endloop
  endfacet
  facet normal 0.588076 -0.766344 0.258619
    outer loop
      vertex 8.15816 -9.72252 9.81371
      vertex 7.11138 -10.1561 10.9092
      vertex 7.27974 -10.3966 9.81371
    endloop
  endfacet
  facet normal 0.519059 -0.814687 0.258579
    outer loop
      vertex 7.11138 -10.1561 10.9092
      vertex 6.19916 -10.7373 10.9092
      vertex 6.34592 -10.9915 9.81371
    endloop
  endfacet
  facet normal 0.378361 -0.726823 0.573212
    outer loop
      vertex 5.1568 -8.93183 14.9139
      vertex 4.35871 -9.34729 14.9139
      vertex 5.48204 -9.49518 13.9849
    endloop
  endfacet
  facet normal 0.40001 -0.76835 0.49963
    outer loop
      vertex 5.48204 -9.49518 13.9849
      vertex 4.87327 -10.4508 13.0027
      vertex 5.76557 -9.98626 13.0027
    endloop
  endfacet
  facet normal 0.272577 -0.864496 0.422312
    outer loop
      vertex 3.94388 -10.8357 13.0027
      vertex 2.98448 -11.1382 13.0027
      vertex 4.10781 -11.2861 11.9749
    endloop
  endfacet
  facet normal 0.572107 -0.745597 0.341729
    outer loop
      vertex 7.96949 -9.49766 10.9092
      vertex 6.8889 -9.83837 11.9749
      vertex 7.11138 -10.1561 10.9092
    endloop
  endfacet
  facet normal 0.465428 -0.73058 0.499629
    outer loop
      vertex 6.61399 -9.44576 13.0027
      vertex 5.48204 -9.49518 13.9849
      vertex 5.76557 -9.98626 13.0027
    endloop
  endfacet
  facet normal 0.498823 -0.650077 0.573214
    outer loop
      vertex 7.04758 -8.39898 13.9849
      vertex 5.91563 -8.4484 14.9139
      vertex 6.28874 -8.98126 13.9849
    endloop
  endfacet
  facet normal 0.883638 -0.459999 0.0870894
    outer loop
      vertex 11.6812 -5.44703 8.69684
      vertex 11.162 -6.44439 8.69684
      vertex 11.7708 -5.48881 7.56705
    endloop
  endfacet
  facet normal 0.745595 -0.572108 0.341731
    outer loop
      vertex 9.83837 -6.8889 11.9749
      vertex 9.20053 -7.72016 11.9749
      vertex 9.49766 -7.96949 10.9092
    endloop
  endfacet
  facet normal 0.665341 -0.7261 0.173496
    outer loop
      vertex 8.97449 -8.97449 9.81371
      vertex 8.28475 -9.87338 8.69684
      vertex 9.11375 -9.11375 8.69684
    endloop
  endfacet
  facet normal 0.67302 -0.734481 0.0870695
    outer loop
      vertex 9.11375 -9.11375 8.69684
      vertex 8.28475 -9.87338 8.69684
      vertex 9.18364 -9.18364 7.56705
    endloop
  endfacet
  facet normal 0.551809 -0.719141 0.422307
    outer loop
      vertex 7.41207 -8.83337 13.0027
      vertex 6.8889 -9.83837 11.9749
      vertex 7.72016 -9.20053 11.9749
    endloop
  endfacet
  facet normal 0.668307 -0.612394 0.422302
    outer loop
      vertex 9.20053 -7.72016 11.9749
      vertex 8.15375 -8.15375 13.0027
      vertex 8.49266 -8.49266 11.9749
    endloop
  endfacet
  facet normal 0.612388 -0.668309 0.422307
    outer loop
      vertex 8.15375 -8.15375 13.0027
      vertex 7.41207 -8.83337 13.0027
      vertex 7.72016 -9.20053 11.9749
    endloop
  endfacet
  facet normal 0.418593 -0.804044 0.422248
    outer loop
      vertex 5.76557 -9.98626 13.0027
      vertex 4.87327 -10.4508 13.0027
      vertex 5.07583 -10.8851 11.9749
    endloop
  endfacet
  facet normal 0.726096 -0.665346 0.173489
    outer loop
      vertex 9.72252 -8.15816 9.81371
      vertex 8.97449 -8.97449 9.81371
      vertex 9.87338 -8.28475 8.69684
    endloop
  endfacet
  facet normal 0.781304 -0.599555 0.173489
    outer loop
      vertex 10.3966 -7.27974 9.81371
      vertex 9.72252 -8.15816 9.81371
      vertex 9.87338 -8.28475 8.69684
    endloop
  endfacet
  facet normal 0.665346 -0.726096 0.173489
    outer loop
      vertex 8.97449 -8.97449 9.81371
      vertex 8.15816 -9.72252 9.81371
      vertex 8.28475 -9.87338 8.69684
    endloop
  endfacet
  facet normal 0.599546 -0.781314 0.173476
    outer loop
      vertex 8.28475 -9.87338 8.69684
      vertex 7.27974 -10.3966 9.81371
      vertex 7.3927 -10.5579 8.69684
    endloop
  endfacet
  facet normal 0.804044 -0.418593 0.422248
    outer loop
      vertex 10.4508 -4.87327 13.0027
      vertex 9.98626 -5.76557 13.0027
      vertex 10.8851 -5.07583 11.9749
    endloop
  endfacet
  facet normal 0.76835 -0.40001 0.49963
    outer loop
      vertex 10.4508 -4.87327 13.0027
      vertex 9.49518 -5.48204 13.9849
      vertex 9.98626 -5.76557 13.0027
    endloop
  endfacet
  facet normal 0.8336 -0.433936 0.341774
    outer loop
      vertex 10.8851 -5.07583 11.9749
      vertex 10.4013 -6.00522 11.9749
      vertex 11.2367 -5.23976 10.9092
    endloop
  endfacet
  facet normal 0.856867 -0.446009 0.258564
    outer loop
      vertex 11.2367 -5.23976 10.9092
      vertex 10.9915 -6.34592 9.81371
      vertex 11.5027 -5.36381 9.81371
    endloop
  endfacet
  facet normal 0.814702 -0.519014 0.258621
    outer loop
      vertex 10.9915 -6.34592 9.81371
      vertex 10.1561 -7.11138 10.9092
      vertex 10.3966 -7.27974 9.81371
    endloop
  endfacet
  facet normal 0.814687 -0.519059 0.258579
    outer loop
      vertex 10.7373 -6.19916 10.9092
      vertex 10.1561 -7.11138 10.9092
      vertex 10.9915 -6.34592 9.81371
    endloop
  endfacet
  facet normal 0.921271 -0.290523 0.258565
    outer loop
      vertex 11.9759 -3.20892 10.9092
      vertex 11.6506 -4.24047 10.9092
      vertex 11.9264 -4.34087 9.81371
    endloop
  endfacet
  facet normal 0.896285 -0.282644 0.341739
    outer loop
      vertex 11.9759 -3.20892 10.9092
      vertex 11.2861 -4.10781 11.9749
      vertex 11.6506 -4.24047 10.9092
    endloop
  endfacet
  facet normal 0.858827 -0.113063 0.499632
    outer loop
      vertex 11.4873 -1.005 13.0027
      vertex 10.9224 -0.955583 13.9849
      vertex 11.356 -2.00236 13.0027
    endloop
  endfacet
  facet normal 0.858798 -0.113111 0.499671
    outer loop
      vertex 10.9224 -0.955583 13.9849
      vertex 10.7975 -1.90389 13.9849
      vertex 11.356 -2.00236 13.0027
    endloop
  endfacet
  facet normal 0.826173 -0.260469 0.499593
    outer loop
      vertex 10.5905 -2.83771 13.9849
      vertex 10.3029 -3.74994 13.9849
      vertex 10.8357 -3.94388 13.0027
    endloop
  endfacet
  facet normal 0.845721 -0.187471 0.49961
    outer loop
      vertex 10.7975 -1.90389 13.9849
      vertex 10.5905 -2.83771 13.9849
      vertex 11.1382 -2.98448 13.0027
    endloop
  endfacet
  facet normal 0.837501 -0.346845 0.422245
    outer loop
      vertex 10.8357 -3.94388 13.0027
      vertex 10.4508 -4.87327 13.0027
      vertex 10.8851 -5.07583 11.9749
    endloop
  endfacet
  facet normal 0.837441 -0.346908 0.422312
    outer loop
      vertex 11.2861 -4.10781 11.9749
      vertex 10.8357 -3.94388 13.0027
      vertex 10.8851 -5.07583 11.9749
    endloop
  endfacet
  facet normal 0.466531 -0.607988 0.642416
    outer loop
      vertex 6.16086 -7.34223 15.7827
      vertex 5.4975 -7.85125 15.7827
      vertex 5.91563 -8.4484 14.9139
    endloop
  endfacet
  facet normal 0.477929 -0.521577 0.706783
    outer loop
      vertex 6.21029 -6.21029 16.5846
      vertex 6.16086 -7.34223 15.7827
      vertex 6.77734 -6.77734 15.7827
    endloop
  endfacet
  facet normal 0.296976 -0.570486 0.765736
    outer loop
      vertex 3.95695 -6.85364 17.3136
      vertex 3.34456 -7.17243 17.3136
      vertex 3.71172 -7.9598 16.5846
    endloop
  endfacet
  facet normal 0.26501 -0.509101 0.818893
    outer loop
      vertex 3.49245 -6.0491 17.9641
      vertex 2.95194 -6.33046 17.9641
      vertex 3.95695 -6.85364 17.3136
    endloop
  endfacet
  facet normal 0.326655 -0.627496 0.706785
    outer loop
      vertex 4.7923 -8.30051 15.7827
      vertex 3.71172 -7.9598 16.5846
      vertex 4.05063 -8.6866 15.7827
    endloop
  endfacet
  facet normal 0.270721 -0.653579 0.706785
    outer loop
      vertex 3.71172 -7.9598 16.5846
      vertex 3.27813 -9.00658 15.7827
      vertex 4.05063 -8.6866 15.7827
    endloop
  endfacet
  facet normal -0.0250395 -0.573398 0.818894
    outer loop
      vertex -0.608773 -6.95831 17.9641
      vertex -0.689741 -7.88378 17.3136
      vertex 0 -7.9139 17.3136
    endloop
  endfacet
  facet normal 0.257479 -0.335549 0.906152
    outer loop
      vertex 3.85848 -4.59836 18.5311
      vertex 3.19779 -3.81098 19.0104
      vertex 3.44303 -4.91715 18.5311
    endloop
  endfacet
  facet normal 0.165864 -0.748191 0.642417
    outer loop
      vertex 2.48068 -9.25802 15.7827
      vertex 1.66435 -9.43899 15.7827
      vertex 2.66935 -9.96217 14.9139
    endloop
  endfacet
  facet normal 0.230451 -0.730882 0.64242
    outer loop
      vertex 3.27813 -9.00658 15.7827
      vertex 2.48068 -9.25802 15.7827
      vertex 3.52746 -9.69161 14.9139
    endloop
  endfacet
  facet normal 0.212729 -0.674685 0.706786
    outer loop
      vertex 3.00385 -8.25301 16.5846
      vertex 2.27312 -8.48341 16.5846
      vertex 2.48068 -9.25802 15.7827
    endloop
  endfacet
  facet normal 0.212732 -0.674685 0.706785
    outer loop
      vertex 3.00385 -8.25301 16.5846
      vertex 2.48068 -9.25802 15.7827
      vertex 3.27813 -9.00658 15.7827
    endloop
  endfacet
  facet normal -0.0923385 -0.701377 0.706784
    outer loop
      vertex -0.76546 -8.74925 16.5846
      vertex -1.66435 -9.43899 15.7827
      vertex -0.835353 -9.54813 15.7827
    endloop
  endfacet
  facet normal -0.212729 -0.674685 0.706786
    outer loop
      vertex -2.27312 -8.48341 16.5846
      vertex -3.00385 -8.25301 16.5846
      vertex -2.48068 -9.25802 15.7827
    endloop
  endfacet
  facet normal 0.0357234 -0.818626 0.573215
    outer loop
      vertex 0 -10.3136 14.9139
      vertex 0 -10.9641 13.9849
      vertex 0.955583 -10.9224 13.9849
    endloop
  endfacet
  facet normal 0.0923405 -0.701376 0.706785
    outer loop
      vertex 1.52509 -8.64924 16.5846
      vertex 0.76546 -8.74925 16.5846
      vertex 1.66435 -9.43899 15.7827
    endloop
  endfacet
  facet normal 0.0250354 -0.573397 0.818895
    outer loop
      vertex 0 -6.98489 17.9641
      vertex 0 -7.9139 17.3136
      vertex 0.608773 -6.95831 17.9641
    endloop
  endfacet
  facet normal 0.0250395 -0.573398 0.818894
    outer loop
      vertex 0.608773 -6.95831 17.9641
      vertex 0 -7.9139 17.3136
      vertex 0.689741 -7.88378 17.3136
    endloop
  endfacet
  facet normal 0.128491 -0.976409 0.173535
    outer loop
      vertex 2.20392 -12.499 9.81371
      vertex 1.12333 -12.8397 8.69684
      vertex 2.23811 -12.693 8.69684
    endloop
  endfacet
  facet normal 0.0357894 -0.818592 0.57326
    outer loop
      vertex 0.898889 -10.2743 14.9139
      vertex 0 -10.3136 14.9139
      vertex 0.955583 -10.9224 13.9849
    endloop
  endfacet
  facet normal 0.0377661 -0.865436 0.499595
    outer loop
      vertex 0 -10.9641 13.9849
      vertex 0 -11.5311 13.0027
      vertex 0.955583 -10.9224 13.9849
    endloop
  endfacet
  facet normal 0.126152 -0.957697 0.258656
    outer loop
      vertex 2.20392 -12.499 9.81371
      vertex 1.08058 -12.3511 10.9092
      vertex 1.10617 -12.6436 9.81371
    endloop
  endfacet
  facet normal 0.113111 -0.858798 0.499671
    outer loop
      vertex 1.90389 -10.7975 13.9849
      vertex 0.955583 -10.9224 13.9849
      vertex 2.00236 -11.356 13.0027
    endloop
  endfacet
  facet normal 0.375163 -0.1953 0.906151
    outer loop
      vertex 4.50878 -2.10248 19.0104
      vertex 4.30838 -2.48744 19.0104
      vertex 5.19852 -3.00137 18.5311
    endloop
  endfacet
  facet normal 0.356715 -0.227254 0.906151
    outer loop
      vertex 5.19852 -3.00137 18.5311
      vertex 4.30838 -2.48744 19.0104
      vertex 4.91715 -3.44303 18.5311
    endloop
  endfacet
  facet normal 0.42255 -0.0184481 0.906152
    outer loop
      vertex 4.97488 0 19.0104
      vertex 4.95595 -0.433589 19.0104
      vertex 6.00273 0 18.5311
    endloop
  endfacet
  facet normal 0.341992 -0.014931 0.939584
    outer loop
      vertex 4.97488 0 19.0104
      vertex 3.90917 0 19.3983
      vertex 4.95595 -0.433589 19.0104
    endloop
  endfacet
  facet normal 0.499848 -0.0218217 0.865838
    outer loop
      vertex 6.00273 0 18.5311
      vertex 5.97989 -0.523172 18.5311
      vertex 6.98489 0 17.9641
    endloop
  endfacet
  facet normal 0.560339 -0.124226 0.818894
    outer loop
      vertex 6.87878 -1.21291 17.9641
      vertex 6.74689 -1.80782 17.9641
      vertex 7.64424 -2.04827 17.3136
    endloop
  endfacet
  facet normal 0.477165 -0.15045 0.86584
    outer loop
      vertex 5.79819 -1.55362 18.5311
      vertex 5.64072 -2.05305 18.5311
      vertex 6.74689 -1.80782 17.9641
    endloop
  endfacet
  facet normal 0.560341 -0.124224 0.818893
    outer loop
      vertex 7.79367 -1.37423 17.3136
      vertex 6.87878 -1.21291 17.9641
      vertex 7.64424 -2.04827 17.3136
    endloop
  endfacet
  facet normal 0.462238 -0.191465 0.865839
    outer loop
      vertex 6.56365 -2.38897 17.9641
      vertex 5.64072 -2.05305 18.5311
      vertex 6.33046 -2.95194 17.9641
    endloop
  endfacet
  facet normal 0.509093 -0.265017 0.818896
    outer loop
      vertex 7.17243 -3.34456 17.3136
      vertex 6.33046 -2.95194 17.9641
      vertex 6.85364 -3.95695 17.3136
    endloop
  endfacet
  facet normal 0.547379 -0.172592 0.818894
    outer loop
      vertex 6.74689 -1.80782 17.9641
      vertex 6.56365 -2.38897 17.9641
      vertex 7.64424 -2.04827 17.3136
    endloop
  endfacet
  facet normal 0.547379 -0.172592 0.818894
    outer loop
      vertex 7.64424 -2.04827 17.3136
      vertex 6.56365 -2.38897 17.9641
      vertex 7.43663 -2.70671 17.3136
    endloop
  endfacet
  facet normal 0.594198 -0.246125 0.765736
    outer loop
      vertex 8.25301 -3.00385 16.5846
      vertex 7.17243 -3.34456 17.3136
      vertex 7.9598 -3.71172 16.5846
    endloop
  endfacet
  facet normal 0.706752 0.0308568 0.706788
    outer loop
      vertex 9.58461 0 15.7827
      vertex 8.74925 0.76546 16.5846
      vertex 8.78267 0 16.5846
    endloop
  endfacet
  facet normal 0.708018 0.293271 0.64242
    outer loop
      vertex 9.69161 3.52746 14.9139
      vertex 8.6866 4.05063 15.7827
      vertex 9.00658 3.27813 15.7827
    endloop
  endfacet
  facet normal 0.759822 0.0999977 0.642395
    outer loop
      vertex 10.1569 1.79094 14.9139
      vertex 9.54813 0.835353 15.7827
      vertex 10.2743 0.898889 14.9139
    endloop
  endfacet
  facet normal 0.339392 0.0446828 0.939583
    outer loop
      vertex 4.8993 0.863879 19.0104
      vertex 3.84979 0.678821 19.3983
      vertex 4.95595 0.433589 19.0104
    endloop
  endfacet
  facet normal 0.339391 0.0446781 0.939584
    outer loop
      vertex 4.95595 0.433589 19.0104
      vertex 3.84979 0.678821 19.3983
      vertex 3.8943 0.340707 19.3983
    endloop
  endfacet
  facet normal 0.0333687 0.0805625 0.996191
    outer loop
      vertex 0.580353 1.59451 19.8888
      vertex 0.193943 0.532854 19.9876
      vertex 0.239646 0.513924 19.9876
    endloop
  endfacet
  facet normal 0.173698 0.00757886 0.98477
    outer loop
      vertex 2.80301 0.245231 19.6918
      vertex 1.69038 0.147889 19.8888
      vertex 2.81371 0 19.6918
    endloop
  endfacet
  facet normal 0.239309 -0.0991285 0.96587
    outer loop
      vertex 2.64403 -0.962347 19.6918
      vertex 2.55009 -1.18913 19.6918
      vertex 3.67342 -1.33702 19.3983
    endloop
  endfacet
  facet normal 0.173699 -0.00758743 0.984769
    outer loop
      vertex 1.69684 0 19.8888
      vertex 1.69038 -0.147889 19.8888
      vertex 2.81371 0 19.6918
    endloop
  endfacet
  facet normal 0.25681 -0.033807 0.96587
    outer loop
      vertex 3.8943 -0.340707 19.3983
      vertex 2.77097 -0.488596 19.6918
      vertex 3.84979 -0.678821 19.3983
    endloop
  endfacet
  facet normal 0.454708 0.873578 0.173498
    outer loop
      vertex 5.44703 11.6812 8.69684
      vertex 5.36381 11.5027 9.81371
      vertex 6.34592 10.9915 9.81371
    endloop
  endfacet
  facet normal 0.0435017 0.995249 0.087102
    outer loop
      vertex 1.13195 12.9382 7.56705
      vertex 0 12.8888 8.69684
      vertex 1.12333 12.8397 8.69684
    endloop
  endfacet
  facet normal 0.381237 0.920366 0.0870884
    outer loop
      vertex 4.44203 12.2044 7.56705
      vertex 4.40822 12.1115 8.69684
      vertex 5.48881 11.7708 7.56705
    endloop
  endfacet
  facet normal 0.299556 0.950096 0.0870886
    outer loop
      vertex 4.44203 12.2044 7.56705
      vertex 3.36144 12.5451 7.56705
      vertex 4.40822 12.1115 8.69684
    endloop
  endfacet
  facet normal 0.504919 0.792615 0.341787
    outer loop
      vertex 6.19916 10.7373 10.9092
      vertex 6.00522 10.4013 11.9749
      vertex 6.8889 9.83837 11.9749
    endloop
  endfacet
  facet normal 0.369658 0.892467 0.258566
    outer loop
      vertex 4.34087 11.9264 9.81371
      vertex 4.24047 11.6506 10.9092
      vertex 5.36381 11.5027 9.81371
    endloop
  endfacet
  facet normal 0.519059 0.814687 0.258579
    outer loop
      vertex 6.34592 10.9915 9.81371
      vertex 6.19916 10.7373 10.9092
      vertex 7.11138 10.1561 10.9092
    endloop
  endfacet
  facet normal 0.572107 0.745597 0.341729
    outer loop
      vertex 7.11138 10.1561 10.9092
      vertex 6.8889 9.83837 11.9749
      vertex 7.96949 9.49766 10.9092
    endloop
  endfacet
  facet normal 0.675587 0.73728 -0
    outer loop
      vertex 9.18364 9.18364 7
      vertex 8.34828 9.9491 7.56705
      vertex 9.18364 9.18364 7.56705
    endloop
  endfacet
  facet normal 0.675587 0.73728 0
    outer loop
      vertex 8.34828 9.9491 7.56705
      vertex 9.18364 9.18364 7
      vertex 8.34828 9.9491 7
    endloop
  endfacet
  facet normal 0.474186 0.434507 0.765736
    outer loop
      vertex 6.21029 6.21029 16.5846
      vertex 6.0624 5.08696 17.3136
      vertex 6.72792 5.64539 16.5846
    endloop
  endfacet
  facet normal 0.607988 0.466531 0.642416
    outer loop
      vertex 8.4484 5.91563 14.9139
      vertex 7.34223 6.16086 15.7827
      vertex 7.85125 5.4975 15.7827
    endloop
  endfacet
  facet normal 0.594198 0.246119 0.765738
    outer loop
      vertex 8.25301 3.00385 16.5846
      vertex 7.17243 3.34456 17.3136
      vertex 7.43663 2.70671 17.3136
    endloop
  endfacet
  facet normal 0.646336 0.411763 0.642418
    outer loop
      vertex 8.4484 5.91563 14.9139
      vertex 8.30051 4.7923 15.7827
      vertex 8.93183 5.1568 14.9139
    endloop
  endfacet
  facet normal 0.764498 0.487036 0.422301
    outer loop
      vertex 9.83837 6.8889 11.9749
      vertex 9.44576 6.61399 13.0027
      vertex 9.98626 5.76557 13.0027
    endloop
  endfacet
  facet normal 0.650081 0.498821 0.573212
    outer loop
      vertex 8.39898 7.04758 13.9849
      vertex 7.90067 6.62945 14.9139
      vertex 8.4484 5.91563 14.9139
    endloop
  endfacet
  facet normal 0.726823 0.378361 0.573212
    outer loop
      vertex 9.49518 5.48204 13.9849
      vertex 9.34729 4.35871 14.9139
      vertex 9.93684 4.63362 13.9849
    endloop
  endfacet
  facet normal 0.757032 0.313577 0.573212
    outer loop
      vertex 9.93684 4.63362 13.9849
      vertex 9.34729 4.35871 14.9139
      vertex 9.69161 3.52746 14.9139
    endloop
  endfacet
  facet normal 0.921271 0.290523 0.258565
    outer loop
      vertex 11.9264 4.34087 9.81371
      vertex 11.6506 4.24047 10.9092
      vertex 11.9759 3.20892 10.9092
    endloop
  endfacet
  facet normal 0.896285 0.282644 0.341739
    outer loop
      vertex 11.6506 4.24047 10.9092
      vertex 11.2861 4.10781 11.9749
      vertex 11.9759 3.20892 10.9092
    endloop
  endfacet
  facet normal 0.2464 0.781483 0.573211
    outer loop
      vertex 2.83771 10.5905 13.9849
      vertex 2.66935 9.96217 14.9139
      vertex 3.52746 9.69161 14.9139
    endloop
  endfacet
  facet normal 0.378361 0.726823 0.573212
    outer loop
      vertex 4.63362 9.93684 13.9849
      vertex 4.35871 9.34729 14.9139
      vertex 5.48204 9.49518 13.9849
    endloop
  endfacet
  facet normal 0.466531 0.607988 0.642416
    outer loop
      vertex 5.91563 8.4484 14.9139
      vertex 5.4975 7.85125 15.7827
      vertex 6.16086 7.34223 15.7827
    endloop
  endfacet
  facet normal 0.466524 0.60799 0.64242
    outer loop
      vertex 6.62945 7.90067 14.9139
      vertex 5.91563 8.4484 14.9139
      vertex 6.16086 7.34223 15.7827
    endloop
  endfacet
  facet normal 0.196206 0.884952 0.422331
    outer loop
      vertex 3.10853 11.6012 11.9749
      vertex 2.08559 11.828 11.9749
      vertex 2.98448 11.1382 13.0027
    endloop
  endfacet
  facet normal 0.260488 0.826157 0.499611
    outer loop
      vertex 2.98448 11.1382 13.0027
      vertex 2.83771 10.5905 13.9849
      vertex 3.94388 10.8357 13.0027
    endloop
  endfacet
  facet normal 0.569036 0.0749111 0.818893
    outer loop
      vertex 7.79367 1.37423 17.3136
      vertex 6.87878 1.21291 17.9641
      vertex 7.88378 0.689741 17.3136
    endloop
  endfacet
  facet normal 0.62791 0.139203 0.765736
    outer loop
      vertex 8.64924 1.52509 16.5846
      vertex 7.64424 2.04827 17.3136
      vertex 7.79367 1.37423 17.3136
    endloop
  endfacet
  facet normal 0.565022 0.517738 0.642415
    outer loop
      vertex 7.29281 7.29281 14.9139
      vertex 6.77734 6.77734 15.7827
      vertex 7.34223 6.16086 15.7827
    endloop
  endfacet
  facet normal 0.517742 0.565013 0.64242
    outer loop
      vertex 6.62945 7.90067 14.9139
      vertex 6.16086 7.34223 15.7827
      vertex 7.29281 7.29281 14.9139
    endloop
  endfacet
  facet normal 0.183925 0.288709 0.939584
    outer loop
      vertex 2.48744 4.30838 19.0104
      vertex 2.24221 3.20221 19.3983
      vertex 2.85348 4.07519 19.0104
    endloop
  endfacet
  facet normal 0.257479 0.335549 0.906152
    outer loop
      vertex 3.44303 4.91715 18.5311
      vertex 3.19779 3.81098 19.0104
      vertex 3.85848 4.59836 18.5311
    endloop
  endfacet
  facet normal 0.455339 0.349395 0.818895
    outer loop
      vertex 6.0624 5.08696 17.3136
      vertex 5.35074 4.4898 17.9641
      vertex 6.48269 4.53923 17.3136
    endloop
  endfacet
  facet normal 0.304579 0.396933 0.865838
    outer loop
      vertex 4.00637 5.72169 17.9641
      vertex 3.44303 4.91715 18.5311
      vertex 4.4898 5.35074 17.9641
    endloop
  endfacet
  facet normal 0.547379 0.172592 0.818894
    outer loop
      vertex 7.64424 2.04827 17.3136
      vertex 6.56365 2.38897 17.9641
      vertex 6.74689 1.80782 17.9641
    endloop
  endfacet
  facet normal 0.303638 0.158066 0.939585
    outer loop
      vertex 4.30838 2.48744 19.0104
      vertex 3.38544 1.95459 19.3983
      vertex 4.50878 2.10248 19.0104
    endloop
  endfacet
  facet normal 0.594198 0.246125 0.765736
    outer loop
      vertex 7.9598 3.71172 16.5846
      vertex 7.17243 3.34456 17.3136
      vertex 8.25301 3.00385 16.5846
    endloop
  endfacet
  facet normal 0.570486 0.296976 0.765736
    outer loop
      vertex 7.9598 3.71172 16.5846
      vertex 6.85364 3.95695 17.3136
      vertex 7.17243 3.34456 17.3136
    endloop
  endfacet
  facet normal 0.229756 0.11961 0.96587
    outer loop
      vertex 3.38544 1.95459 19.3983
      vertex 2.55009 1.18913 19.6918
      vertex 3.54292 1.65209 19.3983
    endloop
  endfacet
  facet normal 0.390761 0.161852 0.906151
    outer loop
      vertex 5.64072 2.05305 18.5311
      vertex 4.50878 2.10248 19.0104
      vertex 4.67486 1.70151 19.0104
    endloop
  endfacet
  facet normal 0.368872 0.338013 0.865841
    outer loop
      vertex 4.93907 4.93907 17.9641
      vertex 4.24457 4.24457 18.5311
      vertex 4.59836 3.85848 18.5311
    endloop
  endfacet
  facet normal 0.252383 0.231268 0.939584
    outer loop
      vertex 3.51777 3.51777 19.0104
      vertex 2.7642 2.7642 19.3983
      vertex 3.81098 3.19779 19.0104
    endloop
  endfacet
  facet normal 0.953719 0.300699 0
    outer loop
      vertex 12.5451 3.36144 7.56705
      vertex 12.2044 4.44203 7
      vertex 12.2044 4.44203 7.56705
    endloop
  endfacet
  facet normal 0.953719 0.300699 0
    outer loop
      vertex 12.2044 4.44203 7
      vertex 12.5451 3.36144 7.56705
      vertex 12.5451 3.36144 7
    endloop
  endfacet
  facet normal 0.837501 0.346845 0.422245
    outer loop
      vertex 10.8851 5.07583 11.9749
      vertex 10.4508 4.87327 13.0027
      vertex 10.8357 3.94388 13.0027
    endloop
  endfacet
  facet normal 0.837441 0.346908 0.422312
    outer loop
      vertex 10.8851 5.07583 11.9749
      vertex 10.8357 3.94388 13.0027
      vertex 11.2861 4.10781 11.9749
    endloop
  endfacet
  facet normal 0.346845 0.837501 0.422245
    outer loop
      vertex 5.07583 10.8851 11.9749
      vertex 3.94388 10.8357 13.0027
      vertex 4.87327 10.4508 13.0027
    endloop
  endfacet
  facet normal 0.40001 0.76835 0.49963
    outer loop
      vertex 5.76557 9.98626 13.0027
      vertex 4.87327 10.4508 13.0027
      vertex 5.48204 9.49518 13.9849
    endloop
  endfacet
  facet normal 0.521577 0.477929 0.706783
    outer loop
      vertex 6.77734 6.77734 15.7827
      vertex 6.21029 6.21029 16.5846
      vertex 7.34223 6.16086 15.7827
    endloop
  endfacet
  facet normal 0.565013 0.517742 0.64242
    outer loop
      vertex 7.90067 6.62945 14.9139
      vertex 7.29281 7.29281 14.9139
      vertex 7.34223 6.16086 15.7827
    endloop
  endfacet
  facet normal 0.553585 0.604129 0.573212
    outer loop
      vertex 7.75278 7.75278 13.9849
      vertex 7.04758 8.39898 13.9849
      vertex 7.29281 7.29281 14.9139
    endloop
  endfacet
  facet normal 0.604129 0.553585 0.573212
    outer loop
      vertex 7.75278 7.75278 13.9849
      vertex 7.29281 7.29281 14.9139
      vertex 8.39898 7.04758 13.9849
    endloop
  endfacet
  facet normal 0.665346 0.726096 0.173489
    outer loop
      vertex 8.28475 9.87338 8.69684
      vertex 8.15816 9.72252 9.81371
      vertex 8.97449 8.97449 9.81371
    endloop
  endfacet
  facet normal 0.652615 0.712203 0.258576
    outer loop
      vertex 8.97449 8.97449 9.81371
      vertex 8.15816 9.72252 9.81371
      vertex 8.76694 8.76694 10.9092
    endloop
  endfacet
  facet normal 0.730581 0.465427 0.499629
    outer loop
      vertex 9.44576 6.61399 13.0027
      vertex 8.98126 6.28874 13.9849
      vertex 9.49518 5.48204 13.9849
    endloop
  endfacet
  facet normal 0.73058 0.465428 0.499629
    outer loop
      vertex 9.98626 5.76557 13.0027
      vertex 9.44576 6.61399 13.0027
      vertex 9.49518 5.48204 13.9849
    endloop
  endfacet
  facet normal 0.719139 0.551816 0.422301
    outer loop
      vertex 9.83837 6.8889 11.9749
      vertex 8.83337 7.41207 13.0027
      vertex 9.44576 6.61399 13.0027
    endloop
  endfacet
  facet normal 0.687233 0.527334 0.499629
    outer loop
      vertex 8.83337 7.41207 13.0027
      vertex 8.39898 7.04758 13.9849
      vertex 9.44576 6.61399 13.0027
    endloop
  endfacet
  facet normal 0.843383 0.537313 0
    outer loop
      vertex 11.2476 6.49381 7.56705
      vertex 10.6388 7.4494 7
      vertex 10.6388 7.4494 7.56705
    endloop
  endfacet
  facet normal 0.843383 0.537313 0
    outer loop
      vertex 10.6388 7.4494 7
      vertex 11.2476 6.49381 7.56705
      vertex 11.2476 6.49381 7
    endloop
  endfacet
  facet normal 0.781314 0.599546 0.173476
    outer loop
      vertex 10.5579 7.3927 8.69684
      vertex 9.87338 8.28475 8.69684
      vertex 10.3966 7.27974 9.81371
    endloop
  endfacet
  facet normal 0.23931 -0.0991207 0.965871
    outer loop
      vertex 3.67342 -1.33702 19.3983
      vertex 2.55009 -1.18913 19.6918
      vertex 3.54292 -1.65209 19.3983
    endloop
  endfacet
  facet normal 0.00380539 0.0871169 0.996191
    outer loop
      vertex 0 1.69684 19.8888
      vertex 0 0.567052 19.9876
      vertex 0.147889 1.69038 19.8888
    endloop
  endfacet
  facet normal 0.174993 -0.19098 0.96587
    outer loop
      vertex 1.9896 -1.9896 19.6918
      vertex 1.80862 -2.15543 19.6918
      vertex 2.7642 -2.7642 19.3983
    endloop
  endfacet
  facet normal 0.205498 0.157686 0.96587
    outer loop
      vertex 2.9946 2.51277 19.3983
      vertex 2.30486 1.61388 19.6918
      vertex 3.20221 2.24221 19.3983
    endloop
  endfacet
  facet normal 0.139173 0.218463 0.96587
    outer loop
      vertex 1.95459 3.38544 19.3983
      vertex 1.40686 2.43675 19.6918
      vertex 2.24221 3.20221 19.3983
    endloop
  endfacet
  facet normal 0.169742 0.037632 0.98477
    outer loop
      vertex 2.71784 0.728243 19.6918
      vertex 1.67106 0.294653 19.8888
      vertex 2.77097 0.488596 19.6918
    endloop
  endfacet
  facet normal 0.247039 0.0778904 0.96587
    outer loop
      vertex 3.67342 1.33702 19.3983
      vertex 2.64403 0.962347 19.6918
      vertex 3.77597 1.01177 19.3983
    endloop
  endfacet
  facet normal 0.205499 0.157686 0.96587
    outer loop
      vertex 2.9946 2.51277 19.3983
      vertex 2.15543 1.80862 19.6918
      vertex 2.30486 1.61388 19.6918
    endloop
  endfacet
  facet normal 0.146634 0.093419 0.98477
    outer loop
      vertex 2.30486 1.61388 19.6918
      vertex 1.38997 0.973268 19.8888
      vertex 2.43675 1.40686 19.6918
    endloop
  endfacet
  facet normal -0.0262208 -0.0831643 0.996191
    outer loop
      vertex -0.193943 -0.532854 19.9876
      vertex -0.439174 -1.63902 19.8888
      vertex -0.146764 -0.547729 19.9876
    endloop
  endfacet
  facet normal 0.212732 0.674685 0.706785
    outer loop
      vertex 3.27813 9.00658 15.7827
      vertex 2.48068 9.25802 15.7827
      vertex 3.00385 8.25301 16.5846
    endloop
  endfacet
  facet normal 0.0749092 0.569035 0.818894
    outer loop
      vertex 0.689741 7.88378 17.3136
      vertex 0.608773 6.95831 17.9641
      vertex 1.21291 6.87878 17.9641
    endloop
  endfacet
  facet normal 0.0839443 0.637654 0.765736
    outer loop
      vertex 1.52509 8.64924 16.5846
      vertex 0.689741 7.88378 17.3136
      vertex 1.37423 7.79367 17.3136
    endloop
  endfacet
  facet normal 0.230451 0.730882 0.64242
    outer loop
      vertex 3.52746 9.69161 14.9139
      vertex 2.48068 9.25802 15.7827
      vertex 3.27813 9.00658 15.7827
    endloop
  endfacet
  facet normal 0.260469 0.826173 0.499593
    outer loop
      vertex 3.94388 10.8357 13.0027
      vertex 2.83771 10.5905 13.9849
      vertex 3.74994 10.3029 13.9849
    endloop
  endfacet
  facet normal 0.187471 0.845721 0.49961
    outer loop
      vertex 2.98448 11.1382 13.0027
      vertex 1.90389 10.7975 13.9849
      vertex 2.83771 10.5905 13.9849
    endloop
  endfacet
  facet normal -0.246125 0.594198 0.765736
    outer loop
      vertex -3.00385 8.25301 16.5846
      vertex -3.71172 7.9598 16.5846
      vertex -3.34456 7.17243 17.3136
    endloop
  endfacet
  facet normal -0.0250395 0.573398 0.818894
    outer loop
      vertex 0 7.9139 17.3136
      vertex -0.689741 7.88378 17.3136
      vertex -0.608773 6.95831 17.9641
    endloop
  endfacet
  facet normal -0.124224 0.560341 0.818893
    outer loop
      vertex -1.37423 7.79367 17.3136
      vertex -2.04827 7.64424 17.3136
      vertex -1.21291 6.87878 17.9641
    endloop
  endfacet
  facet normal -0.313577 0.757032 0.573212
    outer loop
      vertex -3.52746 9.69161 14.9139
      vertex -4.63362 9.93684 13.9849
      vertex -4.35871 9.34729 14.9139
    endloop
  endfacet
  facet normal 0.172592 0.547379 0.818894
    outer loop
      vertex 2.04827 7.64424 17.3136
      vertex 1.80782 6.74689 17.9641
      vertex 2.38897 6.56365 17.9641
    endloop
  endfacet
  facet normal 0.246119 0.594198 0.765738
    outer loop
      vertex 3.00385 8.25301 16.5846
      vertex 2.70671 7.43663 17.3136
      vertex 3.34456 7.17243 17.3136
    endloop
  endfacet
  facet normal 0.265017 0.509093 0.818896
    outer loop
      vertex 3.34456 7.17243 17.3136
      vertex 2.95194 6.33046 17.9641
      vertex 3.95695 6.85364 17.3136
    endloop
  endfacet
  facet normal -0.0552074 0.419333 0.906152
    outer loop
      vertex -0.433589 4.95595 19.0104
      vertex -1.04236 5.91154 18.5311
      vertex -0.863879 4.8993 19.0104
    endloop
  endfacet
  facet normal 0.219635 0.530257 0.818894
    outer loop
      vertex 2.70671 7.43663 17.3136
      vertex 2.38897 6.56365 17.9641
      vertex 3.34456 7.17243 17.3136
    endloop
  endfacet
  facet normal -0.161852 0.390761 0.906151
    outer loop
      vertex -2.05305 5.64072 18.5311
      vertex -2.10248 4.50878 19.0104
      vertex -1.70151 4.67486 19.0104
    endloop
  endfacet
  facet normal 0.191465 0.462238 0.865839
    outer loop
      vertex 2.38897 6.56365 17.9641
      vertex 2.05305 5.64072 18.5311
      vertex 2.95194 6.33046 17.9641
    endloop
  endfacet
  facet normal 0.0653005 0.496045 0.865838
    outer loop
      vertex 0.608773 6.95831 17.9641
      vertex 0.523172 5.97989 18.5311
      vertex 1.21291 6.87878 17.9641
    endloop
  endfacet
  facet normal -0.0226916 0.172376 0.98477
    outer loop
      vertex -0.245231 2.80301 19.6918
      vertex -0.294653 1.67106 19.8888
      vertex -0.147889 1.69038 19.8888
    endloop
  endfacet
  facet normal 0.0446781 0.339391 0.939584
    outer loop
      vertex 0.433589 4.95595 19.0104
      vertex 0.340707 3.8943 19.3983
      vertex 0.678821 3.84979 19.3983
    endloop
  endfacet
  facet normal 0.0376315 0.169742 0.98477
    outer loop
      vertex 0.728243 2.71784 19.6918
      vertex 0.294653 1.67106 19.8888
      vertex 0.439174 1.63902 19.8888
    endloop
  endfacet
  facet normal -0.173699 0.00758743 0.984769
    outer loop
      vertex -1.69038 0.147889 19.8888
      vertex -2.81371 0 19.6918
      vertex -1.69684 0 19.8888
    endloop
  endfacet
  facet normal -0.173699 -0.00758743 0.984769
    outer loop
      vertex -1.69684 0 19.8888
      vertex -2.81371 0 19.6918
      vertex -1.69038 -0.147889 19.8888
    endloop
  endfacet
  facet normal -0.172376 0.022694 0.98477
    outer loop
      vertex -2.77097 0.488596 19.6918
      vertex -2.80301 0.245231 19.6918
      vertex -1.67106 0.294653 19.8888
    endloop
  endfacet
  facet normal 0.160629 -0.0665369 0.98477
    outer loop
      vertex 2.64403 -0.962347 19.6918
      vertex 1.59451 -0.580353 19.8888
      vertex 2.55009 -1.18913 19.6918
    endloop
  endfacet
  facet normal -0.0113836 -0.0864536 0.996191
    outer loop
      vertex -0.0984669 -0.558436 19.9876
      vertex -0.294653 -1.67106 19.8888
      vertex -0.0494213 -0.564894 19.9876
    endloop
  endfacet
  facet normal -0.165817 0.0522801 0.98477
    outer loop
      vertex -2.64403 0.962347 19.6918
      vertex -2.71784 0.728243 19.6918
      vertex -1.63902 0.439174 19.8888
    endloop
  endfacet
  facet normal -0.231016 0.443795 0.865839
    outer loop
      vertex -2.95194 6.33046 17.9641
      vertex -3.49245 6.0491 17.9641
      vertex -3.00137 5.19852 18.5311
    endloop
  endfacet
  facet normal -0.174993 0.19098 0.96587
    outer loop
      vertex -1.80862 2.15543 19.6918
      vertex -2.7642 2.7642 19.3983
      vertex -1.9896 1.9896 19.6918
    endloop
  endfacet
  facet normal 0.0934198 0.146634 0.98477
    outer loop
      vertex 1.40686 2.43675 19.6918
      vertex 0.84842 1.46951 19.8888
      vertex 0.973268 1.38997 19.8888
    endloop
  endfacet
  facet normal 0.158072 0.303637 0.939584
    outer loop
      vertex 2.10248 4.50878 19.0104
      vertex 1.65209 3.54292 19.3983
      vertex 1.95459 3.38544 19.3983
    endloop
  endfacet
  facet normal -0.0871169 -0.00380539 0.996191
    outer loop
      vertex -0.567052 0 19.9876
      vertex -1.69684 0 19.8888
      vertex -1.69038 -0.147889 19.8888
    endloop
  endfacet
  facet normal -0.0871171 -0.003804 0.996191
    outer loop
      vertex -0.567052 0 19.9876
      vertex -1.69038 -0.147889 19.8888
      vertex -0.564894 -0.0494213 19.9876
    endloop
  endfacet
  facet normal -0.943106 0.209079 0.258528
    outer loop
      vertex -11.9759 3.20892 10.9092
      vertex -12.499 2.20392 9.81371
      vertex -12.21 2.15295 10.9092
    endloop
  endfacet
  facet normal -0.957749 0.126018 0.258526
    outer loop
      vertex -12.21 2.15295 10.9092
      vertex -12.499 2.20392 9.81371
      vertex -12.3511 1.08058 10.9092
    endloop
  endfacet
  facet normal -0.892469 0.369655 0.258562
    outer loop
      vertex -11.5027 5.36381 9.81371
      vertex -11.6506 4.24047 10.9092
      vertex -11.2367 5.23976 10.9092
    endloop
  endfacet
  facet normal -0.892467 0.369658 0.258566
    outer loop
      vertex -11.5027 5.36381 9.81371
      vertex -11.9264 4.34087 9.81371
      vertex -11.6506 4.24047 10.9092
    endloop
  endfacet
  facet normal -0.972592 0.215592 0.0870935
    outer loop
      vertex -12.5451 3.36144 7.56705
      vertex -12.7903 2.25528 7.56705
      vertex -12.4496 3.33586 8.69684
    endloop
  endfacet
  facet normal -0.477165 0.15045 0.86584
    outer loop
      vertex -5.64072 2.05305 18.5311
      vertex -6.74689 1.80782 17.9641
      vertex -5.79819 1.55362 18.5311
    endloop
  endfacet
  facet normal -0.341992 0.014931 0.939584
    outer loop
      vertex -4.95595 0.433589 19.0104
      vertex -4.97488 0 19.0104
      vertex -3.90917 0 19.3983
    endloop
  endfacet
  facet normal -0.334202 0.0740977 0.939584
    outer loop
      vertex -3.77597 1.01177 19.3983
      vertex -4.80537 1.28759 19.0104
      vertex -3.84979 0.678821 19.3983
    endloop
  endfacet
  facet normal -0.258781 0.0112912 0.96587
    outer loop
      vertex -2.80301 0.245231 19.6918
      vertex -3.8943 0.340707 19.3983
      vertex -2.81371 0 19.6918
    endloop
  endfacet
  facet normal -0.560341 0.124224 0.818893
    outer loop
      vertex -7.64424 2.04827 17.3136
      vertex -7.79367 1.37423 17.3136
      vertex -6.87878 1.21291 17.9641
    endloop
  endfacet
  facet normal -0.488462 0.108291 0.86584
    outer loop
      vertex -6.74689 1.80782 17.9641
      vertex -6.87878 1.21291 17.9641
      vertex -5.79819 1.55362 18.5311
    endloop
  endfacet
  facet normal 0.272595 0.864482 0.42233
    outer loop
      vertex 3.10853 11.6012 11.9749
      vertex 2.98448 11.1382 13.0027
      vertex 4.10781 11.2861 11.9749
    endloop
  endfacet
  facet normal 0.209079 0.943106 0.258528
    outer loop
      vertex 2.20392 12.499 9.81371
      vertex 2.15295 12.21 10.9092
      vertex 3.20892 11.9759 10.9092
    endloop
  endfacet
  facet normal -0.043005 0.983887 0.173544
    outer loop
      vertex 0 12.8888 8.69684
      vertex -1.12333 12.8397 8.69684
      vertex 0 12.6918 9.81371
    endloop
  endfacet
  facet normal -0.215648 0.972584 0.0870384
    outer loop
      vertex -2.25528 12.7903 7.56705
      vertex -3.33586 12.4496 8.69684
      vertex -2.23811 12.693 8.69684
    endloop
  endfacet
  facet normal 0.042051 0.965054 0.258655
    outer loop
      vertex 1.10617 12.6436 9.81371
      vertex 0 12.6918 9.81371
      vertex 1.08058 12.3511 10.9092
    endloop
  endfacet
  facet normal 0.126152 0.957697 0.258656
    outer loop
      vertex 1.10617 12.6436 9.81371
      vertex 1.08058 12.3511 10.9092
      vertex 2.20392 12.499 9.81371
    endloop
  endfacet
  facet normal -0.646336 0.411763 0.642418
    outer loop
      vertex -8.4484 5.91563 14.9139
      vertex -8.93183 5.1568 14.9139
      vertex -8.30051 4.7923 15.7827
    endloop
  endfacet
  facet normal -0.391526 0.510254 0.765734
    outer loop
      vertex -5.03753 7.19434 16.5846
      vertex -5.64539 6.72792 16.5846
      vertex -4.53923 6.48269 17.3136
    endloop
  endfacet
  facet normal -0.231268 0.252383 0.939584
    outer loop
      vertex -3.19779 3.81098 19.0104
      vertex -3.51777 3.51777 19.0104
      vertex -2.7642 2.7642 19.3983
    endloop
  endfacet
  facet normal -0.26501 0.509101 0.818893
    outer loop
      vertex -2.95194 6.33046 17.9641
      vertex -3.95695 6.85364 17.3136
      vertex -3.49245 6.0491 17.9641
    endloop
  endfacet
  facet normal -0.0589097 0.0642913 0.996191
    outer loop
      vertex -0.364493 0.434386 19.9876
      vertex -1.09071 1.29986 19.8888
      vertex -0.400966 0.400966 19.9876
    endloop
  endfacet
  facet normal -0.119603 0.229762 0.96587
    outer loop
      vertex -1.18913 2.55009 19.6918
      vertex -1.95459 3.38544 19.3983
      vertex -1.40686 2.43675 19.6918
    endloop
  endfacet
  facet normal -0.0915393 0.412927 0.906152
    outer loop
      vertex -1.04236 5.91154 18.5311
      vertex -1.28759 4.80537 19.0104
      vertex -0.863879 4.8993 19.0104
    endloop
  endfacet
  facet normal -0.139203 0.62791 0.765736
    outer loop
      vertex -1.52509 8.64924 16.5846
      vertex -2.04827 7.64424 17.3136
      vertex -1.37423 7.79367 17.3136
    endloop
  endfacet
  facet normal -0.0395359 0.905589 0.422309
    outer loop
      vertex 0 12.0104 11.9749
      vertex -1.04678 11.9647 11.9749
      vertex 0 11.5311 13.0027
    endloop
  endfacet
  facet normal 0.118315 0.898723 0.422255
    outer loop
      vertex 1.04678 11.9647 11.9749
      vertex 1.005 11.4873 13.0027
      vertex 2.00236 11.356 13.0027
    endloop
  endfacet
  facet normal 0.0377661 0.865436 0.499595
    outer loop
      vertex 0 11.5311 13.0027
      vertex 0 10.9641 13.9849
      vertex 0.955583 10.9224 13.9849
    endloop
  endfacet
  facet normal -0.0839443 0.637654 0.765736
    outer loop
      vertex -0.689741 7.88378 17.3136
      vertex -1.52509 8.64924 16.5846
      vertex -1.37423 7.79367 17.3136
    endloop
  endfacet
  facet normal -0.290521 0.921273 0.258562
    outer loop
      vertex -3.28489 12.2594 9.81371
      vertex -4.34087 11.9264 9.81371
      vertex -3.20892 11.9759 10.9092
    endloop
  endfacet
  facet normal -0.209042 0.943105 0.258561
    outer loop
      vertex -2.20392 12.499 9.81371
      vertex -3.28489 12.2594 9.81371
      vertex -3.20892 11.9759 10.9092
    endloop
  endfacet
  facet normal -0.433919 0.833603 0.341789
    outer loop
      vertex -5.23976 11.2367 10.9092
      vertex -6.19916 10.7373 10.9092
      vertex -6.00522 10.4013 11.9749
    endloop
  endfacet
  facet normal -0.504919 0.792615 0.341787
    outer loop
      vertex -6.19916 10.7373 10.9092
      vertex -6.8889 9.83837 11.9749
      vertex -6.00522 10.4013 11.9749
    endloop
  endfacet
  facet normal 0.0395359 0.905589 0.422309
    outer loop
      vertex 0 12.0104 11.9749
      vertex 0 11.5311 13.0027
      vertex 1.04678 11.9647 11.9749
    endloop
  endfacet
  facet normal -0.282644 0.896285 0.341739
    outer loop
      vertex -3.20892 11.9759 10.9092
      vertex -4.24047 11.6506 10.9092
      vertex -4.10781 11.2861 11.9749
    endloop
  endfacet
  facet normal -0.488463 0.108296 0.865838
    outer loop
      vertex -5.79819 1.55362 18.5311
      vertex -6.87878 1.21291 17.9641
      vertex -5.91154 1.04236 18.5311
    endloop
  endfacet
  facet normal -0.637654 0.0839443 0.765736
    outer loop
      vertex -7.79367 1.37423 17.3136
      vertex -8.64924 1.52509 16.5846
      vertex -7.88378 0.689741 17.3136
    endloop
  endfacet
  facet normal -0.706752 0.0308568 0.706788
    outer loop
      vertex -8.74925 0.76546 16.5846
      vertex -9.58461 0 15.7827
      vertex -8.78267 0 16.5846
    endloop
  endfacet
  facet normal -0.706756 0.0308641 0.706784
    outer loop
      vertex -9.54813 0.835353 15.7827
      vertex -9.58461 0 15.7827
      vertex -8.74925 0.76546 16.5846
    endloop
  endfacet
  facet normal -0.570486 0.29697 0.765738
    outer loop
      vertex -7.60602 4.39134 16.5846
      vertex -7.9598 3.71172 16.5846
      vertex -6.85364 3.95695 17.3136
    endloop
  endfacet
  facet normal -0.653579 0.270721 0.706785
    outer loop
      vertex -8.6866 4.05063 15.7827
      vertex -9.00658 3.27813 15.7827
      vertex -7.9598 3.71172 16.5846
    endloop
  endfacet
  facet normal -0.63765 0.0839505 0.765738
    outer loop
      vertex -8.64924 1.52509 16.5846
      vertex -8.74925 0.76546 16.5846
      vertex -7.88378 0.689741 17.3136
    endloop
  endfacet
  facet normal -0.613387 0.193402 0.765737
    outer loop
      vertex -8.25301 3.00385 16.5846
      vertex -8.48341 2.27312 16.5846
      vertex -7.64424 2.04827 17.3136
    endloop
  endfacet
  facet normal -0.474176 -0.43451 0.76574
    outer loop
      vertex -6.0624 -5.08696 17.3136
      vertex -6.21029 -6.21029 16.5846
      vertex -5.59597 -5.59597 17.3136
    endloop
  endfacet
  facet normal -0.423152 -0.387754 0.818895
    outer loop
      vertex -5.35074 -4.4898 17.9641
      vertex -6.0624 -5.08696 17.3136
      vertex -5.59597 -5.59597 17.3136
    endloop
  endfacet
  facet normal -0.653579 -0.270722 0.706785
    outer loop
      vertex -8.25301 -3.00385 16.5846
      vertex -9.00658 -3.27813 15.7827
      vertex -7.9598 -3.71172 16.5846
    endloop
  endfacet
  facet normal -0.653579 -0.270721 0.706785
    outer loop
      vertex -7.9598 -3.71172 16.5846
      vertex -9.00658 -3.27813 15.7827
      vertex -8.6866 -4.05063 15.7827
    endloop
  endfacet
  facet normal -0.419334 -0.0552045 0.906152
    outer loop
      vertex -4.95595 -0.433589 19.0104
      vertex -5.97989 -0.523172 18.5311
      vertex -5.91154 -1.04236 18.5311
    endloop
  endfacet
  facet normal -0.64254 0.0280588 0.765739
    outer loop
      vertex -7.88378 0.689741 17.3136
      vertex -8.74925 0.76546 16.5846
      vertex -7.9139 0 17.3136
    endloop
  endfacet
  facet normal -0.296136 0.939262 0.173468
    outer loop
      vertex -3.33586 12.4496 8.69684
      vertex -4.40822 12.1115 8.69684
      vertex -3.28489 12.2594 9.81371
    endloop
  endfacet
  facet normal -0.454708 0.873578 0.173498
    outer loop
      vertex -5.44703 11.6812 8.69684
      vertex -6.34592 10.9915 9.81371
      vertex -5.36381 11.5027 9.81371
    endloop
  endfacet
  facet normal -0.446009 0.856867 0.258564
    outer loop
      vertex -5.36381 11.5027 9.81371
      vertex -6.34592 10.9915 9.81371
      vertex -5.23976 11.2367 10.9092
    endloop
  endfacet
  facet normal -0.588051 0.766375 0.258583
    outer loop
      vertex -7.11138 10.1561 10.9092
      vertex -8.15816 9.72252 9.81371
      vertex -7.96949 9.49766 10.9092
    endloop
  endfacet
  facet normal -0.599546 0.781314 0.173476
    outer loop
      vertex -7.3927 10.5579 8.69684
      vertex -8.28475 9.87338 8.69684
      vertex -7.27974 10.3966 9.81371
    endloop
  endfacet
  facet normal -0.781314 0.599546 0.173476
    outer loop
      vertex -9.87338 8.28475 8.69684
      vertex -10.5579 7.3927 8.69684
      vertex -10.3966 7.27974 9.81371
    endloop
  endfacet
  facet normal -0.840208 0.535236 0.0870256
    outer loop
      vertex -10.6388 7.4494 7.56705
      vertex -11.162 6.44439 8.69684
      vertex -10.5579 7.3927 8.69684
    endloop
  endfacet
  facet normal -0.953719 0.300699 0
    outer loop
      vertex -12.5451 3.36144 7
      vertex -12.2044 4.44203 7.56705
      vertex -12.2044 4.44203 7
    endloop
  endfacet
  facet normal -0.953719 0.300699 0
    outer loop
      vertex -12.2044 4.44203 7.56705
      vertex -12.5451 3.36144 7
      vertex -12.5451 3.36144 7.56705
    endloop
  endfacet
  facet normal -0.757017 0.313591 0.573224
    outer loop
      vertex -9.93684 4.63362 13.9849
      vertex -10.3029 3.74994 13.9849
      vertex -9.69161 3.52746 14.9139
    endloop
  endfacet
  facet normal -0.509093 0.265017 0.818896
    outer loop
      vertex -6.85364 3.95695 17.3136
      vertex -7.17243 3.34456 17.3136
      vertex -6.33046 2.95194 17.9641
    endloop
  endfacet
  facet normal -0.799986 0.177345 0.573211
    outer loop
      vertex -9.96217 2.66935 14.9139
      vertex -10.5905 2.83771 13.9849
      vertex -10.1569 1.79094 14.9139
    endloop
  endfacet
  facet normal -0.759822 0.0999977 0.642395
    outer loop
      vertex -10.1569 1.79094 14.9139
      vertex -10.2743 0.898889 14.9139
      vertex -9.54813 0.835353 15.7827
    endloop
  endfacet
  facet normal -0.440269 0.691081 0.573211
    outer loop
      vertex -5.48204 9.49518 13.9849
      vertex -5.91563 8.4484 14.9139
      vertex -5.1568 8.93183 14.9139
    endloop
  endfacet
  facet normal -0.517742 0.565013 0.64242
    outer loop
      vertex -6.62945 7.90067 14.9139
      vertex -7.29281 7.29281 14.9139
      vertex -6.16086 7.34223 15.7827
    endloop
  endfacet
  facet normal -0.692888 0.634918 0.341738
    outer loop
      vertex -8.76694 8.76694 10.9092
      vertex -9.20053 7.72016 11.9749
      vertex -8.49266 8.49266 11.9749
    endloop
  endfacet
  facet normal -0.553585 0.604129 0.573212
    outer loop
      vertex -7.04758 8.39898 13.9849
      vertex -7.29281 7.29281 14.9139
      vertex -6.62945 7.90067 14.9139
    endloop
  endfacet
  facet normal -0.692895 0.634914 0.341731
    outer loop
      vertex -8.76694 8.76694 10.9092
      vertex -9.49766 7.96949 10.9092
      vertex -9.20053 7.72016 11.9749
    endloop
  endfacet
  facet normal -0.712206 0.652609 0.258582
    outer loop
      vertex -8.76694 8.76694 10.9092
      vertex -9.72252 8.15816 9.81371
      vertex -9.49766 7.96949 10.9092
    endloop
  endfacet
  facet normal -0.972592 -0.215592 0.0870935
    outer loop
      vertex -12.4496 -3.33586 8.69684
      vertex -12.7903 -2.25528 7.56705
      vertex -12.5451 -3.36144 7.56705
    endloop
  endfacet
  facet normal -0.950097 -0.299552 0.087093
    outer loop
      vertex -12.4496 -3.33586 8.69684
      vertex -12.5451 -3.36144 7.56705
      vertex -12.1115 -4.40822 8.69684
    endloop
  endfacet
  facet normal -0.939262 -0.296136 0.173468
    outer loop
      vertex -12.2594 -3.28489 9.81371
      vertex -12.4496 -3.33586 8.69684
      vertex -12.1115 -4.40822 8.69684
    endloop
  endfacet
  facet normal -0.938904 -0.0410116 0.341727
    outer loop
      vertex -11.9647 -1.04678 11.9749
      vertex -12.3983 0 10.9092
      vertex -12.3511 -1.08058 10.9092
    endloop
  endfacet
  facet normal -0.931768 -0.1226 0.341728
    outer loop
      vertex -11.9647 -1.04678 11.9749
      vertex -12.3511 -1.08058 10.9092
      vertex -12.21 -2.15295 10.9092
    endloop
  endfacet
  facet normal -0.957749 -0.126018 0.258526
    outer loop
      vertex -12.3511 -1.08058 10.9092
      vertex -12.499 -2.20392 9.81371
      vertex -12.21 -2.15295 10.9092
    endloop
  endfacet
  facet normal -0.943105 -0.209042 0.258561
    outer loop
      vertex -11.9759 -3.20892 10.9092
      vertex -12.499 -2.20392 9.81371
      vertex -12.2594 -3.28489 9.81371
    endloop
  endfacet
  facet normal -0.921271 -0.290523 0.258565
    outer loop
      vertex -11.6506 -4.24047 10.9092
      vertex -11.9759 -3.20892 10.9092
      vertex -11.9264 -4.34087 9.81371
    endloop
  endfacet
  facet normal -0.921273 -0.290521 0.258562
    outer loop
      vertex -11.9759 -3.20892 10.9092
      vertex -12.2594 -3.28489 9.81371
      vertex -11.9264 -4.34087 9.81371
    endloop
  endfacet
  facet normal -0.638661 -0.585221 0.499628
    outer loop
      vertex -8.39898 -7.04758 13.9849
      vertex -8.83337 -7.41207 13.0027
      vertex -8.15375 -8.15375 13.0027
    endloop
  endfacet
  facet normal -0.8336 -0.433936 0.341774
    outer loop
      vertex -10.8851 -5.07583 11.9749
      vertex -11.2367 -5.23976 10.9092
      vertex -10.4013 -6.00522 11.9749
    endloop
  endfacet
  facet normal -0.864482 -0.272595 0.42233
    outer loop
      vertex -11.1382 -2.98448 13.0027
      vertex -11.6012 -3.10853 11.9749
      vertex -11.2861 -4.10781 11.9749
    endloop
  endfacet
  facet normal -0.764498 -0.487036 0.422301
    outer loop
      vertex -9.44576 -6.61399 13.0027
      vertex -9.98626 -5.76557 13.0027
      vertex -9.83837 -6.8889 11.9749
    endloop
  endfacet
  facet normal -0.596639 -0.380099 0.706786
    outer loop
      vertex -7.19434 -5.03753 16.5846
      vertex -8.30051 -4.7923 15.7827
      vertex -7.85125 -5.4975 15.7827
    endloop
  endfacet
  facet normal -0.596637 -0.380111 0.706781
    outer loop
      vertex -7.60602 -4.39134 16.5846
      vertex -8.30051 -4.7923 15.7827
      vertex -7.19434 -5.03753 16.5846
    endloop
  endfacet
  facet normal -0.650077 -0.498823 0.573214
    outer loop
      vertex -8.4484 -5.91563 14.9139
      vertex -8.98126 -6.28874 13.9849
      vertex -8.39898 -7.04758 13.9849
    endloop
  endfacet
  facet normal -0.650081 -0.498821 0.573212
    outer loop
      vertex -7.90067 -6.62945 14.9139
      vertex -8.4484 -5.91563 14.9139
      vertex -8.39898 -7.04758 13.9849
    endloop
  endfacet
  facet normal -0.73728 -0.675587 0
    outer loop
      vertex -9.18364 -9.18364 7
      vertex -9.9491 -8.34828 7.56705
      vertex -9.9491 -8.34828 7
    endloop
  endfacet
  facet normal -0.73728 -0.675587 0
    outer loop
      vertex -9.9491 -8.34828 7.56705
      vertex -9.18364 -9.18364 7
      vertex -9.18364 -9.18364 7.56705
    endloop
  endfacet
  facet normal -0.873563 -0.454755 0.173451
    outer loop
      vertex -10.9915 -6.34592 9.81371
      vertex -11.6812 -5.44703 8.69684
      vertex -11.162 -6.44439 8.69684
    endloop
  endfacet
  facet normal -0.920366 -0.381237 0.0870884
    outer loop
      vertex -12.1115 -4.40822 8.69684
      vertex -12.2044 -4.44203 7.56705
      vertex -11.7708 -5.48881 7.56705
    endloop
  endfacet
  facet normal -0.814702 -0.519014 0.258621
    outer loop
      vertex -10.1561 -7.11138 10.9092
      vertex -10.9915 -6.34592 9.81371
      vertex -10.3966 -7.27974 9.81371
    endloop
  endfacet
  facet normal -0.781304 -0.599555 0.173489
    outer loop
      vertex -9.72252 -8.15816 9.81371
      vertex -10.3966 -7.27974 9.81371
      vertex -9.87338 -8.28475 8.69684
    endloop
  endfacet
  facet normal -0.535236 -0.840208 0.0870256
    outer loop
      vertex -7.3927 -10.5579 8.69684
      vertex -7.4494 -10.6388 7.56705
      vertex -6.44439 -11.162 8.69684
    endloop
  endfacet
  facet normal -0.52913 -0.830623 0.173453
    outer loop
      vertex -6.34592 -10.9915 9.81371
      vertex -7.3927 -10.5579 8.69684
      vertex -6.44439 -11.162 8.69684
    endloop
  endfacet
  facet normal -0.537313 -0.843383 0
    outer loop
      vertex -7.4494 -10.6388 7
      vertex -6.49381 -11.2476 7.56705
      vertex -7.4494 -10.6388 7.56705
    endloop
  endfacet
  facet normal -0.537313 -0.843383 -0
    outer loop
      vertex -6.49381 -11.2476 7.56705
      vertex -7.4494 -10.6388 7
      vertex -6.49381 -11.2476 7
    endloop
  endfacet
  facet normal -0.67302 -0.734481 0.0870695
    outer loop
      vertex -9.11375 -9.11375 8.69684
      vertex -9.18364 -9.18364 7.56705
      vertex -8.28475 -9.87338 8.69684
    endloop
  endfacet
  facet normal -0.734481 -0.67302 0.0870695
    outer loop
      vertex -9.11375 -9.11375 8.69684
      vertex -9.87338 -8.28475 8.69684
      vertex -9.18364 -9.18364 7.56705
    endloop
  endfacet
  facet normal -0.812369 0.106913 0.573259
    outer loop
      vertex -10.1569 1.79094 14.9139
      vertex -10.9224 0.955583 13.9849
      vertex -10.2743 0.898889 14.9139
    endloop
  endfacet
  facet normal -0.917512 0.203405 0.341758
    outer loop
      vertex -11.9759 3.20892 10.9092
      vertex -12.21 2.15295 10.9092
      vertex -11.6012 3.10853 11.9749
    endloop
  endfacet
  facet normal -0.858827 0.113063 0.499632
    outer loop
      vertex -11.356 2.00236 13.0027
      vertex -11.4873 1.005 13.0027
      vertex -10.9224 0.955583 13.9849
    endloop
  endfacet
  facet normal -0.812396 0.106999 0.573204
    outer loop
      vertex -10.7975 1.90389 13.9849
      vertex -10.9224 0.955583 13.9849
      vertex -10.1569 1.79094 14.9139
    endloop
  endfacet
  facet normal -0.953719 -0.300699 0
    outer loop
      vertex -12.2044 -4.44203 7
      vertex -12.5451 -3.36144 7.56705
      vertex -12.5451 -3.36144 7
    endloop
  endfacet
  facet normal -0.953719 -0.300699 0
    outer loop
      vertex -12.5451 -3.36144 7.56705
      vertex -12.2044 -4.44203 7
      vertex -12.2044 -4.44203 7.56705
    endloop
  endfacet
  facet normal -0.0642913 -0.0589097 0.996191
    outer loop
      vertex -0.434386 -0.364493 19.9876
      vertex -1.29986 -1.09071 19.8888
      vertex -0.400966 -0.400966 19.9876
    endloop
  endfacet
  facet normal -0.0112912 -0.258781 0.96587
    outer loop
      vertex -0.245231 -2.80301 19.6918
      vertex -0.340707 -3.8943 19.3983
      vertex 0 -2.81371 19.6918
    endloop
  endfacet
  facet normal -0.25681 -0.033807 0.96587
    outer loop
      vertex -2.77097 -0.488596 19.6918
      vertex -3.8943 -0.340707 19.3983
      vertex -3.84979 -0.678821 19.3983
    endloop
  endfacet
  facet normal -0.339391 -0.0446781 0.939584
    outer loop
      vertex -3.8943 -0.340707 19.3983
      vertex -4.95595 -0.433589 19.0104
      vertex -3.84979 -0.678821 19.3983
    endloop
  endfacet
  facet normal -0.403378 -0.127186 0.906151
    outer loop
      vertex -4.80537 -1.28759 19.0104
      vertex -5.64072 -2.05305 18.5311
      vertex -4.67486 -1.70151 19.0104
    endloop
  endfacet
  facet normal -0.356715 -0.227254 0.906151
    outer loop
      vertex -4.30838 -2.48744 19.0104
      vertex -5.19852 -3.00137 18.5311
      vertex -4.91715 -3.44303 18.5311
    endloop
  endfacet
  facet normal 0.172592 -0.547379 0.818894
    outer loop
      vertex 2.38897 -6.56365 17.9641
      vertex 2.04827 -7.64424 17.3136
      vertex 2.70671 -7.43663 17.3136
    endloop
  endfacet
  facet normal 0.037632 -0.169742 0.98477
    outer loop
      vertex 0.728243 -2.71784 19.6918
      vertex 0.294653 -1.67106 19.8888
      vertex 0.488596 -2.77097 19.6918
    endloop
  endfacet
  facet normal 0.553585 -0.604129 0.573212
    outer loop
      vertex 7.29281 -7.29281 14.9139
      vertex 7.04758 -8.39898 13.9849
      vertex 7.75278 -7.75278 13.9849
    endloop
  endfacet
  facet normal 0.466524 -0.60799 0.64242
    outer loop
      vertex 6.16086 -7.34223 15.7827
      vertex 5.91563 -8.4484 14.9139
      vertex 6.62945 -7.90067 14.9139
    endloop
  endfacet
  facet normal 0.604129 -0.553585 0.573212
    outer loop
      vertex 7.90067 -6.62945 14.9139
      vertex 7.29281 -7.29281 14.9139
      vertex 8.39898 -7.04758 13.9849
    endloop
  endfacet
  facet normal 0.650081 -0.498821 0.573212
    outer loop
      vertex 8.4484 -5.91563 14.9139
      vertex 7.90067 -6.62945 14.9139
      vertex 8.39898 -7.04758 13.9849
    endloop
  endfacet
  facet normal 0.396933 -0.304579 0.865838
    outer loop
      vertex 5.72169 -4.00637 17.9641
      vertex 4.91715 -3.44303 18.5311
      vertex 5.35074 -4.4898 17.9641
    endloop
  endfacet
  facet normal 0.510254 -0.391526 0.765734
    outer loop
      vertex 7.19434 -5.03753 16.5846
      vertex 6.48269 -4.53923 17.3136
      vertex 6.72792 -5.64539 16.5846
    endloop
  endfacet
  facet normal 0.596637 -0.380111 0.706781
    outer loop
      vertex 7.60602 -4.39134 16.5846
      vertex 7.19434 -5.03753 16.5846
      vertex 8.30051 -4.7923 15.7827
    endloop
  endfacet
  facet normal 0.423152 -0.387754 0.818895
    outer loop
      vertex 6.0624 -5.08696 17.3136
      vertex 5.35074 -4.4898 17.9641
      vertex 5.59597 -5.59597 17.3136
    endloop
  endfacet
  facet normal 0.570486 -0.29697 0.765738
    outer loop
      vertex 7.9598 -3.71172 16.5846
      vertex 6.85364 -3.95695 17.3136
      vertex 7.60602 -4.39134 16.5846
    endloop
  endfacet
  facet normal 0.530253 -0.219638 0.818896
    outer loop
      vertex 6.56365 -2.38897 17.9641
      vertex 6.33046 -2.95194 17.9641
      vertex 7.17243 -3.34456 17.3136
    endloop
  endfacet
  facet normal 0.646336 -0.411763 0.642418
    outer loop
      vertex 8.93183 -5.1568 14.9139
      vertex 8.30051 -4.7923 15.7827
      vertex 8.4484 -5.91563 14.9139
    endloop
  endfacet
  facet normal 0.679765 -0.353864 0.642418
    outer loop
      vertex 8.6866 -4.05063 15.7827
      vertex 8.30051 -4.7923 15.7827
      vertex 8.93183 -5.1568 14.9139
    endloop
  endfacet
  facet normal -0.748192 -0.165863 0.642416
    outer loop
      vertex -9.43899 -1.66435 15.7827
      vertex -10.1569 -1.79094 14.9139
      vertex -9.96217 -2.66935 14.9139
    endloop
  endfacet
  facet normal -0.799986 -0.177345 0.573211
    outer loop
      vertex -10.1569 -1.79094 14.9139
      vertex -10.5905 -2.83771 13.9849
      vertex -9.96217 -2.66935 14.9139
    endloop
  endfacet
  facet normal -0.613387 -0.193402 0.765737
    outer loop
      vertex -7.64424 -2.04827 17.3136
      vertex -8.48341 -2.27312 16.5846
      vertex -8.25301 -3.00385 16.5846
    endloop
  endfacet
  facet normal -0.560339 -0.124226 0.818894
    outer loop
      vertex -6.87878 -1.21291 17.9641
      vertex -7.64424 -2.04827 17.3136
      vertex -6.74689 -1.80782 17.9641
    endloop
  endfacet
  facet normal -0.604129 -0.553585 0.573212
    outer loop
      vertex -7.90067 -6.62945 14.9139
      vertex -8.39898 -7.04758 13.9849
      vertex -7.29281 -7.29281 14.9139
    endloop
  endfacet
  facet normal -0.604129 -0.553585 0.573212
    outer loop
      vertex -7.29281 -7.29281 14.9139
      vertex -8.39898 -7.04758 13.9849
      vertex -7.75278 -7.75278 13.9849
    endloop
  endfacet
  facet normal -0.440269 -0.691081 0.573211
    outer loop
      vertex -5.1568 -8.93183 14.9139
      vertex -5.91563 -8.4484 14.9139
      vertex -5.48204 -9.49518 13.9849
    endloop
  endfacet
  facet normal -0.313577 -0.757032 0.573212
    outer loop
      vertex -4.35871 -9.34729 14.9139
      vertex -4.63362 -9.93684 13.9849
      vertex -3.52746 -9.69161 14.9139
    endloop
  endfacet
  facet normal -0.498823 -0.650077 0.573214
    outer loop
      vertex -5.91563 -8.4484 14.9139
      vertex -7.04758 -8.39898 13.9849
      vertex -6.28874 -8.98126 13.9849
    endloop
  endfacet
  facet normal -0.527334 -0.687233 0.499629
    outer loop
      vertex -6.28874 -8.98126 13.9849
      vertex -7.04758 -8.39898 13.9849
      vertex -6.61399 -9.44576 13.0027
    endloop
  endfacet
  facet normal -0.418593 -0.804044 0.422248
    outer loop
      vertex -4.87327 -10.4508 13.0027
      vertex -5.76557 -9.98626 13.0027
      vertex -5.07583 -10.8851 11.9749
    endloop
  endfacet
  facet normal -0.40001 -0.76835 0.49963
    outer loop
      vertex -5.48204 -9.49518 13.9849
      vertex -5.76557 -9.98626 13.0027
      vertex -4.87327 -10.4508 13.0027
    endloop
  endfacet
  facet normal -0.334202 -0.0740977 0.939584
    outer loop
      vertex -3.84979 -0.678821 19.3983
      vertex -4.80537 -1.28759 19.0104
      vertex -3.77597 -1.01177 19.3983
    endloop
  endfacet
  facet normal -0.412927 -0.0915393 0.906152
    outer loop
      vertex -4.8993 -0.863879 19.0104
      vertex -5.91154 -1.04236 18.5311
      vertex -4.80537 -1.28759 19.0104
    endloop
  endfacet
  facet normal -0.484055 -0.308384 0.818895
    outer loop
      vertex -6.0491 -3.49245 17.9641
      vertex -6.48269 -4.53923 17.3136
      vertex -5.72169 -4.00637 17.9641
    endloop
  endfacet
  facet normal -0.421967 -0.268824 0.865839
    outer loop
      vertex -5.19852 -3.00137 18.5311
      vertex -6.0491 -3.49245 17.9641
      vertex -4.91715 -3.44303 18.5311
    endloop
  endfacet
  facet normal -0.177345 -0.799986 0.573211
    outer loop
      vertex -2.66935 -9.96217 14.9139
      vertex -2.83771 -10.5905 13.9849
      vertex -1.79094 -10.1569 14.9139
    endloop
  endfacet
  facet normal -0.230447 -0.730886 0.642417
    outer loop
      vertex -2.48068 -9.25802 15.7827
      vertex -3.52746 -9.69161 14.9139
      vertex -2.66935 -9.96217 14.9139
    endloop
  endfacet
  facet normal 0.0409901 -0.938898 0.341746
    outer loop
      vertex 0 -12.0104 11.9749
      vertex 0 -12.3983 10.9092
      vertex 1.04678 -11.9647 11.9749
    endloop
  endfacet
  facet normal -0.209042 -0.943105 0.258561
    outer loop
      vertex -3.20892 -11.9759 10.9092
      vertex -3.28489 -12.2594 9.81371
      vertex -2.20392 -12.499 9.81371
    endloop
  endfacet
  facet normal -0.196253 -0.884959 0.422295
    outer loop
      vertex -2.00236 -11.356 13.0027
      vertex -2.98448 -11.1382 13.0027
      vertex -2.08559 -11.828 11.9749
    endloop
  endfacet
  facet normal -0.0377167 -0.865417 0.499631
    outer loop
      vertex -0.955583 -10.9224 13.9849
      vertex -1.005 -11.4873 13.0027
      vertex 0 -11.5311 13.0027
    endloop
  endfacet
  facet normal -0.272577 -0.864496 0.422312
    outer loop
      vertex -3.94388 -10.8357 13.0027
      vertex -4.10781 -11.2861 11.9749
      vertex -2.98448 -11.1382 13.0027
    endloop
  endfacet
  facet normal -0.346908 -0.837441 0.422312
    outer loop
      vertex -3.94388 -10.8357 13.0027
      vertex -5.07583 -10.8851 11.9749
      vertex -4.10781 -11.2861 11.9749
    endloop
  endfacet
  facet normal 0.0184481 -0.42255 0.906152
    outer loop
      vertex 0 -4.97488 19.0104
      vertex 0 -6.00273 18.5311
      vertex 0.433589 -4.95595 19.0104
    endloop
  endfacet
  facet normal 0.0218242 -0.499849 0.865838
    outer loop
      vertex 0.523172 -5.97989 18.5311
      vertex 0 -6.98489 17.9641
      vertex 0.608773 -6.95831 17.9641
    endloop
  endfacet
  facet normal -0.345575 -0.542429 0.765734
    outer loop
      vertex -4.53923 -6.48269 17.3136
      vertex -5.03753 -7.19434 16.5846
      vertex -4.39134 -7.60602 16.5846
    endloop
  endfacet
  facet normal -0.466524 -0.60799 0.64242
    outer loop
      vertex -6.16086 -7.34223 15.7827
      vertex -6.62945 -7.90067 14.9139
      vertex -5.91563 -8.4484 14.9139
    endloop
  endfacet
  facet normal -0.712206 -0.652609 0.258582
    outer loop
      vertex -9.49766 -7.96949 10.9092
      vertex -9.72252 -8.15816 9.81371
      vertex -8.76694 -8.76694 10.9092
    endloop
  endfacet
  facet normal -0.572108 -0.745595 0.341731
    outer loop
      vertex -7.72016 -9.20053 11.9749
      vertex -7.96949 -9.49766 10.9092
      vertex -6.8889 -9.83837 11.9749
    endloop
  endfacet
  facet normal -0.381237 -0.920366 0.0870884
    outer loop
      vertex -4.40822 -12.1115 8.69684
      vertex -5.48881 -11.7708 7.56705
      vertex -4.44203 -12.2044 7.56705
    endloop
  endfacet
  facet normal -0.381238 -0.920366 0.0870895
    outer loop
      vertex -5.44703 -11.6812 8.69684
      vertex -5.48881 -11.7708 7.56705
      vertex -4.40822 -12.1115 8.69684
    endloop
  endfacet
  facet normal -0.382691 -0.923877 0
    outer loop
      vertex -5.48881 -11.7708 7
      vertex -4.44203 -12.2044 7.56705
      vertex -5.48881 -11.7708 7.56705
    endloop
  endfacet
  facet normal -0.382691 -0.923877 -0
    outer loop
      vertex -4.44203 -12.2044 7.56705
      vertex -5.48881 -11.7708 7
      vertex -4.44203 -12.2044 7
    endloop
  endfacet
  facet normal -0.216415 -0.976302 0
    outer loop
      vertex -3.36144 -12.5451 7
      vertex -2.25528 -12.7903 7.56705
      vertex -3.36144 -12.5451 7.56705
    endloop
  endfacet
  facet normal -0.216415 -0.976302 -0
    outer loop
      vertex -2.25528 -12.7903 7.56705
      vertex -3.36144 -12.5451 7
      vertex -2.25528 -12.7903 7
    endloop
  endfacet
  facet normal -0.446009 -0.856867 0.258564
    outer loop
      vertex -5.23976 -11.2367 10.9092
      vertex -6.34592 -10.9915 9.81371
      vertex -5.36381 -11.5027 9.81371
    endloop
  endfacet
  facet normal -0.454708 -0.873578 0.173498
    outer loop
      vertex -5.36381 -11.5027 9.81371
      vertex -6.34592 -10.9915 9.81371
      vertex -5.44703 -11.6812 8.69684
    endloop
  endfacet
  facet normal 0.73728 -0.675587 0
    outer loop
      vertex 9.18364 -9.18364 7.56705
      vertex 9.9491 -8.34828 7
      vertex 9.9491 -8.34828 7.56705
    endloop
  endfacet
  facet normal 0.73728 -0.675587 0
    outer loop
      vertex 9.9491 -8.34828 7
      vertex 9.18364 -9.18364 7.56705
      vertex 9.18364 -9.18364 7
    endloop
  endfacet
  facet normal -0.300699 0.953719 0
    outer loop
      vertex -3.36144 12.5451 7
      vertex -4.44203 12.2044 7.56705
      vertex -3.36144 12.5451 7.56705
    endloop
  endfacet
  facet normal -0.300699 0.953719 0
    outer loop
      vertex -4.44203 12.2044 7.56705
      vertex -3.36144 12.5451 7
      vertex -4.44203 12.2044 7
    endloop
  endfacet
  facet normal -0.382691 0.923877 0
    outer loop
      vertex -4.44203 12.2044 7
      vertex -5.48881 11.7708 7.56705
      vertex -4.44203 12.2044 7.56705
    endloop
  endfacet
  facet normal -0.382691 0.923877 0
    outer loop
      vertex -5.48881 11.7708 7.56705
      vertex -4.44203 12.2044 7
      vertex -5.48881 11.7708 7
    endloop
  endfacet
  facet normal -0.535236 0.840208 0.0870256
    outer loop
      vertex -6.44439 11.162 8.69684
      vertex -7.4494 10.6388 7.56705
      vertex -7.3927 10.5579 8.69684
    endloop
  endfacet
  facet normal -0.128617 0.976414 0.173415
    outer loop
      vertex -1.12333 12.8397 8.69684
      vertex -2.20392 12.499 9.81371
      vertex -1.10617 12.6436 9.81371
    endloop
  endfacet
  facet normal -0.216415 0.976302 0
    outer loop
      vertex -2.25528 12.7903 7
      vertex -3.36144 12.5451 7.56705
      vertex -2.25528 12.7903 7.56705
    endloop
  endfacet
  facet normal -0.216415 0.976302 0
    outer loop
      vertex -3.36144 12.5451 7.56705
      vertex -2.25528 12.7903 7
      vertex -3.36144 12.5451 7
    endloop
  endfacet
  facet normal 0.98769 0.129975 0.0870373
    outer loop
      vertex 12.7903 2.25528 7.56705
      vertex 12.693 2.23811 8.69684
      vertex 12.8397 1.12333 8.69684
    endloop
  endfacet
  facet normal 0.987676 0.130039 0.087102
    outer loop
      vertex 12.9382 1.13195 7.56705
      vertex 12.7903 2.25528 7.56705
      vertex 12.8397 1.12333 8.69684
    endloop
  endfacet
  facet normal 0.920366 0.381238 0.0870895
    outer loop
      vertex 11.7708 5.48881 7.56705
      vertex 11.6812 5.44703 8.69684
      vertex 12.1115 4.40822 8.69684
    endloop
  endfacet
  facet normal 0.965054 0.042051 0.258655
    outer loop
      vertex 12.6436 1.10617 9.81371
      vertex 12.3511 1.08058 10.9092
      vertex 12.6918 0 9.81371
    endloop
  endfacet
  facet normal 0.983915 -0.0428729 0.173415
    outer loop
      vertex 12.6918 0 9.81371
      vertex 12.6436 -1.10617 9.81371
      vertex 12.8397 -1.12333 8.69684
    endloop
  endfacet
  facet normal 0.999049 -0.0436 0
    outer loop
      vertex 12.9382 -1.13195 7.56705
      vertex 12.9876 0 7
      vertex 12.9876 0 7.56705
    endloop
  endfacet
  facet normal 0.999049 -0.0436 0
    outer loop
      vertex 12.9876 0 7
      vertex 12.9382 -1.13195 7.56705
      vertex 12.9382 -1.13195 7
    endloop
  endfacet
  facet normal 0.995258 -0.0434346 0.0870352
    outer loop
      vertex 12.9876 0 7.56705
      vertex 12.8888 0 8.69684
      vertex 12.9382 -1.13195 7.56705
    endloop
  endfacet
  facet normal 0.950097 -0.299552 0.087093
    outer loop
      vertex 12.4496 -3.33586 8.69684
      vertex 12.1115 -4.40822 8.69684
      vertex 12.5451 -3.36144 7.56705
    endloop
  endfacet
  facet normal 0.991444 -0.130536 0
    outer loop
      vertex 12.7903 -2.25528 7.56705
      vertex 12.9382 -1.13195 7
      vertex 12.9382 -1.13195 7.56705
    endloop
  endfacet
  facet normal 0.991444 -0.130536 0
    outer loop
      vertex 12.9382 -1.13195 7
      vertex 12.7903 -2.25528 7.56705
      vertex 12.7903 -2.25528 7
    endloop
  endfacet
  facet normal 0.757032 -0.313577 0.573212
    outer loop
      vertex 9.69161 -3.52746 14.9139
      vertex 9.34729 -4.35871 14.9139
      vertex 9.93684 -4.63362 13.9849
    endloop
  endfacet
  facet normal 0.708018 -0.293275 0.642418
    outer loop
      vertex 9.69161 -3.52746 14.9139
      vertex 8.6866 -4.05063 15.7827
      vertex 9.34729 -4.35871 14.9139
    endloop
  endfacet
  facet normal 0.594198 -0.246119 0.765738
    outer loop
      vertex 7.43663 -2.70671 17.3136
      vertex 7.17243 -3.34456 17.3136
      vertex 8.25301 -3.00385 16.5846
    endloop
  endfacet
  facet normal 0.653579 -0.270721 0.706785
    outer loop
      vertex 9.00658 -3.27813 15.7827
      vertex 7.9598 -3.71172 16.5846
      vertex 8.6866 -4.05063 15.7827
    endloop
  endfacet
  facet normal 0.69066 -0.153111 0.706786
    outer loop
      vertex 9.43899 -1.66435 15.7827
      vertex 8.48341 -2.27312 16.5846
      vertex 9.25802 -2.48068 15.7827
    endloop
  endfacet
  facet normal 0.748192 -0.165863 0.642416
    outer loop
      vertex 10.1569 -1.79094 14.9139
      vertex 9.43899 -1.66435 15.7827
      vertex 9.96217 -2.66935 14.9139
    endloop
  endfacet
  facet normal 0.759822 -0.0999977 0.642395
    outer loop
      vertex 10.2743 -0.898889 14.9139
      vertex 9.54813 -0.835353 15.7827
      vertex 10.1569 -1.79094 14.9139
    endloop
  endfacet
  facet normal 0.818592 -0.0357894 0.57326
    outer loop
      vertex 10.3136 0 14.9139
      vertex 10.2743 -0.898889 14.9139
      vertex 10.9224 -0.955583 13.9849
    endloop
  endfacet
  facet normal 0.905619 0.0394687 0.422253
    outer loop
      vertex 11.9647 1.04678 11.9749
      vertex 11.4873 1.005 13.0027
      vertex 11.5311 0 13.0027
    endloop
  endfacet
  facet normal 0.898711 0.118264 0.422295
    outer loop
      vertex 11.828 2.08559 11.9749
      vertex 11.356 2.00236 13.0027
      vertex 11.9647 1.04678 11.9749
    endloop
  endfacet
  facet normal 0.78148 0.246378 0.573224
    outer loop
      vertex 10.3029 3.74994 13.9849
      vertex 9.69161 3.52746 14.9139
      vertex 10.5905 2.83771 13.9849
    endloop
  endfacet
  facet normal 0.826173 0.260469 0.499593
    outer loop
      vertex 10.8357 3.94388 13.0027
      vertex 10.3029 3.74994 13.9849
      vertex 10.5905 2.83771 13.9849
    endloop
  endfacet
  facet normal 0.943105 -0.209042 0.258561
    outer loop
      vertex 12.499 -2.20392 9.81371
      vertex 11.9759 -3.20892 10.9092
      vertex 12.2594 -3.28489 9.81371
    endloop
  endfacet
  facet normal 0.950096 -0.299556 0.0870886
    outer loop
      vertex 12.5451 -3.36144 7.56705
      vertex 12.1115 -4.40822 8.69684
      vertex 12.2044 -4.44203 7.56705
    endloop
  endfacet
  facet normal 0.865436 -0.0377661 0.499595
    outer loop
      vertex 10.9641 0 13.9849
      vertex 10.9224 -0.955583 13.9849
      vertex 11.5311 0 13.0027
    endloop
  endfacet
  facet normal 0.865436 0.0377661 0.499595
    outer loop
      vertex 11.5311 0 13.0027
      vertex 10.9224 0.955583 13.9849
      vertex 10.9641 0 13.9849
    endloop
  endfacet
  facet normal 0.376888 -0.909865 0.173499
    outer loop
      vertex 5.36381 -11.5027 9.81371
      vertex 4.40822 -12.1115 8.69684
      vertex 5.44703 -11.6812 8.69684
    endloop
  endfacet
  facet normal 0.381238 -0.920366 0.0870895
    outer loop
      vertex 5.44703 -11.6812 8.69684
      vertex 4.40822 -12.1115 8.69684
      vertex 5.48881 -11.7708 7.56705
    endloop
  endfacet
  facet normal 0.213185 -0.961477 0.173534
    outer loop
      vertex 3.33586 -12.4496 8.69684
      vertex 2.20392 -12.499 9.81371
      vertex 2.23811 -12.693 8.69684
    endloop
  endfacet
  facet normal 0.215648 -0.972584 0.0870384
    outer loop
      vertex 3.33586 -12.4496 8.69684
      vertex 2.23811 -12.693 8.69684
      vertex 2.25528 -12.7903 7.56705
    endloop
  endfacet
  facet normal 0.282644 -0.896285 0.341739
    outer loop
      vertex 4.10781 -11.2861 11.9749
      vertex 3.20892 -11.9759 10.9092
      vertex 4.24047 -11.6506 10.9092
    endloop
  endfacet
  facet normal 0.290523 -0.921271 0.258565
    outer loop
      vertex 4.24047 -11.6506 10.9092
      vertex 3.20892 -11.9759 10.9092
      vertex 4.34087 -11.9264 9.81371
    endloop
  endfacet
  facet normal 0.399979 -0.768352 0.499651
    outer loop
      vertex 5.48204 -9.49518 13.9849
      vertex 4.63362 -9.93684 13.9849
      vertex 4.87327 -10.4508 13.0027
    endloop
  endfacet
  facet normal 0.487021 -0.764519 0.422281
    outer loop
      vertex 6.8889 -9.83837 11.9749
      vertex 5.76557 -9.98626 13.0027
      vertex 6.00522 -10.4013 11.9749
    endloop
  endfacet
  facet normal 0.230447 -0.730886 0.642417
    outer loop
      vertex 3.52746 -9.69161 14.9139
      vertex 2.48068 -9.25802 15.7827
      vertex 2.66935 -9.96217 14.9139
    endloop
  endfacet
  facet normal 0.246378 -0.78148 0.573224
    outer loop
      vertex 3.52746 -9.69161 14.9139
      vertex 2.83771 -10.5905 13.9849
      vertex 3.74994 -10.3029 13.9849
    endloop
  endfacet
  facet normal 0.465427 -0.730581 0.499629
    outer loop
      vertex 6.28874 -8.98126 13.9849
      vertex 5.48204 -9.49518 13.9849
      vertex 6.61399 -9.44576 13.0027
    endloop
  endfacet
  facet normal 0.440263 -0.691081 0.573214
    outer loop
      vertex 5.91563 -8.4484 14.9139
      vertex 5.48204 -9.49518 13.9849
      vertex 6.28874 -8.98126 13.9849
    endloop
  endfacet
  facet normal 0.712206 -0.652609 0.258582
    outer loop
      vertex 9.49766 -7.96949 10.9092
      vertex 8.76694 -8.76694 10.9092
      vertex 9.72252 -8.15816 9.81371
    endloop
  endfacet
  facet normal 0.692895 -0.634914 0.341731
    outer loop
      vertex 9.20053 -7.72016 11.9749
      vertex 8.76694 -8.76694 10.9092
      vertex 9.49766 -7.96949 10.9092
    endloop
  endfacet
  facet normal 0.519014 -0.814702 0.258621
    outer loop
      vertex 7.11138 -10.1561 10.9092
      vertex 6.34592 -10.9915 9.81371
      vertex 7.27974 -10.3966 9.81371
    endloop
  endfacet
  facet normal 0.529148 -0.830608 0.173475
    outer loop
      vertex 7.27974 -10.3966 9.81371
      vertex 6.34592 -10.9915 9.81371
      vertex 7.3927 -10.5579 8.69684
    endloop
  endfacet
  facet normal 0.638661 -0.585221 0.499628
    outer loop
      vertex 8.39898 -7.04758 13.9849
      vertex 8.15375 -8.15375 13.0027
      vertex 8.83337 -7.41207 13.0027
    endloop
  endfacet
  facet normal 0.668309 -0.612388 0.422307
    outer loop
      vertex 8.83337 -7.41207 13.0027
      vertex 8.15375 -8.15375 13.0027
      vertex 9.20053 -7.72016 11.9749
    endloop
  endfacet
  facet normal 0.60643 -0.790355 0.0870712
    outer loop
      vertex 8.28475 -9.87338 8.69684
      vertex 7.4494 -10.6388 7.56705
      vertex 8.34828 -9.9491 7.56705
    endloop
  endfacet
  facet normal 0.673021 -0.73448 0.0870709
    outer loop
      vertex 9.18364 -9.18364 7.56705
      vertex 8.28475 -9.87338 8.69684
      vertex 8.34828 -9.9491 7.56705
    endloop
  endfacet
  facet normal 0.856855 -0.446022 0.258579
    outer loop
      vertex 11.2367 -5.23976 10.9092
      vertex 10.7373 -6.19916 10.9092
      vertex 10.9915 -6.34592 9.81371
    endloop
  endfacet
  facet normal 0.792598 -0.504985 0.34173
    outer loop
      vertex 10.7373 -6.19916 10.9092
      vertex 9.83837 -6.8889 11.9749
      vertex 10.1561 -7.11138 10.9092
    endloop
  endfacet
  facet normal 0.766375 -0.588051 0.258583
    outer loop
      vertex 10.1561 -7.11138 10.9092
      vertex 9.49766 -7.96949 10.9092
      vertex 9.72252 -8.15816 9.81371
    endloop
  endfacet
  facet normal 0.766344 -0.588076 0.258619
    outer loop
      vertex 10.1561 -7.11138 10.9092
      vertex 9.72252 -8.15816 9.81371
      vertex 10.3966 -7.27974 9.81371
    endloop
  endfacet
  facet normal 0.380099 -0.596639 0.706786
    outer loop
      vertex 5.03753 -7.19434 16.5846
      vertex 4.7923 -8.30051 15.7827
      vertex 5.4975 -7.85125 15.7827
    endloop
  endfacet
  facet normal 0.411762 -0.646339 0.642416
    outer loop
      vertex 5.4975 -7.85125 15.7827
      vertex 4.7923 -8.30051 15.7827
      vertex 5.91563 -8.4484 14.9139
    endloop
  endfacet
  facet normal 0.246119 -0.594198 0.765738
    outer loop
      vertex 3.34456 -7.17243 17.3136
      vertex 2.70671 -7.43663 17.3136
      vertex 3.00385 -8.25301 16.5846
    endloop
  endfacet
  facet normal 0.308379 -0.484063 0.818893
    outer loop
      vertex 4.53923 -6.48269 17.3136
      vertex 3.49245 -6.0491 17.9641
      vertex 3.95695 -6.85364 17.3136
    endloop
  endfacet
  facet normal 0.293275 -0.708018 0.642418
    outer loop
      vertex 4.05063 -8.6866 15.7827
      vertex 3.52746 -9.69161 14.9139
      vertex 4.35871 -9.34729 14.9139
    endloop
  endfacet
  facet normal 0.313577 -0.757032 0.573212
    outer loop
      vertex 4.35871 -9.34729 14.9139
      vertex 3.52746 -9.69161 14.9139
      vertex 4.63362 -9.93684 13.9849
    endloop
  endfacet
  facet normal 0.335547 -0.257486 0.906151
    outer loop
      vertex 4.07519 -2.85348 19.0104
      vertex 3.81098 -3.19779 19.0104
      vertex 4.91715 -3.44303 18.5311
    endloop
  endfacet
  facet normal 0.271574 -0.208395 0.939584
    outer loop
      vertex 4.07519 -2.85348 19.0104
      vertex 3.20221 -2.24221 19.3983
      vertex 3.81098 -3.19779 19.0104
    endloop
  endfacet
  facet normal 0.0112912 -0.258781 0.96587
    outer loop
      vertex 0.245231 -2.80301 19.6918
      vertex 0 -2.81371 19.6918
      vertex 0.340707 -3.8943 19.3983
    endloop
  endfacet
  facet normal 0.014931 -0.341992 0.939584
    outer loop
      vertex 0 -3.90917 19.3983
      vertex 0 -4.97488 19.0104
      vertex 0.433589 -4.95595 19.0104
    endloop
  endfacet
  facet normal 0.368872 -0.338013 0.865841
    outer loop
      vertex 4.59836 -3.85848 18.5311
      vertex 4.24457 -4.24457 18.5311
      vertex 4.93907 -4.93907 17.9641
    endloop
  endfacet
  facet normal 0.396931 -0.30458 0.865839
    outer loop
      vertex 4.91715 -3.44303 18.5311
      vertex 4.59836 -3.85848 18.5311
      vertex 5.35074 -4.4898 17.9641
    endloop
  endfacet
  facet normal -0.0280588 -0.64254 0.765739
    outer loop
      vertex -0.689741 -7.88378 17.3136
      vertex -0.76546 -8.74925 16.5846
      vertex 0 -7.9139 17.3136
    endloop
  endfacet
  facet normal 0.0923385 -0.701377 0.706784
    outer loop
      vertex 1.66435 -9.43899 15.7827
      vertex 0.76546 -8.74925 16.5846
      vertex 0.835353 -9.54813 15.7827
    endloop
  endfacet
  facet normal -0.0280534 -0.642543 0.765736
    outer loop
      vertex 0 -7.9139 17.3136
      vertex -0.76546 -8.74925 16.5846
      vertex 0 -8.78267 16.5846
    endloop
  endfacet
  facet normal -0.0923405 -0.701376 0.706785
    outer loop
      vertex -1.52509 -8.64924 16.5846
      vertex -1.66435 -9.43899 15.7827
      vertex -0.76546 -8.74925 16.5846
    endloop
  endfacet
  facet normal -0.165863 -0.748192 0.642416
    outer loop
      vertex -1.66435 -9.43899 15.7827
      vertex -2.66935 -9.96217 14.9139
      vertex -1.79094 -10.1569 14.9139
    endloop
  endfacet
  facet normal -0.10003 -0.7598 0.642416
    outer loop
      vertex -1.66435 -9.43899 15.7827
      vertex -1.79094 -10.1569 14.9139
      vertex -0.835353 -9.54813 15.7827
    endloop
  endfacet
  facet normal -0.311832 -0.285744 0.906152
    outer loop
      vertex -3.51777 -3.51777 19.0104
      vertex -4.59836 -3.85848 18.5311
      vertex -4.24457 -4.24457 18.5311
    endloop
  endfacet
  facet normal -0.296976 -0.570486 0.765736
    outer loop
      vertex -3.34456 -7.17243 17.3136
      vertex -3.95695 -6.85364 17.3136
      vertex -3.71172 -7.9598 16.5846
    endloop
  endfacet
  facet normal 0.130536 -0.991444 0
    outer loop
      vertex 1.13195 -12.9382 7
      vertex 2.25528 -12.7903 7.56705
      vertex 1.13195 -12.9382 7.56705
    endloop
  endfacet
  facet normal 0.130536 -0.991444 0
    outer loop
      vertex 2.25528 -12.7903 7.56705
      vertex 1.13195 -12.9382 7
      vertex 2.25528 -12.7903 7
    endloop
  endfacet
  facet normal 0.0421547 -0.965075 0.25856
    outer loop
      vertex 0 -12.3983 10.9092
      vertex 0 -12.6918 9.81371
      vertex 1.08058 -12.3511 10.9092
    endloop
  endfacet
  facet normal 0.042051 -0.965054 0.258655
    outer loop
      vertex 1.08058 -12.3511 10.9092
      vertex 0 -12.6918 9.81371
      vertex 1.10617 -12.6436 9.81371
    endloop
  endfacet
  facet normal -0.128491 -0.976409 0.173535
    outer loop
      vertex -2.20392 -12.499 9.81371
      vertex -2.23811 -12.693 8.69684
      vertex -1.12333 -12.8397 8.69684
    endloop
  endfacet
  facet normal -0.129975 -0.98769 0.0870373
    outer loop
      vertex -2.23811 -12.693 8.69684
      vertex -2.25528 -12.7903 7.56705
      vertex -1.12333 -12.8397 8.69684
    endloop
  endfacet
  facet normal 0.106999 -0.812396 0.573204
    outer loop
      vertex 1.79094 -10.1569 14.9139
      vertex 0.955583 -10.9224 13.9849
      vertex 1.90389 -10.7975 13.9849
    endloop
  endfacet
  facet normal 0.0334744 -0.765642 0.642395
    outer loop
      vertex 0.835353 -9.54813 15.7827
      vertex 0 -10.3136 14.9139
      vertex 0.898889 -10.2743 14.9139
    endloop
  endfacet
  facet normal 0.118315 -0.898723 0.422255
    outer loop
      vertex 2.00236 -11.356 13.0027
      vertex 1.005 -11.4873 13.0027
      vertex 1.04678 -11.9647 11.9749
    endloop
  endfacet
  facet normal 0.113063 -0.858827 0.499632
    outer loop
      vertex 2.00236 -11.356 13.0027
      vertex 0.955583 -10.9224 13.9849
      vertex 1.005 -11.4873 13.0027
    endloop
  endfacet
  facet normal 0.196206 -0.884952 0.422331
    outer loop
      vertex 2.98448 -11.1382 13.0027
      vertex 2.08559 -11.828 11.9749
      vertex 3.10853 -11.6012 11.9749
    endloop
  endfacet
  facet normal 0.122613 -0.931762 0.34174
    outer loop
      vertex 2.08559 -11.828 11.9749
      vertex 1.04678 -11.9647 11.9749
      vertex 2.15295 -12.21 10.9092
    endloop
  endfacet
  facet normal 0.443795 -0.231017 0.865839
    outer loop
      vertex 5.44032 -2.53686 18.5311
      vertex 5.19852 -3.00137 18.5311
      vertex 6.33046 -2.95194 17.9641
    endloop
  endfacet
  facet normal 0.462239 -0.191465 0.865839
    outer loop
      vertex 5.64072 -2.05305 18.5311
      vertex 5.44032 -2.53686 18.5311
      vertex 6.33046 -2.95194 17.9641
    endloop
  endfacet
  facet normal 0.573397 -0.0250354 0.818895
    outer loop
      vertex 6.98489 0 17.9641
      vertex 6.95831 -0.608773 17.9641
      vertex 7.9139 0 17.3136
    endloop
  endfacet
  facet normal 0.496043 -0.0653031 0.865839
    outer loop
      vertex 5.97989 -0.523172 18.5311
      vertex 5.91154 -1.04236 18.5311
      vertex 6.87878 -1.21291 17.9641
    endloop
  endfacet
  facet normal 0.573398 0.0250395 0.818894
    outer loop
      vertex 7.88378 0.689741 17.3136
      vertex 6.95831 0.608773 17.9641
      vertex 7.9139 0 17.3136
    endloop
  endfacet
  facet normal 0.569035 0.0749092 0.818894
    outer loop
      vertex 7.88378 0.689741 17.3136
      vertex 6.87878 1.21291 17.9641
      vertex 6.95831 0.608773 17.9641
    endloop
  endfacet
  facet normal 0.69066 -0.153112 0.706785
    outer loop
      vertex 8.64924 -1.52509 16.5846
      vertex 8.48341 -2.27312 16.5846
      vertex 9.43899 -1.66435 15.7827
    endloop
  endfacet
  facet normal 0.706752 -0.0308568 0.706788
    outer loop
      vertex 8.78267 0 16.5846
      vertex 8.74925 -0.76546 16.5846
      vertex 9.58461 0 15.7827
    endloop
  endfacet
  facet normal 0.674685 0.212729 0.706786
    outer loop
      vertex 9.25802 2.48068 15.7827
      vertex 8.25301 3.00385 16.5846
      vertex 8.48341 2.27312 16.5846
    endloop
  endfacet
  facet normal 0.748192 0.165863 0.642416
    outer loop
      vertex 9.96217 2.66935 14.9139
      vertex 9.43899 1.66435 15.7827
      vertex 10.1569 1.79094 14.9139
    endloop
  endfacet
  facet normal 0.7598 0.10003 0.642416
    outer loop
      vertex 10.1569 1.79094 14.9139
      vertex 9.43899 1.66435 15.7827
      vertex 9.54813 0.835353 15.7827
    endloop
  endfacet
  facet normal 0.748191 0.165864 0.642417
    outer loop
      vertex 9.96217 2.66935 14.9139
      vertex 9.25802 2.48068 15.7827
      vertex 9.43899 1.66435 15.7827
    endloop
  endfacet
  facet normal 0.25681 0.033807 0.96587
    outer loop
      vertex 3.84979 0.678821 19.3983
      vertex 2.77097 0.488596 19.6918
      vertex 3.8943 0.340707 19.3983
    endloop
  endfacet
  facet normal 0.341994 0.0149262 0.939584
    outer loop
      vertex 4.95595 0.433589 19.0104
      vertex 3.8943 0.340707 19.3983
      vertex 3.90917 0 19.3983
    endloop
  endfacet
  facet normal 0.258781 0.0112912 0.96587
    outer loop
      vertex 3.8943 0.340707 19.3983
      vertex 2.80301 0.245231 19.6918
      vertex 2.81371 0 19.6918
    endloop
  endfacet
  facet normal 0.256811 0.0338102 0.96587
    outer loop
      vertex 3.8943 0.340707 19.3983
      vertex 2.77097 0.488596 19.6918
      vertex 2.80301 0.245231 19.6918
    endloop
  endfacet
  facet normal 0.419334 0.0552045 0.906152
    outer loop
      vertex 5.91154 1.04236 18.5311
      vertex 4.95595 0.433589 19.0104
      vertex 5.97989 0.523172 18.5311
    endloop
  endfacet
  facet normal 0.419333 0.0552074 0.906152
    outer loop
      vertex 5.91154 1.04236 18.5311
      vertex 4.8993 0.863879 19.0104
      vertex 4.95595 0.433589 19.0104
    endloop
  endfacet
  facet normal 0.172376 -0.022694 0.98477
    outer loop
      vertex 2.80301 -0.245231 19.6918
      vertex 1.67106 -0.294653 19.8888
      vertex 2.77097 -0.488596 19.6918
    endloop
  endfacet
  facet normal 0.146634 -0.093419 0.98477
    outer loop
      vertex 2.43675 -1.40686 19.6918
      vertex 1.38997 -0.973268 19.8888
      vertex 2.30486 -1.61388 19.6918
    endloop
  endfacet
  facet normal 0.252886 -0.056065 0.96587
    outer loop
      vertex 2.77097 -0.488596 19.6918
      vertex 2.71784 -0.728243 19.6918
      vertex 3.84979 -0.678821 19.3983
    endloop
  endfacet
  facet normal 0.419333 -0.0552074 0.906152
    outer loop
      vertex 4.95595 -0.433589 19.0104
      vertex 4.8993 -0.863879 19.0104
      vertex 5.91154 -1.04236 18.5311
    endloop
  endfacet
  facet normal 0.216415 0.976302 -0
    outer loop
      vertex 3.36144 12.5451 7
      vertex 2.25528 12.7903 7.56705
      vertex 3.36144 12.5451 7.56705
    endloop
  endfacet
  facet normal 0.216415 0.976302 0
    outer loop
      vertex 2.25528 12.7903 7.56705
      vertex 3.36144 12.5451 7
      vertex 2.25528 12.7903 7
    endloop
  endfacet
  facet normal 0.213185 0.961477 0.173534
    outer loop
      vertex 2.23811 12.693 8.69684
      vertex 2.20392 12.499 9.81371
      vertex 3.33586 12.4496 8.69684
    endloop
  endfacet
  facet normal 0.52913 0.830623 0.173453
    outer loop
      vertex 6.44439 11.162 8.69684
      vertex 6.34592 10.9915 9.81371
      vertex 7.3927 10.5579 8.69684
    endloop
  endfacet
  facet normal 0.60643 0.790355 0.0870712
    outer loop
      vertex 8.34828 9.9491 7.56705
      vertex 7.4494 10.6388 7.56705
      vertex 8.28475 9.87338 8.69684
    endloop
  endfacet
  facet normal 0.46177 0.887 -0
    outer loop
      vertex 6.49381 11.2476 7
      vertex 5.48881 11.7708 7.56705
      vertex 6.49381 11.2476 7.56705
    endloop
  endfacet
  facet normal 0.46177 0.887 0
    outer loop
      vertex 5.48881 11.7708 7.56705
      vertex 6.49381 11.2476 7
      vertex 5.48881 11.7708 7
    endloop
  endfacet
  facet normal 0.460016 0.883631 0.0870718
    outer loop
      vertex 6.49381 11.2476 7.56705
      vertex 5.48881 11.7708 7.56705
      vertex 6.44439 11.162 8.69684
    endloop
  endfacet
  facet normal 0.359624 0.868251 0.341776
    outer loop
      vertex 5.23976 11.2367 10.9092
      vertex 4.24047 11.6506 10.9092
      vertex 5.07583 10.8851 11.9749
    endloop
  endfacet
  facet normal 0.369655 0.892469 0.258562
    outer loop
      vertex 5.36381 11.5027 9.81371
      vertex 4.24047 11.6506 10.9092
      vertex 5.23976 11.2367 10.9092
    endloop
  endfacet
  facet normal 0.376888 0.909865 0.173499
    outer loop
      vertex 5.44703 11.6812 8.69684
      vertex 4.40822 12.1115 8.69684
      vertex 5.36381 11.5027 9.81371
    endloop
  endfacet
  facet normal 0.376866 0.90987 0.17352
    outer loop
      vertex 4.40822 12.1115 8.69684
      vertex 4.34087 11.9264 9.81371
      vertex 5.36381 11.5027 9.81371
    endloop
  endfacet
  facet normal 0.446022 0.856855 0.258579
    outer loop
      vertex 6.34592 10.9915 9.81371
      vertex 5.23976 11.2367 10.9092
      vertex 6.19916 10.7373 10.9092
    endloop
  endfacet
  facet normal 0.433919 0.833603 0.341789
    outer loop
      vertex 6.19916 10.7373 10.9092
      vertex 5.23976 11.2367 10.9092
      vertex 6.00522 10.4013 11.9749
    endloop
  endfacet
  facet normal 0.73728 0.675587 0
    outer loop
      vertex 9.9491 8.34828 7.56705
      vertex 9.18364 9.18364 7
      vertex 9.18364 9.18364 7.56705
    endloop
  endfacet
  facet normal 0.73728 0.675587 0
    outer loop
      vertex 9.18364 9.18364 7
      vertex 9.9491 8.34828 7.56705
      vertex 9.9491 8.34828 7
    endloop
  endfacet
  facet normal 0.561247 0.430653 0.706782
    outer loop
      vertex 7.34223 6.16086 15.7827
      vertex 6.72792 5.64539 16.5846
      vertex 7.19434 5.03753 16.5846
    endloop
  endfacet
  facet normal 0.521576 0.477931 0.706782
    outer loop
      vertex 7.34223 6.16086 15.7827
      vertex 6.21029 6.21029 16.5846
      vertex 6.72792 5.64539 16.5846
    endloop
  endfacet
  facet normal 0.653579 0.270721 0.706785
    outer loop
      vertex 8.6866 4.05063 15.7827
      vertex 7.9598 3.71172 16.5846
      vertex 9.00658 3.27813 15.7827
    endloop
  endfacet
  facet normal 0.653579 0.270722 0.706785
    outer loop
      vertex 9.00658 3.27813 15.7827
      vertex 7.9598 3.71172 16.5846
      vertex 8.25301 3.00385 16.5846
    endloop
  endfacet
  facet normal 0.943105 0.209042 0.258561
    outer loop
      vertex 12.2594 3.28489 9.81371
      vertex 11.9759 3.20892 10.9092
      vertex 12.499 2.20392 9.81371
    endloop
  endfacet
  facet normal 0.943106 0.209079 0.258528
    outer loop
      vertex 12.499 2.20392 9.81371
      vertex 11.9759 3.20892 10.9092
      vertex 12.21 2.15295 10.9092
    endloop
  endfacet
  facet normal 0.411763 0.646336 0.642418
    outer loop
      vertex 5.1568 8.93183 14.9139
      vertex 4.7923 8.30051 15.7827
      vertex 5.91563 8.4484 14.9139
    endloop
  endfacet
  facet normal 0.353864 0.679765 0.642418
    outer loop
      vertex 5.1568 8.93183 14.9139
      vertex 4.05063 8.6866 15.7827
      vertex 4.7923 8.30051 15.7827
    endloop
  endfacet
  facet normal 0.418593 0.804044 0.422248
    outer loop
      vertex 5.07583 10.8851 11.9749
      vertex 4.87327 10.4508 13.0027
      vertex 5.76557 9.98626 13.0027
    endloop
  endfacet
  facet normal 0.418553 0.804049 0.422279
    outer loop
      vertex 6.00522 10.4013 11.9749
      vertex 5.07583 10.8851 11.9749
      vertex 5.76557 9.98626 13.0027
    endloop
  endfacet
  facet normal 0.547379 0.172592 0.818894
    outer loop
      vertex 7.43663 2.70671 17.3136
      vertex 6.56365 2.38897 17.9641
      vertex 7.64424 2.04827 17.3136
    endloop
  endfacet
  facet normal 0.477166 0.150453 0.865839
    outer loop
      vertex 6.56365 2.38897 17.9641
      vertex 5.64072 2.05305 18.5311
      vertex 6.74689 1.80782 17.9641
    endloop
  endfacet
  facet normal 0.498823 0.650077 0.573214
    outer loop
      vertex 6.28874 8.98126 13.9849
      vertex 5.91563 8.4484 14.9139
      vertex 7.04758 8.39898 13.9849
    endloop
  endfacet
  facet normal 0.440263 0.691081 0.573214
    outer loop
      vertex 6.28874 8.98126 13.9849
      vertex 5.48204 9.49518 13.9849
      vertex 5.91563 8.4484 14.9139
    endloop
  endfacet
  facet normal 0.268824 0.421967 0.865839
    outer loop
      vertex 3.49245 6.0491 17.9641
      vertex 3.00137 5.19852 18.5311
      vertex 3.44303 4.91715 18.5311
    endloop
  endfacet
  facet normal 0.191465 0.462239 0.865839
    outer loop
      vertex 2.95194 6.33046 17.9641
      vertex 2.05305 5.64072 18.5311
      vertex 2.53686 5.44032 18.5311
    endloop
  endfacet
  facet normal 0.477931 0.521576 0.706782
    outer loop
      vertex 6.16086 7.34223 15.7827
      vertex 5.64539 6.72792 16.5846
      vertex 6.21029 6.21029 16.5846
    endloop
  endfacet
  facet normal 0.30458 0.396931 0.865839
    outer loop
      vertex 4.4898 5.35074 17.9641
      vertex 3.44303 4.91715 18.5311
      vertex 3.85848 4.59836 18.5311
    endloop
  endfacet
  facet normal 0.285744 0.311832 0.906152
    outer loop
      vertex 3.85848 4.59836 18.5311
      vertex 3.19779 3.81098 19.0104
      vertex 3.51777 3.51777 19.0104
    endloop
  endfacet
  facet normal 0.285744 0.311832 0.906152
    outer loop
      vertex 3.85848 4.59836 18.5311
      vertex 3.51777 3.51777 19.0104
      vertex 4.24457 4.24457 18.5311
    endloop
  endfacet
  facet normal 0.462239 0.191465 0.865839
    outer loop
      vertex 6.33046 2.95194 17.9641
      vertex 5.44032 2.53686 18.5311
      vertex 5.64072 2.05305 18.5311
    endloop
  endfacet
  facet normal 0.462238 0.191465 0.865839
    outer loop
      vertex 6.33046 2.95194 17.9641
      vertex 5.64072 2.05305 18.5311
      vertex 6.56365 2.38897 17.9641
    endloop
  endfacet
  facet normal 0.334202 0.0740977 0.939584
    outer loop
      vertex 4.80537 1.28759 19.0104
      vertex 3.77597 1.01177 19.3983
      vertex 3.84979 0.678821 19.3983
    endloop
  endfacet
  facet normal 0.334207 0.0740884 0.939583
    outer loop
      vertex 4.80537 1.28759 19.0104
      vertex 3.84979 0.678821 19.3983
      vertex 4.8993 0.863879 19.0104
    endloop
  endfacet
  facet normal 0.477165 0.15045 0.86584
    outer loop
      vertex 6.74689 1.80782 17.9641
      vertex 5.64072 2.05305 18.5311
      vertex 5.79819 1.55362 18.5311
    endloop
  endfacet
  facet normal 0.488462 0.108291 0.86584
    outer loop
      vertex 6.74689 1.80782 17.9641
      vertex 5.79819 1.55362 18.5311
      vertex 6.87878 1.21291 17.9641
    endloop
  endfacet
  facet normal 0.288709 0.183925 0.939584
    outer loop
      vertex 4.07519 2.85348 19.0104
      vertex 3.20221 2.24221 19.3983
      vertex 4.30838 2.48744 19.0104
    endloop
  endfacet
  facet normal 0.288709 0.183924 0.939585
    outer loop
      vertex 4.30838 2.48744 19.0104
      vertex 3.20221 2.24221 19.3983
      vertex 3.38544 1.95459 19.3983
    endloop
  endfacet
  facet normal 0.316263 0.130995 0.939584
    outer loop
      vertex 4.50878 2.10248 19.0104
      vertex 3.67342 1.33702 19.3983
      vertex 4.67486 1.70151 19.0104
    endloop
  endfacet
  facet normal 0.23931 0.0991207 0.965871
    outer loop
      vertex 3.54292 1.65209 19.3983
      vertex 2.55009 1.18913 19.6918
      vertex 3.67342 1.33702 19.3983
    endloop
  endfacet
  facet normal 0.271574 0.208395 0.939584
    outer loop
      vertex 3.81098 3.19779 19.0104
      vertex 3.20221 2.24221 19.3983
      vertex 4.07519 2.85348 19.0104
    endloop
  endfacet
  facet normal 0.375163 0.1953 0.906151
    outer loop
      vertex 5.19852 3.00137 18.5311
      vertex 4.30838 2.48744 19.0104
      vertex 4.50878 2.10248 19.0104
    endloop
  endfacet
  facet normal 0.8336 0.433936 0.341774
    outer loop
      vertex 11.2367 5.23976 10.9092
      vertex 10.4013 6.00522 11.9749
      vertex 10.8851 5.07583 11.9749
    endloop
  endfacet
  facet normal 0.833603 0.433919 0.341789
    outer loop
      vertex 10.7373 6.19916 10.9092
      vertex 10.4013 6.00522 11.9749
      vertex 11.2367 5.23976 10.9092
    endloop
  endfacet
  facet normal 0.768352 0.399979 0.499651
    outer loop
      vertex 10.4508 4.87327 13.0027
      vertex 9.49518 5.48204 13.9849
      vertex 9.93684 4.63362 13.9849
    endloop
  endfacet
  facet normal 0.800309 0.331442 0.499651
    outer loop
      vertex 10.4508 4.87327 13.0027
      vertex 9.93684 4.63362 13.9849
      vertex 10.8357 3.94388 13.0027
    endloop
  endfacet
  facet normal 0.517738 0.565022 0.642415
    outer loop
      vertex 7.29281 7.29281 14.9139
      vertex 6.16086 7.34223 15.7827
      vertex 6.77734 6.77734 15.7827
    endloop
  endfacet
  facet normal 0.477929 0.521577 0.706783
    outer loop
      vertex 6.77734 6.77734 15.7827
      vertex 6.16086 7.34223 15.7827
      vertex 6.21029 6.21029 16.5846
    endloop
  endfacet
  facet normal 0.588076 0.766344 0.258619
    outer loop
      vertex 7.27974 10.3966 9.81371
      vertex 7.11138 10.1561 10.9092
      vertex 8.15816 9.72252 9.81371
    endloop
  endfacet
  facet normal 0.588051 0.766375 0.258583
    outer loop
      vertex 8.15816 9.72252 9.81371
      vertex 7.11138 10.1561 10.9092
      vertex 7.96949 9.49766 10.9092
    endloop
  endfacet
  facet normal 0.0262196 -0.0831646 0.996191
    outer loop
      vertex 0.580353 -1.59451 19.8888
      vertex 0.193943 -0.532854 19.9876
      vertex 0.439174 -1.63902 19.8888
    endloop
  endfacet
  facet normal -0.0831646 -0.0262196 0.996191
    outer loop
      vertex -0.532854 -0.193943 19.9876
      vertex -1.63902 -0.439174 19.8888
      vertex -1.59451 -0.580353 19.8888
    endloop
  endfacet
  facet normal 0.218458 -0.139177 0.96587
    outer loop
      vertex 2.43675 -1.40686 19.6918
      vertex 2.30486 -1.61388 19.6918
      vertex 3.20221 -2.24221 19.3983
    endloop
  endfacet
  facet normal 0.218463 -0.139173 0.96587
    outer loop
      vertex 3.38544 -1.95459 19.3983
      vertex 2.43675 -1.40686 19.6918
      vertex 3.20221 -2.24221 19.3983
    endloop
  endfacet
  facet normal 0.128185 -0.117462 0.98477
    outer loop
      vertex 1.29986 -1.09071 19.8888
      vertex 1.19985 -1.19985 19.8888
      vertex 1.9896 -1.9896 19.6918
    endloop
  endfacet
  facet normal 0.0522801 0.165817 0.98477
    outer loop
      vertex 0.728243 2.71784 19.6918
      vertex 0.439174 1.63902 19.8888
      vertex 0.962347 2.64403 19.6918
    endloop
  endfacet
  facet normal 0.022694 0.172376 0.98477
    outer loop
      vertex 0.488596 2.77097 19.6918
      vertex 0.245231 2.80301 19.6918
      vertex 0.294653 1.67106 19.8888
    endloop
  endfacet
  facet normal 0.231272 0.252381 0.939584
    outer loop
      vertex 3.19779 3.81098 19.0104
      vertex 2.51277 2.9946 19.3983
      vertex 2.7642 2.7642 19.3983
    endloop
  endfacet
  facet normal 0.257486 0.335547 0.906151
    outer loop
      vertex 3.44303 4.91715 18.5311
      vertex 2.85348 4.07519 19.0104
      vertex 3.19779 3.81098 19.0104
    endloop
  endfacet
  facet normal 0.227251 0.356718 0.906151
    outer loop
      vertex 3.44303 4.91715 18.5311
      vertex 2.48744 4.30838 19.0104
      vertex 2.85348 4.07519 19.0104
    endloop
  endfacet
  facet normal 0.172376 0.022694 0.98477
    outer loop
      vertex 2.77097 0.488596 19.6918
      vertex 1.67106 0.294653 19.8888
      vertex 2.80301 0.245231 19.6918
    endloop
  endfacet
  facet normal 0.173699 0.00758743 0.984769
    outer loop
      vertex 2.81371 0 19.6918
      vertex 1.69038 0.147889 19.8888
      vertex 1.69684 0 19.8888
    endloop
  endfacet
  facet normal 0.0735427 0.0468536 0.996191
    outer loop
      vertex 1.38997 0.973268 19.8888
      vertex 0.491081 0.283525 19.9876
      vertex 1.46951 0.84842 19.8888
    endloop
  endfacet
  facet normal 0.229762 0.119603 0.96587
    outer loop
      vertex 3.38544 1.95459 19.3983
      vertex 2.43675 1.40686 19.6918
      vertex 2.55009 1.18913 19.6918
    endloop
  endfacet
  facet normal -0.00758743 0.173699 0.984769
    outer loop
      vertex 0 2.81371 19.6918
      vertex -0.147889 1.69038 19.8888
      vertex 0 1.69684 19.8888
    endloop
  endfacet
  facet normal 0.0773462 -0.0402657 0.996191
    outer loop
      vertex 0.513924 -0.239646 19.9876
      vertex 0.491081 -0.283525 19.9876
      vertex 1.46951 -0.84842 19.8888
    endloop
  endfacet
  facet normal 0.040263 -0.0773479 0.996191
    outer loop
      vertex 0.84842 -1.46951 19.8888
      vertex 0.239646 -0.513924 19.9876
      vertex 0.717115 -1.53786 19.8888
    endloop
  endfacet
  facet normal 0.0112943 0.25878 0.96587
    outer loop
      vertex 0 3.90917 19.3983
      vertex 0 2.81371 19.6918
      vertex 0.340707 3.8943 19.3983
    endloop
  endfacet
  facet normal 0.32665 0.627503 0.706781
    outer loop
      vertex 4.7923 8.30051 15.7827
      vertex 3.71172 7.9598 16.5846
      vertex 4.39134 7.60602 16.5846
    endloop
  endfacet
  facet normal 0.29697 0.570486 0.765738
    outer loop
      vertex 4.39134 7.60602 16.5846
      vertex 3.71172 7.9598 16.5846
      vertex 3.95695 6.85364 17.3136
    endloop
  endfacet
  facet normal 0.230447 0.730886 0.642417
    outer loop
      vertex 2.66935 9.96217 14.9139
      vertex 2.48068 9.25802 15.7827
      vertex 3.52746 9.69161 14.9139
    endloop
  endfacet
  facet normal 0.293271 0.708018 0.64242
    outer loop
      vertex 3.52746 9.69161 14.9139
      vertex 3.27813 9.00658 15.7827
      vertex 4.05063 8.6866 15.7827
    endloop
  endfacet
  facet normal 0.212729 0.674685 0.706786
    outer loop
      vertex 2.48068 9.25802 15.7827
      vertex 2.27312 8.48341 16.5846
      vertex 3.00385 8.25301 16.5846
    endloop
  endfacet
  facet normal 0.165864 0.748191 0.642417
    outer loop
      vertex 2.66935 9.96217 14.9139
      vertex 1.66435 9.43899 15.7827
      vertex 2.48068 9.25802 15.7827
    endloop
  endfacet
  facet normal 0.282623 0.896285 0.341757
    outer loop
      vertex 3.20892 11.9759 10.9092
      vertex 3.10853 11.6012 11.9749
      vertex 4.10781 11.2861 11.9749
    endloop
  endfacet
  facet normal 0.196253 0.884959 0.422295
    outer loop
      vertex 2.08559 11.828 11.9749
      vertex 2.00236 11.356 13.0027
      vertex 2.98448 11.1382 13.0027
    endloop
  endfacet
  facet normal 0.0250395 0.573398 0.818894
    outer loop
      vertex 0.689741 7.88378 17.3136
      vertex 0 7.9139 17.3136
      vertex 0.608773 6.95831 17.9641
    endloop
  endfacet
  facet normal -0.0250354 0.573397 0.818895
    outer loop
      vertex 0 7.9139 17.3136
      vertex -0.608773 6.95831 17.9641
      vertex 0 6.98489 17.9641
    endloop
  endfacet
  facet normal 0.0749111 0.569036 0.818893
    outer loop
      vertex 1.37423 7.79367 17.3136
      vertex 0.689741 7.88378 17.3136
      vertex 1.21291 6.87878 17.9641
    endloop
  endfacet
  facet normal 0.231017 0.443795 0.865839
    outer loop
      vertex 2.95194 6.33046 17.9641
      vertex 2.53686 5.44032 18.5311
      vertex 3.00137 5.19852 18.5311
    endloop
  endfacet
  facet normal 0.124226 0.560339 0.818894
    outer loop
      vertex 2.04827 7.64424 17.3136
      vertex 1.21291 6.87878 17.9641
      vertex 1.80782 6.74689 17.9641
    endloop
  endfacet
  facet normal 0.219638 0.530253 0.818896
    outer loop
      vertex 3.34456 7.17243 17.3136
      vertex 2.38897 6.56365 17.9641
      vertex 2.95194 6.33046 17.9641
    endloop
  endfacet
  facet normal 0.1953 0.375163 0.906151
    outer loop
      vertex 3.00137 5.19852 18.5311
      vertex 2.10248 4.50878 19.0104
      vertex 2.48744 4.30838 19.0104
    endloop
  endfacet
  facet normal 0.158066 0.303638 0.939585
    outer loop
      vertex 2.10248 4.50878 19.0104
      vertex 1.95459 3.38544 19.3983
      vertex 2.48744 4.30838 19.0104
    endloop
  endfacet
  facet normal 0.0778883 0.247039 0.96587
    outer loop
      vertex 1.01177 3.77597 19.3983
      vertex 0.728243 2.71784 19.6918
      vertex 0.962347 2.64403 19.6918
    endloop
  endfacet
  facet normal 0.161852 0.390761 0.906151
    outer loop
      vertex 2.05305 5.64072 18.5311
      vertex 1.70151 4.67486 19.0104
      vertex 2.10248 4.50878 19.0104
    endloop
  endfacet
  facet normal 0.127186 0.403378 0.906151
    outer loop
      vertex 2.05305 5.64072 18.5311
      vertex 1.28759 4.80537 19.0104
      vertex 1.70151 4.67486 19.0104
    endloop
  endfacet
  facet normal 0.161858 0.390761 0.90615
    outer loop
      vertex 2.53686 5.44032 18.5311
      vertex 2.05305 5.64072 18.5311
      vertex 2.10248 4.50878 19.0104
    endloop
  endfacet
  facet normal -0.056065 0.252886 0.96587
    outer loop
      vertex -0.678821 3.84979 19.3983
      vertex -0.728243 2.71784 19.6918
      vertex -0.488596 2.77097 19.6918
    endloop
  endfacet
  facet normal -0.102936 0.326475 0.939584
    outer loop
      vertex -1.28759 4.80537 19.0104
      vertex -1.33702 3.67342 19.3983
      vertex -1.01177 3.77597 19.3983
    endloop
  endfacet
  facet normal -0.022694 0.172376 0.98477
    outer loop
      vertex -0.245231 2.80301 19.6918
      vertex -0.488596 2.77097 19.6918
      vertex -0.294653 1.67106 19.8888
    endloop
  endfacet
  facet normal -0.0112943 0.25878 0.96587
    outer loop
      vertex 0 3.90917 19.3983
      vertex -0.340707 3.8943 19.3983
      vertex 0 2.81371 19.6918
    endloop
  endfacet
  facet normal 0.0402657 0.0773462 0.996191
    outer loop
      vertex 0.84842 1.46951 19.8888
      vertex 0.239646 0.513924 19.9876
      vertex 0.283525 0.491081 19.9876
    endloop
  endfacet
  facet normal 0.0778904 0.247039 0.96587
    outer loop
      vertex 1.01177 3.77597 19.3983
      vertex 0.962347 2.64403 19.6918
      vertex 1.33702 3.67342 19.3983
    endloop
  endfacet
  facet normal -0.0773479 0.040263 0.996191
    outer loop
      vertex -1.46951 0.84842 19.8888
      vertex -1.53786 0.717115 19.8888
      vertex -0.513924 0.239646 19.9876
    endloop
  endfacet
  facet normal 0.0831646 0.0262196 0.996191
    outer loop
      vertex 1.59451 0.580353 19.8888
      vertex 0.532854 0.193943 19.9876
      vertex 1.63902 0.439174 19.8888
    endloop
  endfacet
  facet normal -0.218463 0.139173 0.96587
    outer loop
      vertex -3.20221 2.24221 19.3983
      vertex -3.38544 1.95459 19.3983
      vertex -2.43675 1.40686 19.6918
    endloop
  endfacet
  facet normal -0.0468536 -0.0735427 0.996191
    outer loop
      vertex -0.283525 -0.491081 19.9876
      vertex -0.973268 -1.38997 19.8888
      vertex -0.84842 -1.46951 19.8888
    endloop
  endfacet
  facet normal -0.093419 0.146634 0.98477
    outer loop
      vertex -1.40686 2.43675 19.6918
      vertex -1.61388 2.30486 19.6918
      vertex -0.973268 1.38997 19.8888
    endloop
  endfacet
  facet normal -0.160629 0.0665369 0.98477
    outer loop
      vertex -2.55009 1.18913 19.6918
      vertex -2.64403 0.962347 19.6918
      vertex -1.59451 0.580353 19.8888
    endloop
  endfacet
  facet normal 0.0468536 0.0735427 0.996191
    outer loop
      vertex 0.84842 1.46951 19.8888
      vertex 0.283525 0.491081 19.9876
      vertex 0.973268 1.38997 19.8888
    endloop
  endfacet
  facet normal 0.00758743 0.173699 0.984769
    outer loop
      vertex 0 2.81371 19.6918
      vertex 0 1.69684 19.8888
      vertex 0.147889 1.69038 19.8888
    endloop
  endfacet
  facet normal -0.117459 -0.128189 0.98477
    outer loop
      vertex -1.09071 -1.29986 19.8888
      vertex -1.9896 -1.9896 19.6918
      vertex -1.80862 -2.15543 19.6918
    endloop
  endfacet
  facet normal 0.0991285 0.239309 0.96587
    outer loop
      vertex 1.33702 3.67342 19.3983
      vertex 0.962347 2.64403 19.6918
      vertex 1.18913 2.55009 19.6918
    endloop
  endfacet
  facet normal -0.0665363 0.160629 0.98477
    outer loop
      vertex -0.580353 1.59451 19.8888
      vertex -1.18913 2.55009 19.6918
      vertex -0.717115 1.53786 19.8888
    endloop
  endfacet
  facet normal 0.0831643 0.0262208 0.996191
    outer loop
      vertex 1.63902 0.439174 19.8888
      vertex 0.532854 0.193943 19.9876
      vertex 0.547729 0.146764 19.9876
    endloop
  endfacet
  facet normal -0.00757886 0.173698 0.98477
    outer loop
      vertex 0 2.81371 19.6918
      vertex -0.245231 2.80301 19.6918
      vertex -0.147889 1.69038 19.8888
    endloop
  endfacet
  facet normal -0.931768 0.1226 0.341728
    outer loop
      vertex -12.21 2.15295 10.9092
      vertex -12.3511 1.08058 10.9092
      vertex -11.9647 1.04678 11.9749
    endloop
  endfacet
  facet normal -0.965075 0.0421547 0.25856
    outer loop
      vertex -12.3511 1.08058 10.9092
      vertex -12.6918 0 9.81371
      vertex -12.3983 0 10.9092
    endloop
  endfacet
  facet normal -0.864482 0.272595 0.42233
    outer loop
      vertex -11.2861 4.10781 11.9749
      vertex -11.6012 3.10853 11.9749
      vertex -11.1382 2.98448 13.0027
    endloop
  endfacet
  facet normal -0.884952 0.196206 0.422331
    outer loop
      vertex -11.6012 3.10853 11.9749
      vertex -11.828 2.08559 11.9749
      vertex -11.1382 2.98448 13.0027
    endloop
  endfacet
  facet normal -0.999049 -0.0436 0
    outer loop
      vertex -12.9382 -1.13195 7
      vertex -12.9876 0 7.56705
      vertex -12.9876 0 7
    endloop
  endfacet
  facet normal -0.999049 -0.0436 0
    outer loop
      vertex -12.9876 0 7.56705
      vertex -12.9382 -1.13195 7
      vertex -12.9382 -1.13195 7.56705
    endloop
  endfacet
  facet normal -0.976302 0.216415 0
    outer loop
      vertex -12.7903 2.25528 7
      vertex -12.5451 3.36144 7.56705
      vertex -12.5451 3.36144 7
    endloop
  endfacet
  facet normal -0.976302 0.216415 0
    outer loop
      vertex -12.5451 3.36144 7.56705
      vertex -12.7903 2.25528 7
      vertex -12.7903 2.25528 7.56705
    endloop
  endfacet
  facet normal -0.573397 0.0250354 0.818895
    outer loop
      vertex -6.95831 0.608773 17.9641
      vertex -7.9139 0 17.3136
      vertex -6.98489 0 17.9641
    endloop
  endfacet
  facet normal -0.42255 0.0184472 0.906152
    outer loop
      vertex -5.97989 0.523172 18.5311
      vertex -6.00273 0 18.5311
      vertex -4.95595 0.433589 19.0104
    endloop
  endfacet
  facet normal -0.334207 0.0740884 0.939583
    outer loop
      vertex -4.80537 1.28759 19.0104
      vertex -4.8993 0.863879 19.0104
      vertex -3.84979 0.678821 19.3983
    endloop
  endfacet
  facet normal -0.341994 0.0149262 0.939584
    outer loop
      vertex -3.8943 0.340707 19.3983
      vertex -4.95595 0.433589 19.0104
      vertex -3.90917 0 19.3983
    endloop
  endfacet
  facet normal -0.316263 0.130994 0.939584
    outer loop
      vertex -3.54292 1.65209 19.3983
      vertex -4.50878 2.10248 19.0104
      vertex -3.67342 1.33702 19.3983
    endloop
  endfacet
  facet normal -0.326475 0.102936 0.939584
    outer loop
      vertex -3.67342 1.33702 19.3983
      vertex -4.80537 1.28759 19.0104
      vertex -3.77597 1.01177 19.3983
    endloop
  endfacet
  facet normal -0.443795 0.231017 0.865839
    outer loop
      vertex -5.19852 3.00137 18.5311
      vertex -6.33046 2.95194 17.9641
      vertex -5.44032 2.53686 18.5311
    endloop
  endfacet
  facet normal -0.252381 0.231272 0.939584
    outer loop
      vertex -2.7642 2.7642 19.3983
      vertex -3.81098 3.19779 19.0104
      vertex -2.9946 2.51277 19.3983
    endloop
  endfacet
  facet normal -0.488463 -0.108296 0.865838
    outer loop
      vertex -5.91154 -1.04236 18.5311
      vertex -6.87878 -1.21291 17.9641
      vertex -5.79819 -1.55362 18.5311
    endloop
  endfacet
  facet normal -0.42255 -0.0184472 0.906152
    outer loop
      vertex -4.95595 -0.433589 19.0104
      vertex -6.00273 0 18.5311
      vertex -5.97989 -0.523172 18.5311
    endloop
  endfacet
  facet normal -0.412928 0.0915491 0.906151
    outer loop
      vertex -5.79819 1.55362 18.5311
      vertex -5.91154 1.04236 18.5311
      vertex -4.80537 1.28759 19.0104
    endloop
  endfacet
  facet normal -0.412927 0.0915393 0.906152
    outer loop
      vertex -4.80537 1.28759 19.0104
      vertex -5.91154 1.04236 18.5311
      vertex -4.8993 0.863879 19.0104
    endloop
  endfacet
  facet normal -0.1226 0.931768 0.341728
    outer loop
      vertex -1.08058 12.3511 10.9092
      vertex -2.15295 12.21 10.9092
      vertex -1.04678 11.9647 11.9749
    endloop
  endfacet
  facet normal -0.0421547 0.965075 0.25856
    outer loop
      vertex 0 12.6918 9.81371
      vertex -1.08058 12.3511 10.9092
      vertex 0 12.3983 10.9092
    endloop
  endfacet
  facet normal -0.627496 0.326655 0.706785
    outer loop
      vertex -8.30051 4.7923 15.7827
      vertex -8.6866 4.05063 15.7827
      vertex -7.9598 3.71172 16.5846
    endloop
  endfacet
  facet normal -0.679765 0.353864 0.642418
    outer loop
      vertex -8.30051 4.7923 15.7827
      vertex -8.93183 5.1568 14.9139
      vertex -8.6866 4.05063 15.7827
    endloop
  endfacet
  facet normal -0.627503 0.32665 0.706781
    outer loop
      vertex -7.60602 4.39134 16.5846
      vertex -8.30051 4.7923 15.7827
      vertex -7.9598 3.71172 16.5846
    endloop
  endfacet
  facet normal -0.484063 0.308379 0.818893
    outer loop
      vertex -6.48269 4.53923 17.3136
      vertex -6.85364 3.95695 17.3136
      vertex -6.0491 3.49245 17.9641
    endloop
  endfacet
  facet normal -0.687233 0.527334 0.499629
    outer loop
      vertex -8.39898 7.04758 13.9849
      vertex -9.44576 6.61399 13.0027
      vertex -8.98126 6.28874 13.9849
    endloop
  endfacet
  facet normal -0.565013 0.517742 0.64242
    outer loop
      vertex -7.29281 7.29281 14.9139
      vertex -7.90067 6.62945 14.9139
      vertex -7.34223 6.16086 15.7827
    endloop
  endfacet
  facet normal -0.462238 0.191465 0.865839
    outer loop
      vertex -6.33046 2.95194 17.9641
      vertex -6.56365 2.38897 17.9641
      vertex -5.64072 2.05305 18.5311
    endloop
  endfacet
  facet normal -0.335549 0.257479 0.906152
    outer loop
      vertex -4.59836 3.85848 18.5311
      vertex -4.91715 3.44303 18.5311
      vertex -3.81098 3.19779 19.0104
    endloop
  endfacet
  facet normal -0.474186 0.434507 0.765736
    outer loop
      vertex -6.21029 6.21029 16.5846
      vertex -6.72792 5.64539 16.5846
      vertex -6.0624 5.08696 17.3136
    endloop
  endfacet
  facet normal -0.11961 0.229756 0.96587
    outer loop
      vertex -1.65209 3.54292 19.3983
      vertex -1.95459 3.38544 19.3983
      vertex -1.18913 2.55009 19.6918
    endloop
  endfacet
  facet normal -0.157686 0.205499 0.96587
    outer loop
      vertex -1.61388 2.30486 19.6918
      vertex -2.51277 2.9946 19.3983
      vertex -1.80862 2.15543 19.6918
    endloop
  endfacet
  facet normal -0.137936 0.105843 0.984769
    outer loop
      vertex -2.15543 1.80862 19.6918
      vertex -2.30486 1.61388 19.6918
      vertex -1.29986 1.09071 19.8888
    endloop
  endfacet
  facet normal -0.0589117 0.0642898 0.996191
    outer loop
      vertex -1.09071 1.29986 19.8888
      vertex -1.19985 1.19985 19.8888
      vertex -0.400966 0.400966 19.9876
    endloop
  endfacet
  facet normal -0.0530841 0.0691795 0.996191
    outer loop
      vertex -0.325247 0.464501 19.9876
      vertex -1.09071 1.29986 19.8888
      vertex -0.364493 0.434386 19.9876
    endloop
  endfacet
  facet normal 0.0915393 0.412927 0.906152
    outer loop
      vertex 1.04236 5.91154 18.5311
      vertex 0.863879 4.8993 19.0104
      vertex 1.28759 4.80537 19.0104
    endloop
  endfacet
  facet normal -0.108296 0.488463 0.865838
    outer loop
      vertex -1.21291 6.87878 17.9641
      vertex -1.55362 5.79819 18.5311
      vertex -1.04236 5.91154 18.5311
    endloop
  endfacet
  facet normal -0.296976 0.570486 0.765736
    outer loop
      vertex -3.71172 7.9598 16.5846
      vertex -3.95695 6.85364 17.3136
      vertex -3.34456 7.17243 17.3136
    endloop
  endfacet
  facet normal -0.29697 0.570486 0.765738
    outer loop
      vertex -3.71172 7.9598 16.5846
      vertex -4.39134 7.60602 16.5846
      vertex -3.95695 6.85364 17.3136
    endloop
  endfacet
  facet normal -0.195294 0.37517 0.90615
    outer loop
      vertex -2.53686 5.44032 18.5311
      vertex -3.00137 5.19852 18.5311
      vertex -2.10248 4.50878 19.0104
    endloop
  endfacet
  facet normal -0.1953 0.375163 0.906151
    outer loop
      vertex -2.10248 4.50878 19.0104
      vertex -3.00137 5.19852 18.5311
      vertex -2.48744 4.30838 19.0104
    endloop
  endfacet
  facet normal 0.106913 0.812369 0.573259
    outer loop
      vertex 0.955583 10.9224 13.9849
      vertex 0.898889 10.2743 14.9139
      vertex 1.79094 10.1569 14.9139
    endloop
  endfacet
  facet normal 0.0308641 0.706756 0.706784
    outer loop
      vertex 0.835353 9.54813 15.7827
      vertex 0 9.58461 15.7827
      vertex 0.76546 8.74925 16.5846
    endloop
  endfacet
  facet normal 0.0409901 0.938898 0.341746
    outer loop
      vertex 0 12.3983 10.9092
      vertex 0 12.0104 11.9749
      vertex 1.04678 11.9647 11.9749
    endloop
  endfacet
  facet normal -0.331442 0.800309 0.499651
    outer loop
      vertex -3.94388 10.8357 13.0027
      vertex -4.87327 10.4508 13.0027
      vertex -4.63362 9.93684 13.9849
    endloop
  endfacet
  facet normal 0.0280534 0.642543 0.765736
    outer loop
      vertex 0 8.78267 16.5846
      vertex 0 7.9139 17.3136
      vertex 0.76546 8.74925 16.5846
    endloop
  endfacet
  facet normal 0.0923385 0.701377 0.706784
    outer loop
      vertex 0.835353 9.54813 15.7827
      vertex 0.76546 8.74925 16.5846
      vertex 1.66435 9.43899 15.7827
    endloop
  endfacet
  facet normal 0.0377167 0.865417 0.499631
    outer loop
      vertex 1.005 11.4873 13.0027
      vertex 0 11.5311 13.0027
      vertex 0.955583 10.9224 13.9849
    endloop
  endfacet
  facet normal 0.0308568 0.706752 0.706788
    outer loop
      vertex 0 9.58461 15.7827
      vertex 0 8.78267 16.5846
      vertex 0.76546 8.74925 16.5846
    endloop
  endfacet
  facet normal -0.519014 0.814702 0.258621
    outer loop
      vertex -6.34592 10.9915 9.81371
      vertex -7.27974 10.3966 9.81371
      vertex -7.11138 10.1561 10.9092
    endloop
  endfacet
  facet normal -0.599555 0.781304 0.173489
    outer loop
      vertex -7.27974 10.3966 9.81371
      vertex -8.28475 9.87338 8.69684
      vertex -8.15816 9.72252 9.81371
    endloop
  endfacet
  facet normal -0.346908 0.837441 0.422312
    outer loop
      vertex -4.10781 11.2861 11.9749
      vertex -5.07583 10.8851 11.9749
      vertex -3.94388 10.8357 13.0027
    endloop
  endfacet
  facet normal -0.272577 0.864496 0.422312
    outer loop
      vertex -2.98448 11.1382 13.0027
      vertex -4.10781 11.2861 11.9749
      vertex -3.94388 10.8357 13.0027
    endloop
  endfacet
  facet normal -0.569036 0.0749111 0.818893
    outer loop
      vertex -7.79367 1.37423 17.3136
      vertex -7.88378 0.689741 17.3136
      vertex -6.87878 1.21291 17.9641
    endloop
  endfacet
  facet normal -0.569035 0.0749092 0.818894
    outer loop
      vertex -6.87878 1.21291 17.9641
      vertex -7.88378 0.689741 17.3136
      vertex -6.95831 0.608773 17.9641
    endloop
  endfacet
  facet normal -0.765625 -0.033435 0.642418
    outer loop
      vertex -9.58461 0 15.7827
      vertex -10.3136 0 14.9139
      vertex -9.54813 -0.835353 15.7827
    endloop
  endfacet
  facet normal -0.706756 -0.0308641 0.706784
    outer loop
      vertex -8.74925 -0.76546 16.5846
      vertex -9.58461 0 15.7827
      vertex -9.54813 -0.835353 15.7827
    endloop
  endfacet
  facet normal -0.547379 0.172592 0.818894
    outer loop
      vertex -6.56365 2.38897 17.9641
      vertex -7.64424 2.04827 17.3136
      vertex -6.74689 1.80782 17.9641
    endloop
  endfacet
  facet normal -0.547379 0.172592 0.818894
    outer loop
      vertex -7.43663 2.70671 17.3136
      vertex -7.64424 2.04827 17.3136
      vertex -6.56365 2.38897 17.9641
    endloop
  endfacet
  facet normal -0.62791 0.139201 0.765737
    outer loop
      vertex -8.48341 2.27312 16.5846
      vertex -8.64924 1.52509 16.5846
      vertex -7.64424 2.04827 17.3136
    endloop
  endfacet
  facet normal -0.69066 0.153112 0.706785
    outer loop
      vertex -8.48341 2.27312 16.5846
      vertex -9.43899 1.66435 15.7827
      vertex -8.64924 1.52509 16.5846
    endloop
  endfacet
  facet normal -0.391526 -0.510254 0.765734
    outer loop
      vertex -4.53923 -6.48269 17.3136
      vertex -5.64539 -6.72792 16.5846
      vertex -5.03753 -7.19434 16.5846
    endloop
  endfacet
  facet normal -0.434507 -0.474186 0.765736
    outer loop
      vertex -5.08696 -6.0624 17.3136
      vertex -6.21029 -6.21029 16.5846
      vertex -5.64539 -6.72792 16.5846
    endloop
  endfacet
  facet normal -0.455339 -0.349395 0.818895
    outer loop
      vertex -5.35074 -4.4898 17.9641
      vertex -6.48269 -4.53923 17.3136
      vertex -6.0624 -5.08696 17.3136
    endloop
  endfacet
  facet normal -0.570486 -0.29697 0.765738
    outer loop
      vertex -6.85364 -3.95695 17.3136
      vertex -7.9598 -3.71172 16.5846
      vertex -7.60602 -4.39134 16.5846
    endloop
  endfacet
  facet normal -0.530253 -0.219638 0.818896
    outer loop
      vertex -6.56365 -2.38897 17.9641
      vertex -7.17243 -3.34456 17.3136
      vertex -6.33046 -2.95194 17.9641
    endloop
  endfacet
  facet normal -0.530257 -0.219635 0.818894
    outer loop
      vertex -6.56365 -2.38897 17.9641
      vertex -7.43663 -2.70671 17.3136
      vertex -7.17243 -3.34456 17.3136
    endloop
  endfacet
  facet normal -0.573398 0.0250395 0.818894
    outer loop
      vertex -7.88378 0.689741 17.3136
      vertex -7.9139 0 17.3136
      vertex -6.95831 0.608773 17.9641
    endloop
  endfacet
  facet normal -0.642543 0.0280534 0.765736
    outer loop
      vertex -8.74925 0.76546 16.5846
      vertex -8.78267 0 16.5846
      vertex -7.9139 0 17.3136
    endloop
  endfacet
  facet normal -0.412928 -0.0915491 0.906151
    outer loop
      vertex -4.80537 -1.28759 19.0104
      vertex -5.91154 -1.04236 18.5311
      vertex -5.79819 -1.55362 18.5311
    endloop
  endfacet
  facet normal -0.419333 -0.0552074 0.906152
    outer loop
      vertex -4.95595 -0.433589 19.0104
      vertex -5.91154 -1.04236 18.5311
      vertex -4.8993 -0.863879 19.0104
    endloop
  endfacet
  facet normal -0.73448 0.673021 0.0870709
    outer loop
      vertex -9.18364 9.18364 7.56705
      vertex -9.9491 8.34828 7.56705
      vertex -9.87338 8.28475 8.69684
    endloop
  endfacet
  facet normal -0.790355 0.60643 0.0870712
    outer loop
      vertex -9.9491 8.34828 7.56705
      vertex -10.6388 7.4494 7.56705
      vertex -9.87338 8.28475 8.69684
    endloop
  endfacet
  facet normal -0.673021 0.73448 0.0870709
    outer loop
      vertex -8.34828 9.9491 7.56705
      vertex -9.18364 9.18364 7.56705
      vertex -8.28475 9.87338 8.69684
    endloop
  endfacet
  facet normal -0.376888 0.909865 0.173499
    outer loop
      vertex -4.40822 12.1115 8.69684
      vertex -5.44703 11.6812 8.69684
      vertex -5.36381 11.5027 9.81371
    endloop
  endfacet
  facet normal -0.376866 0.90987 0.17352
    outer loop
      vertex -4.40822 12.1115 8.69684
      vertex -5.36381 11.5027 9.81371
      vertex -4.34087 11.9264 9.81371
    endloop
  endfacet
  facet normal -0.665346 0.726096 0.173489
    outer loop
      vertex -8.28475 9.87338 8.69684
      vertex -8.97449 8.97449 9.81371
      vertex -8.15816 9.72252 9.81371
    endloop
  endfacet
  facet normal -0.588076 0.766344 0.258619
    outer loop
      vertex -7.27974 10.3966 9.81371
      vertex -8.15816 9.72252 9.81371
      vertex -7.11138 10.1561 10.9092
    endloop
  endfacet
  facet normal -0.726096 0.665346 0.173489
    outer loop
      vertex -8.97449 8.97449 9.81371
      vertex -9.87338 8.28475 8.69684
      vertex -9.72252 8.15816 9.81371
    endloop
  endfacet
  facet normal -0.734481 0.67302 0.0870695
    outer loop
      vertex -9.18364 9.18364 7.56705
      vertex -9.87338 8.28475 8.69684
      vertex -9.11375 9.11375 8.69684
    endloop
  endfacet
  facet normal -0.757032 0.313577 0.573212
    outer loop
      vertex -9.34729 4.35871 14.9139
      vertex -9.93684 4.63362 13.9849
      vertex -9.69161 3.52746 14.9139
    endloop
  endfacet
  facet normal -0.78148 0.246378 0.573224
    outer loop
      vertex -10.3029 3.74994 13.9849
      vertex -10.5905 2.83771 13.9849
      vertex -9.69161 3.52746 14.9139
    endloop
  endfacet
  facet normal -0.781483 0.2464 0.573211
    outer loop
      vertex -9.69161 3.52746 14.9139
      vertex -10.5905 2.83771 13.9849
      vertex -9.96217 2.66935 14.9139
    endloop
  endfacet
  facet normal -0.748192 0.165863 0.642416
    outer loop
      vertex -9.96217 2.66935 14.9139
      vertex -10.1569 1.79094 14.9139
      vertex -9.43899 1.66435 15.7827
    endloop
  endfacet
  facet normal -0.612394 0.668307 0.422302
    outer loop
      vertex -7.72016 9.20053 11.9749
      vertex -8.49266 8.49266 11.9749
      vertex -8.15375 8.15375 13.0027
    endloop
  endfacet
  facet normal -0.378361 0.726823 0.573212
    outer loop
      vertex -4.35871 9.34729 14.9139
      vertex -5.48204 9.49518 13.9849
      vertex -5.1568 8.93183 14.9139
    endloop
  endfacet
  facet normal -0.345575 0.542429 0.765734
    outer loop
      vertex -4.39134 7.60602 16.5846
      vertex -5.03753 7.19434 16.5846
      vertex -4.53923 6.48269 17.3136
    endloop
  endfacet
  facet normal -0.353864 0.679765 0.642417
    outer loop
      vertex -4.35871 9.34729 14.9139
      vertex -5.1568 8.93183 14.9139
      vertex -4.05063 8.6866 15.7827
    endloop
  endfacet
  facet normal -0.668307 0.612394 0.422302
    outer loop
      vertex -8.49266 8.49266 11.9749
      vertex -9.20053 7.72016 11.9749
      vertex -8.15375 8.15375 13.0027
    endloop
  endfacet
  facet normal -0.650077 0.498823 0.573214
    outer loop
      vertex -8.39898 7.04758 13.9849
      vertex -8.98126 6.28874 13.9849
      vertex -8.4484 5.91563 14.9139
    endloop
  endfacet
  facet normal -0.781304 0.599555 0.173489
    outer loop
      vertex -9.87338 8.28475 8.69684
      vertex -10.3966 7.27974 9.81371
      vertex -9.72252 8.15816 9.81371
    endloop
  endfacet
  facet normal -0.830623 0.52913 0.173453
    outer loop
      vertex -10.5579 7.3927 8.69684
      vertex -11.162 6.44439 8.69684
      vertex -10.9915 6.34592 9.81371
    endloop
  endfacet
  facet normal -0.98769 -0.129975 0.0870373
    outer loop
      vertex -12.693 -2.23811 8.69684
      vertex -12.8397 -1.12333 8.69684
      vertex -12.7903 -2.25528 7.56705
    endloop
  endfacet
  facet normal -0.987676 -0.130039 0.087102
    outer loop
      vertex -12.8397 -1.12333 8.69684
      vertex -12.9382 -1.13195 7.56705
      vertex -12.7903 -2.25528 7.56705
    endloop
  endfacet
  facet normal -0.965075 -0.0421547 0.25856
    outer loop
      vertex -12.3983 0 10.9092
      vertex -12.6918 0 9.81371
      vertex -12.3511 -1.08058 10.9092
    endloop
  endfacet
  facet normal -0.884952 -0.196206 0.422331
    outer loop
      vertex -11.1382 -2.98448 13.0027
      vertex -11.828 -2.08559 11.9749
      vertex -11.6012 -3.10853 11.9749
    endloop
  endfacet
  facet normal -0.957697 -0.126152 0.258656
    outer loop
      vertex -12.3511 -1.08058 10.9092
      vertex -12.6436 -1.10617 9.81371
      vertex -12.499 -2.20392 9.81371
    endloop
  endfacet
  facet normal -0.965054 -0.042051 0.258655
    outer loop
      vertex -12.3511 -1.08058 10.9092
      vertex -12.6918 0 9.81371
      vertex -12.6436 -1.10617 9.81371
    endloop
  endfacet
  facet normal -0.905619 -0.0394687 0.422253
    outer loop
      vertex -11.5311 0 13.0027
      vertex -11.9647 -1.04678 11.9749
      vertex -11.4873 -1.005 13.0027
    endloop
  endfacet
  facet normal -0.905589 -0.0395359 0.422309
    outer loop
      vertex -11.5311 0 13.0027
      vertex -12.0104 0 11.9749
      vertex -11.9647 -1.04678 11.9749
    endloop
  endfacet
  facet normal -0.814687 -0.519059 0.258579
    outer loop
      vertex -10.7373 -6.19916 10.9092
      vertex -10.9915 -6.34592 9.81371
      vertex -10.1561 -7.11138 10.9092
    endloop
  endfacet
  facet normal -0.833603 -0.433919 0.341789
    outer loop
      vertex -10.4013 -6.00522 11.9749
      vertex -11.2367 -5.23976 10.9092
      vertex -10.7373 -6.19916 10.9092
    endloop
  endfacet
  facet normal -0.73058 -0.465428 0.499629
    outer loop
      vertex -9.49518 -5.48204 13.9849
      vertex -9.98626 -5.76557 13.0027
      vertex -9.44576 -6.61399 13.0027
    endloop
  endfacet
  facet normal -0.719139 -0.551816 0.422301
    outer loop
      vertex -9.44576 -6.61399 13.0027
      vertex -9.83837 -6.8889 11.9749
      vertex -8.83337 -7.41207 13.0027
    endloop
  endfacet
  facet normal -0.896285 -0.282644 0.341739
    outer loop
      vertex -11.2861 -4.10781 11.9749
      vertex -11.9759 -3.20892 10.9092
      vertex -11.6506 -4.24047 10.9092
    endloop
  endfacet
  facet normal -0.868251 -0.359624 0.341776
    outer loop
      vertex -10.8851 -5.07583 11.9749
      vertex -11.6506 -4.24047 10.9092
      vertex -11.2367 -5.23976 10.9092
    endloop
  endfacet
  facet normal -0.826173 -0.260469 0.499593
    outer loop
      vertex -10.5905 -2.83771 13.9849
      vertex -10.8357 -3.94388 13.0027
      vertex -10.3029 -3.74994 13.9849
    endloop
  endfacet
  facet normal -0.896285 -0.282623 0.341757
    outer loop
      vertex -11.6012 -3.10853 11.9749
      vertex -11.9759 -3.20892 10.9092
      vertex -11.2861 -4.10781 11.9749
    endloop
  endfacet
  facet normal -0.561237 -0.430658 0.706786
    outer loop
      vertex -7.19434 -5.03753 16.5846
      vertex -7.85125 -5.4975 15.7827
      vertex -7.34223 -6.16086 15.7827
    endloop
  endfacet
  facet normal -0.561247 -0.430653 0.706782
    outer loop
      vertex -7.19434 -5.03753 16.5846
      vertex -7.34223 -6.16086 15.7827
      vertex -6.72792 -5.64539 16.5846
    endloop
  endfacet
  facet normal -0.594198 -0.246119 0.765738
    outer loop
      vertex -7.43663 -2.70671 17.3136
      vertex -8.25301 -3.00385 16.5846
      vertex -7.17243 -3.34456 17.3136
    endloop
  endfacet
  facet normal -0.627503 -0.32665 0.706781
    outer loop
      vertex -7.9598 -3.71172 16.5846
      vertex -8.30051 -4.7923 15.7827
      vertex -7.60602 -4.39134 16.5846
    endloop
  endfacet
  facet normal -0.757017 -0.313591 0.573224
    outer loop
      vertex -9.69161 -3.52746 14.9139
      vertex -10.3029 -3.74994 13.9849
      vertex -9.93684 -4.63362 13.9849
    endloop
  endfacet
  facet normal -0.708018 -0.293275 0.642418
    outer loop
      vertex -8.6866 -4.05063 15.7827
      vertex -9.69161 -3.52746 14.9139
      vertex -9.34729 -4.35871 14.9139
    endloop
  endfacet
  facet normal -0.60799 -0.466524 0.64242
    outer loop
      vertex -7.34223 -6.16086 15.7827
      vertex -8.4484 -5.91563 14.9139
      vertex -7.90067 -6.62945 14.9139
    endloop
  endfacet
  facet normal -0.646339 -0.411762 0.642416
    outer loop
      vertex -8.30051 -4.7923 15.7827
      vertex -8.4484 -5.91563 14.9139
      vertex -7.85125 -5.4975 15.7827
    endloop
  endfacet
  facet normal -0.887 -0.46177 0
    outer loop
      vertex -11.2476 -6.49381 7
      vertex -11.7708 -5.48881 7.56705
      vertex -11.7708 -5.48881 7
    endloop
  endfacet
  facet normal -0.887 -0.46177 0
    outer loop
      vertex -11.7708 -5.48881 7.56705
      vertex -11.2476 -6.49381 7
      vertex -11.2476 -6.49381 7.56705
    endloop
  endfacet
  facet normal -0.920366 -0.381238 0.0870895
    outer loop
      vertex -11.6812 -5.44703 8.69684
      vertex -12.1115 -4.40822 8.69684
      vertex -11.7708 -5.48881 7.56705
    endloop
  endfacet
  facet normal -0.883638 -0.459999 0.0870894
    outer loop
      vertex -11.6812 -5.44703 8.69684
      vertex -11.7708 -5.48881 7.56705
      vertex -11.162 -6.44439 8.69684
    endloop
  endfacet
  facet normal -0.460016 -0.883631 0.0870718
    outer loop
      vertex -6.44439 -11.162 8.69684
      vertex -6.49381 -11.2476 7.56705
      vertex -5.48881 -11.7708 7.56705
    endloop
  endfacet
  facet normal -0.459999 -0.883638 0.0870894
    outer loop
      vertex -5.44703 -11.6812 8.69684
      vertex -6.44439 -11.162 8.69684
      vertex -5.48881 -11.7708 7.56705
    endloop
  endfacet
  facet normal -0.529148 -0.830608 0.173475
    outer loop
      vertex -7.27974 -10.3966 9.81371
      vertex -7.3927 -10.5579 8.69684
      vertex -6.34592 -10.9915 9.81371
    endloop
  endfacet
  facet normal -0.519014 -0.814702 0.258621
    outer loop
      vertex -7.11138 -10.1561 10.9092
      vertex -7.27974 -10.3966 9.81371
      vertex -6.34592 -10.9915 9.81371
    endloop
  endfacet
  facet normal -0.865436 -0.0377661 0.499595
    outer loop
      vertex -10.9641 0 13.9849
      vertex -11.5311 0 13.0027
      vertex -10.9224 -0.955583 13.9849
    endloop
  endfacet
  facet normal -0.818626 -0.0357234 0.573215
    outer loop
      vertex -10.3136 0 14.9139
      vertex -10.9641 0 13.9849
      vertex -10.9224 -0.955583 13.9849
    endloop
  endfacet
  facet normal -0.252381 -0.231272 0.939584
    outer loop
      vertex -2.9946 -2.51277 19.3983
      vertex -3.81098 -3.19779 19.0104
      vertex -2.7642 -2.7642 19.3983
    endloop
  endfacet
  facet normal -0.0864542 -0.0113808 0.996191
    outer loop
      vertex -0.564894 -0.0494213 19.9876
      vertex -1.69038 -0.147889 19.8888
      vertex -1.67106 -0.294653 19.8888
    endloop
  endfacet
  facet normal -0.227254 -0.356715 0.906151
    outer loop
      vertex -2.48744 -4.30838 19.0104
      vertex -3.44303 -4.91715 18.5311
      vertex -3.00137 -5.19852 18.5311
    endloop
  endfacet
  facet normal -0.268824 -0.421967 0.865839
    outer loop
      vertex -3.44303 -4.91715 18.5311
      vertex -3.49245 -6.0491 17.9641
      vertex -3.00137 -5.19852 18.5311
    endloop
  endfacet
  facet normal 0.604129 -0.553585 0.573212
    outer loop
      vertex 8.39898 -7.04758 13.9849
      vertex 7.29281 -7.29281 14.9139
      vertex 7.75278 -7.75278 13.9849
    endloop
  endfacet
  facet normal 0.565013 -0.517742 0.64242
    outer loop
      vertex 7.34223 -6.16086 15.7827
      vertex 7.29281 -7.29281 14.9139
      vertex 7.90067 -6.62945 14.9139
    endloop
  endfacet
  facet normal 0.349395 -0.455339 0.818895
    outer loop
      vertex 4.4898 -5.35074 17.9641
      vertex 4.00637 -5.72169 17.9641
      vertex 4.53923 -6.48269 17.3136
    endloop
  endfacet
  facet normal 0.268828 -0.421966 0.865838
    outer loop
      vertex 4.00637 -5.72169 17.9641
      vertex 3.44303 -4.91715 18.5311
      vertex 3.49245 -6.0491 17.9641
    endloop
  endfacet
  facet normal 0.387754 -0.423152 0.818895
    outer loop
      vertex 5.59597 -5.59597 17.3136
      vertex 4.4898 -5.35074 17.9641
      vertex 5.08696 -6.0624 17.3136
    endloop
  endfacet
  facet normal 0.391526 -0.510254 0.765734
    outer loop
      vertex 5.64539 -6.72792 16.5846
      vertex 4.53923 -6.48269 17.3136
      vertex 5.03753 -7.19434 16.5846
    endloop
  endfacet
  facet normal 0.561247 -0.430653 0.706782
    outer loop
      vertex 7.19434 -5.03753 16.5846
      vertex 6.72792 -5.64539 16.5846
      vertex 7.34223 -6.16086 15.7827
    endloop
  endfacet
  facet normal 0.484055 -0.308384 0.818895
    outer loop
      vertex 6.0491 -3.49245 17.9641
      vertex 5.72169 -4.00637 17.9641
      vertex 6.48269 -4.53923 17.3136
    endloop
  endfacet
  facet normal 0.570486 -0.296976 0.765736
    outer loop
      vertex 7.17243 -3.34456 17.3136
      vertex 6.85364 -3.95695 17.3136
      vertex 7.9598 -3.71172 16.5846
    endloop
  endfacet
  facet normal 0.674685 -0.212729 0.706786
    outer loop
      vertex 8.48341 -2.27312 16.5846
      vertex 8.25301 -3.00385 16.5846
      vertex 9.25802 -2.48068 15.7827
    endloop
  endfacet
  facet normal 0.443795 -0.231016 0.865839
    outer loop
      vertex 6.33046 -2.95194 17.9641
      vertex 5.19852 -3.00137 18.5311
      vertex 6.0491 -3.49245 17.9641
    endloop
  endfacet
  facet normal 0.421967 -0.268824 0.865839
    outer loop
      vertex 5.19852 -3.00137 18.5311
      vertex 4.91715 -3.44303 18.5311
      vertex 6.0491 -3.49245 17.9641
    endloop
  endfacet
  facet normal -0.569036 -0.0749111 0.818893
    outer loop
      vertex -6.87878 -1.21291 17.9641
      vertex -7.88378 -0.689741 17.3136
      vertex -7.79367 -1.37423 17.3136
    endloop
  endfacet
  facet normal -0.63765 -0.0839505 0.765738
    outer loop
      vertex -7.88378 -0.689741 17.3136
      vertex -8.74925 -0.76546 16.5846
      vertex -8.64924 -1.52509 16.5846
    endloop
  endfacet
  facet normal -0.430658 -0.561237 0.706786
    outer loop
      vertex -5.03753 -7.19434 16.5846
      vertex -6.16086 -7.34223 15.7827
      vertex -5.4975 -7.85125 15.7827
    endloop
  endfacet
  facet normal -0.466531 -0.607988 0.642416
    outer loop
      vertex -5.4975 -7.85125 15.7827
      vertex -6.16086 -7.34223 15.7827
      vertex -5.91563 -8.4484 14.9139
    endloop
  endfacet
  facet normal -0.565013 -0.517742 0.64242
    outer loop
      vertex -7.34223 -6.16086 15.7827
      vertex -7.90067 -6.62945 14.9139
      vertex -7.29281 -7.29281 14.9139
    endloop
  endfacet
  facet normal -0.517742 -0.565013 0.64242
    outer loop
      vertex -6.16086 -7.34223 15.7827
      vertex -7.29281 -7.29281 14.9139
      vertex -6.62945 -7.90067 14.9139
    endloop
  endfacet
  facet normal -0.353864 -0.679765 0.642418
    outer loop
      vertex -4.7923 -8.30051 15.7827
      vertex -5.1568 -8.93183 14.9139
      vertex -4.05063 -8.6866 15.7827
    endloop
  endfacet
  facet normal -0.378361 -0.726823 0.573212
    outer loop
      vertex -4.35871 -9.34729 14.9139
      vertex -5.48204 -9.49518 13.9849
      vertex -4.63362 -9.93684 13.9849
    endloop
  endfacet
  facet normal -0.29697 -0.570486 0.765738
    outer loop
      vertex -3.95695 -6.85364 17.3136
      vertex -4.39134 -7.60602 16.5846
      vertex -3.71172 -7.9598 16.5846
    endloop
  endfacet
  facet normal -0.246125 -0.594198 0.765736
    outer loop
      vertex -3.34456 -7.17243 17.3136
      vertex -3.71172 -7.9598 16.5846
      vertex -3.00385 -8.25301 16.5846
    endloop
  endfacet
  facet normal -0.346845 -0.837501 0.422245
    outer loop
      vertex -4.87327 -10.4508 13.0027
      vertex -5.07583 -10.8851 11.9749
      vertex -3.94388 -10.8357 13.0027
    endloop
  endfacet
  facet normal -0.331442 -0.800309 0.499651
    outer loop
      vertex -4.63362 -9.93684 13.9849
      vertex -4.87327 -10.4508 13.0027
      vertex -3.94388 -10.8357 13.0027
    endloop
  endfacet
  facet normal -0.257479 -0.335549 0.906152
    outer loop
      vertex -3.19779 -3.81098 19.0104
      vertex -3.85848 -4.59836 18.5311
      vertex -3.44303 -4.91715 18.5311
    endloop
  endfacet
  facet normal -0.338013 -0.368872 0.865841
    outer loop
      vertex -4.24457 -4.24457 18.5311
      vertex -4.93907 -4.93907 17.9641
      vertex -3.85848 -4.59836 18.5311
    endloop
  endfacet
  facet normal -0.368872 -0.338013 0.865841
    outer loop
      vertex -4.59836 -3.85848 18.5311
      vertex -4.93907 -4.93907 17.9641
      vertex -4.24457 -4.24457 18.5311
    endloop
  endfacet
  facet normal -0.303638 -0.158066 0.939585
    outer loop
      vertex -3.38544 -1.95459 19.3983
      vertex -4.50878 -2.10248 19.0104
      vertex -4.30838 -2.48744 19.0104
    endloop
  endfacet
  facet normal -0.246378 -0.78148 0.573224
    outer loop
      vertex -3.52746 -9.69161 14.9139
      vertex -3.74994 -10.3029 13.9849
      vertex -2.83771 -10.5905 13.9849
    endloop
  endfacet
  facet normal -0.313591 -0.757017 0.573224
    outer loop
      vertex -3.52746 -9.69161 14.9139
      vertex -4.63362 -9.93684 13.9849
      vertex -3.74994 -10.3029 13.9849
    endloop
  endfacet
  facet normal -0.126152 -0.957697 0.258656
    outer loop
      vertex -1.08058 -12.3511 10.9092
      vertex -2.20392 -12.499 9.81371
      vertex -1.10617 -12.6436 9.81371
    endloop
  endfacet
  facet normal -0.0428729 -0.983915 0.173415
    outer loop
      vertex -1.10617 -12.6436 9.81371
      vertex -1.12333 -12.8397 8.69684
      vertex 0 -12.6918 9.81371
    endloop
  endfacet
  facet normal -0.118315 -0.898723 0.422255
    outer loop
      vertex -1.005 -11.4873 13.0027
      vertex -2.00236 -11.356 13.0027
      vertex -1.04678 -11.9647 11.9749
    endloop
  endfacet
  facet normal -0.113063 -0.858827 0.499632
    outer loop
      vertex -0.955583 -10.9224 13.9849
      vertex -2.00236 -11.356 13.0027
      vertex -1.005 -11.4873 13.0027
    endloop
  endfacet
  facet normal -0.108296 -0.488463 0.865838
    outer loop
      vertex -1.04236 -5.91154 18.5311
      vertex -1.55362 -5.79819 18.5311
      vertex -1.21291 -6.87878 17.9641
    endloop
  endfacet
  facet normal 0.0749092 -0.569035 0.818894
    outer loop
      vertex 1.21291 -6.87878 17.9641
      vertex 0.608773 -6.95831 17.9641
      vertex 0.689741 -7.88378 17.3136
    endloop
  endfacet
  facet normal -0.387754 -0.423152 0.818895
    outer loop
      vertex -4.4898 -5.35074 17.9641
      vertex -5.59597 -5.59597 17.3136
      vertex -5.08696 -6.0624 17.3136
    endloop
  endfacet
  facet normal -0.43451 -0.474176 0.76574
    outer loop
      vertex -5.59597 -5.59597 17.3136
      vertex -6.21029 -6.21029 16.5846
      vertex -5.08696 -6.0624 17.3136
    endloop
  endfacet
  facet normal -0.652609 -0.712206 0.258582
    outer loop
      vertex -7.96949 -9.49766 10.9092
      vertex -8.76694 -8.76694 10.9092
      vertex -8.15816 -9.72252 9.81371
    endloop
  endfacet
  facet normal -0.588051 -0.766375 0.258583
    outer loop
      vertex -7.96949 -9.49766 10.9092
      vertex -8.15816 -9.72252 9.81371
      vertex -7.11138 -10.1561 10.9092
    endloop
  endfacet
  facet normal -0.551809 -0.719141 0.422307
    outer loop
      vertex -7.41207 -8.83337 13.0027
      vertex -7.72016 -9.20053 11.9749
      vertex -6.8889 -9.83837 11.9749
    endloop
  endfacet
  facet normal -0.551816 -0.719139 0.422301
    outer loop
      vertex -6.61399 -9.44576 13.0027
      vertex -7.41207 -8.83337 13.0027
      vertex -6.8889 -9.83837 11.9749
    endloop
  endfacet
  facet normal -0.612394 -0.668307 0.422302
    outer loop
      vertex -8.15375 -8.15375 13.0027
      vertex -8.49266 -8.49266 11.9749
      vertex -7.72016 -9.20053 11.9749
    endloop
  endfacet
  facet normal -0.668307 -0.612394 0.422302
    outer loop
      vertex -8.15375 -8.15375 13.0027
      vertex -9.20053 -7.72016 11.9749
      vertex -8.49266 -8.49266 11.9749
    endloop
  endfacet
  facet normal -0.282644 -0.896285 0.341739
    outer loop
      vertex -4.10781 -11.2861 11.9749
      vertex -4.24047 -11.6506 10.9092
      vertex -3.20892 -11.9759 10.9092
    endloop
  endfacet
  facet normal -0.359669 -0.868247 0.341738
    outer loop
      vertex -4.10781 -11.2861 11.9749
      vertex -5.07583 -10.8851 11.9749
      vertex -4.24047 -11.6506 10.9092
    endloop
  endfacet
  facet normal 0.790355 -0.60643 0.0870712
    outer loop
      vertex 10.6388 -7.4494 7.56705
      vertex 9.87338 -8.28475 8.69684
      vertex 9.9491 -8.34828 7.56705
    endloop
  endfacet
  facet normal 0.73448 -0.673021 0.0870709
    outer loop
      vertex 9.87338 -8.28475 8.69684
      vertex 9.18364 -9.18364 7.56705
      vertex 9.9491 -8.34828 7.56705
    endloop
  endfacet
  facet normal -0.299556 0.950096 0.0870886
    outer loop
      vertex -3.36144 12.5451 7.56705
      vertex -4.44203 12.2044 7.56705
      vertex -4.40822 12.1115 8.69684
    endloop
  endfacet
  facet normal -0.459999 0.883638 0.0870894
    outer loop
      vertex -5.48881 11.7708 7.56705
      vertex -6.44439 11.162 8.69684
      vertex -5.44703 11.6812 8.69684
    endloop
  endfacet
  facet normal -0.454755 0.873563 0.173451
    outer loop
      vertex -5.44703 11.6812 8.69684
      vertex -6.44439 11.162 8.69684
      vertex -6.34592 10.9915 9.81371
    endloop
  endfacet
  facet normal 0.0436 0.999049 -0
    outer loop
      vertex 1.13195 12.9382 7
      vertex 0 12.9876 7.56705
      vertex 1.13195 12.9382 7.56705
    endloop
  endfacet
  facet normal 0.0436 0.999049 0
    outer loop
      vertex 0 12.9876 7.56705
      vertex 1.13195 12.9382 7
      vertex 0 12.9876 7
    endloop
  endfacet
  facet normal -0.0434346 0.995258 0.0870352
    outer loop
      vertex 0 12.9876 7.56705
      vertex -1.13195 12.9382 7.56705
      vertex 0 12.8888 8.69684
    endloop
  endfacet
  facet normal 0.887 0.46177 0
    outer loop
      vertex 11.7708 5.48881 7.56705
      vertex 11.2476 6.49381 7
      vertex 11.2476 6.49381 7.56705
    endloop
  endfacet
  facet normal 0.887 0.46177 0
    outer loop
      vertex 11.2476 6.49381 7
      vertex 11.7708 5.48881 7.56705
      vertex 11.7708 5.48881 7
    endloop
  endfacet
  facet normal 0.793368 0.608742 0
    outer loop
      vertex 10.6388 7.4494 7.56705
      vertex 9.9491 8.34828 7
      vertex 9.9491 8.34828 7.56705
    endloop
  endfacet
  facet normal 0.793368 0.608742 0
    outer loop
      vertex 9.9491 8.34828 7
      vertex 10.6388 7.4494 7.56705
      vertex 10.6388 7.4494 7
    endloop
  endfacet
  facet normal 0.830623 0.52913 0.173453
    outer loop
      vertex 11.162 6.44439 8.69684
      vertex 10.5579 7.3927 8.69684
      vertex 10.9915 6.34592 9.81371
    endloop
  endfacet
  facet normal 0.883638 0.459999 0.0870894
    outer loop
      vertex 11.7708 5.48881 7.56705
      vertex 11.162 6.44439 8.69684
      vertex 11.6812 5.44703 8.69684
    endloop
  endfacet
  facet normal 0.957697 0.126152 0.258656
    outer loop
      vertex 12.499 2.20392 9.81371
      vertex 12.3511 1.08058 10.9092
      vertex 12.6436 1.10617 9.81371
    endloop
  endfacet
  facet normal 0.938898 0.0409901 0.341746
    outer loop
      vertex 12.3983 0 10.9092
      vertex 11.9647 1.04678 11.9749
      vertex 12.0104 0 11.9749
    endloop
  endfacet
  facet normal 0.987676 -0.130039 0.087102
    outer loop
      vertex 12.8397 -1.12333 8.69684
      vertex 12.7903 -2.25528 7.56705
      vertex 12.9382 -1.13195 7.56705
    endloop
  endfacet
  facet normal 0.98769 -0.129975 0.0870373
    outer loop
      vertex 12.8397 -1.12333 8.69684
      vertex 12.693 -2.23811 8.69684
      vertex 12.7903 -2.25528 7.56705
    endloop
  endfacet
  facet normal 0.972592 -0.215592 0.0870935
    outer loop
      vertex 12.7903 -2.25528 7.56705
      vertex 12.4496 -3.33586 8.69684
      vertex 12.5451 -3.36144 7.56705
    endloop
  endfacet
  facet normal 0.972584 -0.215648 0.0870384
    outer loop
      vertex 12.693 -2.23811 8.69684
      vertex 12.4496 -3.33586 8.69684
      vertex 12.7903 -2.25528 7.56705
    endloop
  endfacet
  facet normal 0.730882 -0.230451 0.64242
    outer loop
      vertex 9.25802 -2.48068 15.7827
      vertex 9.00658 -3.27813 15.7827
      vertex 9.69161 -3.52746 14.9139
    endloop
  endfacet
  facet normal 0.730886 -0.230447 0.642417
    outer loop
      vertex 9.96217 -2.66935 14.9139
      vertex 9.25802 -2.48068 15.7827
      vertex 9.69161 -3.52746 14.9139
    endloop
  endfacet
  facet normal 0.613387 -0.193402 0.765737
    outer loop
      vertex 8.48341 -2.27312 16.5846
      vertex 7.64424 -2.04827 17.3136
      vertex 8.25301 -3.00385 16.5846
    endloop
  endfacet
  facet normal 0.613385 -0.193404 0.765738
    outer loop
      vertex 7.64424 -2.04827 17.3136
      vertex 7.43663 -2.70671 17.3136
      vertex 8.25301 -3.00385 16.5846
    endloop
  endfacet
  facet normal 0.642543 -0.0280534 0.765736
    outer loop
      vertex 8.78267 0 16.5846
      vertex 7.9139 0 17.3136
      vertex 8.74925 -0.76546 16.5846
    endloop
  endfacet
  facet normal 0.64254 -0.0280588 0.765739
    outer loop
      vertex 7.9139 0 17.3136
      vertex 7.88378 -0.689741 17.3136
      vertex 8.74925 -0.76546 16.5846
    endloop
  endfacet
  facet normal 0.765642 -0.0334744 0.642395
    outer loop
      vertex 10.3136 0 14.9139
      vertex 9.54813 -0.835353 15.7827
      vertex 10.2743 -0.898889 14.9139
    endloop
  endfacet
  facet normal 0.765625 -0.033435 0.642418
    outer loop
      vertex 9.58461 0 15.7827
      vertex 9.54813 -0.835353 15.7827
      vertex 10.3136 0 14.9139
    endloop
  endfacet
  facet normal 0.765642 0.0334744 0.642395
    outer loop
      vertex 10.2743 0.898889 14.9139
      vertex 9.54813 0.835353 15.7827
      vertex 10.3136 0 14.9139
    endloop
  endfacet
  facet normal 0.818592 0.0357894 0.57326
    outer loop
      vertex 10.9224 0.955583 13.9849
      vertex 10.2743 0.898889 14.9139
      vertex 10.3136 0 14.9139
    endloop
  endfacet
  facet normal 0.898723 0.118315 0.422255
    outer loop
      vertex 11.9647 1.04678 11.9749
      vertex 11.356 2.00236 13.0027
      vertex 11.4873 1.005 13.0027
    endloop
  endfacet
  facet normal 0.858827 0.113063 0.499632
    outer loop
      vertex 11.356 2.00236 13.0027
      vertex 10.9224 0.955583 13.9849
      vertex 11.4873 1.005 13.0027
    endloop
  endfacet
  facet normal 0.799986 0.177345 0.573211
    outer loop
      vertex 10.5905 2.83771 13.9849
      vertex 9.96217 2.66935 14.9139
      vertex 10.1569 1.79094 14.9139
    endloop
  endfacet
  facet normal 0.781483 0.2464 0.573211
    outer loop
      vertex 10.5905 2.83771 13.9849
      vertex 9.69161 3.52746 14.9139
      vertex 9.96217 2.66935 14.9139
    endloop
  endfacet
  facet normal 0.799994 0.177335 0.573203
    outer loop
      vertex 10.5905 2.83771 13.9849
      vertex 10.1569 1.79094 14.9139
      vertex 10.7975 1.90389 13.9849
    endloop
  endfacet
  facet normal 0.812396 0.106999 0.573204
    outer loop
      vertex 10.7975 1.90389 13.9849
      vertex 10.1569 1.79094 14.9139
      vertex 10.9224 0.955583 13.9849
    endloop
  endfacet
  facet normal 0.800311 0.331525 0.499594
    outer loop
      vertex 10.8357 3.94388 13.0027
      vertex 9.93684 4.63362 13.9849
      vertex 10.3029 3.74994 13.9849
    endloop
  endfacet
  facet normal 0.757017 0.313591 0.573224
    outer loop
      vertex 9.93684 4.63362 13.9849
      vertex 9.69161 3.52746 14.9139
      vertex 10.3029 3.74994 13.9849
    endloop
  endfacet
  facet normal 0.931768 -0.1226 0.341728
    outer loop
      vertex 12.3511 -1.08058 10.9092
      vertex 11.9647 -1.04678 11.9749
      vertex 12.21 -2.15295 10.9092
    endloop
  endfacet
  facet normal 0.931762 -0.122613 0.34174
    outer loop
      vertex 11.9647 -1.04678 11.9749
      vertex 11.828 -2.08559 11.9749
      vertex 12.21 -2.15295 10.9092
    endloop
  endfacet
  facet normal 0.296136 -0.939262 0.173468
    outer loop
      vertex 4.40822 -12.1115 8.69684
      vertex 3.28489 -12.2594 9.81371
      vertex 3.33586 -12.4496 8.69684
    endloop
  endfacet
  facet normal 0.296185 -0.939236 0.173521
    outer loop
      vertex 4.34087 -11.9264 9.81371
      vertex 3.28489 -12.2594 9.81371
      vertex 4.40822 -12.1115 8.69684
    endloop
  endfacet
  facet normal 0.527334 -0.687233 0.499629
    outer loop
      vertex 7.04758 -8.39898 13.9849
      vertex 6.61399 -9.44576 13.0027
      vertex 7.41207 -8.83337 13.0027
    endloop
  endfacet
  facet normal 0.504919 -0.792615 0.341787
    outer loop
      vertex 6.8889 -9.83837 11.9749
      vertex 6.00522 -10.4013 11.9749
      vertex 6.19916 -10.7373 10.9092
    endloop
  endfacet
  facet normal 0.331442 -0.800309 0.499651
    outer loop
      vertex 4.63362 -9.93684 13.9849
      vertex 3.94388 -10.8357 13.0027
      vertex 4.87327 -10.4508 13.0027
    endloop
  endfacet
  facet normal 0.346908 -0.837441 0.422312
    outer loop
      vertex 5.07583 -10.8851 11.9749
      vertex 3.94388 -10.8357 13.0027
      vertex 4.10781 -11.2861 11.9749
    endloop
  endfacet
  facet normal 0.165863 -0.748192 0.642416
    outer loop
      vertex 2.66935 -9.96217 14.9139
      vertex 1.66435 -9.43899 15.7827
      vertex 1.79094 -10.1569 14.9139
    endloop
  endfacet
  facet normal 0.187471 -0.845721 0.49961
    outer loop
      vertex 2.83771 -10.5905 13.9849
      vertex 1.90389 -10.7975 13.9849
      vertex 2.98448 -11.1382 13.0027
    endloop
  endfacet
  facet normal 0.764498 -0.487036 0.422301
    outer loop
      vertex 9.98626 -5.76557 13.0027
      vertex 9.44576 -6.61399 13.0027
      vertex 9.83837 -6.8889 11.9749
    endloop
  endfacet
  facet normal 0.73058 -0.465428 0.499629
    outer loop
      vertex 9.49518 -5.48204 13.9849
      vertex 9.44576 -6.61399 13.0027
      vertex 9.98626 -5.76557 13.0027
    endloop
  endfacet
  facet normal 0.84018 -0.535273 0.0870715
    outer loop
      vertex 11.162 -6.44439 8.69684
      vertex 10.6388 -7.4494 7.56705
      vertex 11.2476 -6.49381 7.56705
    endloop
  endfacet
  facet normal 0.883631 -0.460016 0.0870718
    outer loop
      vertex 11.7708 -5.48881 7.56705
      vertex 11.162 -6.44439 8.69684
      vertex 11.2476 -6.49381 7.56705
    endloop
  endfacet
  facet normal 0.873578 -0.454708 0.173498
    outer loop
      vertex 11.5027 -5.36381 9.81371
      vertex 10.9915 -6.34592 9.81371
      vertex 11.6812 -5.44703 8.69684
    endloop
  endfacet
  facet normal 0.939262 -0.296136 0.173468
    outer loop
      vertex 12.2594 -3.28489 9.81371
      vertex 12.1115 -4.40822 8.69684
      vertex 12.4496 -3.33586 8.69684
    endloop
  endfacet
  facet normal 0.0915491 -0.412928 0.906151
    outer loop
      vertex 1.28759 -4.80537 19.0104
      vertex 1.04236 -5.91154 18.5311
      vertex 1.55362 -5.79819 18.5311
    endloop
  endfacet
  facet normal 0.257486 -0.335547 0.906151
    outer loop
      vertex 3.19779 -3.81098 19.0104
      vertex 2.85348 -4.07519 19.0104
      vertex 3.44303 -4.91715 18.5311
    endloop
  endfacet
  facet normal 0.219635 -0.530257 0.818894
    outer loop
      vertex 3.34456 -7.17243 17.3136
      vertex 2.38897 -6.56365 17.9641
      vertex 2.70671 -7.43663 17.3136
    endloop
  endfacet
  facet normal 0.219638 -0.530253 0.818896
    outer loop
      vertex 2.95194 -6.33046 17.9641
      vertex 2.38897 -6.56365 17.9641
      vertex 3.34456 -7.17243 17.3136
    endloop
  endfacet
  facet normal 0.29697 -0.570486 0.765738
    outer loop
      vertex 3.95695 -6.85364 17.3136
      vertex 3.71172 -7.9598 16.5846
      vertex 4.39134 -7.60602 16.5846
    endloop
  endfacet
  facet normal 0.345563 -0.542431 0.765738
    outer loop
      vertex 4.53923 -6.48269 17.3136
      vertex 3.95695 -6.85364 17.3136
      vertex 4.39134 -7.60602 16.5846
    endloop
  endfacet
  facet normal 0.311832 -0.285744 0.906152
    outer loop
      vertex 3.81098 -3.19779 19.0104
      vertex 3.51777 -3.51777 19.0104
      vertex 4.59836 -3.85848 18.5311
    endloop
  endfacet
  facet normal 0.335549 -0.257479 0.906152
    outer loop
      vertex 4.91715 -3.44303 18.5311
      vertex 3.81098 -3.19779 19.0104
      vertex 4.59836 -3.85848 18.5311
    endloop
  endfacet
  facet normal 0.0522801 -0.165817 0.98477
    outer loop
      vertex 0.962347 -2.64403 19.6918
      vertex 0.439174 -1.63902 19.8888
      vertex 0.728243 -2.71784 19.6918
    endloop
  endfacet
  facet normal 0.117459 -0.128189 0.98477
    outer loop
      vertex 1.9896 -1.9896 19.6918
      vertex 1.09071 -1.29986 19.8888
      vertex 1.80862 -2.15543 19.6918
    endloop
  endfacet
  facet normal -0.108291 -0.488462 0.86584
    outer loop
      vertex -1.55362 -5.79819 18.5311
      vertex -1.80782 -6.74689 17.9641
      vertex -1.21291 -6.87878 17.9641
    endloop
  endfacet
  facet normal -0.0560687 -0.252886 0.96587
    outer loop
      vertex -0.728243 -2.71784 19.6918
      vertex -1.01177 -3.77597 19.3983
      vertex -0.678821 -3.84979 19.3983
    endloop
  endfacet
  facet normal 0.311832 -0.285744 0.906152
    outer loop
      vertex 4.59836 -3.85848 18.5311
      vertex 3.51777 -3.51777 19.0104
      vertex 4.24457 -4.24457 18.5311
    endloop
  endfacet
  facet normal 0.285744 -0.311832 0.906152
    outer loop
      vertex 4.24457 -4.24457 18.5311
      vertex 3.51777 -3.51777 19.0104
      vertex 3.85848 -4.59836 18.5311
    endloop
  endfacet
  facet normal 0.10003 -0.7598 0.642416
    outer loop
      vertex 1.66435 -9.43899 15.7827
      vertex 0.835353 -9.54813 15.7827
      vertex 1.79094 -10.1569 14.9139
    endloop
  endfacet
  facet normal 0.0999977 -0.759822 0.642395
    outer loop
      vertex 1.79094 -10.1569 14.9139
      vertex 0.835353 -9.54813 15.7827
      vertex 0.898889 -10.2743 14.9139
    endloop
  endfacet
  facet normal 0.139201 -0.62791 0.765737
    outer loop
      vertex 2.04827 -7.64424 17.3136
      vertex 1.52509 -8.64924 16.5846
      vertex 2.27312 -8.48341 16.5846
    endloop
  endfacet
  facet normal 0.139203 -0.62791 0.765736
    outer loop
      vertex 2.04827 -7.64424 17.3136
      vertex 1.37423 -7.79367 17.3136
      vertex 1.52509 -8.64924 16.5846
    endloop
  endfacet
  facet normal -0.177335 -0.799994 0.573203
    outer loop
      vertex -1.79094 -10.1569 14.9139
      vertex -2.83771 -10.5905 13.9849
      vertex -1.90389 -10.7975 13.9849
    endloop
  endfacet
  facet normal -0.106999 -0.812396 0.573204
    outer loop
      vertex -1.79094 -10.1569 14.9139
      vertex -1.90389 -10.7975 13.9849
      vertex -0.955583 -10.9224 13.9849
    endloop
  endfacet
  facet normal -0.0839505 -0.63765 0.765738
    outer loop
      vertex -0.689741 -7.88378 17.3136
      vertex -1.52509 -8.64924 16.5846
      vertex -0.76546 -8.74925 16.5846
    endloop
  endfacet
  facet normal -0.246119 -0.594198 0.765738
    outer loop
      vertex -2.70671 -7.43663 17.3136
      vertex -3.34456 -7.17243 17.3136
      vertex -3.00385 -8.25301 16.5846
    endloop
  endfacet
  facet normal -0.165864 -0.748191 0.642417
    outer loop
      vertex -2.48068 -9.25802 15.7827
      vertex -2.66935 -9.96217 14.9139
      vertex -1.66435 -9.43899 15.7827
    endloop
  endfacet
  facet normal -0.153111 -0.69066 0.706786
    outer loop
      vertex -2.27312 -8.48341 16.5846
      vertex -2.48068 -9.25802 15.7827
      vertex -1.66435 -9.43899 15.7827
    endloop
  endfacet
  facet normal -0.265017 -0.509093 0.818896
    outer loop
      vertex -2.95194 -6.33046 17.9641
      vertex -3.95695 -6.85364 17.3136
      vertex -3.34456 -7.17243 17.3136
    endloop
  endfacet
  facet normal -0.308384 -0.484055 0.818895
    outer loop
      vertex -4.00637 -5.72169 17.9641
      vertex -4.53923 -6.48269 17.3136
      vertex -3.49245 -6.0491 17.9641
    endloop
  endfacet
  facet normal -0.193404 -0.613385 0.765738
    outer loop
      vertex -2.70671 -7.43663 17.3136
      vertex -3.00385 -8.25301 16.5846
      vertex -2.04827 -7.64424 17.3136
    endloop
  endfacet
  facet normal -0.193402 -0.613387 0.765737
    outer loop
      vertex -2.04827 -7.64424 17.3136
      vertex -3.00385 -8.25301 16.5846
      vertex -2.27312 -8.48341 16.5846
    endloop
  endfacet
  facet normal 0.0435017 -0.995249 0.087102
    outer loop
      vertex 1.12333 -12.8397 8.69684
      vertex 0 -12.8888 8.69684
      vertex 1.13195 -12.9382 7.56705
    endloop
  endfacet
  facet normal 0.130039 -0.987676 0.087102
    outer loop
      vertex 2.25528 -12.7903 7.56705
      vertex 1.12333 -12.8397 8.69684
      vertex 1.13195 -12.9382 7.56705
    endloop
  endfacet
  facet normal 0.0428729 -0.983915 0.173415
    outer loop
      vertex 1.10617 -12.6436 9.81371
      vertex 0 -12.6918 9.81371
      vertex 1.12333 -12.8397 8.69684
    endloop
  endfacet
  facet normal 0.209079 -0.943106 0.258528
    outer loop
      vertex 3.20892 -11.9759 10.9092
      vertex 2.15295 -12.21 10.9092
      vertex 2.20392 -12.499 9.81371
    endloop
  endfacet
  facet normal 0.203426 -0.917514 0.341741
    outer loop
      vertex 3.10853 -11.6012 11.9749
      vertex 2.08559 -11.828 11.9749
      vertex 2.15295 -12.21 10.9092
    endloop
  endfacet
  facet normal 0.0410116 -0.938904 0.341727
    outer loop
      vertex 1.04678 -11.9647 11.9749
      vertex 0 -12.3983 10.9092
      vertex 1.08058 -12.3511 10.9092
    endloop
  endfacet
  facet normal -0.0435017 -0.995249 0.087102
    outer loop
      vertex -1.12333 -12.8397 8.69684
      vertex -1.13195 -12.9382 7.56705
      vertex 0 -12.8888 8.69684
    endloop
  endfacet
  facet normal -0.130039 -0.987676 0.087102
    outer loop
      vertex -1.12333 -12.8397 8.69684
      vertex -2.25528 -12.7903 7.56705
      vertex -1.13195 -12.9382 7.56705
    endloop
  endfacet
  facet normal 0.118264 -0.898711 0.422295
    outer loop
      vertex 2.00236 -11.356 13.0027
      vertex 1.04678 -11.9647 11.9749
      vertex 2.08559 -11.828 11.9749
    endloop
  endfacet
  facet normal 0.196253 -0.884959 0.422295
    outer loop
      vertex 2.98448 -11.1382 13.0027
      vertex 2.00236 -11.356 13.0027
      vertex 2.08559 -11.828 11.9749
    endloop
  endfacet
  facet normal 0.282623 -0.896285 0.341757
    outer loop
      vertex 4.10781 -11.2861 11.9749
      vertex 3.10853 -11.6012 11.9749
      vertex 3.20892 -11.9759 10.9092
    endloop
  endfacet
  facet normal 0.272595 -0.864482 0.42233
    outer loop
      vertex 4.10781 -11.2861 11.9749
      vertex 2.98448 -11.1382 13.0027
      vertex 3.10853 -11.6012 11.9749
    endloop
  endfacet
  facet normal 0.496045 -0.0653005 0.865838
    outer loop
      vertex 6.95831 -0.608773 17.9641
      vertex 5.97989 -0.523172 18.5311
      vertex 6.87878 -1.21291 17.9641
    endloop
  endfacet
  facet normal 0.569035 -0.0749092 0.818894
    outer loop
      vertex 6.95831 -0.608773 17.9641
      vertex 6.87878 -1.21291 17.9641
      vertex 7.88378 -0.689741 17.3136
    endloop
  endfacet
  facet normal 0.69066 0.153111 0.706786
    outer loop
      vertex 9.25802 2.48068 15.7827
      vertex 8.48341 2.27312 16.5846
      vertex 9.43899 1.66435 15.7827
    endloop
  endfacet
  facet normal 0.701376 0.0923405 0.706785
    outer loop
      vertex 9.43899 1.66435 15.7827
      vertex 8.64924 1.52509 16.5846
      vertex 8.74925 0.76546 16.5846
    endloop
  endfacet
  facet normal 0.085133 0.0188732 0.996191
    outer loop
      vertex 1.67106 0.294653 19.8888
      vertex 0.547729 0.146764 19.9876
      vertex 0.558436 0.0984669 19.9876
    endloop
  endfacet
  facet normal 0.0864536 0.0113836 0.996191
    outer loop
      vertex 1.67106 0.294653 19.8888
      vertex 0.558436 0.0984669 19.9876
      vertex 0.564894 0.0494213 19.9876
    endloop
  endfacet
  facet normal 0.334202 -0.0740977 0.939584
    outer loop
      vertex 3.84979 -0.678821 19.3983
      vertex 3.77597 -1.01177 19.3983
      vertex 4.80537 -1.28759 19.0104
    endloop
  endfacet
  facet normal 0.334207 -0.0740884 0.939583
    outer loop
      vertex 4.8993 -0.863879 19.0104
      vertex 3.84979 -0.678821 19.3983
      vertex 4.80537 -1.28759 19.0104
    endloop
  endfacet
  facet normal 0.256811 -0.0338102 0.96587
    outer loop
      vertex 2.80301 -0.245231 19.6918
      vertex 2.77097 -0.488596 19.6918
      vertex 3.8943 -0.340707 19.3983
    endloop
  endfacet
  facet normal 0.258781 -0.0112912 0.96587
    outer loop
      vertex 2.81371 0 19.6918
      vertex 2.80301 -0.245231 19.6918
      vertex 3.8943 -0.340707 19.3983
    endloop
  endfacet
  facet normal 0.606466 0.790332 0.087029
    outer loop
      vertex 7.4494 10.6388 7.56705
      vertex 7.3927 10.5579 8.69684
      vertex 8.28475 9.87338 8.69684
    endloop
  endfacet
  facet normal 0.535236 0.840208 0.0870256
    outer loop
      vertex 7.4494 10.6388 7.56705
      vertex 6.44439 11.162 8.69684
      vertex 7.3927 10.5579 8.69684
    endloop
  endfacet
  facet normal 0.300699 0.953719 -0
    outer loop
      vertex 4.44203 12.2044 7
      vertex 3.36144 12.5451 7.56705
      vertex 4.44203 12.2044 7.56705
    endloop
  endfacet
  facet normal 0.300699 0.953719 0
    outer loop
      vertex 3.36144 12.5451 7.56705
      vertex 4.44203 12.2044 7
      vertex 3.36144 12.5451 7
    endloop
  endfacet
  facet normal 0.272577 0.864496 0.422312
    outer loop
      vertex 4.10781 11.2861 11.9749
      vertex 2.98448 11.1382 13.0027
      vertex 3.94388 10.8357 13.0027
    endloop
  endfacet
  facet normal 0.346908 0.837441 0.422312
    outer loop
      vertex 4.10781 11.2861 11.9749
      vertex 3.94388 10.8357 13.0027
      vertex 5.07583 10.8851 11.9749
    endloop
  endfacet
  facet normal 0.510254 0.391526 0.765734
    outer loop
      vertex 6.72792 5.64539 16.5846
      vertex 6.48269 4.53923 17.3136
      vertex 7.19434 5.03753 16.5846
    endloop
  endfacet
  facet normal 0.596637 0.380111 0.706781
    outer loop
      vertex 8.30051 4.7923 15.7827
      vertex 7.19434 5.03753 16.5846
      vertex 7.60602 4.39134 16.5846
    endloop
  endfacet
  facet normal 0.627496 0.326655 0.706785
    outer loop
      vertex 8.30051 4.7923 15.7827
      vertex 7.9598 3.71172 16.5846
      vertex 8.6866 4.05063 15.7827
    endloop
  endfacet
  facet normal 0.679765 0.353864 0.642418
    outer loop
      vertex 8.93183 5.1568 14.9139
      vertex 8.30051 4.7923 15.7827
      vertex 8.6866 4.05063 15.7827
    endloop
  endfacet
  facet normal 0.674685 0.212732 0.706785
    outer loop
      vertex 9.00658 3.27813 15.7827
      vertex 8.25301 3.00385 16.5846
      vertex 9.25802 2.48068 15.7827
    endloop
  endfacet
  facet normal 0.730882 0.230451 0.64242
    outer loop
      vertex 9.69161 3.52746 14.9139
      vertex 9.00658 3.27813 15.7827
      vertex 9.25802 2.48068 15.7827
    endloop
  endfacet
  facet normal 0.921273 0.290521 0.258562
    outer loop
      vertex 12.2594 3.28489 9.81371
      vertex 11.9264 4.34087 9.81371
      vertex 11.9759 3.20892 10.9092
    endloop
  endfacet
  facet normal 0.961477 0.213185 0.173534
    outer loop
      vertex 12.693 2.23811 8.69684
      vertex 12.4496 3.33586 8.69684
      vertex 12.499 2.20392 9.81371
    endloop
  endfacet
  facet normal 0.411762 0.646339 0.642416
    outer loop
      vertex 5.91563 8.4484 14.9139
      vertex 4.7923 8.30051 15.7827
      vertex 5.4975 7.85125 15.7827
    endloop
  endfacet
  facet normal 0.380099 0.596639 0.706786
    outer loop
      vertex 5.4975 7.85125 15.7827
      vertex 4.7923 8.30051 15.7827
      vertex 5.03753 7.19434 16.5846
    endloop
  endfacet
  facet normal 0.345575 0.542429 0.765734
    outer loop
      vertex 5.03753 7.19434 16.5846
      vertex 4.39134 7.60602 16.5846
      vertex 4.53923 6.48269 17.3136
    endloop
  endfacet
  facet normal 0.345563 0.542431 0.765738
    outer loop
      vertex 4.39134 7.60602 16.5846
      vertex 3.95695 6.85364 17.3136
      vertex 4.53923 6.48269 17.3136
    endloop
  endfacet
  facet normal 0.349395 0.455339 0.818895
    outer loop
      vertex 4.53923 6.48269 17.3136
      vertex 4.4898 5.35074 17.9641
      vertex 5.08696 6.0624 17.3136
    endloop
  endfacet
  facet normal 0.349395 0.455339 0.818895
    outer loop
      vertex 4.53923 6.48269 17.3136
      vertex 4.00637 5.72169 17.9641
      vertex 4.4898 5.35074 17.9641
    endloop
  endfacet
  facet normal 0.423152 0.387754 0.818895
    outer loop
      vertex 5.59597 5.59597 17.3136
      vertex 5.35074 4.4898 17.9641
      vertex 6.0624 5.08696 17.3136
    endloop
  endfacet
  facet normal 0.474176 0.43451 0.76574
    outer loop
      vertex 6.21029 6.21029 16.5846
      vertex 5.59597 5.59597 17.3136
      vertex 6.0624 5.08696 17.3136
    endloop
  endfacet
  facet normal 0.391529 0.510248 0.765736
    outer loop
      vertex 5.64539 6.72792 16.5846
      vertex 4.53923 6.48269 17.3136
      vertex 5.08696 6.0624 17.3136
    endloop
  endfacet
  facet normal 0.434507 0.474186 0.765736
    outer loop
      vertex 5.64539 6.72792 16.5846
      vertex 5.08696 6.0624 17.3136
      vertex 6.21029 6.21029 16.5846
    endloop
  endfacet
  facet normal 0.208395 0.271574 0.939584
    outer loop
      vertex 2.85348 4.07519 19.0104
      vertex 2.24221 3.20221 19.3983
      vertex 3.19779 3.81098 19.0104
    endloop
  endfacet
  facet normal 0.157686 0.205498 0.96587
    outer loop
      vertex 2.24221 3.20221 19.3983
      vertex 1.61388 2.30486 19.6918
      vertex 2.51277 2.9946 19.3983
    endloop
  endfacet
  facet normal 0.423164 0.387749 0.818891
    outer loop
      vertex 5.59597 5.59597 17.3136
      vertex 4.93907 4.93907 17.9641
      vertex 5.35074 4.4898 17.9641
    endloop
  endfacet
  facet normal 0.311832 0.285744 0.906152
    outer loop
      vertex 4.24457 4.24457 18.5311
      vertex 3.51777 3.51777 19.0104
      vertex 4.59836 3.85848 18.5311
    endloop
  endfacet
  facet normal 0.443795 0.231017 0.865839
    outer loop
      vertex 6.33046 2.95194 17.9641
      vertex 5.19852 3.00137 18.5311
      vertex 5.44032 2.53686 18.5311
    endloop
  endfacet
  facet normal 0.335547 0.257486 0.906151
    outer loop
      vertex 4.91715 3.44303 18.5311
      vertex 3.81098 3.19779 19.0104
      vertex 4.07519 2.85348 19.0104
    endloop
  endfacet
  facet normal 0.326475 0.102938 0.939584
    outer loop
      vertex 4.67486 1.70151 19.0104
      vertex 3.67342 1.33702 19.3983
      vertex 4.80537 1.28759 19.0104
    endloop
  endfacet
  facet normal 0.403378 0.127186 0.906151
    outer loop
      vertex 5.64072 2.05305 18.5311
      vertex 4.67486 1.70151 19.0104
      vertex 4.80537 1.28759 19.0104
    endloop
  endfacet
  facet normal 0.316263 0.130994 0.939584
    outer loop
      vertex 4.50878 2.10248 19.0104
      vertex 3.54292 1.65209 19.3983
      vertex 3.67342 1.33702 19.3983
    endloop
  endfacet
  facet normal 0.303637 0.158072 0.939584
    outer loop
      vertex 4.50878 2.10248 19.0104
      vertex 3.38544 1.95459 19.3983
      vertex 3.54292 1.65209 19.3983
    endloop
  endfacet
  facet normal 0.271579 0.208392 0.939584
    outer loop
      vertex 3.81098 3.19779 19.0104
      vertex 2.9946 2.51277 19.3983
      vertex 3.20221 2.24221 19.3983
    endloop
  endfacet
  facet normal 0.252381 0.231272 0.939584
    outer loop
      vertex 3.81098 3.19779 19.0104
      vertex 2.7642 2.7642 19.3983
      vertex 2.9946 2.51277 19.3983
    endloop
  endfacet
  facet normal 0.0428729 0.983915 0.173415
    outer loop
      vertex 1.12333 12.8397 8.69684
      vertex 0 12.6918 9.81371
      vertex 1.10617 12.6436 9.81371
    endloop
  endfacet
  facet normal 0.128617 0.976414 0.173415
    outer loop
      vertex 1.12333 12.8397 8.69684
      vertex 1.10617 12.6436 9.81371
      vertex 2.20392 12.499 9.81371
    endloop
  endfacet
  facet normal 0.129975 0.98769 0.0870373
    outer loop
      vertex 2.25528 12.7903 7.56705
      vertex 1.12333 12.8397 8.69684
      vertex 2.23811 12.693 8.69684
    endloop
  endfacet
  facet normal 0.215592 0.972592 0.0870935
    outer loop
      vertex 3.36144 12.5451 7.56705
      vertex 2.25528 12.7903 7.56705
      vertex 3.33586 12.4496 8.69684
    endloop
  endfacet
  facet normal -0.158066 -0.303638 0.939585
    outer loop
      vertex -1.95459 -3.38544 19.3983
      vertex -2.48744 -4.30838 19.0104
      vertex -2.10248 -4.50878 19.0104
    endloop
  endfacet
  facet normal 0.0851329 -0.0188738 0.996191
    outer loop
      vertex 1.67106 -0.294653 19.8888
      vertex 0.547729 -0.146764 19.9876
      vertex 1.63902 -0.439174 19.8888
    endloop
  endfacet
  facet normal 0.169742 0.0376315 0.98477
    outer loop
      vertex 2.71784 0.728243 19.6918
      vertex 1.63902 0.439174 19.8888
      vertex 1.67106 0.294653 19.8888
    endloop
  endfacet
  facet normal -0.003804 0.0871171 0.996191
    outer loop
      vertex 0 0.567052 19.9876
      vertex -0.147889 1.69038 19.8888
      vertex -0.0494213 0.564894 19.9876
    endloop
  endfacet
  facet normal 0.085133 -0.0188732 0.996191
    outer loop
      vertex 0.558436 -0.0984669 19.9876
      vertex 0.547729 -0.146764 19.9876
      vertex 1.67106 -0.294653 19.8888
    endloop
  endfacet
  facet normal 0.158072 -0.303637 0.939584
    outer loop
      vertex 1.95459 -3.38544 19.3983
      vertex 1.65209 -3.54292 19.3983
      vertex 2.10248 -4.50878 19.0104
    endloop
  endfacet
  facet normal 0.0589097 0.0642913 0.996191
    outer loop
      vertex 1.09071 1.29986 19.8888
      vertex 0.364493 0.434386 19.9876
      vertex 0.400966 0.400966 19.9876
    endloop
  endfacet
  facet normal 0.229762 -0.119603 0.96587
    outer loop
      vertex 2.55009 -1.18913 19.6918
      vertex 2.43675 -1.40686 19.6918
      vertex 3.38544 -1.95459 19.3983
    endloop
  endfacet
  facet normal 0.229756 -0.11961 0.96587
    outer loop
      vertex 3.54292 -1.65209 19.3983
      vertex 2.55009 -1.18913 19.6918
      vertex 3.38544 -1.95459 19.3983
    endloop
  endfacet
  facet normal 0.165817 -0.0522801 0.98477
    outer loop
      vertex 2.71784 -0.728243 19.6918
      vertex 1.63902 -0.439174 19.8888
      vertex 2.64403 -0.962347 19.6918
    endloop
  endfacet
  facet normal 0.252383 -0.231268 0.939584
    outer loop
      vertex 3.81098 -3.19779 19.0104
      vertex 2.7642 -2.7642 19.3983
      vertex 3.51777 -3.51777 19.0104
    endloop
  endfacet
  facet normal 0.093419 0.146634 0.98477
    outer loop
      vertex 1.40686 2.43675 19.6918
      vertex 0.973268 1.38997 19.8888
      vertex 1.61388 2.30486 19.6918
    endloop
  endfacet
  facet normal 0.105837 0.137939 0.98477
    outer loop
      vertex 1.61388 2.30486 19.6918
      vertex 0.973268 1.38997 19.8888
      vertex 1.09071 1.29986 19.8888
    endloop
  endfacet
  facet normal 0.19098 0.174993 0.96587
    outer loop
      vertex 2.7642 2.7642 19.3983
      vertex 1.9896 1.9896 19.6918
      vertex 2.15543 1.80862 19.6918
    endloop
  endfacet
  facet normal 0.0691795 0.0530841 0.996191
    outer loop
      vertex 1.29986 1.09071 19.8888
      vertex 0.434386 0.364493 19.9876
      vertex 0.464501 0.325247 19.9876
    endloop
  endfacet
  facet normal 0.174999 0.190972 0.96587
    outer loop
      vertex 2.51277 2.9946 19.3983
      vertex 1.80862 2.15543 19.6918
      vertex 2.7642 2.7642 19.3983
    endloop
  endfacet
  facet normal 0.208392 0.271579 0.939584
    outer loop
      vertex 3.19779 3.81098 19.0104
      vertex 2.24221 3.20221 19.3983
      vertex 2.51277 2.9946 19.3983
    endloop
  endfacet
  facet normal 0.165818 0.0522781 0.98477
    outer loop
      vertex 2.64403 0.962347 19.6918
      vertex 1.59451 0.580353 19.8888
      vertex 1.63902 0.439174 19.8888
    endloop
  endfacet
  facet normal 0.247039 0.0778883 0.96587
    outer loop
      vertex 3.77597 1.01177 19.3983
      vertex 2.64403 0.962347 19.6918
      vertex 2.71784 0.728243 19.6918
    endloop
  endfacet
  facet normal 0.15422 0.0802799 0.98477
    outer loop
      vertex 2.43675 1.40686 19.6918
      vertex 1.46951 0.84842 19.8888
      vertex 2.55009 1.18913 19.6918
    endloop
  endfacet
  facet normal 0.146634 0.0934198 0.98477
    outer loop
      vertex 2.43675 1.40686 19.6918
      vertex 1.38997 0.973268 19.8888
      vertex 1.46951 0.84842 19.8888
    endloop
  endfacet
  facet normal 0.0530814 -0.069182 0.996191
    outer loop
      vertex 1.09071 -1.29986 19.8888
      vertex 0.325247 -0.464501 19.9876
      vertex 0.973268 -1.38997 19.8888
    endloop
  endfacet
  facet normal 0.00757886 0.173698 0.98477
    outer loop
      vertex 0.245231 2.80301 19.6918
      vertex 0 2.81371 19.6918
      vertex 0.147889 1.69038 19.8888
    endloop
  endfacet
  facet normal 0.0735434 0.0468526 0.996191
    outer loop
      vertex 1.38997 0.973268 19.8888
      vertex 0.464501 0.325247 19.9876
      vertex 0.491081 0.283525 19.9876
    endloop
  endfacet
  facet normal 0.0262196 0.0831646 0.996191
    outer loop
      vertex 0.439174 1.63902 19.8888
      vertex 0.193943 0.532854 19.9876
      vertex 0.580353 1.59451 19.8888
    endloop
  endfacet
  facet normal 0.270722 0.653579 0.706785
    outer loop
      vertex 3.27813 9.00658 15.7827
      vertex 3.00385 8.25301 16.5846
      vertex 3.71172 7.9598 16.5846
    endloop
  endfacet
  facet normal 0.270721 0.653579 0.706785
    outer loop
      vertex 4.05063 8.6866 15.7827
      vertex 3.27813 9.00658 15.7827
      vertex 3.71172 7.9598 16.5846
    endloop
  endfacet
  facet normal 0.0552074 0.419333 0.906152
    outer loop
      vertex 1.04236 5.91154 18.5311
      vertex 0.433589 4.95595 19.0104
      vertex 0.863879 4.8993 19.0104
    endloop
  endfacet
  facet normal -0.0218242 0.499849 0.865838
    outer loop
      vertex 0 6.98489 17.9641
      vertex -0.608773 6.95831 17.9641
      vertex -0.523172 5.97989 18.5311
    endloop
  endfacet
  facet normal 0.193402 0.613387 0.765737
    outer loop
      vertex 2.27312 8.48341 16.5846
      vertex 2.04827 7.64424 17.3136
      vertex 3.00385 8.25301 16.5846
    endloop
  endfacet
  facet normal 0.139201 0.62791 0.765737
    outer loop
      vertex 2.27312 8.48341 16.5846
      vertex 1.52509 8.64924 16.5846
      vertex 2.04827 7.64424 17.3136
    endloop
  endfacet
  facet normal 0.0665369 0.160629 0.98477
    outer loop
      vertex 0.962347 2.64403 19.6918
      vertex 0.580353 1.59451 19.8888
      vertex 1.18913 2.55009 19.6918
    endloop
  endfacet
  facet normal 0.0522781 0.165818 0.98477
    outer loop
      vertex 0.962347 2.64403 19.6918
      vertex 0.439174 1.63902 19.8888
      vertex 0.580353 1.59451 19.8888
    endloop
  endfacet
  facet normal 0.26501 0.509101 0.818893
    outer loop
      vertex 3.95695 6.85364 17.3136
      vertex 2.95194 6.33046 17.9641
      vertex 3.49245 6.0491 17.9641
    endloop
  endfacet
  facet normal 0.231016 0.443795 0.865839
    outer loop
      vertex 3.49245 6.0491 17.9641
      vertex 2.95194 6.33046 17.9641
      vertex 3.00137 5.19852 18.5311
    endloop
  endfacet
  facet normal -0.0778904 0.247039 0.96587
    outer loop
      vertex -1.01177 3.77597 19.3983
      vertex -1.33702 3.67342 19.3983
      vertex -0.962347 2.64403 19.6918
    endloop
  endfacet
  facet normal -0.0991285 0.239309 0.96587
    outer loop
      vertex -0.962347 2.64403 19.6918
      vertex -1.33702 3.67342 19.3983
      vertex -1.18913 2.55009 19.6918
    endloop
  endfacet
  facet normal -0.037632 0.169742 0.98477
    outer loop
      vertex -0.488596 2.77097 19.6918
      vertex -0.728243 2.71784 19.6918
      vertex -0.294653 1.67106 19.8888
    endloop
  endfacet
  facet normal -0.0188738 0.0851329 0.996191
    outer loop
      vertex -0.294653 1.67106 19.8888
      vertex -0.439174 1.63902 19.8888
      vertex -0.146764 0.547729 19.9876
    endloop
  endfacet
  facet normal -0.0446828 0.339392 0.939583
    outer loop
      vertex -0.433589 4.95595 19.0104
      vertex -0.863879 4.8993 19.0104
      vertex -0.678821 3.84979 19.3983
    endloop
  endfacet
  facet normal -0.0560687 0.252886 0.96587
    outer loop
      vertex -0.678821 3.84979 19.3983
      vertex -1.01177 3.77597 19.3983
      vertex -0.728243 2.71784 19.6918
    endloop
  endfacet
  facet normal 0.033807 0.25681 0.96587
    outer loop
      vertex 0.678821 3.84979 19.3983
      vertex 0.340707 3.8943 19.3983
      vertex 0.488596 2.77097 19.6918
    endloop
  endfacet
  facet normal 0.0338102 0.256811 0.96587
    outer loop
      vertex 0.340707 3.8943 19.3983
      vertex 0.245231 2.80301 19.6918
      vertex 0.488596 2.77097 19.6918
    endloop
  endfacet
  facet normal -0.0333687 -0.0805625 0.996191
    outer loop
      vertex -0.239646 -0.513924 19.9876
      vertex -0.580353 -1.59451 19.8888
      vertex -0.193943 -0.532854 19.9876
    endloop
  endfacet
  facet normal 0.128189 -0.117459 0.98477
    outer loop
      vertex 2.15543 -1.80862 19.6918
      vertex 1.29986 -1.09071 19.8888
      vertex 1.9896 -1.9896 19.6918
    endloop
  endfacet
  facet normal -0.0735434 0.0468526 0.996191
    outer loop
      vertex -0.464501 0.325247 19.9876
      vertex -1.38997 0.973268 19.8888
      vertex -0.491081 0.283525 19.9876
    endloop
  endfacet
  facet normal 0.117462 -0.128185 0.98477
    outer loop
      vertex 1.19985 -1.19985 19.8888
      vertex 1.09071 -1.29986 19.8888
      vertex 1.9896 -1.9896 19.6918
    endloop
  endfacet
  facet normal -0.0468526 0.0735434 0.996191
    outer loop
      vertex -0.283525 0.491081 19.9876
      vertex -0.973268 1.38997 19.8888
      vertex -0.325247 0.464501 19.9876
    endloop
  endfacet
  facet normal -0.931762 0.122613 0.34174
    outer loop
      vertex -11.828 2.08559 11.9749
      vertex -12.21 2.15295 10.9092
      vertex -11.9647 1.04678 11.9749
    endloop
  endfacet
  facet normal -0.898711 0.118264 0.422295
    outer loop
      vertex -11.828 2.08559 11.9749
      vertex -11.9647 1.04678 11.9749
      vertex -11.356 2.00236 13.0027
    endloop
  endfacet
  facet normal -0.799994 0.177335 0.573203
    outer loop
      vertex -10.5905 2.83771 13.9849
      vertex -10.7975 1.90389 13.9849
      vertex -10.1569 1.79094 14.9139
    endloop
  endfacet
  facet normal -0.864496 0.272577 0.422312
    outer loop
      vertex -10.8357 3.94388 13.0027
      vertex -11.2861 4.10781 11.9749
      vertex -11.1382 2.98448 13.0027
    endloop
  endfacet
  facet normal -0.999049 0.0436 0
    outer loop
      vertex -12.9876 0 7
      vertex -12.9382 1.13195 7.56705
      vertex -12.9382 1.13195 7
    endloop
  endfacet
  facet normal -0.999049 0.0436 0
    outer loop
      vertex -12.9382 1.13195 7.56705
      vertex -12.9876 0 7
      vertex -12.9876 0 7.56705
    endloop
  endfacet
  facet normal -0.991444 -0.130536 0
    outer loop
      vertex -12.7903 -2.25528 7
      vertex -12.9382 -1.13195 7.56705
      vertex -12.9382 -1.13195 7
    endloop
  endfacet
  facet normal -0.991444 -0.130536 0
    outer loop
      vertex -12.9382 -1.13195 7.56705
      vertex -12.7903 -2.25528 7
      vertex -12.7903 -2.25528 7.56705
    endloop
  endfacet
  facet normal -0.991444 0.130536 0
    outer loop
      vertex -12.9382 1.13195 7
      vertex -12.7903 2.25528 7.56705
      vertex -12.7903 2.25528 7
    endloop
  endfacet
  facet normal -0.991444 0.130536 0
    outer loop
      vertex -12.7903 2.25528 7.56705
      vertex -12.9382 1.13195 7
      vertex -12.9382 1.13195 7.56705
    endloop
  endfacet
  facet normal -0.252886 0.056065 0.96587
    outer loop
      vertex -2.71784 0.728243 19.6918
      vertex -3.84979 0.678821 19.3983
      vertex -2.77097 0.488596 19.6918
    endloop
  endfacet
  facet normal -0.252886 0.0560687 0.96587
    outer loop
      vertex -3.77597 1.01177 19.3983
      vertex -3.84979 0.678821 19.3983
      vertex -2.71784 0.728243 19.6918
    endloop
  endfacet
  facet normal -0.247039 0.0778904 0.96587
    outer loop
      vertex -3.67342 1.33702 19.3983
      vertex -3.77597 1.01177 19.3983
      vertex -2.64403 0.962347 19.6918
    endloop
  endfacet
  facet normal -0.339392 0.0446828 0.939583
    outer loop
      vertex -4.8993 0.863879 19.0104
      vertex -4.95595 0.433589 19.0104
      vertex -3.84979 0.678821 19.3983
    endloop
  endfacet
  facet normal -0.154221 0.0802787 0.98477
    outer loop
      vertex -1.46951 0.84842 19.8888
      vertex -2.55009 1.18913 19.6918
      vertex -1.53786 0.717115 19.8888
    endloop
  endfacet
  facet normal -0.160629 0.0665363 0.98477
    outer loop
      vertex -1.53786 0.717115 19.8888
      vertex -2.55009 1.18913 19.6918
      vertex -1.59451 0.580353 19.8888
    endloop
  endfacet
  facet normal -0.15422 0.0802799 0.98477
    outer loop
      vertex -2.43675 1.40686 19.6918
      vertex -2.55009 1.18913 19.6918
      vertex -1.46951 0.84842 19.8888
    endloop
  endfacet
  facet normal -0.146634 0.093419 0.98477
    outer loop
      vertex -2.30486 1.61388 19.6918
      vertex -2.43675 1.40686 19.6918
      vertex -1.38997 0.973268 19.8888
    endloop
  endfacet
  facet normal -0.335547 0.257486 0.906151
    outer loop
      vertex -3.81098 3.19779 19.0104
      vertex -4.91715 3.44303 18.5311
      vertex -4.07519 2.85348 19.0104
    endloop
  endfacet
  facet normal -0.303637 0.158072 0.939584
    outer loop
      vertex -3.38544 1.95459 19.3983
      vertex -4.50878 2.10248 19.0104
      vertex -3.54292 1.65209 19.3983
    endloop
  endfacet
  facet normal -0.542429 0.345575 0.765734
    outer loop
      vertex -7.19434 5.03753 16.5846
      vertex -7.60602 4.39134 16.5846
      vertex -6.48269 4.53923 17.3136
    endloop
  endfacet
  facet normal -0.271574 0.208395 0.939584
    outer loop
      vertex -3.81098 3.19779 19.0104
      vertex -4.07519 2.85348 19.0104
      vertex -3.20221 2.24221 19.3983
    endloop
  endfacet
  facet normal -0.496043 0.0653031 0.865839
    outer loop
      vertex -5.91154 1.04236 18.5311
      vertex -6.87878 1.21291 17.9641
      vertex -5.97989 0.523172 18.5311
    endloop
  endfacet
  facet normal -0.496045 0.0653005 0.865838
    outer loop
      vertex -6.87878 1.21291 17.9641
      vertex -6.95831 0.608773 17.9641
      vertex -5.97989 0.523172 18.5311
    endloop
  endfacet
  facet normal -0.403378 0.127186 0.906151
    outer loop
      vertex -4.67486 1.70151 19.0104
      vertex -5.64072 2.05305 18.5311
      vertex -4.80537 1.28759 19.0104
    endloop
  endfacet
  facet normal -0.326475 0.102938 0.939584
    outer loop
      vertex -4.67486 1.70151 19.0104
      vertex -4.80537 1.28759 19.0104
      vertex -3.67342 1.33702 19.3983
    endloop
  endfacet
  facet normal -0.042051 0.965054 0.258655
    outer loop
      vertex 0 12.6918 9.81371
      vertex -1.10617 12.6436 9.81371
      vertex -1.08058 12.3511 10.9092
    endloop
  endfacet
  facet normal -0.126152 0.957697 0.258656
    outer loop
      vertex -1.10617 12.6436 9.81371
      vertex -2.20392 12.499 9.81371
      vertex -1.08058 12.3511 10.9092
    endloop
  endfacet
  facet normal -0.653579 0.270722 0.706785
    outer loop
      vertex -7.9598 3.71172 16.5846
      vertex -9.00658 3.27813 15.7827
      vertex -8.25301 3.00385 16.5846
    endloop
  endfacet
  facet normal -0.570486 0.296976 0.765736
    outer loop
      vertex -6.85364 3.95695 17.3136
      vertex -7.9598 3.71172 16.5846
      vertex -7.17243 3.34456 17.3136
    endloop
  endfacet
  facet normal -0.650081 0.498821 0.573212
    outer loop
      vertex -8.39898 7.04758 13.9849
      vertex -8.4484 5.91563 14.9139
      vertex -7.90067 6.62945 14.9139
    endloop
  endfacet
  facet normal -0.730581 0.465427 0.499629
    outer loop
      vertex -9.44576 6.61399 13.0027
      vertex -9.49518 5.48204 13.9849
      vertex -8.98126 6.28874 13.9849
    endloop
  endfacet
  facet normal -0.60799 0.466524 0.64242
    outer loop
      vertex -7.90067 6.62945 14.9139
      vertex -8.4484 5.91563 14.9139
      vertex -7.34223 6.16086 15.7827
    endloop
  endfacet
  facet normal -0.510254 0.391526 0.765734
    outer loop
      vertex -6.72792 5.64539 16.5846
      vertex -7.19434 5.03753 16.5846
      vertex -6.48269 4.53923 17.3136
    endloop
  endfacet
  facet normal -0.509101 0.26501 0.818893
    outer loop
      vertex -6.0491 3.49245 17.9641
      vertex -6.85364 3.95695 17.3136
      vertex -6.33046 2.95194 17.9641
    endloop
  endfacet
  facet normal -0.530253 0.219638 0.818896
    outer loop
      vertex -6.33046 2.95194 17.9641
      vertex -7.17243 3.34456 17.3136
      vertex -6.56365 2.38897 17.9641
    endloop
  endfacet
  facet normal -0.158072 0.303637 0.939584
    outer loop
      vertex -1.65209 3.54292 19.3983
      vertex -2.10248 4.50878 19.0104
      vertex -1.95459 3.38544 19.3983
    endloop
  endfacet
  facet normal -0.130995 0.316263 0.939584
    outer loop
      vertex -1.70151 4.67486 19.0104
      vertex -2.10248 4.50878 19.0104
      vertex -1.33702 3.67342 19.3983
    endloop
  endfacet
  facet normal -0.208392 0.271579 0.939584
    outer loop
      vertex -2.24221 3.20221 19.3983
      vertex -3.19779 3.81098 19.0104
      vertex -2.51277 2.9946 19.3983
    endloop
  endfacet
  facet normal -0.128189 0.117459 0.98477
    outer loop
      vertex -1.9896 1.9896 19.6918
      vertex -2.15543 1.80862 19.6918
      vertex -1.29986 1.09071 19.8888
    endloop
  endfacet
  facet normal -0.227254 0.356715 0.906151
    outer loop
      vertex -3.00137 5.19852 18.5311
      vertex -3.44303 4.91715 18.5311
      vertex -2.48744 4.30838 19.0104
    endloop
  endfacet
  facet normal -0.139173 0.218463 0.96587
    outer loop
      vertex -1.95459 3.38544 19.3983
      vertex -2.24221 3.20221 19.3983
      vertex -1.40686 2.43675 19.6918
    endloop
  endfacet
  facet normal -0.0802787 0.154221 0.98477
    outer loop
      vertex -0.717115 1.53786 19.8888
      vertex -1.18913 2.55009 19.6918
      vertex -0.84842 1.46951 19.8888
    endloop
  endfacet
  facet normal -0.0934198 0.146634 0.98477
    outer loop
      vertex -0.84842 1.46951 19.8888
      vertex -1.40686 2.43675 19.6918
      vertex -0.973268 1.38997 19.8888
    endloop
  endfacet
  facet normal -0.0915491 0.412928 0.906151
    outer loop
      vertex -1.04236 5.91154 18.5311
      vertex -1.55362 5.79819 18.5311
      vertex -1.28759 4.80537 19.0104
    endloop
  endfacet
  facet normal -0.0653005 0.496045 0.865838
    outer loop
      vertex -0.608773 6.95831 17.9641
      vertex -1.21291 6.87878 17.9641
      vertex -0.523172 5.97989 18.5311
    endloop
  endfacet
  facet normal -0.219635 0.530257 0.818894
    outer loop
      vertex -2.70671 7.43663 17.3136
      vertex -3.34456 7.17243 17.3136
      vertex -2.38897 6.56365 17.9641
    endloop
  endfacet
  facet normal -0.0839505 0.63765 0.765738
    outer loop
      vertex -0.76546 8.74925 16.5846
      vertex -1.52509 8.64924 16.5846
      vertex -0.689741 7.88378 17.3136
    endloop
  endfacet
  facet normal 0.165863 0.748192 0.642416
    outer loop
      vertex 1.79094 10.1569 14.9139
      vertex 1.66435 9.43899 15.7827
      vertex 2.66935 9.96217 14.9139
    endloop
  endfacet
  facet normal 0.177335 0.799994 0.573203
    outer loop
      vertex 1.90389 10.7975 13.9849
      vertex 1.79094 10.1569 14.9139
      vertex 2.83771 10.5905 13.9849
    endloop
  endfacet
  facet normal -0.0280588 0.64254 0.765739
    outer loop
      vertex 0 7.9139 17.3136
      vertex -0.76546 8.74925 16.5846
      vertex -0.689741 7.88378 17.3136
    endloop
  endfacet
  facet normal -0.230451 0.730882 0.64242
    outer loop
      vertex -2.48068 9.25802 15.7827
      vertex -3.52746 9.69161 14.9139
      vertex -3.27813 9.00658 15.7827
    endloop
  endfacet
  facet normal -0.153111 0.69066 0.706786
    outer loop
      vertex -1.66435 9.43899 15.7827
      vertex -2.48068 9.25802 15.7827
      vertex -2.27312 8.48341 16.5846
    endloop
  endfacet
  facet normal -0.0377661 0.865436 0.499595
    outer loop
      vertex 0 11.5311 13.0027
      vertex -0.955583 10.9224 13.9849
      vertex 0 10.9641 13.9849
    endloop
  endfacet
  facet normal 0.0280588 0.64254 0.765739
    outer loop
      vertex 0.76546 8.74925 16.5846
      vertex 0 7.9139 17.3136
      vertex 0.689741 7.88378 17.3136
    endloop
  endfacet
  facet normal 0.0839505 0.63765 0.765738
    outer loop
      vertex 0.76546 8.74925 16.5846
      vertex 0.689741 7.88378 17.3136
      vertex 1.52509 8.64924 16.5846
    endloop
  endfacet
  facet normal -0.106913 0.812369 0.573259
    outer loop
      vertex -0.955583 10.9224 13.9849
      vertex -1.79094 10.1569 14.9139
      vertex -0.898889 10.2743 14.9139
    endloop
  endfacet
  facet normal -0.0308568 0.706752 0.706788
    outer loop
      vertex 0 9.58461 15.7827
      vertex -0.76546 8.74925 16.5846
      vertex 0 8.78267 16.5846
    endloop
  endfacet
  facet normal -0.193402 0.613387 0.765737
    outer loop
      vertex -2.27312 8.48341 16.5846
      vertex -3.00385 8.25301 16.5846
      vertex -2.04827 7.64424 17.3136
    endloop
  endfacet
  facet normal -0.0749111 0.569036 0.818893
    outer loop
      vertex -0.689741 7.88378 17.3136
      vertex -1.37423 7.79367 17.3136
      vertex -1.21291 6.87878 17.9641
    endloop
  endfacet
  facet normal -0.446022 0.856855 0.258579
    outer loop
      vertex -5.23976 11.2367 10.9092
      vertex -6.34592 10.9915 9.81371
      vertex -6.19916 10.7373 10.9092
    endloop
  endfacet
  facet normal -0.572107 0.745597 0.341729
    outer loop
      vertex -7.11138 10.1561 10.9092
      vertex -7.96949 9.49766 10.9092
      vertex -6.8889 9.83837 11.9749
    endloop
  endfacet
  facet normal -0.519059 0.814687 0.258579
    outer loop
      vertex -6.34592 10.9915 9.81371
      vertex -7.11138 10.1561 10.9092
      vertex -6.19916 10.7373 10.9092
    endloop
  endfacet
  facet normal -0.504985 0.792598 0.34173
    outer loop
      vertex -6.19916 10.7373 10.9092
      vertex -7.11138 10.1561 10.9092
      vertex -6.8889 9.83837 11.9749
    endloop
  endfacet
  facet normal -0.282623 0.896285 0.341757
    outer loop
      vertex -3.20892 11.9759 10.9092
      vertex -4.10781 11.2861 11.9749
      vertex -3.10853 11.6012 11.9749
    endloop
  endfacet
  facet normal -0.290523 0.921271 0.258565
    outer loop
      vertex -3.20892 11.9759 10.9092
      vertex -4.34087 11.9264 9.81371
      vertex -4.24047 11.6506 10.9092
    endloop
  endfacet
  facet normal -0.455339 -0.349395 0.818895
    outer loop
      vertex -5.72169 -4.00637 17.9641
      vertex -6.48269 -4.53923 17.3136
      vertex -5.35074 -4.4898 17.9641
    endloop
  endfacet
  facet normal -0.37517 -0.195294 0.90615
    outer loop
      vertex -4.50878 -2.10248 19.0104
      vertex -5.44032 -2.53686 18.5311
      vertex -5.19852 -3.00137 18.5311
    endloop
  endfacet
  facet normal -0.547379 -0.172592 0.818894
    outer loop
      vertex -6.56365 -2.38897 17.9641
      vertex -7.64424 -2.04827 17.3136
      vertex -7.43663 -2.70671 17.3136
    endloop
  endfacet
  facet normal -0.594198 -0.246125 0.765736
    outer loop
      vertex -7.17243 -3.34456 17.3136
      vertex -8.25301 -3.00385 16.5846
      vertex -7.9598 -3.71172 16.5846
    endloop
  endfacet
  facet normal -0.570486 -0.296976 0.765736
    outer loop
      vertex -7.17243 -3.34456 17.3136
      vertex -7.9598 -3.71172 16.5846
      vertex -6.85364 -3.95695 17.3136
    endloop
  endfacet
  facet normal -0.509093 -0.265017 0.818896
    outer loop
      vertex -6.33046 -2.95194 17.9641
      vertex -7.17243 -3.34456 17.3136
      vertex -6.85364 -3.95695 17.3136
    endloop
  endfacet
  facet normal -0.499849 0.0218242 0.865838
    outer loop
      vertex -6.95831 0.608773 17.9641
      vertex -6.98489 0 17.9641
      vertex -5.97989 0.523172 18.5311
    endloop
  endfacet
  facet normal -0.499848 0.0218217 0.865838
    outer loop
      vertex -5.97989 0.523172 18.5311
      vertex -6.98489 0 17.9641
      vertex -6.00273 0 18.5311
    endloop
  endfacet
  facet normal -0.64254 -0.0280588 0.765739
    outer loop
      vertex -7.9139 0 17.3136
      vertex -8.74925 -0.76546 16.5846
      vertex -7.88378 -0.689741 17.3136
    endloop
  endfacet
  facet normal -0.499848 -0.0218217 0.865838
    outer loop
      vertex -6.00273 0 18.5311
      vertex -6.98489 0 17.9641
      vertex -5.97989 -0.523172 18.5311
    endloop
  endfacet
  facet normal -0.334207 -0.0740884 0.939583
    outer loop
      vertex -3.84979 -0.678821 19.3983
      vertex -4.8993 -0.863879 19.0104
      vertex -4.80537 -1.28759 19.0104
    endloop
  endfacet
  facet normal -0.339392 -0.0446828 0.939583
    outer loop
      vertex -3.84979 -0.678821 19.3983
      vertex -4.95595 -0.433589 19.0104
      vertex -4.8993 -0.863879 19.0104
    endloop
  endfacet
  facet normal -0.46177 0.887 0
    outer loop
      vertex -5.48881 11.7708 7
      vertex -6.49381 11.2476 7.56705
      vertex -5.48881 11.7708 7.56705
    endloop
  endfacet
  facet normal -0.46177 0.887 0
    outer loop
      vertex -6.49381 11.2476 7.56705
      vertex -5.48881 11.7708 7
      vertex -6.49381 11.2476 7
    endloop
  endfacet
  facet normal -0.535273 0.84018 0.0870715
    outer loop
      vertex -6.49381 11.2476 7.56705
      vertex -7.4494 10.6388 7.56705
      vertex -6.44439 11.162 8.69684
    endloop
  endfacet
  facet normal -0.460016 0.883631 0.0870718
    outer loop
      vertex -5.48881 11.7708 7.56705
      vertex -6.49381 11.2476 7.56705
      vertex -6.44439 11.162 8.69684
    endloop
  endfacet
  facet normal -0.7261 0.665341 0.173496
    outer loop
      vertex -9.11375 9.11375 8.69684
      vertex -9.87338 8.28475 8.69684
      vertex -8.97449 8.97449 9.81371
    endloop
  endfacet
  facet normal -0.652609 0.712206 0.258582
    outer loop
      vertex -8.15816 9.72252 9.81371
      vertex -8.76694 8.76694 10.9092
      vertex -7.96949 9.49766 10.9092
    endloop
  endfacet
  facet normal -0.793368 0.608742 0
    outer loop
      vertex -10.6388 7.4494 7
      vertex -9.9491 8.34828 7.56705
      vertex -9.9491 8.34828 7
    endloop
  endfacet
  facet normal -0.793368 0.608742 0
    outer loop
      vertex -9.9491 8.34828 7.56705
      vertex -10.6388 7.4494 7
      vertex -10.6388 7.4494 7.56705
    endloop
  endfacet
  facet normal -0.843383 0.537313 0
    outer loop
      vertex -11.2476 6.49381 7
      vertex -10.6388 7.4494 7.56705
      vertex -10.6388 7.4494 7
    endloop
  endfacet
  facet normal -0.843383 0.537313 0
    outer loop
      vertex -10.6388 7.4494 7.56705
      vertex -11.2476 6.49381 7
      vertex -11.2476 6.49381 7.56705
    endloop
  endfacet
  facet normal -0.837501 0.346845 0.422245
    outer loop
      vertex -10.4508 4.87327 13.0027
      vertex -10.8851 5.07583 11.9749
      vertex -10.8357 3.94388 13.0027
    endloop
  endfacet
  facet normal -0.730886 0.230447 0.642417
    outer loop
      vertex -9.69161 3.52746 14.9139
      vertex -9.96217 2.66935 14.9139
      vertex -9.25802 2.48068 15.7827
    endloop
  endfacet
  facet normal -0.826157 0.260488 0.499611
    outer loop
      vertex -10.8357 3.94388 13.0027
      vertex -11.1382 2.98448 13.0027
      vertex -10.5905 2.83771 13.9849
    endloop
  endfacet
  facet normal -0.768352 0.399979 0.499651
    outer loop
      vertex -9.49518 5.48204 13.9849
      vertex -10.4508 4.87327 13.0027
      vertex -9.93684 4.63362 13.9849
    endloop
  endfacet
  facet normal -0.679765 0.353864 0.642417
    outer loop
      vertex -8.93183 5.1568 14.9139
      vertex -9.34729 4.35871 14.9139
      vertex -8.6866 4.05063 15.7827
    endloop
  endfacet
  facet normal -0.726823 0.378361 0.573212
    outer loop
      vertex -8.93183 5.1568 14.9139
      vertex -9.49518 5.48204 13.9849
      vertex -9.34729 4.35871 14.9139
    endloop
  endfacet
  facet normal -0.730882 0.230451 0.64242
    outer loop
      vertex -9.00658 3.27813 15.7827
      vertex -9.69161 3.52746 14.9139
      vertex -9.25802 2.48068 15.7827
    endloop
  endfacet
  facet normal -0.748191 0.165864 0.642417
    outer loop
      vertex -9.25802 2.48068 15.7827
      vertex -9.96217 2.66935 14.9139
      vertex -9.43899 1.66435 15.7827
    endloop
  endfacet
  facet normal -0.346845 0.837501 0.422245
    outer loop
      vertex -3.94388 10.8357 13.0027
      vertex -5.07583 10.8851 11.9749
      vertex -4.87327 10.4508 13.0027
    endloop
  endfacet
  facet normal -0.378361 0.726823 0.573212
    outer loop
      vertex -4.63362 9.93684 13.9849
      vertex -5.48204 9.49518 13.9849
      vertex -4.35871 9.34729 14.9139
    endloop
  endfacet
  facet normal -0.411763 0.646336 0.642418
    outer loop
      vertex -5.1568 8.93183 14.9139
      vertex -5.91563 8.4484 14.9139
      vertex -4.7923 8.30051 15.7827
    endloop
  endfacet
  facet normal -0.353864 0.679765 0.642418
    outer loop
      vertex -4.05063 8.6866 15.7827
      vertex -5.1568 8.93183 14.9139
      vertex -4.7923 8.30051 15.7827
    endloop
  endfacet
  facet normal -0.32665 0.627503 0.706781
    outer loop
      vertex -3.71172 7.9598 16.5846
      vertex -4.7923 8.30051 15.7827
      vertex -4.39134 7.60602 16.5846
    endloop
  endfacet
  facet normal -0.380111 0.596637 0.706781
    outer loop
      vertex -4.7923 8.30051 15.7827
      vertex -5.03753 7.19434 16.5846
      vertex -4.39134 7.60602 16.5846
    endloop
  endfacet
  facet normal -0.719141 0.551809 0.422307
    outer loop
      vertex -9.20053 7.72016 11.9749
      vertex -9.83837 6.8889 11.9749
      vertex -8.83337 7.41207 13.0027
    endloop
  endfacet
  facet normal -0.719139 0.551816 0.422301
    outer loop
      vertex -8.83337 7.41207 13.0027
      vertex -9.83837 6.8889 11.9749
      vertex -9.44576 6.61399 13.0027
    endloop
  endfacet
  facet normal -0.856855 0.446022 0.258579
    outer loop
      vertex -10.9915 6.34592 9.81371
      vertex -11.2367 5.23976 10.9092
      vertex -10.7373 6.19916 10.9092
    endloop
  endfacet
  facet normal -0.833603 0.433919 0.341789
    outer loop
      vertex -10.7373 6.19916 10.9092
      vertex -11.2367 5.23976 10.9092
      vertex -10.4013 6.00522 11.9749
    endloop
  endfacet
  facet normal -0.976302 -0.216415 0
    outer loop
      vertex -12.5451 -3.36144 7
      vertex -12.7903 -2.25528 7.56705
      vertex -12.7903 -2.25528 7
    endloop
  endfacet
  facet normal -0.976302 -0.216415 0
    outer loop
      vertex -12.7903 -2.25528 7.56705
      vertex -12.5451 -3.36144 7
      vertex -12.5451 -3.36144 7.56705
    endloop
  endfacet
  facet normal -0.923877 -0.382691 0
    outer loop
      vertex -11.7708 -5.48881 7
      vertex -12.2044 -4.44203 7.56705
      vertex -12.2044 -4.44203 7
    endloop
  endfacet
  facet normal -0.923877 -0.382691 0
    outer loop
      vertex -12.2044 -4.44203 7.56705
      vertex -11.7708 -5.48881 7
      vertex -11.7708 -5.48881 7.56705
    endloop
  endfacet
  facet normal -0.943106 -0.209079 0.258528
    outer loop
      vertex -12.21 -2.15295 10.9092
      vertex -12.499 -2.20392 9.81371
      vertex -11.9759 -3.20892 10.9092
    endloop
  endfacet
  facet normal -0.917512 -0.203405 0.341758
    outer loop
      vertex -11.6012 -3.10853 11.9749
      vertex -12.21 -2.15295 10.9092
      vertex -11.9759 -3.20892 10.9092
    endloop
  endfacet
  facet normal -0.766375 -0.588051 0.258583
    outer loop
      vertex -9.49766 -7.96949 10.9092
      vertex -10.1561 -7.11138 10.9092
      vertex -9.72252 -8.15816 9.81371
    endloop
  endfacet
  facet normal -0.719141 -0.551809 0.422307
    outer loop
      vertex -8.83337 -7.41207 13.0027
      vertex -9.83837 -6.8889 11.9749
      vertex -9.20053 -7.72016 11.9749
    endloop
  endfacet
  facet normal -0.687233 -0.527334 0.499629
    outer loop
      vertex -8.39898 -7.04758 13.9849
      vertex -9.44576 -6.61399 13.0027
      vertex -8.83337 -7.41207 13.0027
    endloop
  endfacet
  facet normal -0.76835 -0.40001 0.49963
    outer loop
      vertex -9.49518 -5.48204 13.9849
      vertex -10.4508 -4.87327 13.0027
      vertex -9.98626 -5.76557 13.0027
    endloop
  endfacet
  facet normal -0.845721 -0.187471 0.49961
    outer loop
      vertex -10.7975 -1.90389 13.9849
      vertex -11.1382 -2.98448 13.0027
      vertex -10.5905 -2.83771 13.9849
    endloop
  endfacet
  facet normal -0.845671 -0.18754 0.499669
    outer loop
      vertex -10.7975 -1.90389 13.9849
      vertex -11.356 -2.00236 13.0027
      vertex -11.1382 -2.98448 13.0027
    endloop
  endfacet
  facet normal -0.837441 -0.346908 0.422312
    outer loop
      vertex -10.8357 -3.94388 13.0027
      vertex -11.2861 -4.10781 11.9749
      vertex -10.8851 -5.07583 11.9749
    endloop
  endfacet
  facet normal -0.864496 -0.272577 0.422312
    outer loop
      vertex -11.1382 -2.98448 13.0027
      vertex -11.2861 -4.10781 11.9749
      vertex -10.8357 -3.94388 13.0027
    endloop
  endfacet
  facet normal -0.726823 -0.378361 0.573212
    outer loop
      vertex -9.34729 -4.35871 14.9139
      vertex -9.93684 -4.63362 13.9849
      vertex -9.49518 -5.48204 13.9849
    endloop
  endfacet
  facet normal -0.691081 -0.440269 0.573211
    outer loop
      vertex -8.93183 -5.1568 14.9139
      vertex -9.49518 -5.48204 13.9849
      vertex -8.4484 -5.91563 14.9139
    endloop
  endfacet
  facet normal -0.730581 -0.465427 0.499629
    outer loop
      vertex -8.98126 -6.28874 13.9849
      vertex -9.49518 -5.48204 13.9849
      vertex -9.44576 -6.61399 13.0027
    endloop
  endfacet
  facet normal -0.687233 -0.527334 0.499629
    outer loop
      vertex -8.98126 -6.28874 13.9849
      vertex -9.44576 -6.61399 13.0027
      vertex -8.39898 -7.04758 13.9849
    endloop
  endfacet
  facet normal -0.865436 0.0377661 0.499595
    outer loop
      vertex -10.9224 0.955583 13.9849
      vertex -11.5311 0 13.0027
      vertex -10.9641 0 13.9849
    endloop
  endfacet
  facet normal -0.818626 0.0357234 0.573215
    outer loop
      vertex -10.9224 0.955583 13.9849
      vertex -10.9641 0 13.9849
      vertex -10.3136 0 14.9139
    endloop
  endfacet
  facet normal 0.0113836 0.0864536 0.996191
    outer loop
      vertex 0.294653 1.67106 19.8888
      vertex 0.0494213 0.564894 19.9876
      vertex 0.0984669 0.558436 19.9876
    endloop
  endfacet
  facet normal -0.172376 -0.0226916 0.98477
    outer loop
      vertex -1.69038 -0.147889 19.8888
      vertex -2.80301 -0.245231 19.6918
      vertex -1.67106 -0.294653 19.8888
    endloop
  endfacet
  facet normal -0.102936 -0.326475 0.939584
    outer loop
      vertex -1.01177 -3.77597 19.3983
      vertex -1.33702 -3.67342 19.3983
      vertex -1.28759 -4.80537 19.0104
    endloop
  endfacet
  facet normal -0.229756 -0.11961 0.96587
    outer loop
      vertex -2.55009 -1.18913 19.6918
      vertex -3.54292 -1.65209 19.3983
      vertex -3.38544 -1.95459 19.3983
    endloop
  endfacet
  facet normal -0.26501 -0.509101 0.818893
    outer loop
      vertex -3.49245 -6.0491 17.9641
      vertex -3.95695 -6.85364 17.3136
      vertex -2.95194 -6.33046 17.9641
    endloop
  endfacet
  facet normal -0.117462 -0.128185 0.98477
    outer loop
      vertex -1.19985 -1.19985 19.8888
      vertex -1.9896 -1.9896 19.6918
      vertex -1.09071 -1.29986 19.8888
    endloop
  endfacet
  facet normal -0.0740977 -0.334202 0.939584
    outer loop
      vertex -1.01177 -3.77597 19.3983
      vertex -1.28759 -4.80537 19.0104
      vertex -0.678821 -3.84979 19.3983
    endloop
  endfacet
  facet normal -0.219638 -0.530253 0.818896
    outer loop
      vertex -2.95194 -6.33046 17.9641
      vertex -3.34456 -7.17243 17.3136
      vertex -2.38897 -6.56365 17.9641
    endloop
  endfacet
  facet normal 0.517738 -0.565022 0.642415
    outer loop
      vertex 6.77734 -6.77734 15.7827
      vertex 6.16086 -7.34223 15.7827
      vertex 7.29281 -7.29281 14.9139
    endloop
  endfacet
  facet normal 0.565022 -0.517738 0.642415
    outer loop
      vertex 7.34223 -6.16086 15.7827
      vertex 6.77734 -6.77734 15.7827
      vertex 7.29281 -7.29281 14.9139
    endloop
  endfacet
  facet normal 0.423164 -0.387749 0.818891
    outer loop
      vertex 5.35074 -4.4898 17.9641
      vertex 4.93907 -4.93907 17.9641
      vertex 5.59597 -5.59597 17.3136
    endloop
  endfacet
  facet normal 0.391529 -0.510248 0.765736
    outer loop
      vertex 5.08696 -6.0624 17.3136
      vertex 4.53923 -6.48269 17.3136
      vertex 5.64539 -6.72792 16.5846
    endloop
  endfacet
  facet normal 0.158066 -0.303638 0.939585
    outer loop
      vertex 2.48744 -4.30838 19.0104
      vertex 1.95459 -3.38544 19.3983
      vertex 2.10248 -4.50878 19.0104
    endloop
  endfacet
  facet normal 0.308384 -0.484055 0.818895
    outer loop
      vertex 4.00637 -5.72169 17.9641
      vertex 3.49245 -6.0491 17.9641
      vertex 4.53923 -6.48269 17.3136
    endloop
  endfacet
  facet normal 0.477931 -0.521576 0.706782
    outer loop
      vertex 6.21029 -6.21029 16.5846
      vertex 5.64539 -6.72792 16.5846
      vertex 6.16086 -7.34223 15.7827
    endloop
  endfacet
  facet normal 0.349395 -0.455339 0.818895
    outer loop
      vertex 5.08696 -6.0624 17.3136
      vertex 4.4898 -5.35074 17.9641
      vertex 4.53923 -6.48269 17.3136
    endloop
  endfacet
  facet normal 0.474186 -0.434507 0.765736
    outer loop
      vertex 6.72792 -5.64539 16.5846
      vertex 6.0624 -5.08696 17.3136
      vertex 6.21029 -6.21029 16.5846
    endloop
  endfacet
  facet normal 0.521576 -0.477931 0.706782
    outer loop
      vertex 6.72792 -5.64539 16.5846
      vertex 6.21029 -6.21029 16.5846
      vertex 7.34223 -6.16086 15.7827
    endloop
  endfacet
  facet normal 0.542431 -0.345563 0.765738
    outer loop
      vertex 6.85364 -3.95695 17.3136
      vertex 6.48269 -4.53923 17.3136
      vertex 7.60602 -4.39134 16.5846
    endloop
  endfacet
  facet normal 0.421966 -0.268828 0.865838
    outer loop
      vertex 6.0491 -3.49245 17.9641
      vertex 4.91715 -3.44303 18.5311
      vertex 5.72169 -4.00637 17.9641
    endloop
  endfacet
  facet normal -0.62791 -0.139203 0.765736
    outer loop
      vertex -7.79367 -1.37423 17.3136
      vertex -8.64924 -1.52509 16.5846
      vertex -7.64424 -2.04827 17.3136
    endloop
  endfacet
  facet normal -0.560341 -0.124224 0.818893
    outer loop
      vertex -6.87878 -1.21291 17.9641
      vertex -7.79367 -1.37423 17.3136
      vertex -7.64424 -2.04827 17.3136
    endloop
  endfacet
  facet normal -0.430653 -0.561247 0.706782
    outer loop
      vertex -5.64539 -6.72792 16.5846
      vertex -6.16086 -7.34223 15.7827
      vertex -5.03753 -7.19434 16.5846
    endloop
  endfacet
  facet normal -0.477931 -0.521576 0.706782
    outer loop
      vertex -5.64539 -6.72792 16.5846
      vertex -6.21029 -6.21029 16.5846
      vertex -6.16086 -7.34223 15.7827
    endloop
  endfacet
  facet normal -0.380099 -0.596639 0.706786
    outer loop
      vertex -5.03753 -7.19434 16.5846
      vertex -5.4975 -7.85125 15.7827
      vertex -4.7923 -8.30051 15.7827
    endloop
  endfacet
  facet normal -0.411762 -0.646339 0.642416
    outer loop
      vertex -5.4975 -7.85125 15.7827
      vertex -5.91563 -8.4484 14.9139
      vertex -4.7923 -8.30051 15.7827
    endloop
  endfacet
  facet normal -0.30458 -0.396931 0.865839
    outer loop
      vertex -3.85848 -4.59836 18.5311
      vertex -4.4898 -5.35074 17.9641
      vertex -3.44303 -4.91715 18.5311
    endloop
  endfacet
  facet normal -0.227251 -0.356718 0.906151
    outer loop
      vertex -2.85348 -4.07519 19.0104
      vertex -3.44303 -4.91715 18.5311
      vertex -2.48744 -4.30838 19.0104
    endloop
  endfacet
  facet normal -0.387749 -0.423164 0.818891
    outer loop
      vertex -4.93907 -4.93907 17.9641
      vertex -5.59597 -5.59597 17.3136
      vertex -4.4898 -5.35074 17.9641
    endloop
  endfacet
  facet normal -0.338009 -0.368881 0.865839
    outer loop
      vertex -3.85848 -4.59836 18.5311
      vertex -4.93907 -4.93907 17.9641
      vertex -4.4898 -5.35074 17.9641
    endloop
  endfacet
  facet normal -0.390761 -0.161852 0.906151
    outer loop
      vertex -4.67486 -1.70151 19.0104
      vertex -5.64072 -2.05305 18.5311
      vertex -4.50878 -2.10248 19.0104
    endloop
  endfacet
  facet normal -0.316263 -0.130995 0.939584
    outer loop
      vertex -3.67342 -1.33702 19.3983
      vertex -4.67486 -1.70151 19.0104
      vertex -4.50878 -2.10248 19.0104
    endloop
  endfacet
  facet normal -0.390761 -0.161858 0.90615
    outer loop
      vertex -4.50878 -2.10248 19.0104
      vertex -5.64072 -2.05305 18.5311
      vertex -5.44032 -2.53686 18.5311
    endloop
  endfacet
  facet normal -0.443795 -0.231016 0.865839
    outer loop
      vertex -5.19852 -3.00137 18.5311
      vertex -6.33046 -2.95194 17.9641
      vertex -6.0491 -3.49245 17.9641
    endloop
  endfacet
  facet normal -0.272595 -0.864482 0.42233
    outer loop
      vertex -2.98448 -11.1382 13.0027
      vertex -4.10781 -11.2861 11.9749
      vertex -3.10853 -11.6012 11.9749
    endloop
  endfacet
  facet normal -0.0410116 -0.938904 0.341727
    outer loop
      vertex -1.04678 -11.9647 11.9749
      vertex -1.08058 -12.3511 10.9092
      vertex 0 -12.3983 10.9092
    endloop
  endfacet
  facet normal -0.122613 -0.931762 0.34174
    outer loop
      vertex -2.08559 -11.828 11.9749
      vertex -2.15295 -12.21 10.9092
      vertex -1.04678 -11.9647 11.9749
    endloop
  endfacet
  facet normal -0.203426 -0.917514 0.341741
    outer loop
      vertex -2.08559 -11.828 11.9749
      vertex -3.10853 -11.6012 11.9749
      vertex -2.15295 -12.21 10.9092
    endloop
  endfacet
  facet normal 0.0839505 -0.63765 0.765738
    outer loop
      vertex 1.52509 -8.64924 16.5846
      vertex 0.689741 -7.88378 17.3136
      vertex 0.76546 -8.74925 16.5846
    endloop
  endfacet
  facet normal 0.0839443 -0.637654 0.765736
    outer loop
      vertex 1.37423 -7.79367 17.3136
      vertex 0.689741 -7.88378 17.3136
      vertex 1.52509 -8.64924 16.5846
    endloop
  endfacet
  facet normal -0.0749092 -0.569035 0.818894
    outer loop
      vertex -0.608773 -6.95831 17.9641
      vertex -1.21291 -6.87878 17.9641
      vertex -0.689741 -7.88378 17.3136
    endloop
  endfacet
  facet normal 0.0653031 -0.496043 0.865839
    outer loop
      vertex 1.04236 -5.91154 18.5311
      vertex 0.523172 -5.97989 18.5311
      vertex 1.21291 -6.87878 17.9641
    endloop
  endfacet
  facet normal -0.391529 -0.510248 0.765736
    outer loop
      vertex -5.08696 -6.0624 17.3136
      vertex -5.64539 -6.72792 16.5846
      vertex -4.53923 -6.48269 17.3136
    endloop
  endfacet
  facet normal -0.349395 -0.455339 0.818895
    outer loop
      vertex -4.4898 -5.35074 17.9641
      vertex -5.08696 -6.0624 17.3136
      vertex -4.53923 -6.48269 17.3136
    endloop
  endfacet
  facet normal -0.634918 -0.692888 0.341738
    outer loop
      vertex -8.49266 -8.49266 11.9749
      vertex -8.76694 -8.76694 10.9092
      vertex -7.72016 -9.20053 11.9749
    endloop
  endfacet
  facet normal -0.692888 -0.634918 0.341738
    outer loop
      vertex -8.49266 -8.49266 11.9749
      vertex -9.20053 -7.72016 11.9749
      vertex -8.76694 -8.76694 10.9092
    endloop
  endfacet
  facet normal -0.369655 -0.892469 0.258562
    outer loop
      vertex -5.23976 -11.2367 10.9092
      vertex -5.36381 -11.5027 9.81371
      vertex -4.24047 -11.6506 10.9092
    endloop
  endfacet
  facet normal -0.359624 -0.868251 0.341776
    outer loop
      vertex -5.07583 -10.8851 11.9749
      vertex -5.23976 -11.2367 10.9092
      vertex -4.24047 -11.6506 10.9092
    endloop
  endfacet
  facet normal -0.128491 0.976409 0.173535
    outer loop
      vertex -1.12333 12.8397 8.69684
      vertex -2.23811 12.693 8.69684
      vertex -2.20392 12.499 9.81371
    endloop
  endfacet
  facet normal -0.0435017 0.995249 0.087102
    outer loop
      vertex 0 12.8888 8.69684
      vertex -1.13195 12.9382 7.56705
      vertex -1.12333 12.8397 8.69684
    endloop
  endfacet
  facet normal -0.130039 0.987676 0.087102
    outer loop
      vertex -1.13195 12.9382 7.56705
      vertex -2.25528 12.7903 7.56705
      vertex -1.12333 12.8397 8.69684
    endloop
  endfacet
  facet normal 0.215648 0.972584 0.0870384
    outer loop
      vertex 2.25528 12.7903 7.56705
      vertex 2.23811 12.693 8.69684
      vertex 3.33586 12.4496 8.69684
    endloop
  endfacet
  facet normal 0.873563 0.454755 0.173451
    outer loop
      vertex 11.162 6.44439 8.69684
      vertex 10.9915 6.34592 9.81371
      vertex 11.6812 5.44703 8.69684
    endloop
  endfacet
  facet normal 0.873578 0.454708 0.173498
    outer loop
      vertex 11.6812 5.44703 8.69684
      vertex 10.9915 6.34592 9.81371
      vertex 11.5027 5.36381 9.81371
    endloop
  endfacet
  facet normal 0.965075 -0.0421547 0.25856
    outer loop
      vertex 12.3983 0 10.9092
      vertex 12.3511 -1.08058 10.9092
      vertex 12.6918 0 9.81371
    endloop
  endfacet
  facet normal 0.965054 -0.042051 0.258655
    outer loop
      vertex 12.6918 0 9.81371
      vertex 12.3511 -1.08058 10.9092
      vertex 12.6436 -1.10617 9.81371
    endloop
  endfacet
  facet normal 0.938904 0.0410116 0.341727
    outer loop
      vertex 12.3511 1.08058 10.9092
      vertex 11.9647 1.04678 11.9749
      vertex 12.3983 0 10.9092
    endloop
  endfacet
  facet normal 0.965075 0.0421547 0.25856
    outer loop
      vertex 12.6918 0 9.81371
      vertex 12.3511 1.08058 10.9092
      vertex 12.3983 0 10.9092
    endloop
  endfacet
  facet normal 0.991444 0.130536 0
    outer loop
      vertex 12.9382 1.13195 7.56705
      vertex 12.7903 2.25528 7
      vertex 12.7903 2.25528 7.56705
    endloop
  endfacet
  facet normal 0.991444 0.130536 0
    outer loop
      vertex 12.7903 2.25528 7
      vertex 12.9382 1.13195 7.56705
      vertex 12.9382 1.13195 7
    endloop
  endfacet
  facet normal 0.909865 -0.376888 0.173499
    outer loop
      vertex 12.1115 -4.40822 8.69684
      vertex 11.5027 -5.36381 9.81371
      vertex 11.6812 -5.44703 8.69684
    endloop
  endfacet
  facet normal 0.920366 -0.381238 0.0870895
    outer loop
      vertex 12.1115 -4.40822 8.69684
      vertex 11.6812 -5.44703 8.69684
      vertex 11.7708 -5.48881 7.56705
    endloop
  endfacet
  facet normal 0.701376 -0.0923405 0.706785
    outer loop
      vertex 8.74925 -0.76546 16.5846
      vertex 8.64924 -1.52509 16.5846
      vertex 9.43899 -1.66435 15.7827
    endloop
  endfacet
  facet normal 0.63765 -0.0839505 0.765738
    outer loop
      vertex 8.74925 -0.76546 16.5846
      vertex 7.88378 -0.689741 17.3136
      vertex 8.64924 -1.52509 16.5846
    endloop
  endfacet
  facet normal 0.701377 -0.0923385 0.706784
    outer loop
      vertex 9.54813 -0.835353 15.7827
      vertex 8.74925 -0.76546 16.5846
      vertex 9.43899 -1.66435 15.7827
    endloop
  endfacet
  facet normal 0.7598 -0.10003 0.642416
    outer loop
      vertex 9.54813 -0.835353 15.7827
      vertex 9.43899 -1.66435 15.7827
      vertex 10.1569 -1.79094 14.9139
    endloop
  endfacet
  facet normal 0.487036 -0.764498 0.422301
    outer loop
      vertex 6.61399 -9.44576 13.0027
      vertex 5.76557 -9.98626 13.0027
      vertex 6.8889 -9.83837 11.9749
    endloop
  endfacet
  facet normal 0.551816 -0.719139 0.422301
    outer loop
      vertex 7.41207 -8.83337 13.0027
      vertex 6.61399 -9.44576 13.0027
      vertex 6.8889 -9.83837 11.9749
    endloop
  endfacet
  facet normal 0.346845 -0.837501 0.422245
    outer loop
      vertex 4.87327 -10.4508 13.0027
      vertex 3.94388 -10.8357 13.0027
      vertex 5.07583 -10.8851 11.9749
    endloop
  endfacet
  facet normal 0.433919 -0.833603 0.341789
    outer loop
      vertex 6.00522 -10.4013 11.9749
      vertex 5.23976 -11.2367 10.9092
      vertex 6.19916 -10.7373 10.9092
    endloop
  endfacet
  facet normal 0.106913 -0.812369 0.573259
    outer loop
      vertex 1.79094 -10.1569 14.9139
      vertex 0.898889 -10.2743 14.9139
      vertex 0.955583 -10.9224 13.9849
    endloop
  endfacet
  facet normal 0.2464 -0.781483 0.573211
    outer loop
      vertex 3.52746 -9.69161 14.9139
      vertex 2.66935 -9.96217 14.9139
      vertex 2.83771 -10.5905 13.9849
    endloop
  endfacet
  facet normal 0.638656 -0.585223 0.499632
    outer loop
      vertex 8.39898 -7.04758 13.9849
      vertex 7.75278 -7.75278 13.9849
      vertex 8.15375 -8.15375 13.0027
    endloop
  endfacet
  facet normal 0.730581 -0.465427 0.499629
    outer loop
      vertex 9.49518 -5.48204 13.9849
      vertex 8.98126 -6.28874 13.9849
      vertex 9.44576 -6.61399 13.0027
    endloop
  endfacet
  facet normal 0.227254 -0.356715 0.906151
    outer loop
      vertex 3.44303 -4.91715 18.5311
      vertex 2.48744 -4.30838 19.0104
      vertex 3.00137 -5.19852 18.5311
    endloop
  endfacet
  facet normal 0.139173 -0.218463 0.96587
    outer loop
      vertex 2.24221 -3.20221 19.3983
      vertex 1.40686 -2.43675 19.6918
      vertex 1.95459 -3.38544 19.3983
    endloop
  endfacet
  facet normal 0.150453 -0.477166 0.865839
    outer loop
      vertex 2.05305 -5.64072 18.5311
      vertex 1.80782 -6.74689 17.9641
      vertex 2.38897 -6.56365 17.9641
    endloop
  endfacet
  facet normal 0.108296 -0.488463 0.865838
    outer loop
      vertex 1.55362 -5.79819 18.5311
      vertex 1.04236 -5.91154 18.5311
      vertex 1.21291 -6.87878 17.9641
    endloop
  endfacet
  facet normal -0.0149262 -0.341994 0.939584
    outer loop
      vertex -0.340707 -3.8943 19.3983
      vertex -0.433589 -4.95595 19.0104
      vertex 0 -3.90917 19.3983
    endloop
  endfacet
  facet normal -0.0112943 -0.25878 0.96587
    outer loop
      vertex 0 -2.81371 19.6918
      vertex -0.340707 -3.8943 19.3983
      vertex 0 -3.90917 19.3983
    endloop
  endfacet
  facet normal -0.0184472 -0.42255 0.906152
    outer loop
      vertex -0.433589 -4.95595 19.0104
      vertex -0.523172 -5.97989 18.5311
      vertex 0 -6.00273 18.5311
    endloop
  endfacet
  facet normal -0.0653005 -0.496045 0.865838
    outer loop
      vertex -0.523172 -5.97989 18.5311
      vertex -1.21291 -6.87878 17.9641
      vertex -0.608773 -6.95831 17.9641
    endloop
  endfacet
  facet normal -0.11961 -0.229756 0.96587
    outer loop
      vertex -1.18913 -2.55009 19.6918
      vertex -1.95459 -3.38544 19.3983
      vertex -1.65209 -3.54292 19.3983
    endloop
  endfacet
  facet normal -0.0915491 -0.412928 0.906151
    outer loop
      vertex -1.28759 -4.80537 19.0104
      vertex -1.55362 -5.79819 18.5311
      vertex -1.04236 -5.91154 18.5311
    endloop
  endfacet
  facet normal -0.0334744 -0.765642 0.642395
    outer loop
      vertex -0.835353 -9.54813 15.7827
      vertex -0.898889 -10.2743 14.9139
      vertex 0 -10.3136 14.9139
    endloop
  endfacet
  facet normal -0.0999977 -0.759822 0.642395
    outer loop
      vertex -0.835353 -9.54813 15.7827
      vertex -1.79094 -10.1569 14.9139
      vertex -0.898889 -10.2743 14.9139
    endloop
  endfacet
  facet normal -0.270722 -0.653579 0.706785
    outer loop
      vertex -3.00385 -8.25301 16.5846
      vertex -3.71172 -7.9598 16.5846
      vertex -3.27813 -9.00658 15.7827
    endloop
  endfacet
  facet normal -0.293271 -0.708018 0.64242
    outer loop
      vertex -3.27813 -9.00658 15.7827
      vertex -4.05063 -8.6866 15.7827
      vertex -3.52746 -9.69161 14.9139
    endloop
  endfacet
  facet normal -0.268828 -0.421966 0.865838
    outer loop
      vertex -3.44303 -4.91715 18.5311
      vertex -4.00637 -5.72169 17.9641
      vertex -3.49245 -6.0491 17.9641
    endloop
  endfacet
  facet normal -0.304579 -0.396933 0.865838
    outer loop
      vertex -3.44303 -4.91715 18.5311
      vertex -4.4898 -5.35074 17.9641
      vertex -4.00637 -5.72169 17.9641
    endloop
  endfacet
  facet normal -0.308379 -0.484063 0.818893
    outer loop
      vertex -3.49245 -6.0491 17.9641
      vertex -4.53923 -6.48269 17.3136
      vertex -3.95695 -6.85364 17.3136
    endloop
  endfacet
  facet normal -0.345563 -0.542431 0.765738
    outer loop
      vertex -3.95695 -6.85364 17.3136
      vertex -4.53923 -6.48269 17.3136
      vertex -4.39134 -7.60602 16.5846
    endloop
  endfacet
  facet normal -0.0839443 -0.637654 0.765736
    outer loop
      vertex -1.37423 -7.79367 17.3136
      vertex -1.52509 -8.64924 16.5846
      vertex -0.689741 -7.88378 17.3136
    endloop
  endfacet
  facet normal -0.0749111 -0.569036 0.818893
    outer loop
      vertex -1.21291 -6.87878 17.9641
      vertex -1.37423 -7.79367 17.3136
      vertex -0.689741 -7.88378 17.3136
    endloop
  endfacet
  facet normal 0.1226 -0.931768 0.341728
    outer loop
      vertex 2.15295 -12.21 10.9092
      vertex 1.04678 -11.9647 11.9749
      vertex 1.08058 -12.3511 10.9092
    endloop
  endfacet
  facet normal 0.126018 -0.957749 0.258526
    outer loop
      vertex 2.15295 -12.21 10.9092
      vertex 1.08058 -12.3511 10.9092
      vertex 2.20392 -12.499 9.81371
    endloop
  endfacet
  facet normal -0.0436 -0.999049 0
    outer loop
      vertex -1.13195 -12.9382 7
      vertex 0 -12.9876 7.56705
      vertex -1.13195 -12.9382 7.56705
    endloop
  endfacet
  facet normal -0.0436 -0.999049 -0
    outer loop
      vertex 0 -12.9876 7.56705
      vertex -1.13195 -12.9382 7
      vertex 0 -12.9876 7
    endloop
  endfacet
  facet normal 0.637654 0.0839443 0.765736
    outer loop
      vertex 8.64924 1.52509 16.5846
      vertex 7.79367 1.37423 17.3136
      vertex 7.88378 0.689741 17.3136
    endloop
  endfacet
  facet normal 0.63765 0.0839505 0.765738
    outer loop
      vertex 8.64924 1.52509 16.5846
      vertex 7.88378 0.689741 17.3136
      vertex 8.74925 0.76546 16.5846
    endloop
  endfacet
  facet normal 0.0864542 0.0113808 0.996191
    outer loop
      vertex 1.67106 0.294653 19.8888
      vertex 0.564894 0.0494213 19.9876
      vertex 1.69038 0.147889 19.8888
    endloop
  endfacet
  facet normal 0.0871171 0.003804 0.996191
    outer loop
      vertex 1.69038 0.147889 19.8888
      vertex 0.564894 0.0494213 19.9876
      vertex 0.567052 0 19.9876
    endloop
  endfacet
  facet normal 0.0864542 -0.0113808 0.996191
    outer loop
      vertex 1.69038 -0.147889 19.8888
      vertex 0.564894 -0.0494213 19.9876
      vertex 1.67106 -0.294653 19.8888
    endloop
  endfacet
  facet normal -0.0262196 0.0831646 0.996191
    outer loop
      vertex -0.439174 1.63902 19.8888
      vertex -0.580353 1.59451 19.8888
      vertex -0.193943 0.532854 19.9876
    endloop
  endfacet
  facet normal 0.381238 0.920366 0.0870895
    outer loop
      vertex 5.48881 11.7708 7.56705
      vertex 4.40822 12.1115 8.69684
      vertex 5.44703 11.6812 8.69684
    endloop
  endfacet
  facet normal 0.459999 0.883638 0.0870894
    outer loop
      vertex 5.48881 11.7708 7.56705
      vertex 5.44703 11.6812 8.69684
      vertex 6.44439 11.162 8.69684
    endloop
  endfacet
  facet normal 0.359669 0.868247 0.341738
    outer loop
      vertex 4.24047 11.6506 10.9092
      vertex 4.10781 11.2861 11.9749
      vertex 5.07583 10.8851 11.9749
    endloop
  endfacet
  facet normal 0.282644 0.896285 0.341739
    outer loop
      vertex 4.24047 11.6506 10.9092
      vertex 3.20892 11.9759 10.9092
      vertex 4.10781 11.2861 11.9749
    endloop
  endfacet
  facet normal 0.542429 0.345575 0.765734
    outer loop
      vertex 7.19434 5.03753 16.5846
      vertex 6.48269 4.53923 17.3136
      vertex 7.60602 4.39134 16.5846
    endloop
  endfacet
  facet normal 0.542431 0.345563 0.765738
    outer loop
      vertex 7.60602 4.39134 16.5846
      vertex 6.48269 4.53923 17.3136
      vertex 6.85364 3.95695 17.3136
    endloop
  endfacet
  facet normal 0.961503 0.21312 0.173468
    outer loop
      vertex 12.4496 3.33586 8.69684
      vertex 12.2594 3.28489 9.81371
      vertex 12.499 2.20392 9.81371
    endloop
  endfacet
  facet normal 0.939262 0.296136 0.173468
    outer loop
      vertex 12.4496 3.33586 8.69684
      vertex 12.1115 4.40822 8.69684
      vertex 12.2594 3.28489 9.81371
    endloop
  endfacet
  facet normal 0.421966 0.268828 0.865838
    outer loop
      vertex 5.72169 4.00637 17.9641
      vertex 4.91715 3.44303 18.5311
      vertex 6.0491 3.49245 17.9641
    endloop
  endfacet
  facet normal 0.368881 0.338009 0.865839
    outer loop
      vertex 4.93907 4.93907 17.9641
      vertex 4.59836 3.85848 18.5311
      vertex 5.35074 4.4898 17.9641
    endloop
  endfacet
  facet normal 0.530253 0.219638 0.818896
    outer loop
      vertex 7.17243 3.34456 17.3136
      vertex 6.33046 2.95194 17.9641
      vertex 6.56365 2.38897 17.9641
    endloop
  endfacet
  facet normal 0.509093 0.265017 0.818896
    outer loop
      vertex 6.85364 3.95695 17.3136
      vertex 6.33046 2.95194 17.9641
      vertex 7.17243 3.34456 17.3136
    endloop
  endfacet
  facet normal 0.130039 0.987676 0.087102
    outer loop
      vertex 1.13195 12.9382 7.56705
      vertex 1.12333 12.8397 8.69684
      vertex 2.25528 12.7903 7.56705
    endloop
  endfacet
  facet normal -0.0991207 -0.23931 0.965871
    outer loop
      vertex -1.18913 -2.55009 19.6918
      vertex -1.65209 -3.54292 19.3983
      vertex -1.33702 -3.67342 19.3983
    endloop
  endfacet
  facet normal -0.0402657 -0.0773462 0.996191
    outer loop
      vertex -0.283525 -0.491081 19.9876
      vertex -0.84842 -1.46951 19.8888
      vertex -0.239646 -0.513924 19.9876
    endloop
  endfacet
  facet normal -0.0589117 -0.0642898 0.996191
    outer loop
      vertex -0.400966 -0.400966 19.9876
      vertex -1.19985 -1.19985 19.8888
      vertex -1.09071 -1.29986 19.8888
    endloop
  endfacet
  facet normal -0.022694 -0.172376 0.98477
    outer loop
      vertex -0.294653 -1.67106 19.8888
      vertex -0.488596 -2.77097 19.6918
      vertex -0.245231 -2.80301 19.6918
    endloop
  endfacet
  facet normal -0.128185 -0.117462 0.98477
    outer loop
      vertex -1.29986 -1.09071 19.8888
      vertex -1.9896 -1.9896 19.6918
      vertex -1.19985 -1.19985 19.8888
    endloop
  endfacet
  facet normal -0.231268 -0.252383 0.939584
    outer loop
      vertex -2.7642 -2.7642 19.3983
      vertex -3.51777 -3.51777 19.0104
      vertex -3.19779 -3.81098 19.0104
    endloop
  endfacet
  facet normal -0.157686 -0.205499 0.96587
    outer loop
      vertex -1.80862 -2.15543 19.6918
      vertex -2.51277 -2.9946 19.3983
      vertex -1.61388 -2.30486 19.6918
    endloop
  endfacet
  facet normal -0.205498 -0.157686 0.96587
    outer loop
      vertex -2.30486 -1.61388 19.6918
      vertex -3.20221 -2.24221 19.3983
      vertex -2.9946 -2.51277 19.3983
    endloop
  endfacet
  facet normal -0.0864536 -0.0113836 0.996191
    outer loop
      vertex -0.564894 -0.0494213 19.9876
      vertex -1.67106 -0.294653 19.8888
      vertex -0.558436 -0.0984669 19.9876
    endloop
  endfacet
  facet normal -0.085133 -0.0188732 0.996191
    outer loop
      vertex -0.558436 -0.0984669 19.9876
      vertex -1.67106 -0.294653 19.8888
      vertex -0.547729 -0.146764 19.9876
    endloop
  endfacet
  facet normal -0.0113836 0.0864536 0.996191
    outer loop
      vertex -0.0494213 0.564894 19.9876
      vertex -0.294653 1.67106 19.8888
      vertex -0.0984669 0.558436 19.9876
    endloop
  endfacet
  facet normal 0.0530841 0.0691795 0.996191
    outer loop
      vertex 1.09071 1.29986 19.8888
      vertex 0.325247 0.464501 19.9876
      vertex 0.364493 0.434386 19.9876
    endloop
  endfacet
  facet normal 0.102936 -0.326475 0.939584
    outer loop
      vertex 1.33702 -3.67342 19.3983
      vertex 1.01177 -3.77597 19.3983
      vertex 1.28759 -4.80537 19.0104
    endloop
  endfacet
  facet normal 0.0333706 -0.0805619 0.996191
    outer loop
      vertex 0.717115 -1.53786 19.8888
      vertex 0.239646 -0.513924 19.9876
      vertex 0.580353 -1.59451 19.8888
    endloop
  endfacet
  facet normal -0.165818 0.0522781 0.98477
    outer loop
      vertex -1.59451 0.580353 19.8888
      vertex -2.64403 0.962347 19.6918
      vertex -1.63902 0.439174 19.8888
    endloop
  endfacet
  facet normal 0.169742 -0.0376315 0.98477
    outer loop
      vertex 1.67106 -0.294653 19.8888
      vertex 1.63902 -0.439174 19.8888
      vertex 2.71784 -0.728243 19.6918
    endloop
  endfacet
  facet normal 0.00380539 -0.0871169 0.996191
    outer loop
      vertex 0 -0.567052 19.9876
      vertex 0 -1.69684 19.8888
      vertex 0.147889 -1.69038 19.8888
    endloop
  endfacet
  facet normal 0.0991207 -0.23931 0.965871
    outer loop
      vertex 1.65209 -3.54292 19.3983
      vertex 1.18913 -2.55009 19.6918
      vertex 1.33702 -3.67342 19.3983
    endloop
  endfacet
  facet normal 0.247039 -0.0778904 0.96587
    outer loop
      vertex 3.77597 -1.01177 19.3983
      vertex 2.64403 -0.962347 19.6918
      vertex 3.67342 -1.33702 19.3983
    endloop
  endfacet
  facet normal 0.247039 -0.0778883 0.96587
    outer loop
      vertex 2.71784 -0.728243 19.6918
      vertex 2.64403 -0.962347 19.6918
      vertex 3.77597 -1.01177 19.3983
    endloop
  endfacet
  facet normal 0.137939 -0.105837 0.98477
    outer loop
      vertex 1.38997 -0.973268 19.8888
      vertex 1.29986 -1.09071 19.8888
      vertex 2.30486 -1.61388 19.6918
    endloop
  endfacet
  facet normal 0.15422 -0.0802799 0.98477
    outer loop
      vertex 2.55009 -1.18913 19.6918
      vertex 1.46951 -0.84842 19.8888
      vertex 2.43675 -1.40686 19.6918
    endloop
  endfacet
  facet normal 0.0642913 0.0589097 0.996191
    outer loop
      vertex 1.29986 1.09071 19.8888
      vertex 0.400966 0.400966 19.9876
      vertex 0.434386 0.364493 19.9876
    endloop
  endfacet
  facet normal 0.0802799 0.15422 0.98477
    outer loop
      vertex 1.18913 2.55009 19.6918
      vertex 0.84842 1.46951 19.8888
      vertex 1.40686 2.43675 19.6918
    endloop
  endfacet
  facet normal 0.119603 0.229762 0.96587
    outer loop
      vertex 1.95459 3.38544 19.3983
      vertex 1.18913 2.55009 19.6918
      vertex 1.40686 2.43675 19.6918
    endloop
  endfacet
  facet normal 0.0805625 -0.0333687 0.996191
    outer loop
      vertex 0.532854 -0.193943 19.9876
      vertex 0.513924 -0.239646 19.9876
      vertex 1.59451 -0.580353 19.8888
    endloop
  endfacet
  facet normal -0.0735427 0.0468536 0.996191
    outer loop
      vertex -1.38997 0.973268 19.8888
      vertex -1.46951 0.84842 19.8888
      vertex -0.491081 0.283525 19.9876
    endloop
  endfacet
  facet normal 0.117459 0.128189 0.98477
    outer loop
      vertex 1.80862 2.15543 19.6918
      vertex 1.09071 1.29986 19.8888
      vertex 1.9896 1.9896 19.6918
    endloop
  endfacet
  facet normal 0.174993 0.19098 0.96587
    outer loop
      vertex 2.7642 2.7642 19.3983
      vertex 1.80862 2.15543 19.6918
      vertex 1.9896 1.9896 19.6918
    endloop
  endfacet
  facet normal -0.0871171 0.003804 0.996191
    outer loop
      vertex -0.564894 0.0494213 19.9876
      vertex -1.69038 0.147889 19.8888
      vertex -0.567052 0 19.9876
    endloop
  endfacet
  facet normal -0.15045 0.477165 0.86584
    outer loop
      vertex -1.80782 6.74689 17.9641
      vertex -2.05305 5.64072 18.5311
      vertex -1.55362 5.79819 18.5311
    endloop
  endfacet
  facet normal -0.127185 0.403379 0.906151
    outer loop
      vertex -1.55362 5.79819 18.5311
      vertex -2.05305 5.64072 18.5311
      vertex -1.28759 4.80537 19.0104
    endloop
  endfacet
  facet normal 0.0560687 0.252886 0.96587
    outer loop
      vertex 1.01177 3.77597 19.3983
      vertex 0.678821 3.84979 19.3983
      vertex 0.728243 2.71784 19.6918
    endloop
  endfacet
  facet normal 0.0149262 0.341994 0.939584
    outer loop
      vertex 0.433589 4.95595 19.0104
      vertex 0 3.90917 19.3983
      vertex 0.340707 3.8943 19.3983
    endloop
  endfacet
  facet normal -0.0184481 0.42255 0.906152
    outer loop
      vertex 0 6.00273 18.5311
      vertex -0.433589 4.95595 19.0104
      vertex 0 4.97488 19.0104
    endloop
  endfacet
  facet normal 0.0184481 0.42255 0.906152
    outer loop
      vertex 0 6.00273 18.5311
      vertex 0 4.97488 19.0104
      vertex 0.433589 4.95595 19.0104
    endloop
  endfacet
  facet normal 0.124224 0.560341 0.818893
    outer loop
      vertex 1.37423 7.79367 17.3136
      vertex 1.21291 6.87878 17.9641
      vertex 2.04827 7.64424 17.3136
    endloop
  endfacet
  facet normal 0.139203 0.62791 0.765736
    outer loop
      vertex 1.52509 8.64924 16.5846
      vertex 1.37423 7.79367 17.3136
      vertex 2.04827 7.64424 17.3136
    endloop
  endfacet
  facet normal 0.130994 0.316263 0.939584
    outer loop
      vertex 2.10248 4.50878 19.0104
      vertex 1.33702 3.67342 19.3983
      vertex 1.65209 3.54292 19.3983
    endloop
  endfacet
  facet normal 0.0991207 0.23931 0.965871
    outer loop
      vertex 1.33702 3.67342 19.3983
      vertex 1.18913 2.55009 19.6918
      vertex 1.65209 3.54292 19.3983
    endloop
  endfacet
  facet normal 0.102938 0.326475 0.939584
    outer loop
      vertex 1.70151 4.67486 19.0104
      vertex 1.28759 4.80537 19.0104
      vertex 1.33702 3.67342 19.3983
    endloop
  endfacet
  facet normal 0.130995 0.316263 0.939584
    outer loop
      vertex 1.70151 4.67486 19.0104
      vertex 1.33702 3.67342 19.3983
      vertex 2.10248 4.50878 19.0104
    endloop
  endfacet
  facet normal 0.102936 0.326475 0.939584
    outer loop
      vertex 1.28759 4.80537 19.0104
      vertex 1.01177 3.77597 19.3983
      vertex 1.33702 3.67342 19.3983
    endloop
  endfacet
  facet normal 0.056065 0.252886 0.96587
    outer loop
      vertex 0.678821 3.84979 19.3983
      vertex 0.488596 2.77097 19.6918
      vertex 0.728243 2.71784 19.6918
    endloop
  endfacet
  facet normal 0.172592 0.547379 0.818894
    outer loop
      vertex 2.70671 7.43663 17.3136
      vertex 2.04827 7.64424 17.3136
      vertex 2.38897 6.56365 17.9641
    endloop
  endfacet
  facet normal 0.108291 0.488462 0.86584
    outer loop
      vertex 1.80782 6.74689 17.9641
      vertex 1.21291 6.87878 17.9641
      vertex 1.55362 5.79819 18.5311
    endloop
  endfacet
  facet normal 0.308384 0.484055 0.818895
    outer loop
      vertex 4.53923 6.48269 17.3136
      vertex 3.49245 6.0491 17.9641
      vertex 4.00637 5.72169 17.9641
    endloop
  endfacet
  facet normal 0.308379 0.484063 0.818893
    outer loop
      vertex 3.95695 6.85364 17.3136
      vertex 3.49245 6.0491 17.9641
      vertex 4.53923 6.48269 17.3136
    endloop
  endfacet
  facet normal -0.0522801 0.165817 0.98477
    outer loop
      vertex -0.728243 2.71784 19.6918
      vertex -0.962347 2.64403 19.6918
      vertex -0.439174 1.63902 19.8888
    endloop
  endfacet
  facet normal -0.0522781 0.165818 0.98477
    outer loop
      vertex -0.439174 1.63902 19.8888
      vertex -0.962347 2.64403 19.6918
      vertex -0.580353 1.59451 19.8888
    endloop
  endfacet
  facet normal -0.014931 0.341992 0.939584
    outer loop
      vertex 0 4.97488 19.0104
      vertex -0.433589 4.95595 19.0104
      vertex 0 3.90917 19.3983
    endloop
  endfacet
  facet normal -0.0740884 0.334207 0.939583
    outer loop
      vertex -0.863879 4.8993 19.0104
      vertex -1.28759 4.80537 19.0104
      vertex -0.678821 3.84979 19.3983
    endloop
  endfacet
  facet normal -0.0112912 0.258781 0.96587
    outer loop
      vertex 0 2.81371 19.6918
      vertex -0.340707 3.8943 19.3983
      vertex -0.245231 2.80301 19.6918
    endloop
  endfacet
  facet normal -0.0338102 0.256811 0.96587
    outer loop
      vertex -0.340707 3.8943 19.3983
      vertex -0.488596 2.77097 19.6918
      vertex -0.245231 2.80301 19.6918
    endloop
  endfacet
  facet normal 0.037632 0.169742 0.98477
    outer loop
      vertex 0.488596 2.77097 19.6918
      vertex 0.294653 1.67106 19.8888
      vertex 0.728243 2.71784 19.6918
    endloop
  endfacet
  facet normal 0.0740977 0.334202 0.939584
    outer loop
      vertex 1.28759 4.80537 19.0104
      vertex 0.678821 3.84979 19.3983
      vertex 1.01177 3.77597 19.3983
    endloop
  endfacet
  facet normal -0.0402657 0.0773462 0.996191
    outer loop
      vertex -0.239646 0.513924 19.9876
      vertex -0.84842 1.46951 19.8888
      vertex -0.283525 0.491081 19.9876
    endloop
  endfacet
  facet normal -0.0831646 0.0262196 0.996191
    outer loop
      vertex -1.59451 0.580353 19.8888
      vertex -1.63902 0.439174 19.8888
      vertex -0.532854 0.193943 19.9876
    endloop
  endfacet
  facet normal 0.0831646 -0.0262196 0.996191
    outer loop
      vertex 1.63902 -0.439174 19.8888
      vertex 0.532854 -0.193943 19.9876
      vertex 1.59451 -0.580353 19.8888
    endloop
  endfacet
  facet normal -0.0262196 -0.0831646 0.996191
    outer loop
      vertex -0.193943 -0.532854 19.9876
      vertex -0.580353 -1.59451 19.8888
      vertex -0.439174 -1.63902 19.8888
    endloop
  endfacet
  facet normal -0.826173 0.260469 0.499593
    outer loop
      vertex -10.3029 3.74994 13.9849
      vertex -10.8357 3.94388 13.0027
      vertex -10.5905 2.83771 13.9849
    endloop
  endfacet
  facet normal -0.845721 0.187471 0.49961
    outer loop
      vertex -10.5905 2.83771 13.9849
      vertex -11.1382 2.98448 13.0027
      vertex -10.7975 1.90389 13.9849
    endloop
  endfacet
  facet normal -0.339391 0.0446781 0.939584
    outer loop
      vertex -3.84979 0.678821 19.3983
      vertex -4.95595 0.433589 19.0104
      vertex -3.8943 0.340707 19.3983
    endloop
  endfacet
  facet normal -0.25681 0.033807 0.96587
    outer loop
      vertex -3.84979 0.678821 19.3983
      vertex -3.8943 0.340707 19.3983
      vertex -2.77097 0.488596 19.6918
    endloop
  endfacet
  facet normal -0.247039 0.0778883 0.96587
    outer loop
      vertex -2.64403 0.962347 19.6918
      vertex -3.77597 1.01177 19.3983
      vertex -2.71784 0.728243 19.6918
    endloop
  endfacet
  facet normal -0.169742 0.0376315 0.98477
    outer loop
      vertex -1.63902 0.439174 19.8888
      vertex -2.71784 0.728243 19.6918
      vertex -1.67106 0.294653 19.8888
    endloop
  endfacet
  facet normal -0.271579 0.208392 0.939584
    outer loop
      vertex -2.9946 2.51277 19.3983
      vertex -3.81098 3.19779 19.0104
      vertex -3.20221 2.24221 19.3983
    endloop
  endfacet
  facet normal -0.174999 0.190972 0.96587
    outer loop
      vertex -2.51277 2.9946 19.3983
      vertex -2.7642 2.7642 19.3983
      vertex -1.80862 2.15543 19.6918
    endloop
  endfacet
  facet normal -0.229762 0.119603 0.96587
    outer loop
      vertex -2.43675 1.40686 19.6918
      vertex -3.38544 1.95459 19.3983
      vertex -2.55009 1.18913 19.6918
    endloop
  endfacet
  facet normal -0.205498 0.157686 0.96587
    outer loop
      vertex -2.9946 2.51277 19.3983
      vertex -3.20221 2.24221 19.3983
      vertex -2.30486 1.61388 19.6918
    endloop
  endfacet
  facet normal -0.443795 0.231016 0.865839
    outer loop
      vertex -6.0491 3.49245 17.9641
      vertex -6.33046 2.95194 17.9641
      vertex -5.19852 3.00137 18.5311
    endloop
  endfacet
  facet normal -0.462239 0.191465 0.865839
    outer loop
      vertex -5.44032 2.53686 18.5311
      vertex -6.33046 2.95194 17.9641
      vertex -5.64072 2.05305 18.5311
    endloop
  endfacet
  facet normal -0.218458 0.139177 0.96587
    outer loop
      vertex -2.30486 1.61388 19.6918
      vertex -3.20221 2.24221 19.3983
      vertex -2.43675 1.40686 19.6918
    endloop
  endfacet
  facet normal -0.231272 0.252381 0.939584
    outer loop
      vertex -2.51277 2.9946 19.3983
      vertex -3.19779 3.81098 19.0104
      vertex -2.7642 2.7642 19.3983
    endloop
  endfacet
  facet normal -0.257486 0.335547 0.906151
    outer loop
      vertex -2.85348 4.07519 19.0104
      vertex -3.44303 4.91715 18.5311
      vertex -3.19779 3.81098 19.0104
    endloop
  endfacet
  facet normal -0.308384 0.484055 0.818895
    outer loop
      vertex -3.49245 6.0491 17.9641
      vertex -4.53923 6.48269 17.3136
      vertex -4.00637 5.72169 17.9641
    endloop
  endfacet
  facet normal -0.474176 0.43451 0.76574
    outer loop
      vertex -5.59597 5.59597 17.3136
      vertex -6.21029 6.21029 16.5846
      vertex -6.0624 5.08696 17.3136
    endloop
  endfacet
  facet normal -0.396931 0.30458 0.865839
    outer loop
      vertex -4.59836 3.85848 18.5311
      vertex -5.35074 4.4898 17.9641
      vertex -4.91715 3.44303 18.5311
    endloop
  endfacet
  facet normal -0.316263 0.130995 0.939584
    outer loop
      vertex -4.50878 2.10248 19.0104
      vertex -4.67486 1.70151 19.0104
      vertex -3.67342 1.33702 19.3983
    endloop
  endfacet
  facet normal -0.390761 0.161852 0.906151
    outer loop
      vertex -4.50878 2.10248 19.0104
      vertex -5.64072 2.05305 18.5311
      vertex -4.67486 1.70151 19.0104
    endloop
  endfacet
  facet normal -0.122613 0.931762 0.34174
    outer loop
      vertex -1.04678 11.9647 11.9749
      vertex -2.15295 12.21 10.9092
      vertex -2.08559 11.828 11.9749
    endloop
  endfacet
  facet normal -0.0394687 0.905619 0.422253
    outer loop
      vertex 0 11.5311 13.0027
      vertex -1.04678 11.9647 11.9749
      vertex -1.005 11.4873 13.0027
    endloop
  endfacet
  facet normal -0.646339 0.411762 0.642416
    outer loop
      vertex -7.85125 5.4975 15.7827
      vertex -8.4484 5.91563 14.9139
      vertex -8.30051 4.7923 15.7827
    endloop
  endfacet
  facet normal -0.596639 0.380099 0.706786
    outer loop
      vertex -7.85125 5.4975 15.7827
      vertex -8.30051 4.7923 15.7827
      vertex -7.19434 5.03753 16.5846
    endloop
  endfacet
  facet normal -0.466524 0.60799 0.64242
    outer loop
      vertex -5.91563 8.4484 14.9139
      vertex -6.62945 7.90067 14.9139
      vertex -6.16086 7.34223 15.7827
    endloop
  endfacet
  facet normal -0.477929 0.521577 0.706783
    outer loop
      vertex -6.16086 7.34223 15.7827
      vertex -6.77734 6.77734 15.7827
      vertex -6.21029 6.21029 16.5846
    endloop
  endfacet
  facet normal -0.594198 0.246125 0.765736
    outer loop
      vertex -7.9598 3.71172 16.5846
      vertex -8.25301 3.00385 16.5846
      vertex -7.17243 3.34456 17.3136
    endloop
  endfacet
  facet normal -0.594198 0.246119 0.765738
    outer loop
      vertex -7.17243 3.34456 17.3136
      vertex -8.25301 3.00385 16.5846
      vertex -7.43663 2.70671 17.3136
    endloop
  endfacet
  facet normal -0.0991207 0.23931 0.965871
    outer loop
      vertex -1.33702 3.67342 19.3983
      vertex -1.65209 3.54292 19.3983
      vertex -1.18913 2.55009 19.6918
    endloop
  endfacet
  facet normal -0.130994 0.316263 0.939584
    outer loop
      vertex -1.33702 3.67342 19.3983
      vertex -2.10248 4.50878 19.0104
      vertex -1.65209 3.54292 19.3983
    endloop
  endfacet
  facet normal -0.105843 0.137936 0.984769
    outer loop
      vertex -1.61388 2.30486 19.6918
      vertex -1.80862 2.15543 19.6918
      vertex -1.09071 1.29986 19.8888
    endloop
  endfacet
  facet normal -0.117459 0.128189 0.98477
    outer loop
      vertex -1.80862 2.15543 19.6918
      vertex -1.9896 1.9896 19.6918
      vertex -1.09071 1.29986 19.8888
    endloop
  endfacet
  facet normal -0.0851329 -0.0188738 0.996191
    outer loop
      vertex -0.547729 -0.146764 19.9876
      vertex -1.67106 -0.294653 19.8888
      vertex -1.63902 -0.439174 19.8888
    endloop
  endfacet
  facet normal -0.0333706 0.0805619 0.996191
    outer loop
      vertex -0.580353 1.59451 19.8888
      vertex -0.717115 1.53786 19.8888
      vertex -0.239646 0.513924 19.9876
    endloop
  endfacet
  facet normal -0.212729 0.674685 0.706786
    outer loop
      vertex -2.48068 9.25802 15.7827
      vertex -3.00385 8.25301 16.5846
      vertex -2.27312 8.48341 16.5846
    endloop
  endfacet
  facet normal -0.212732 0.674685 0.706785
    outer loop
      vertex -2.48068 9.25802 15.7827
      vertex -3.27813 9.00658 15.7827
      vertex -3.00385 8.25301 16.5846
    endloop
  endfacet
  facet normal -0.265017 0.509093 0.818896
    outer loop
      vertex -3.34456 7.17243 17.3136
      vertex -3.95695 6.85364 17.3136
      vertex -2.95194 6.33046 17.9641
    endloop
  endfacet
  facet normal -0.219638 0.530253 0.818896
    outer loop
      vertex -2.38897 6.56365 17.9641
      vertex -3.34456 7.17243 17.3136
      vertex -2.95194 6.33046 17.9641
    endloop
  endfacet
  facet normal -0.150453 0.477166 0.865839
    outer loop
      vertex -1.80782 6.74689 17.9641
      vertex -2.38897 6.56365 17.9641
      vertex -2.05305 5.64072 18.5311
    endloop
  endfacet
  facet normal -0.270722 0.653579 0.706785
    outer loop
      vertex -3.27813 9.00658 15.7827
      vertex -3.71172 7.9598 16.5846
      vertex -3.00385 8.25301 16.5846
    endloop
  endfacet
  facet normal 0.177345 0.799986 0.573211
    outer loop
      vertex 2.83771 10.5905 13.9849
      vertex 1.79094 10.1569 14.9139
      vertex 2.66935 9.96217 14.9139
    endloop
  endfacet
  facet normal 0.106999 0.812396 0.573204
    outer loop
      vertex 1.90389 10.7975 13.9849
      vertex 0.955583 10.9224 13.9849
      vertex 1.79094 10.1569 14.9139
    endloop
  endfacet
  facet normal -0.326655 0.627496 0.706785
    outer loop
      vertex -4.05063 8.6866 15.7827
      vertex -4.7923 8.30051 15.7827
      vertex -3.71172 7.9598 16.5846
    endloop
  endfacet
  facet normal -0.270721 0.653579 0.706785
    outer loop
      vertex -3.27813 9.00658 15.7827
      vertex -4.05063 8.6866 15.7827
      vertex -3.71172 7.9598 16.5846
    endloop
  endfacet
  facet normal -0.293275 0.708018 0.642418
    outer loop
      vertex -3.52746 9.69161 14.9139
      vertex -4.35871 9.34729 14.9139
      vertex -4.05063 8.6866 15.7827
    endloop
  endfacet
  facet normal -0.293271 0.708018 0.64242
    outer loop
      vertex -3.52746 9.69161 14.9139
      vertex -4.05063 8.6866 15.7827
      vertex -3.27813 9.00658 15.7827
    endloop
  endfacet
  facet normal 0.0357894 0.818592 0.57326
    outer loop
      vertex 0.955583 10.9224 13.9849
      vertex 0 10.3136 14.9139
      vertex 0.898889 10.2743 14.9139
    endloop
  endfacet
  facet normal 0.0999977 0.759822 0.642395
    outer loop
      vertex 0.898889 10.2743 14.9139
      vertex 0.835353 9.54813 15.7827
      vertex 1.79094 10.1569 14.9139
    endloop
  endfacet
  facet normal -0.165863 0.748192 0.642416
    outer loop
      vertex -1.79094 10.1569 14.9139
      vertex -2.66935 9.96217 14.9139
      vertex -1.66435 9.43899 15.7827
    endloop
  endfacet
  facet normal -0.230447 0.730886 0.642417
    outer loop
      vertex -2.66935 9.96217 14.9139
      vertex -3.52746 9.69161 14.9139
      vertex -2.48068 9.25802 15.7827
    endloop
  endfacet
  facet normal -0.0308641 0.706756 0.706784
    outer loop
      vertex 0 9.58461 15.7827
      vertex -0.835353 9.54813 15.7827
      vertex -0.76546 8.74925 16.5846
    endloop
  endfacet
  facet normal 0.0334744 0.765642 0.642395
    outer loop
      vertex 0.898889 10.2743 14.9139
      vertex 0 10.3136 14.9139
      vertex 0.835353 9.54813 15.7827
    endloop
  endfacet
  facet normal -0.551816 0.719139 0.422301
    outer loop
      vertex -6.8889 9.83837 11.9749
      vertex -7.41207 8.83337 13.0027
      vertex -6.61399 9.44576 13.0027
    endloop
  endfacet
  facet normal -0.527334 0.687233 0.499629
    outer loop
      vertex -6.61399 9.44576 13.0027
      vertex -7.04758 8.39898 13.9849
      vertex -6.28874 8.98126 13.9849
    endloop
  endfacet
  facet normal -0.359624 0.868251 0.341776
    outer loop
      vertex -4.24047 11.6506 10.9092
      vertex -5.23976 11.2367 10.9092
      vertex -5.07583 10.8851 11.9749
    endloop
  endfacet
  facet normal -0.359669 0.868247 0.341738
    outer loop
      vertex -4.24047 11.6506 10.9092
      vertex -5.07583 10.8851 11.9749
      vertex -4.10781 11.2861 11.9749
    endloop
  endfacet
  facet normal -0.396933 -0.304579 0.865838
    outer loop
      vertex -4.91715 -3.44303 18.5311
      vertex -5.72169 -4.00637 17.9641
      vertex -5.35074 -4.4898 17.9641
    endloop
  endfacet
  facet normal -0.421966 -0.268828 0.865838
    outer loop
      vertex -4.91715 -3.44303 18.5311
      vertex -6.0491 -3.49245 17.9641
      vertex -5.72169 -4.00637 17.9641
    endloop
  endfacet
  facet normal -0.542431 -0.345563 0.765738
    outer loop
      vertex -6.85364 -3.95695 17.3136
      vertex -7.60602 -4.39134 16.5846
      vertex -6.48269 -4.53923 17.3136
    endloop
  endfacet
  facet normal -0.484063 -0.308379 0.818893
    outer loop
      vertex -6.0491 -3.49245 17.9641
      vertex -6.85364 -3.95695 17.3136
      vertex -6.48269 -4.53923 17.3136
    endloop
  endfacet
  facet normal -0.573397 -0.0250354 0.818895
    outer loop
      vertex -6.98489 0 17.9641
      vertex -7.9139 0 17.3136
      vertex -6.95831 -0.608773 17.9641
    endloop
  endfacet
  facet normal -0.499849 -0.0218242 0.865838
    outer loop
      vertex -5.97989 -0.523172 18.5311
      vertex -6.98489 0 17.9641
      vertex -6.95831 -0.608773 17.9641
    endloop
  endfacet
  facet normal -0.608742 0.793368 0
    outer loop
      vertex -7.4494 10.6388 7
      vertex -8.34828 9.9491 7.56705
      vertex -7.4494 10.6388 7.56705
    endloop
  endfacet
  facet normal -0.608742 0.793368 0
    outer loop
      vertex -8.34828 9.9491 7.56705
      vertex -7.4494 10.6388 7
      vertex -8.34828 9.9491 7
    endloop
  endfacet
  facet normal -0.675587 0.73728 0
    outer loop
      vertex -8.34828 9.9491 7
      vertex -9.18364 9.18364 7.56705
      vertex -8.34828 9.9491 7.56705
    endloop
  endfacet
  facet normal -0.675587 0.73728 0
    outer loop
      vertex -9.18364 9.18364 7.56705
      vertex -8.34828 9.9491 7
      vertex -9.18364 9.18364 7
    endloop
  endfacet
  facet normal -0.712203 0.652615 0.258576
    outer loop
      vertex -8.97449 8.97449 9.81371
      vertex -9.72252 8.15816 9.81371
      vertex -8.76694 8.76694 10.9092
    endloop
  endfacet
  facet normal -0.652615 0.712203 0.258576
    outer loop
      vertex -8.15816 9.72252 9.81371
      vertex -8.97449 8.97449 9.81371
      vertex -8.76694 8.76694 10.9092
    endloop
  endfacet
  facet normal -0.800311 0.331525 0.499594
    outer loop
      vertex -9.93684 4.63362 13.9849
      vertex -10.8357 3.94388 13.0027
      vertex -10.3029 3.74994 13.9849
    endloop
  endfacet
  facet normal -0.800309 0.331442 0.499651
    outer loop
      vertex -10.4508 4.87327 13.0027
      vertex -10.8357 3.94388 13.0027
      vertex -9.93684 4.63362 13.9849
    endloop
  endfacet
  facet normal -0.708018 0.293271 0.64242
    outer loop
      vertex -8.6866 4.05063 15.7827
      vertex -9.69161 3.52746 14.9139
      vertex -9.00658 3.27813 15.7827
    endloop
  endfacet
  facet normal -0.708018 0.293275 0.642418
    outer loop
      vertex -9.34729 4.35871 14.9139
      vertex -9.69161 3.52746 14.9139
      vertex -8.6866 4.05063 15.7827
    endloop
  endfacet
  facet normal -0.418553 0.804049 0.422279
    outer loop
      vertex -5.07583 10.8851 11.9749
      vertex -6.00522 10.4013 11.9749
      vertex -5.76557 9.98626 13.0027
    endloop
  endfacet
  facet normal -0.399979 0.768352 0.499651
    outer loop
      vertex -4.87327 10.4508 13.0027
      vertex -5.48204 9.49518 13.9849
      vertex -4.63362 9.93684 13.9849
    endloop
  endfacet
  facet normal -0.604129 0.553585 0.573212
    outer loop
      vertex -7.29281 7.29281 14.9139
      vertex -8.39898 7.04758 13.9849
      vertex -7.90067 6.62945 14.9139
    endloop
  endfacet
  facet normal -0.638661 0.585221 0.499628
    outer loop
      vertex -8.15375 8.15375 13.0027
      vertex -8.83337 7.41207 13.0027
      vertex -8.39898 7.04758 13.9849
    endloop
  endfacet
  facet normal -0.766344 0.588076 0.258619
    outer loop
      vertex -9.72252 8.15816 9.81371
      vertex -10.3966 7.27974 9.81371
      vertex -10.1561 7.11138 10.9092
    endloop
  endfacet
  facet normal -0.814687 0.519059 0.258579
    outer loop
      vertex -10.1561 7.11138 10.9092
      vertex -10.9915 6.34592 9.81371
      vertex -10.7373 6.19916 10.9092
    endloop
  endfacet
  facet normal -0.898711 -0.118264 0.422295
    outer loop
      vertex -11.356 -2.00236 13.0027
      vertex -11.9647 -1.04678 11.9749
      vertex -11.828 -2.08559 11.9749
    endloop
  endfacet
  facet normal -0.931762 -0.122613 0.34174
    outer loop
      vertex -11.9647 -1.04678 11.9749
      vertex -12.21 -2.15295 10.9092
      vertex -11.828 -2.08559 11.9749
    endloop
  endfacet
  facet normal -0.792615 -0.504919 0.341787
    outer loop
      vertex -10.4013 -6.00522 11.9749
      vertex -10.7373 -6.19916 10.9092
      vertex -9.83837 -6.8889 11.9749
    endloop
  endfacet
  facet normal -0.792598 -0.504985 0.34173
    outer loop
      vertex -9.83837 -6.8889 11.9749
      vertex -10.7373 -6.19916 10.9092
      vertex -10.1561 -7.11138 10.9092
    endloop
  endfacet
  facet normal -0.691081 -0.440263 0.573214
    outer loop
      vertex -8.4484 -5.91563 14.9139
      vertex -9.49518 -5.48204 13.9849
      vertex -8.98126 -6.28874 13.9849
    endloop
  endfacet
  facet normal -0.726823 -0.378361 0.573212
    outer loop
      vertex -9.34729 -4.35871 14.9139
      vertex -9.49518 -5.48204 13.9849
      vertex -8.93183 -5.1568 14.9139
    endloop
  endfacet
  facet normal -0.627496 -0.326655 0.706785
    outer loop
      vertex -7.9598 -3.71172 16.5846
      vertex -8.6866 -4.05063 15.7827
      vertex -8.30051 -4.7923 15.7827
    endloop
  endfacet
  facet normal -0.646336 -0.411763 0.642418
    outer loop
      vertex -8.30051 -4.7923 15.7827
      vertex -8.93183 -5.1568 14.9139
      vertex -8.4484 -5.91563 14.9139
    endloop
  endfacet
  facet normal -0.169742 -0.037632 0.98477
    outer loop
      vertex -1.67106 -0.294653 19.8888
      vertex -2.77097 -0.488596 19.6918
      vertex -2.71784 -0.728243 19.6918
    endloop
  endfacet
  facet normal -0.169742 -0.0376315 0.98477
    outer loop
      vertex -1.67106 -0.294653 19.8888
      vertex -2.71784 -0.728243 19.6918
      vertex -1.63902 -0.439174 19.8888
    endloop
  endfacet
  facet normal -0.00758743 -0.173699 0.984769
    outer loop
      vertex 0 -1.69684 19.8888
      vertex -0.147889 -1.69038 19.8888
      vertex 0 -2.81371 19.6918
    endloop
  endfacet
  facet normal -0.146634 -0.093419 0.98477
    outer loop
      vertex -1.38997 -0.973268 19.8888
      vertex -2.43675 -1.40686 19.6918
      vertex -2.30486 -1.61388 19.6918
    endloop
  endfacet
  facet normal -0.375163 -0.1953 0.906151
    outer loop
      vertex -4.50878 -2.10248 19.0104
      vertex -5.19852 -3.00137 18.5311
      vertex -4.30838 -2.48744 19.0104
    endloop
  endfacet
  facet normal -0.257486 -0.335547 0.906151
    outer loop
      vertex -3.19779 -3.81098 19.0104
      vertex -3.44303 -4.91715 18.5311
      vertex -2.85348 -4.07519 19.0104
    endloop
  endfacet
  facet normal -0.183925 -0.288709 0.939584
    outer loop
      vertex -2.24221 -3.20221 19.3983
      vertex -2.85348 -4.07519 19.0104
      vertex -2.48744 -4.30838 19.0104
    endloop
  endfacet
  facet normal -0.195294 -0.37517 0.90615
    outer loop
      vertex -2.10248 -4.50878 19.0104
      vertex -3.00137 -5.19852 18.5311
      vertex -2.53686 -5.44032 18.5311
    endloop
  endfacet
  facet normal -0.1953 -0.375163 0.906151
    outer loop
      vertex -2.48744 -4.30838 19.0104
      vertex -3.00137 -5.19852 18.5311
      vertex -2.10248 -4.50878 19.0104
    endloop
  endfacet
  facet normal -0.0522801 -0.165817 0.98477
    outer loop
      vertex -0.439174 -1.63902 19.8888
      vertex -0.962347 -2.64403 19.6918
      vertex -0.728243 -2.71784 19.6918
    endloop
  endfacet
  facet normal -0.161858 -0.390761 0.90615
    outer loop
      vertex -2.10248 -4.50878 19.0104
      vertex -2.53686 -5.44032 18.5311
      vertex -2.05305 -5.64072 18.5311
    endloop
  endfacet
  facet normal 0.338009 -0.368881 0.865839
    outer loop
      vertex 4.93907 -4.93907 17.9641
      vertex 3.85848 -4.59836 18.5311
      vertex 4.4898 -5.35074 17.9641
    endloop
  endfacet
  facet normal 0.387749 -0.423164 0.818891
    outer loop
      vertex 4.93907 -4.93907 17.9641
      vertex 4.4898 -5.35074 17.9641
      vertex 5.59597 -5.59597 17.3136
    endloop
  endfacet
  facet normal 0.434507 -0.474186 0.765736
    outer loop
      vertex 6.21029 -6.21029 16.5846
      vertex 5.08696 -6.0624 17.3136
      vertex 5.64539 -6.72792 16.5846
    endloop
  endfacet
  facet normal 0.43451 -0.474176 0.76574
    outer loop
      vertex 5.59597 -5.59597 17.3136
      vertex 5.08696 -6.0624 17.3136
      vertex 6.21029 -6.21029 16.5846
    endloop
  endfacet
  facet normal 0.455339 -0.349395 0.818895
    outer loop
      vertex 6.48269 -4.53923 17.3136
      vertex 5.35074 -4.4898 17.9641
      vertex 6.0624 -5.08696 17.3136
    endloop
  endfacet
  facet normal 0.510248 -0.391529 0.765736
    outer loop
      vertex 6.48269 -4.53923 17.3136
      vertex 6.0624 -5.08696 17.3136
      vertex 6.72792 -5.64539 16.5846
    endloop
  endfacet
  facet normal -0.565022 -0.517738 0.642415
    outer loop
      vertex -6.77734 -6.77734 15.7827
      vertex -7.34223 -6.16086 15.7827
      vertex -7.29281 -7.29281 14.9139
    endloop
  endfacet
  facet normal -0.517738 -0.565022 0.642415
    outer loop
      vertex -6.77734 -6.77734 15.7827
      vertex -7.29281 -7.29281 14.9139
      vertex -6.16086 -7.34223 15.7827
    endloop
  endfacet
  facet normal -0.293275 -0.708018 0.642418
    outer loop
      vertex -4.05063 -8.6866 15.7827
      vertex -4.35871 -9.34729 14.9139
      vertex -3.52746 -9.69161 14.9139
    endloop
  endfacet
  facet normal -0.353864 -0.679765 0.642417
    outer loop
      vertex -4.05063 -8.6866 15.7827
      vertex -5.1568 -8.93183 14.9139
      vertex -4.35871 -9.34729 14.9139
    endloop
  endfacet
  facet normal -0.462239 -0.191465 0.865839
    outer loop
      vertex -5.64072 -2.05305 18.5311
      vertex -6.33046 -2.95194 17.9641
      vertex -5.44032 -2.53686 18.5311
    endloop
  endfacet
  facet normal -0.443795 -0.231017 0.865839
    outer loop
      vertex -5.44032 -2.53686 18.5311
      vertex -6.33046 -2.95194 17.9641
      vertex -5.19852 -3.00137 18.5311
    endloop
  endfacet
  facet normal 0.0395359 -0.905589 0.422309
    outer loop
      vertex 0 -11.5311 13.0027
      vertex 0 -12.0104 11.9749
      vertex 1.04678 -11.9647 11.9749
    endloop
  endfacet
  facet normal -0.0395359 -0.905589 0.422309
    outer loop
      vertex 0 -11.5311 13.0027
      vertex -1.04678 -11.9647 11.9749
      vertex 0 -12.0104 11.9749
    endloop
  endfacet
  facet normal -0.282623 -0.896285 0.341757
    outer loop
      vertex -3.10853 -11.6012 11.9749
      vertex -4.10781 -11.2861 11.9749
      vertex -3.20892 -11.9759 10.9092
    endloop
  endfacet
  facet normal -0.203405 -0.917512 0.341758
    outer loop
      vertex -3.10853 -11.6012 11.9749
      vertex -3.20892 -11.9759 10.9092
      vertex -2.15295 -12.21 10.9092
    endloop
  endfacet
  facet normal -0.126018 -0.957749 0.258526
    outer loop
      vertex -2.15295 -12.21 10.9092
      vertex -2.20392 -12.499 9.81371
      vertex -1.08058 -12.3511 10.9092
    endloop
  endfacet
  facet normal -0.1226 -0.931768 0.341728
    outer loop
      vertex -1.04678 -11.9647 11.9749
      vertex -2.15295 -12.21 10.9092
      vertex -1.08058 -12.3511 10.9092
    endloop
  endfacet
  facet normal 0.0653005 -0.496045 0.865838
    outer loop
      vertex 1.21291 -6.87878 17.9641
      vertex 0.523172 -5.97989 18.5311
      vertex 0.608773 -6.95831 17.9641
    endloop
  endfacet
  facet normal -0.0250354 -0.573397 0.818895
    outer loop
      vertex 0 -6.98489 17.9641
      vertex -0.608773 -6.95831 17.9641
      vertex 0 -7.9139 17.3136
    endloop
  endfacet
  facet normal 0.0280534 -0.642543 0.765736
    outer loop
      vertex 0 -7.9139 17.3136
      vertex 0 -8.78267 16.5846
      vertex 0.76546 -8.74925 16.5846
    endloop
  endfacet
  facet normal 0.0280588 -0.64254 0.765739
    outer loop
      vertex 0.689741 -7.88378 17.3136
      vertex 0 -7.9139 17.3136
      vertex 0.76546 -8.74925 16.5846
    endloop
  endfacet
  facet normal -0.0218242 -0.499849 0.865838
    outer loop
      vertex -0.523172 -5.97989 18.5311
      vertex -0.608773 -6.95831 17.9641
      vertex 0 -6.98489 17.9641
    endloop
  endfacet
  facet normal -0.0218217 -0.499848 0.865838
    outer loop
      vertex 0 -6.00273 18.5311
      vertex -0.523172 -5.97989 18.5311
      vertex 0 -6.98489 17.9641
    endloop
  endfacet
  facet normal 0.130536 0.991444 -0
    outer loop
      vertex 2.25528 12.7903 7
      vertex 1.13195 12.9382 7.56705
      vertex 2.25528 12.7903 7.56705
    endloop
  endfacet
  facet normal 0.130536 0.991444 0
    outer loop
      vertex 1.13195 12.9382 7.56705
      vertex 2.25528 12.7903 7
      vertex 1.13195 12.9382 7
    endloop
  endfacet
  facet normal -0.0436 0.999049 0
    outer loop
      vertex 0 12.9876 7
      vertex -1.13195 12.9382 7.56705
      vertex 0 12.9876 7.56705
    endloop
  endfacet
  facet normal -0.0436 0.999049 0
    outer loop
      vertex -1.13195 12.9382 7.56705
      vertex 0 12.9876 7
      vertex -1.13195 12.9382 7
    endloop
  endfacet
  facet normal 0.359624 -0.868251 0.341776
    outer loop
      vertex 5.07583 -10.8851 11.9749
      vertex 4.24047 -11.6506 10.9092
      vertex 5.23976 -11.2367 10.9092
    endloop
  endfacet
  facet normal 0.433936 -0.8336 0.341774
    outer loop
      vertex 6.00522 -10.4013 11.9749
      vertex 5.07583 -10.8851 11.9749
      vertex 5.23976 -11.2367 10.9092
    endloop
  endfacet
  facet normal 0.177335 -0.799994 0.573203
    outer loop
      vertex 2.83771 -10.5905 13.9849
      vertex 1.79094 -10.1569 14.9139
      vertex 1.90389 -10.7975 13.9849
    endloop
  endfacet
  facet normal 0.177345 -0.799986 0.573211
    outer loop
      vertex 2.66935 -9.96217 14.9139
      vertex 1.79094 -10.1569 14.9139
      vertex 2.83771 -10.5905 13.9849
    endloop
  endfacet
  facet normal 0.687233 -0.527334 0.499629
    outer loop
      vertex 9.44576 -6.61399 13.0027
      vertex 8.39898 -7.04758 13.9849
      vertex 8.83337 -7.41207 13.0027
    endloop
  endfacet
  facet normal 0.687233 -0.527334 0.499629
    outer loop
      vertex 8.98126 -6.28874 13.9849
      vertex 8.39898 -7.04758 13.9849
      vertex 9.44576 -6.61399 13.0027
    endloop
  endfacet
  facet normal 0.0552074 -0.419333 0.906152
    outer loop
      vertex 0.863879 -4.8993 19.0104
      vertex 0.433589 -4.95595 19.0104
      vertex 1.04236 -5.91154 18.5311
    endloop
  endfacet
  facet normal 0.127186 -0.403378 0.906151
    outer loop
      vertex 1.70151 -4.67486 19.0104
      vertex 1.28759 -4.80537 19.0104
      vertex 2.05305 -5.64072 18.5311
    endloop
  endfacet
  facet normal 0.161858 -0.390761 0.90615
    outer loop
      vertex 2.10248 -4.50878 19.0104
      vertex 2.05305 -5.64072 18.5311
      vertex 2.53686 -5.44032 18.5311
    endloop
  endfacet
  facet normal 0.127185 -0.403379 0.906151
    outer loop
      vertex 2.05305 -5.64072 18.5311
      vertex 1.28759 -4.80537 19.0104
      vertex 1.55362 -5.79819 18.5311
    endloop
  endfacet
  facet normal 0.231016 -0.443795 0.865839
    outer loop
      vertex 3.00137 -5.19852 18.5311
      vertex 2.95194 -6.33046 17.9641
      vertex 3.49245 -6.0491 17.9641
    endloop
  endfacet
  facet normal 0.268824 -0.421967 0.865839
    outer loop
      vertex 3.44303 -4.91715 18.5311
      vertex 3.00137 -5.19852 18.5311
      vertex 3.49245 -6.0491 17.9641
    endloop
  endfacet
  facet normal 0.231017 -0.443795 0.865839
    outer loop
      vertex 3.00137 -5.19852 18.5311
      vertex 2.53686 -5.44032 18.5311
      vertex 2.95194 -6.33046 17.9641
    endloop
  endfacet
  facet normal 0.191465 -0.462238 0.865839
    outer loop
      vertex 2.95194 -6.33046 17.9641
      vertex 2.05305 -5.64072 18.5311
      vertex 2.38897 -6.56365 17.9641
    endloop
  endfacet
  facet normal 0.124226 -0.560339 0.818894
    outer loop
      vertex 1.80782 -6.74689 17.9641
      vertex 1.21291 -6.87878 17.9641
      vertex 2.04827 -7.64424 17.3136
    endloop
  endfacet
  facet normal 0.172592 -0.547379 0.818894
    outer loop
      vertex 2.38897 -6.56365 17.9641
      vertex 1.80782 -6.74689 17.9641
      vertex 2.04827 -7.64424 17.3136
    endloop
  endfacet
  facet normal -0.014931 -0.341992 0.939584
    outer loop
      vertex 0 -3.90917 19.3983
      vertex -0.433589 -4.95595 19.0104
      vertex 0 -4.97488 19.0104
    endloop
  endfacet
  facet normal -0.0184481 -0.42255 0.906152
    outer loop
      vertex 0 -4.97488 19.0104
      vertex -0.433589 -4.95595 19.0104
      vertex 0 -6.00273 18.5311
    endloop
  endfacet
  facet normal -0.0552074 -0.419333 0.906152
    outer loop
      vertex -0.863879 -4.8993 19.0104
      vertex -1.04236 -5.91154 18.5311
      vertex -0.433589 -4.95595 19.0104
    endloop
  endfacet
  facet normal -0.0740884 -0.334207 0.939583
    outer loop
      vertex -0.678821 -3.84979 19.3983
      vertex -1.28759 -4.80537 19.0104
      vertex -0.863879 -4.8993 19.0104
    endloop
  endfacet
  facet normal -0.161852 -0.390761 0.906151
    outer loop
      vertex -1.70151 -4.67486 19.0104
      vertex -2.10248 -4.50878 19.0104
      vertex -2.05305 -5.64072 18.5311
    endloop
  endfacet
  facet normal -0.127186 -0.403378 0.906151
    outer loop
      vertex -1.70151 -4.67486 19.0104
      vertex -2.05305 -5.64072 18.5311
      vertex -1.28759 -4.80537 19.0104
    endloop
  endfacet
  facet normal -0.0308641 -0.706756 0.706784
    outer loop
      vertex -0.76546 -8.74925 16.5846
      vertex -0.835353 -9.54813 15.7827
      vertex 0 -9.58461 15.7827
    endloop
  endfacet
  facet normal -0.033435 -0.765625 0.642418
    outer loop
      vertex 0 -9.58461 15.7827
      vertex -0.835353 -9.54813 15.7827
      vertex 0 -10.3136 14.9139
    endloop
  endfacet
  facet normal -0.106913 -0.812369 0.573259
    outer loop
      vertex -0.898889 -10.2743 14.9139
      vertex -1.79094 -10.1569 14.9139
      vertex -0.955583 -10.9224 13.9849
    endloop
  endfacet
  facet normal -0.0357894 -0.818592 0.57326
    outer loop
      vertex -0.898889 -10.2743 14.9139
      vertex -0.955583 -10.9224 13.9849
      vertex 0 -10.3136 14.9139
    endloop
  endfacet
  facet normal -0.231017 -0.443795 0.865839
    outer loop
      vertex -2.53686 -5.44032 18.5311
      vertex -3.00137 -5.19852 18.5311
      vertex -2.95194 -6.33046 17.9641
    endloop
  endfacet
  facet normal -0.231016 -0.443795 0.865839
    outer loop
      vertex -3.00137 -5.19852 18.5311
      vertex -3.49245 -6.0491 17.9641
      vertex -2.95194 -6.33046 17.9641
    endloop
  endfacet
  facet normal 0.160629 0.0665369 0.98477
    outer loop
      vertex 2.55009 1.18913 19.6918
      vertex 1.59451 0.580353 19.8888
      vertex 2.64403 0.962347 19.6918
    endloop
  endfacet
  facet normal 0.160629 0.0665363 0.98477
    outer loop
      vertex 2.55009 1.18913 19.6918
      vertex 1.53786 0.717115 19.8888
      vertex 1.59451 0.580353 19.8888
    endloop
  endfacet
  facet normal 0.311832 0.285744 0.906152
    outer loop
      vertex 4.59836 3.85848 18.5311
      vertex 3.51777 3.51777 19.0104
      vertex 3.81098 3.19779 19.0104
    endloop
  endfacet
  facet normal 0.335549 0.257479 0.906152
    outer loop
      vertex 4.59836 3.85848 18.5311
      vertex 3.81098 3.19779 19.0104
      vertex 4.91715 3.44303 18.5311
    endloop
  endfacet
  facet normal 0.443795 0.231016 0.865839
    outer loop
      vertex 6.0491 3.49245 17.9641
      vertex 5.19852 3.00137 18.5311
      vertex 6.33046 2.95194 17.9641
    endloop
  endfacet
  facet normal 0.421967 0.268824 0.865839
    outer loop
      vertex 6.0491 3.49245 17.9641
      vertex 4.91715 3.44303 18.5311
      vertex 5.19852 3.00137 18.5311
    endloop
  endfacet
  facet normal 0.455339 0.349395 0.818895
    outer loop
      vertex 6.48269 4.53923 17.3136
      vertex 5.35074 4.4898 17.9641
      vertex 5.72169 4.00637 17.9641
    endloop
  endfacet
  facet normal 0.396933 0.304579 0.865838
    outer loop
      vertex 5.35074 4.4898 17.9641
      vertex 4.91715 3.44303 18.5311
      vertex 5.72169 4.00637 17.9641
    endloop
  endfacet
  facet normal -0.033807 -0.25681 0.96587
    outer loop
      vertex -0.488596 -2.77097 19.6918
      vertex -0.678821 -3.84979 19.3983
      vertex -0.340707 -3.8943 19.3983
    endloop
  endfacet
  facet normal -0.056065 -0.252886 0.96587
    outer loop
      vertex -0.488596 -2.77097 19.6918
      vertex -0.728243 -2.71784 19.6918
      vertex -0.678821 -3.84979 19.3983
    endloop
  endfacet
  facet normal -0.0665363 -0.160629 0.98477
    outer loop
      vertex -0.717115 -1.53786 19.8888
      vertex -1.18913 -2.55009 19.6918
      vertex -0.580353 -1.59451 19.8888
    endloop
  endfacet
  facet normal -0.0778904 -0.247039 0.96587
    outer loop
      vertex -0.962347 -2.64403 19.6918
      vertex -1.33702 -3.67342 19.3983
      vertex -1.01177 -3.77597 19.3983
    endloop
  endfacet
  facet normal -0.139177 -0.218458 0.96587
    outer loop
      vertex -1.61388 -2.30486 19.6918
      vertex -2.24221 -3.20221 19.3983
      vertex -1.40686 -2.43675 19.6918
    endloop
  endfacet
  facet normal -0.119603 -0.229762 0.96587
    outer loop
      vertex -1.40686 -2.43675 19.6918
      vertex -1.95459 -3.38544 19.3983
      vertex -1.18913 -2.55009 19.6918
    endloop
  endfacet
  facet normal -0.0691795 -0.0530841 0.996191
    outer loop
      vertex -0.464501 -0.325247 19.9876
      vertex -1.29986 -1.09071 19.8888
      vertex -0.434386 -0.364493 19.9876
    endloop
  endfacet
  facet normal -0.239309 -0.0991285 0.96587
    outer loop
      vertex -2.64403 -0.962347 19.6918
      vertex -3.67342 -1.33702 19.3983
      vertex -2.55009 -1.18913 19.6918
    endloop
  endfacet
  facet normal -0.130995 -0.316263 0.939584
    outer loop
      vertex -1.33702 -3.67342 19.3983
      vertex -2.10248 -4.50878 19.0104
      vertex -1.70151 -4.67486 19.0104
    endloop
  endfacet
  facet normal -0.102938 -0.326475 0.939584
    outer loop
      vertex -1.33702 -3.67342 19.3983
      vertex -1.70151 -4.67486 19.0104
      vertex -1.28759 -4.80537 19.0104
    endloop
  endfacet
  facet normal -0.0802787 -0.154221 0.98477
    outer loop
      vertex -0.84842 -1.46951 19.8888
      vertex -1.18913 -2.55009 19.6918
      vertex -0.717115 -1.53786 19.8888
    endloop
  endfacet
  facet normal -0.0802799 -0.15422 0.98477
    outer loop
      vertex -0.84842 -1.46951 19.8888
      vertex -1.40686 -2.43675 19.6918
      vertex -1.18913 -2.55009 19.6918
    endloop
  endfacet
  facet normal -0.0113808 0.0864542 0.996191
    outer loop
      vertex -0.147889 1.69038 19.8888
      vertex -0.294653 1.67106 19.8888
      vertex -0.0494213 0.564894 19.9876
    endloop
  endfacet
  facet normal -0.137939 -0.105837 0.98477
    outer loop
      vertex -1.38997 -0.973268 19.8888
      vertex -2.30486 -1.61388 19.6918
      vertex -1.29986 -1.09071 19.8888
    endloop
  endfacet
  facet normal 0.069182 -0.0530814 0.996191
    outer loop
      vertex 1.38997 -0.973268 19.8888
      vertex 0.464501 -0.325247 19.9876
      vertex 1.29986 -1.09071 19.8888
    endloop
  endfacet
  facet normal -0.0188738 -0.0851329 0.996191
    outer loop
      vertex -0.146764 -0.547729 19.9876
      vertex -0.439174 -1.63902 19.8888
      vertex -0.294653 -1.67106 19.8888
    endloop
  endfacet
  facet normal 0.0468536 -0.0735427 0.996191
    outer loop
      vertex 0.973268 -1.38997 19.8888
      vertex 0.283525 -0.491081 19.9876
      vertex 0.84842 -1.46951 19.8888
    endloop
  endfacet
  facet normal 0.033807 -0.25681 0.96587
    outer loop
      vertex 0.488596 -2.77097 19.6918
      vertex 0.340707 -3.8943 19.3983
      vertex 0.678821 -3.84979 19.3983
    endloop
  endfacet
  facet normal 0.130994 -0.316263 0.939584
    outer loop
      vertex 1.65209 -3.54292 19.3983
      vertex 1.33702 -3.67342 19.3983
      vertex 2.10248 -4.50878 19.0104
    endloop
  endfacet
  facet normal 0.0560687 -0.252886 0.96587
    outer loop
      vertex 0.728243 -2.71784 19.6918
      vertex 0.678821 -3.84979 19.3983
      vertex 1.01177 -3.77597 19.3983
    endloop
  endfacet
  facet normal 0.0112943 -0.25878 0.96587
    outer loop
      vertex 0 -2.81371 19.6918
      vertex 0 -3.90917 19.3983
      vertex 0.340707 -3.8943 19.3983
    endloop
  endfacet
  facet normal -0.0773462 0.0402657 0.996191
    outer loop
      vertex -0.491081 0.283525 19.9876
      vertex -1.46951 0.84842 19.8888
      vertex -0.513924 0.239646 19.9876
    endloop
  endfacet
  facet normal -0.0333687 0.0805625 0.996191
    outer loop
      vertex -0.193943 0.532854 19.9876
      vertex -0.580353 1.59451 19.8888
      vertex -0.239646 0.513924 19.9876
    endloop
  endfacet
  facet normal 0.00758743 -0.173699 0.984769
    outer loop
      vertex 0 -1.69684 19.8888
      vertex 0 -2.81371 19.6918
      vertex 0.147889 -1.69038 19.8888
    endloop
  endfacet
  facet normal 0.00757886 -0.173698 0.98477
    outer loop
      vertex 0.147889 -1.69038 19.8888
      vertex 0 -2.81371 19.6918
      vertex 0.245231 -2.80301 19.6918
    endloop
  endfacet
  facet normal 0.169742 -0.037632 0.98477
    outer loop
      vertex 2.77097 -0.488596 19.6918
      vertex 1.67106 -0.294653 19.8888
      vertex 2.71784 -0.728243 19.6918
    endloop
  endfacet
  facet normal 0.172376 -0.0226916 0.98477
    outer loop
      vertex 1.69038 -0.147889 19.8888
      vertex 1.67106 -0.294653 19.8888
      vertex 2.80301 -0.245231 19.6918
    endloop
  endfacet
  facet normal 0.0188738 0.0851329 0.996191
    outer loop
      vertex 0.294653 1.67106 19.8888
      vertex 0.146764 0.547729 19.9876
      vertex 0.439174 1.63902 19.8888
    endloop
  endfacet
  facet normal 0.271579 -0.208392 0.939584
    outer loop
      vertex 3.20221 -2.24221 19.3983
      vertex 2.9946 -2.51277 19.3983
      vertex 3.81098 -3.19779 19.0104
    endloop
  endfacet
  facet normal 0.137936 -0.105843 0.984769
    outer loop
      vertex 2.30486 -1.61388 19.6918
      vertex 1.29986 -1.09071 19.8888
      vertex 2.15543 -1.80862 19.6918
    endloop
  endfacet
  facet normal 0.128189 0.117459 0.98477
    outer loop
      vertex 1.9896 1.9896 19.6918
      vertex 1.29986 1.09071 19.8888
      vertex 2.15543 1.80862 19.6918
    endloop
  endfacet
  facet normal 0.117462 0.128185 0.98477
    outer loop
      vertex 1.9896 1.9896 19.6918
      vertex 1.09071 1.29986 19.8888
      vertex 1.19985 1.19985 19.8888
    endloop
  endfacet
  facet normal 0.0530814 0.069182 0.996191
    outer loop
      vertex 0.973268 1.38997 19.8888
      vertex 0.325247 0.464501 19.9876
      vertex 1.09071 1.29986 19.8888
    endloop
  endfacet
  facet normal -0.0188732 0.085133 0.996191
    outer loop
      vertex -0.0984669 0.558436 19.9876
      vertex -0.294653 1.67106 19.8888
      vertex -0.146764 0.547729 19.9876
    endloop
  endfacet
  facet normal -0.0188732 -0.085133 0.996191
    outer loop
      vertex -0.146764 -0.547729 19.9876
      vertex -0.294653 -1.67106 19.8888
      vertex -0.0984669 -0.558436 19.9876
    endloop
  endfacet
  facet normal 0.0333706 0.0805619 0.996191
    outer loop
      vertex 0.580353 1.59451 19.8888
      vertex 0.239646 0.513924 19.9876
      vertex 0.717115 1.53786 19.8888
    endloop
  endfacet
  facet normal 0.040263 0.0773479 0.996191
    outer loop
      vertex 0.717115 1.53786 19.8888
      vertex 0.239646 0.513924 19.9876
      vertex 0.84842 1.46951 19.8888
    endloop
  endfacet
  facet normal -0.0262208 0.0831643 0.996191
    outer loop
      vertex -0.146764 0.547729 19.9876
      vertex -0.439174 1.63902 19.8888
      vertex -0.193943 0.532854 19.9876
    endloop
  endfacet
  facet normal -0.0642913 0.0589097 0.996191
    outer loop
      vertex -0.400966 0.400966 19.9876
      vertex -1.29986 1.09071 19.8888
      vertex -0.434386 0.364493 19.9876
    endloop
  endfacet
  facet normal 0.157686 0.205499 0.96587
    outer loop
      vertex 2.51277 2.9946 19.3983
      vertex 1.61388 2.30486 19.6918
      vertex 1.80862 2.15543 19.6918
    endloop
  endfacet
  facet normal 0.105843 0.137936 0.984769
    outer loop
      vertex 1.61388 2.30486 19.6918
      vertex 1.09071 1.29986 19.8888
      vertex 1.80862 2.15543 19.6918
    endloop
  endfacet
  facet normal -0.191465 0.462239 0.865839
    outer loop
      vertex -2.05305 5.64072 18.5311
      vertex -2.95194 6.33046 17.9641
      vertex -2.53686 5.44032 18.5311
    endloop
  endfacet
  facet normal -0.161858 0.390761 0.90615
    outer loop
      vertex -2.05305 5.64072 18.5311
      vertex -2.53686 5.44032 18.5311
      vertex -2.10248 4.50878 19.0104
    endloop
  endfacet
  facet normal -0.0446781 0.339391 0.939584
    outer loop
      vertex -0.433589 4.95595 19.0104
      vertex -0.678821 3.84979 19.3983
      vertex -0.340707 3.8943 19.3983
    endloop
  endfacet
  facet normal -0.0653031 0.496043 0.865839
    outer loop
      vertex -0.523172 5.97989 18.5311
      vertex -1.21291 6.87878 17.9641
      vertex -1.04236 5.91154 18.5311
    endloop
  endfacet
  facet normal 0.0218217 0.499848 0.865838
    outer loop
      vertex 0 6.98489 17.9641
      vertex 0 6.00273 18.5311
      vertex 0.523172 5.97989 18.5311
    endloop
  endfacet
  facet normal -0.0552045 0.419334 0.906152
    outer loop
      vertex -0.523172 5.97989 18.5311
      vertex -1.04236 5.91154 18.5311
      vertex -0.433589 4.95595 19.0104
    endloop
  endfacet
  facet normal 0.0915491 0.412928 0.906151
    outer loop
      vertex 1.55362 5.79819 18.5311
      vertex 1.04236 5.91154 18.5311
      vertex 1.28759 4.80537 19.0104
    endloop
  endfacet
  facet normal 0.0184472 0.42255 0.906152
    outer loop
      vertex 0.523172 5.97989 18.5311
      vertex 0 6.00273 18.5311
      vertex 0.433589 4.95595 19.0104
    endloop
  endfacet
  facet normal 0.0653031 0.496043 0.865839
    outer loop
      vertex 1.21291 6.87878 17.9641
      vertex 0.523172 5.97989 18.5311
      vertex 1.04236 5.91154 18.5311
    endloop
  endfacet
  facet normal 0.0552045 0.419334 0.906152
    outer loop
      vertex 0.523172 5.97989 18.5311
      vertex 0.433589 4.95595 19.0104
      vertex 1.04236 5.91154 18.5311
    endloop
  endfacet
  facet normal 0.0250354 0.573397 0.818895
    outer loop
      vertex 0 7.9139 17.3136
      vertex 0 6.98489 17.9641
      vertex 0.608773 6.95831 17.9641
    endloop
  endfacet
  facet normal 0.0218242 0.499849 0.865838
    outer loop
      vertex 0.608773 6.95831 17.9641
      vertex 0 6.98489 17.9641
      vertex 0.523172 5.97989 18.5311
    endloop
  endfacet
  facet normal -0.0218217 0.499848 0.865838
    outer loop
      vertex 0 6.98489 17.9641
      vertex -0.523172 5.97989 18.5311
      vertex 0 6.00273 18.5311
    endloop
  endfacet
  facet normal -0.0184472 0.42255 0.906152
    outer loop
      vertex 0 6.00273 18.5311
      vertex -0.523172 5.97989 18.5311
      vertex -0.433589 4.95595 19.0104
    endloop
  endfacet
  facet normal 0.0740884 0.334207 0.939583
    outer loop
      vertex 0.863879 4.8993 19.0104
      vertex 0.678821 3.84979 19.3983
      vertex 1.28759 4.80537 19.0104
    endloop
  endfacet
  facet normal 0.0446828 0.339392 0.939583
    outer loop
      vertex 0.863879 4.8993 19.0104
      vertex 0.433589 4.95595 19.0104
      vertex 0.678821 3.84979 19.3983
    endloop
  endfacet
  facet normal 0.15045 0.477165 0.86584
    outer loop
      vertex 1.80782 6.74689 17.9641
      vertex 1.55362 5.79819 18.5311
      vertex 2.05305 5.64072 18.5311
    endloop
  endfacet
  facet normal 0.150453 0.477166 0.865839
    outer loop
      vertex 2.38897 6.56365 17.9641
      vertex 1.80782 6.74689 17.9641
      vertex 2.05305 5.64072 18.5311
    endloop
  endfacet
  facet normal 0.0691795 -0.0530841 0.996191
    outer loop
      vertex 0.464501 -0.325247 19.9876
      vertex 0.434386 -0.364493 19.9876
      vertex 1.29986 -1.09071 19.8888
    endloop
  endfacet
  facet normal -0.146634 0.0934198 0.98477
    outer loop
      vertex -1.38997 0.973268 19.8888
      vertex -2.43675 1.40686 19.6918
      vertex -1.46951 0.84842 19.8888
    endloop
  endfacet
  facet normal 0.0262208 0.0831643 0.996191
    outer loop
      vertex 0.439174 1.63902 19.8888
      vertex 0.146764 0.547729 19.9876
      vertex 0.193943 0.532854 19.9876
    endloop
  endfacet
  facet normal -0.0851329 0.0188738 0.996191
    outer loop
      vertex -1.63902 0.439174 19.8888
      vertex -1.67106 0.294653 19.8888
      vertex -0.547729 0.146764 19.9876
    endloop
  endfacet
  facet normal -0.0831643 0.0262208 0.996191
    outer loop
      vertex -0.532854 0.193943 19.9876
      vertex -1.63902 0.439174 19.8888
      vertex -0.547729 0.146764 19.9876
    endloop
  endfacet
  facet normal 0.0402657 -0.0773462 0.996191
    outer loop
      vertex 0.283525 -0.491081 19.9876
      vertex 0.239646 -0.513924 19.9876
      vertex 0.84842 -1.46951 19.8888
    endloop
  endfacet
  facet normal -0.154221 -0.0802787 0.98477
    outer loop
      vertex -1.53786 -0.717115 19.8888
      vertex -2.55009 -1.18913 19.6918
      vertex -1.46951 -0.84842 19.8888
    endloop
  endfacet
  facet normal -0.190972 0.174999 0.96587
    outer loop
      vertex -2.7642 2.7642 19.3983
      vertex -2.9946 2.51277 19.3983
      vertex -2.15543 1.80862 19.6918
    endloop
  endfacet
  facet normal -0.19098 0.174993 0.96587
    outer loop
      vertex -1.9896 1.9896 19.6918
      vertex -2.7642 2.7642 19.3983
      vertex -2.15543 1.80862 19.6918
    endloop
  endfacet
  facet normal -0.208395 0.271574 0.939584
    outer loop
      vertex -2.85348 4.07519 19.0104
      vertex -3.19779 3.81098 19.0104
      vertex -2.24221 3.20221 19.3983
    endloop
  endfacet
  facet normal -0.157686 0.205498 0.96587
    outer loop
      vertex -2.24221 3.20221 19.3983
      vertex -2.51277 2.9946 19.3983
      vertex -1.61388 2.30486 19.6918
    endloop
  endfacet
  facet normal -0.356715 0.227254 0.906151
    outer loop
      vertex -4.91715 3.44303 18.5311
      vertex -5.19852 3.00137 18.5311
      vertex -4.30838 2.48744 19.0104
    endloop
  endfacet
  facet normal -0.375163 0.1953 0.906151
    outer loop
      vertex -4.30838 2.48744 19.0104
      vertex -5.19852 3.00137 18.5311
      vertex -4.50878 2.10248 19.0104
    endloop
  endfacet
  facet normal -0.23931 0.0991207 0.965871
    outer loop
      vertex -3.54292 1.65209 19.3983
      vertex -3.67342 1.33702 19.3983
      vertex -2.55009 1.18913 19.6918
    endloop
  endfacet
  facet normal -0.229756 0.11961 0.96587
    outer loop
      vertex -3.38544 1.95459 19.3983
      vertex -3.54292 1.65209 19.3983
      vertex -2.55009 1.18913 19.6918
    endloop
  endfacet
  facet normal -0.390761 0.161858 0.90615
    outer loop
      vertex -5.44032 2.53686 18.5311
      vertex -5.64072 2.05305 18.5311
      vertex -4.50878 2.10248 19.0104
    endloop
  endfacet
  facet normal -0.37517 0.195294 0.90615
    outer loop
      vertex -5.19852 3.00137 18.5311
      vertex -5.44032 2.53686 18.5311
      vertex -4.50878 2.10248 19.0104
    endloop
  endfacet
  facet normal -0.455339 0.349395 0.818895
    outer loop
      vertex -6.0624 5.08696 17.3136
      vertex -6.48269 4.53923 17.3136
      vertex -5.35074 4.4898 17.9641
    endloop
  endfacet
  facet normal -0.421967 0.268824 0.865839
    outer loop
      vertex -4.91715 3.44303 18.5311
      vertex -6.0491 3.49245 17.9641
      vertex -5.19852 3.00137 18.5311
    endloop
  endfacet
  facet normal -0.183924 0.288709 0.939585
    outer loop
      vertex -1.95459 3.38544 19.3983
      vertex -2.48744 4.30838 19.0104
      vertex -2.24221 3.20221 19.3983
    endloop
  endfacet
  facet normal -0.158066 0.303638 0.939585
    outer loop
      vertex -2.10248 4.50878 19.0104
      vertex -2.48744 4.30838 19.0104
      vertex -1.95459 3.38544 19.3983
    endloop
  endfacet
  facet normal -0.349395 0.455339 0.818895
    outer loop
      vertex -4.00637 5.72169 17.9641
      vertex -4.53923 6.48269 17.3136
      vertex -4.4898 5.35074 17.9641
    endloop
  endfacet
  facet normal -0.345563 0.542431 0.765738
    outer loop
      vertex -4.39134 7.60602 16.5846
      vertex -4.53923 6.48269 17.3136
      vertex -3.95695 6.85364 17.3136
    endloop
  endfacet
  facet normal -0.565022 0.517738 0.642415
    outer loop
      vertex -7.29281 7.29281 14.9139
      vertex -7.34223 6.16086 15.7827
      vertex -6.77734 6.77734 15.7827
    endloop
  endfacet
  facet normal -0.542431 0.345563 0.765738
    outer loop
      vertex -6.48269 4.53923 17.3136
      vertex -7.60602 4.39134 16.5846
      vertex -6.85364 3.95695 17.3136
    endloop
  endfacet
  facet normal -0.423152 0.387754 0.818895
    outer loop
      vertex -5.59597 5.59597 17.3136
      vertex -6.0624 5.08696 17.3136
      vertex -5.35074 4.4898 17.9641
    endloop
  endfacet
  facet normal -0.510248 0.391529 0.765736
    outer loop
      vertex -6.0624 5.08696 17.3136
      vertex -6.72792 5.64539 16.5846
      vertex -6.48269 4.53923 17.3136
    endloop
  endfacet
  facet normal -0.118264 0.898711 0.422295
    outer loop
      vertex -1.04678 11.9647 11.9749
      vertex -2.08559 11.828 11.9749
      vertex -2.00236 11.356 13.0027
    endloop
  endfacet
  facet normal -0.196253 0.884959 0.422295
    outer loop
      vertex -2.08559 11.828 11.9749
      vertex -2.98448 11.1382 13.0027
      vertex -2.00236 11.356 13.0027
    endloop
  endfacet
  facet normal 0.0410116 0.938904 0.341727
    outer loop
      vertex 1.08058 12.3511 10.9092
      vertex 0 12.3983 10.9092
      vertex 1.04678 11.9647 11.9749
    endloop
  endfacet
  facet normal 0.0421547 0.965075 0.25856
    outer loop
      vertex 0 12.6918 9.81371
      vertex 0 12.3983 10.9092
      vertex 1.08058 12.3511 10.9092
    endloop
  endfacet
  facet normal -0.411762 0.646339 0.642416
    outer loop
      vertex -4.7923 8.30051 15.7827
      vertex -5.91563 8.4484 14.9139
      vertex -5.4975 7.85125 15.7827
    endloop
  endfacet
  facet normal -0.466531 0.607988 0.642416
    outer loop
      vertex -5.91563 8.4484 14.9139
      vertex -6.16086 7.34223 15.7827
      vertex -5.4975 7.85125 15.7827
    endloop
  endfacet
  facet normal -0.607988 0.466531 0.642416
    outer loop
      vertex -7.34223 6.16086 15.7827
      vertex -8.4484 5.91563 14.9139
      vertex -7.85125 5.4975 15.7827
    endloop
  endfacet
  facet normal -0.517738 0.565022 0.642415
    outer loop
      vertex -6.16086 7.34223 15.7827
      vertex -7.29281 7.29281 14.9139
      vertex -6.77734 6.77734 15.7827
    endloop
  endfacet
  facet normal -0.0802799 0.15422 0.98477
    outer loop
      vertex -1.18913 2.55009 19.6918
      vertex -1.40686 2.43675 19.6918
      vertex -0.84842 1.46951 19.8888
    endloop
  endfacet
  facet normal -0.105837 0.137939 0.98477
    outer loop
      vertex -0.973268 1.38997 19.8888
      vertex -1.61388 2.30486 19.6918
      vertex -1.09071 1.29986 19.8888
    endloop
  endfacet
  facet normal -0.0735434 -0.0468526 0.996191
    outer loop
      vertex -0.491081 -0.283525 19.9876
      vertex -1.38997 -0.973268 19.8888
      vertex -0.464501 -0.325247 19.9876
    endloop
  endfacet
  facet normal -0.172592 0.547379 0.818894
    outer loop
      vertex -2.04827 7.64424 17.3136
      vertex -2.38897 6.56365 17.9641
      vertex -1.80782 6.74689 17.9641
    endloop
  endfacet
  facet normal -0.124226 0.560339 0.818894
    outer loop
      vertex -1.21291 6.87878 17.9641
      vertex -2.04827 7.64424 17.3136
      vertex -1.80782 6.74689 17.9641
    endloop
  endfacet
  facet normal -0.153112 0.69066 0.706785
    outer loop
      vertex -1.66435 9.43899 15.7827
      vertex -2.27312 8.48341 16.5846
      vertex -1.52509 8.64924 16.5846
    endloop
  endfacet
  facet normal -0.139201 0.62791 0.765737
    outer loop
      vertex -1.52509 8.64924 16.5846
      vertex -2.27312 8.48341 16.5846
      vertex -2.04827 7.64424 17.3136
    endloop
  endfacet
  facet normal -0.246119 0.594198 0.765738
    outer loop
      vertex -3.00385 8.25301 16.5846
      vertex -3.34456 7.17243 17.3136
      vertex -2.70671 7.43663 17.3136
    endloop
  endfacet
  facet normal -0.193404 0.613385 0.765738
    outer loop
      vertex -2.04827 7.64424 17.3136
      vertex -3.00385 8.25301 16.5846
      vertex -2.70671 7.43663 17.3136
    endloop
  endfacet
  facet normal 0.10003 0.7598 0.642416
    outer loop
      vertex 1.79094 10.1569 14.9139
      vertex 0.835353 9.54813 15.7827
      vertex 1.66435 9.43899 15.7827
    endloop
  endfacet
  facet normal -0.0334744 0.765642 0.642395
    outer loop
      vertex 0 10.3136 14.9139
      vertex -0.898889 10.2743 14.9139
      vertex -0.835353 9.54813 15.7827
    endloop
  endfacet
  facet normal 0.18754 0.845671 0.499669
    outer loop
      vertex 2.00236 11.356 13.0027
      vertex 1.90389 10.7975 13.9849
      vertex 2.98448 11.1382 13.0027
    endloop
  endfacet
  facet normal 0.113111 0.858798 0.499671
    outer loop
      vertex 2.00236 11.356 13.0027
      vertex 0.955583 10.9224 13.9849
      vertex 1.90389 10.7975 13.9849
    endloop
  endfacet
  facet normal -0.165864 0.748191 0.642417
    outer loop
      vertex -1.66435 9.43899 15.7827
      vertex -2.66935 9.96217 14.9139
      vertex -2.48068 9.25802 15.7827
    endloop
  endfacet
  facet normal -0.0999977 0.759822 0.642395
    outer loop
      vertex -0.898889 10.2743 14.9139
      vertex -1.79094 10.1569 14.9139
      vertex -0.835353 9.54813 15.7827
    endloop
  endfacet
  facet normal 0.0357234 0.818626 0.573215
    outer loop
      vertex 0 10.9641 13.9849
      vertex 0 10.3136 14.9139
      vertex 0.955583 10.9224 13.9849
    endloop
  endfacet
  facet normal -0.0357234 0.818626 0.573215
    outer loop
      vertex 0 10.9641 13.9849
      vertex -0.955583 10.9224 13.9849
      vertex 0 10.3136 14.9139
    endloop
  endfacet
  facet normal -0.331525 0.800311 0.499594
    outer loop
      vertex -3.94388 10.8357 13.0027
      vertex -4.63362 9.93684 13.9849
      vertex -3.74994 10.3029 13.9849
    endloop
  endfacet
  facet normal -0.2464 0.781483 0.573211
    outer loop
      vertex -2.83771 10.5905 13.9849
      vertex -3.52746 9.69161 14.9139
      vertex -2.66935 9.96217 14.9139
    endloop
  endfacet
  facet normal -0.033435 0.765625 0.642418
    outer loop
      vertex 0 10.3136 14.9139
      vertex -0.835353 9.54813 15.7827
      vertex 0 9.58461 15.7827
    endloop
  endfacet
  facet normal 0.033435 0.765625 0.642418
    outer loop
      vertex 0 10.3136 14.9139
      vertex 0 9.58461 15.7827
      vertex 0.835353 9.54813 15.7827
    endloop
  endfacet
  facet normal -0.40001 0.76835 0.49963
    outer loop
      vertex -4.87327 10.4508 13.0027
      vertex -5.76557 9.98626 13.0027
      vertex -5.48204 9.49518 13.9849
    endloop
  endfacet
  facet normal -0.418593 0.804044 0.422248
    outer loop
      vertex -5.07583 10.8851 11.9749
      vertex -5.76557 9.98626 13.0027
      vertex -4.87327 10.4508 13.0027
    endloop
  endfacet
  facet normal -0.573398 -0.0250395 0.818894
    outer loop
      vertex -6.95831 -0.608773 17.9641
      vertex -7.9139 0 17.3136
      vertex -7.88378 -0.689741 17.3136
    endloop
  endfacet
  facet normal -0.569035 -0.0749092 0.818894
    outer loop
      vertex -6.95831 -0.608773 17.9641
      vertex -7.88378 -0.689741 17.3136
      vertex -6.87878 -1.21291 17.9641
    endloop
  endfacet
  facet normal -0.537313 0.843383 0
    outer loop
      vertex -6.49381 11.2476 7
      vertex -7.4494 10.6388 7.56705
      vertex -6.49381 11.2476 7.56705
    endloop
  endfacet
  facet normal -0.537313 0.843383 0
    outer loop
      vertex -7.4494 10.6388 7.56705
      vertex -6.49381 11.2476 7
      vertex -7.4494 10.6388 7
    endloop
  endfacet
  facet normal -0.487021 0.764519 0.422281
    outer loop
      vertex -6.00522 10.4013 11.9749
      vertex -6.8889 9.83837 11.9749
      vertex -5.76557 9.98626 13.0027
    endloop
  endfacet
  facet normal -0.487036 0.764498 0.422301
    outer loop
      vertex -5.76557 9.98626 13.0027
      vertex -6.8889 9.83837 11.9749
      vertex -6.61399 9.44576 13.0027
    endloop
  endfacet
  facet normal -0.830608 0.529148 0.173475
    outer loop
      vertex -10.5579 7.3927 8.69684
      vertex -10.9915 6.34592 9.81371
      vertex -10.3966 7.27974 9.81371
    endloop
  endfacet
  facet normal -0.814702 0.519014 0.258621
    outer loop
      vertex -10.3966 7.27974 9.81371
      vertex -10.9915 6.34592 9.81371
      vertex -10.1561 7.11138 10.9092
    endloop
  endfacet
  facet normal -0.804049 -0.418553 0.422279
    outer loop
      vertex -9.98626 -5.76557 13.0027
      vertex -10.8851 -5.07583 11.9749
      vertex -10.4013 -6.00522 11.9749
    endloop
  endfacet
  facet normal -0.764519 -0.487021 0.422281
    outer loop
      vertex -9.98626 -5.76557 13.0027
      vertex -10.4013 -6.00522 11.9749
      vertex -9.83837 -6.8889 11.9749
    endloop
  endfacet
  facet normal -0.679765 -0.353864 0.642418
    outer loop
      vertex -8.6866 -4.05063 15.7827
      vertex -8.93183 -5.1568 14.9139
      vertex -8.30051 -4.7923 15.7827
    endloop
  endfacet
  facet normal -0.679765 -0.353864 0.642417
    outer loop
      vertex -8.6866 -4.05063 15.7827
      vertex -9.34729 -4.35871 14.9139
      vertex -8.93183 -5.1568 14.9139
    endloop
  endfacet
  facet normal -0.160629 -0.0665369 0.98477
    outer loop
      vertex -1.59451 -0.580353 19.8888
      vertex -2.64403 -0.962347 19.6918
      vertex -2.55009 -1.18913 19.6918
    endloop
  endfacet
  facet normal 0.0333687 -0.0805625 0.996191
    outer loop
      vertex 0.239646 -0.513924 19.9876
      vertex 0.193943 -0.532854 19.9876
      vertex 0.580353 -1.59451 19.8888
    endloop
  endfacet
  facet normal -0.316263 -0.130994 0.939584
    outer loop
      vertex -3.67342 -1.33702 19.3983
      vertex -4.50878 -2.10248 19.0104
      vertex -3.54292 -1.65209 19.3983
    endloop
  endfacet
  facet normal -0.303637 -0.158072 0.939584
    outer loop
      vertex -3.54292 -1.65209 19.3983
      vertex -4.50878 -2.10248 19.0104
      vertex -3.38544 -1.95459 19.3983
    endloop
  endfacet
  facet normal -0.356718 -0.227251 0.906151
    outer loop
      vertex -4.30838 -2.48744 19.0104
      vertex -4.91715 -3.44303 18.5311
      vertex -4.07519 -2.85348 19.0104
    endloop
  endfacet
  facet normal -0.288709 -0.183925 0.939584
    outer loop
      vertex -3.20221 -2.24221 19.3983
      vertex -4.30838 -2.48744 19.0104
      vertex -4.07519 -2.85348 19.0104
    endloop
  endfacet
  facet normal -0.396931 -0.30458 0.865839
    outer loop
      vertex -4.91715 -3.44303 18.5311
      vertex -5.35074 -4.4898 17.9641
      vertex -4.59836 -3.85848 18.5311
    endloop
  endfacet
  facet normal -0.368881 -0.338009 0.865839
    outer loop
      vertex -4.59836 -3.85848 18.5311
      vertex -5.35074 -4.4898 17.9641
      vertex -4.93907 -4.93907 17.9641
    endloop
  endfacet
  facet normal -0.19098 -0.174993 0.96587
    outer loop
      vertex -2.15543 -1.80862 19.6918
      vertex -2.7642 -2.7642 19.3983
      vertex -1.9896 -1.9896 19.6918
    endloop
  endfacet
  facet normal -0.285744 -0.311832 0.906152
    outer loop
      vertex -3.51777 -3.51777 19.0104
      vertex -3.85848 -4.59836 18.5311
      vertex -3.19779 -3.81098 19.0104
    endloop
  endfacet
  facet normal -0.172592 -0.547379 0.818894
    outer loop
      vertex -1.80782 -6.74689 17.9641
      vertex -2.38897 -6.56365 17.9641
      vertex -2.04827 -7.64424 17.3136
    endloop
  endfacet
  facet normal -0.124226 -0.560339 0.818894
    outer loop
      vertex -1.80782 -6.74689 17.9641
      vertex -2.04827 -7.64424 17.3136
      vertex -1.21291 -6.87878 17.9641
    endloop
  endfacet
  facet normal -0.270721 -0.653579 0.706785
    outer loop
      vertex -3.71172 -7.9598 16.5846
      vertex -4.05063 -8.6866 15.7827
      vertex -3.27813 -9.00658 15.7827
    endloop
  endfacet
  facet normal -0.326655 -0.627496 0.706785
    outer loop
      vertex -3.71172 -7.9598 16.5846
      vertex -4.7923 -8.30051 15.7827
      vertex -4.05063 -8.6866 15.7827
    endloop
  endfacet
  facet normal 0.0552045 -0.419334 0.906152
    outer loop
      vertex 1.04236 -5.91154 18.5311
      vertex 0.433589 -4.95595 19.0104
      vertex 0.523172 -5.97989 18.5311
    endloop
  endfacet
  facet normal 0.0184472 -0.42255 0.906152
    outer loop
      vertex 0.433589 -4.95595 19.0104
      vertex 0 -6.00273 18.5311
      vertex 0.523172 -5.97989 18.5311
    endloop
  endfacet
  facet normal -0.0552045 -0.419334 0.906152
    outer loop
      vertex -0.433589 -4.95595 19.0104
      vertex -1.04236 -5.91154 18.5311
      vertex -0.523172 -5.97989 18.5311
    endloop
  endfacet
  facet normal -0.0653031 -0.496043 0.865839
    outer loop
      vertex -1.04236 -5.91154 18.5311
      vertex -1.21291 -6.87878 17.9641
      vertex -0.523172 -5.97989 18.5311
    endloop
  endfacet
  facet normal 0.231268 -0.252383 0.939584
    outer loop
      vertex 3.51777 -3.51777 19.0104
      vertex 2.7642 -2.7642 19.3983
      vertex 3.19779 -3.81098 19.0104
    endloop
  endfacet
  facet normal 0.183925 -0.288709 0.939584
    outer loop
      vertex 2.85348 -4.07519 19.0104
      vertex 2.24221 -3.20221 19.3983
      vertex 2.48744 -4.30838 19.0104
    endloop
  endfacet
  facet normal 0.190972 -0.174999 0.96587
    outer loop
      vertex 2.9946 -2.51277 19.3983
      vertex 2.15543 -1.80862 19.6918
      vertex 2.7642 -2.7642 19.3983
    endloop
  endfacet
  facet normal 0.252381 -0.231272 0.939584
    outer loop
      vertex 2.9946 -2.51277 19.3983
      vertex 2.7642 -2.7642 19.3983
      vertex 3.81098 -3.19779 19.0104
    endloop
  endfacet
  facet normal 0.105837 -0.137939 0.98477
    outer loop
      vertex 1.09071 -1.29986 19.8888
      vertex 0.973268 -1.38997 19.8888
      vertex 1.61388 -2.30486 19.6918
    endloop
  endfacet
  facet normal 0.105843 -0.137936 0.984769
    outer loop
      vertex 1.80862 -2.15543 19.6918
      vertex 1.09071 -1.29986 19.8888
      vertex 1.61388 -2.30486 19.6918
    endloop
  endfacet
  facet normal 0.191465 -0.462239 0.865839
    outer loop
      vertex 2.53686 -5.44032 18.5311
      vertex 2.05305 -5.64072 18.5311
      vertex 2.95194 -6.33046 17.9641
    endloop
  endfacet
  facet normal 0.195294 -0.37517 0.90615
    outer loop
      vertex 3.00137 -5.19852 18.5311
      vertex 2.10248 -4.50878 19.0104
      vertex 2.53686 -5.44032 18.5311
    endloop
  endfacet
  facet normal 0.30458 -0.396931 0.865839
    outer loop
      vertex 3.85848 -4.59836 18.5311
      vertex 3.44303 -4.91715 18.5311
      vertex 4.4898 -5.35074 17.9641
    endloop
  endfacet
  facet normal 0.285744 -0.311832 0.906152
    outer loop
      vertex 3.51777 -3.51777 19.0104
      vertex 3.19779 -3.81098 19.0104
      vertex 3.85848 -4.59836 18.5311
    endloop
  endfacet
  facet normal -0.172592 -0.547379 0.818894
    outer loop
      vertex -2.38897 -6.56365 17.9641
      vertex -2.70671 -7.43663 17.3136
      vertex -2.04827 -7.64424 17.3136
    endloop
  endfacet
  facet normal -0.219635 -0.530257 0.818894
    outer loop
      vertex -2.38897 -6.56365 17.9641
      vertex -3.34456 -7.17243 17.3136
      vertex -2.70671 -7.43663 17.3136
    endloop
  endfacet
  facet normal -0.191465 -0.462238 0.865839
    outer loop
      vertex -2.05305 -5.64072 18.5311
      vertex -2.95194 -6.33046 17.9641
      vertex -2.38897 -6.56365 17.9641
    endloop
  endfacet
  facet normal -0.191465 -0.462239 0.865839
    outer loop
      vertex -2.53686 -5.44032 18.5311
      vertex -2.95194 -6.33046 17.9641
      vertex -2.05305 -5.64072 18.5311
    endloop
  endfacet
  facet normal 0.154221 0.0802787 0.98477
    outer loop
      vertex 2.55009 1.18913 19.6918
      vertex 1.46951 0.84842 19.8888
      vertex 1.53786 0.717115 19.8888
    endloop
  endfacet
  facet normal 0.0805625 0.0333687 0.996191
    outer loop
      vertex 1.59451 0.580353 19.8888
      vertex 0.513924 0.239646 19.9876
      vertex 0.532854 0.193943 19.9876
    endloop
  endfacet
  facet normal -0.0376315 -0.169742 0.98477
    outer loop
      vertex -0.439174 -1.63902 19.8888
      vertex -0.728243 -2.71784 19.6918
      vertex -0.294653 -1.67106 19.8888
    endloop
  endfacet
  facet normal -0.0338102 -0.256811 0.96587
    outer loop
      vertex -0.245231 -2.80301 19.6918
      vertex -0.488596 -2.77097 19.6918
      vertex -0.340707 -3.8943 19.3983
    endloop
  endfacet
  facet normal -0.0446828 -0.339392 0.939583
    outer loop
      vertex -0.678821 -3.84979 19.3983
      vertex -0.863879 -4.8993 19.0104
      vertex -0.433589 -4.95595 19.0104
    endloop
  endfacet
  facet normal -0.0446781 -0.339391 0.939584
    outer loop
      vertex -0.340707 -3.8943 19.3983
      vertex -0.678821 -3.84979 19.3983
      vertex -0.433589 -4.95595 19.0104
    endloop
  endfacet
  facet normal -0.037632 -0.169742 0.98477
    outer loop
      vertex -0.294653 -1.67106 19.8888
      vertex -0.728243 -2.71784 19.6918
      vertex -0.488596 -2.77097 19.6918
    endloop
  endfacet
  facet normal -0.00757886 -0.173698 0.98477
    outer loop
      vertex -0.147889 -1.69038 19.8888
      vertex -0.245231 -2.80301 19.6918
      vertex 0 -2.81371 19.6918
    endloop
  endfacet
  facet normal 0.003804 -0.0871171 0.996191
    outer loop
      vertex 0.0494213 -0.564894 19.9876
      vertex 0 -0.567052 19.9876
      vertex 0.147889 -1.69038 19.8888
    endloop
  endfacet
  facet normal -0.0468536 0.0735427 0.996191
    outer loop
      vertex -0.84842 1.46951 19.8888
      vertex -0.973268 1.38997 19.8888
      vertex -0.283525 0.491081 19.9876
    endloop
  endfacet
  facet normal -0.0665369 -0.160629 0.98477
    outer loop
      vertex -0.580353 -1.59451 19.8888
      vertex -1.18913 -2.55009 19.6918
      vertex -0.962347 -2.64403 19.6918
    endloop
  endfacet
  facet normal -0.0991285 -0.239309 0.96587
    outer loop
      vertex -1.18913 -2.55009 19.6918
      vertex -1.33702 -3.67342 19.3983
      vertex -0.962347 -2.64403 19.6918
    endloop
  endfacet
  facet normal -0.040263 -0.0773479 0.996191
    outer loop
      vertex -0.239646 -0.513924 19.9876
      vertex -0.84842 -1.46951 19.8888
      vertex -0.717115 -1.53786 19.8888
    endloop
  endfacet
  facet normal 0.0113808 -0.0864542 0.996191
    outer loop
      vertex 0.294653 -1.67106 19.8888
      vertex 0.0494213 -0.564894 19.9876
      vertex 0.147889 -1.69038 19.8888
    endloop
  endfacet
  facet normal -0.15422 -0.0802799 0.98477
    outer loop
      vertex -1.46951 -0.84842 19.8888
      vertex -2.55009 -1.18913 19.6918
      vertex -2.43675 -1.40686 19.6918
    endloop
  endfacet
  facet normal -0.0642898 -0.0589117 0.996191
    outer loop
      vertex -0.400966 -0.400966 19.9876
      vertex -1.29986 -1.09071 19.8888
      vertex -1.19985 -1.19985 19.8888
    endloop
  endfacet
  facet normal -0.158072 -0.303637 0.939584
    outer loop
      vertex -1.95459 -3.38544 19.3983
      vertex -2.10248 -4.50878 19.0104
      vertex -1.65209 -3.54292 19.3983
    endloop
  endfacet
  facet normal -0.130994 -0.316263 0.939584
    outer loop
      vertex -1.65209 -3.54292 19.3983
      vertex -2.10248 -4.50878 19.0104
      vertex -1.33702 -3.67342 19.3983
    endloop
  endfacet
  facet normal -0.157686 -0.205498 0.96587
    outer loop
      vertex -1.61388 -2.30486 19.6918
      vertex -2.51277 -2.9946 19.3983
      vertex -2.24221 -3.20221 19.3983
    endloop
  endfacet
  facet normal -0.093419 -0.146634 0.98477
    outer loop
      vertex -0.973268 -1.38997 19.8888
      vertex -1.61388 -2.30486 19.6918
      vertex -1.40686 -2.43675 19.6918
    endloop
  endfacet
  facet normal -0.0831643 -0.0262208 0.996191
    outer loop
      vertex -0.547729 -0.146764 19.9876
      vertex -1.63902 -0.439174 19.8888
      vertex -0.532854 -0.193943 19.9876
    endloop
  endfacet
  facet normal -0.0468526 -0.0735434 0.996191
    outer loop
      vertex -0.325247 -0.464501 19.9876
      vertex -0.973268 -1.38997 19.8888
      vertex -0.283525 -0.491081 19.9876
    endloop
  endfacet
  facet normal -0.0589097 -0.0642913 0.996191
    outer loop
      vertex -0.400966 -0.400966 19.9876
      vertex -1.09071 -1.29986 19.8888
      vertex -0.364493 -0.434386 19.9876
    endloop
  endfacet
  facet normal -0.105843 -0.137936 0.984769
    outer loop
      vertex -1.09071 -1.29986 19.8888
      vertex -1.80862 -2.15543 19.6918
      vertex -1.61388 -2.30486 19.6918
    endloop
  endfacet
  facet normal -0.105837 -0.137939 0.98477
    outer loop
      vertex -1.09071 -1.29986 19.8888
      vertex -1.61388 -2.30486 19.6918
      vertex -0.973268 -1.38997 19.8888
    endloop
  endfacet
  facet normal -0.085133 0.0188732 0.996191
    outer loop
      vertex -0.547729 0.146764 19.9876
      vertex -1.67106 0.294653 19.8888
      vertex -0.558436 0.0984669 19.9876
    endloop
  endfacet
  facet normal 0.0589117 -0.0642898 0.996191
    outer loop
      vertex 1.19985 -1.19985 19.8888
      vertex 0.400966 -0.400966 19.9876
      vertex 1.09071 -1.29986 19.8888
    endloop
  endfacet
  facet normal 0.0188732 0.085133 0.996191
    outer loop
      vertex 0.294653 1.67106 19.8888
      vertex 0.0984669 0.558436 19.9876
      vertex 0.146764 0.547729 19.9876
    endloop
  endfacet
  facet normal 0.0113836 -0.0864536 0.996191
    outer loop
      vertex 0.0984669 -0.558436 19.9876
      vertex 0.0494213 -0.564894 19.9876
      vertex 0.294653 -1.67106 19.8888
    endloop
  endfacet
  facet normal 0.0934198 -0.146634 0.98477
    outer loop
      vertex 0.973268 -1.38997 19.8888
      vertex 0.84842 -1.46951 19.8888
      vertex 1.40686 -2.43675 19.6918
    endloop
  endfacet
  facet normal 0.0802799 -0.15422 0.98477
    outer loop
      vertex 1.40686 -2.43675 19.6918
      vertex 0.84842 -1.46951 19.8888
      vertex 1.18913 -2.55009 19.6918
    endloop
  endfacet
  facet normal 0.183924 -0.288709 0.939585
    outer loop
      vertex 2.24221 -3.20221 19.3983
      vertex 1.95459 -3.38544 19.3983
      vertex 2.48744 -4.30838 19.0104
    endloop
  endfacet
  facet normal 0.0665369 -0.160629 0.98477
    outer loop
      vertex 1.18913 -2.55009 19.6918
      vertex 0.580353 -1.59451 19.8888
      vertex 0.962347 -2.64403 19.6918
    endloop
  endfacet
  facet normal 0.0149262 -0.341994 0.939584
    outer loop
      vertex 0.340707 -3.8943 19.3983
      vertex 0 -3.90917 19.3983
      vertex 0.433589 -4.95595 19.0104
    endloop
  endfacet
  facet normal 0.0446781 -0.339391 0.939584
    outer loop
      vertex 0.678821 -3.84979 19.3983
      vertex 0.340707 -3.8943 19.3983
      vertex 0.433589 -4.95595 19.0104
    endloop
  endfacet
  facet normal 0.0915393 -0.412927 0.906152
    outer loop
      vertex 1.28759 -4.80537 19.0104
      vertex 0.863879 -4.8993 19.0104
      vertex 1.04236 -5.91154 18.5311
    endloop
  endfacet
  facet normal 0.0446828 -0.339392 0.939583
    outer loop
      vertex 0.678821 -3.84979 19.3983
      vertex 0.433589 -4.95595 19.0104
      vertex 0.863879 -4.8993 19.0104
    endloop
  endfacet
  facet normal 0.0522781 -0.165818 0.98477
    outer loop
      vertex 0.580353 -1.59451 19.8888
      vertex 0.439174 -1.63902 19.8888
      vertex 0.962347 -2.64403 19.6918
    endloop
  endfacet
  facet normal 0.0778883 -0.247039 0.96587
    outer loop
      vertex 0.962347 -2.64403 19.6918
      vertex 0.728243 -2.71784 19.6918
      vertex 1.01177 -3.77597 19.3983
    endloop
  endfacet
  facet normal 0.0188738 -0.0851329 0.996191
    outer loop
      vertex 0.439174 -1.63902 19.8888
      vertex 0.146764 -0.547729 19.9876
      vertex 0.294653 -1.67106 19.8888
    endloop
  endfacet
  facet normal 0.0376315 -0.169742 0.98477
    outer loop
      vertex 0.439174 -1.63902 19.8888
      vertex 0.294653 -1.67106 19.8888
      vertex 0.728243 -2.71784 19.6918
    endloop
  endfacet
  facet normal 0.0338102 -0.256811 0.96587
    outer loop
      vertex 0.488596 -2.77097 19.6918
      vertex 0.245231 -2.80301 19.6918
      vertex 0.340707 -3.8943 19.3983
    endloop
  endfacet
  facet normal 0.056065 -0.252886 0.96587
    outer loop
      vertex 0.728243 -2.71784 19.6918
      vertex 0.488596 -2.77097 19.6918
      vertex 0.678821 -3.84979 19.3983
    endloop
  endfacet
  facet normal 0.0262208 -0.0831643 0.996191
    outer loop
      vertex 0.193943 -0.532854 19.9876
      vertex 0.146764 -0.547729 19.9876
      vertex 0.439174 -1.63902 19.8888
    endloop
  endfacet
  facet normal 0.0735434 -0.0468526 0.996191
    outer loop
      vertex 0.491081 -0.283525 19.9876
      vertex 0.464501 -0.325247 19.9876
      vertex 1.38997 -0.973268 19.8888
    endloop
  endfacet
  facet normal 0.0831643 -0.0262208 0.996191
    outer loop
      vertex 0.547729 -0.146764 19.9876
      vertex 0.532854 -0.193943 19.9876
      vertex 1.63902 -0.439174 19.8888
    endloop
  endfacet
  facet normal 0.165818 -0.0522781 0.98477
    outer loop
      vertex 1.63902 -0.439174 19.8888
      vertex 1.59451 -0.580353 19.8888
      vertex 2.64403 -0.962347 19.6918
    endloop
  endfacet
  facet normal 0.173698 -0.00757886 0.98477
    outer loop
      vertex 2.81371 0 19.6918
      vertex 1.69038 -0.147889 19.8888
      vertex 2.80301 -0.245231 19.6918
    endloop
  endfacet
  facet normal 0.0864536 -0.0113836 0.996191
    outer loop
      vertex 0.564894 -0.0494213 19.9876
      vertex 0.558436 -0.0984669 19.9876
      vertex 1.67106 -0.294653 19.8888
    endloop
  endfacet
  facet normal 0.146634 -0.0934198 0.98477
    outer loop
      vertex 1.46951 -0.84842 19.8888
      vertex 1.38997 -0.973268 19.8888
      vertex 2.43675 -1.40686 19.6918
    endloop
  endfacet
  facet normal 0.0805619 -0.0333706 0.996191
    outer loop
      vertex 1.59451 -0.580353 19.8888
      vertex 0.513924 -0.239646 19.9876
      vertex 1.53786 -0.717115 19.8888
    endloop
  endfacet
  facet normal 0.0589117 0.0642898 0.996191
    outer loop
      vertex 1.09071 1.29986 19.8888
      vertex 0.400966 0.400966 19.9876
      vertex 1.19985 1.19985 19.8888
    endloop
  endfacet
  facet normal 0.0642898 0.0589117 0.996191
    outer loop
      vertex 1.19985 1.19985 19.8888
      vertex 0.400966 0.400966 19.9876
      vertex 1.29986 1.09071 19.8888
    endloop
  endfacet
  facet normal 0.0802787 0.154221 0.98477
    outer loop
      vertex 1.18913 2.55009 19.6918
      vertex 0.717115 1.53786 19.8888
      vertex 0.84842 1.46951 19.8888
    endloop
  endfacet
  facet normal 0.0665363 0.160629 0.98477
    outer loop
      vertex 1.18913 2.55009 19.6918
      vertex 0.580353 1.59451 19.8888
      vertex 0.717115 1.53786 19.8888
    endloop
  endfacet
  facet normal -0.102938 0.326475 0.939584
    outer loop
      vertex -1.28759 4.80537 19.0104
      vertex -1.70151 4.67486 19.0104
      vertex -1.33702 3.67342 19.3983
    endloop
  endfacet
  facet normal -0.127186 0.403378 0.906151
    outer loop
      vertex -1.28759 4.80537 19.0104
      vertex -2.05305 5.64072 18.5311
      vertex -1.70151 4.67486 19.0104
    endloop
  endfacet
  facet normal 0 0 1
    outer loop
      vertex 0.564894 0.0494213 19.9876
      vertex 0.564894 -0.0494213 19.9876
      vertex 0.567052 0 19.9876
    endloop
  endfacet
  facet normal 0 0 1
    outer loop
      vertex 0.558436 0.0984669 19.9876
      vertex 0.564894 -0.0494213 19.9876
      vertex 0.564894 0.0494213 19.9876
    endloop
  endfacet
  facet normal 0 0 1
    outer loop
      vertex 0.558436 0.0984669 19.9876
      vertex 0.558436 -0.0984669 19.9876
      vertex 0.564894 -0.0494213 19.9876
    endloop
  endfacet
  facet normal 0 0 1
    outer loop
      vertex 0.547729 0.146764 19.9876
      vertex 0.558436 -0.0984669 19.9876
      vertex 0.558436 0.0984669 19.9876
    endloop
  endfacet
  facet normal 0 0 1
    outer loop
      vertex 0.547729 0.146764 19.9876
      vertex 0.547729 -0.146764 19.9876
      vertex 0.558436 -0.0984669 19.9876
    endloop
  endfacet
  facet normal 0 0 1
    outer loop
      vertex 0.532854 0.193943 19.9876
      vertex 0.547729 -0.146764 19.9876
      vertex 0.547729 0.146764 19.9876
    endloop
  endfacet
  facet normal 0 0 1
    outer loop
      vertex 0.532854 0.193943 19.9876
      vertex 0.532854 -0.193943 19.9876
      vertex 0.547729 -0.146764 19.9876
    endloop
  endfacet
  facet normal 0 0 1
    outer loop
      vertex 0.513924 0.239646 19.9876
      vertex 0.532854 -0.193943 19.9876
      vertex 0.532854 0.193943 19.9876
    endloop
  endfacet
  facet normal 0 0 1
    outer loop
      vertex 0.513924 0.239646 19.9876
      vertex 0.513924 -0.239646 19.9876
      vertex 0.532854 -0.193943 19.9876
    endloop
  endfacet
  facet normal 0 0 1
    outer loop
      vertex 0.491081 0.283525 19.9876
      vertex 0.513924 -0.239646 19.9876
      vertex 0.513924 0.239646 19.9876
    endloop
  endfacet
  facet normal 0 0 1
    outer loop
      vertex 0.491081 0.283525 19.9876
      vertex 0.491081 -0.283525 19.9876
      vertex 0.513924 -0.239646 19.9876
    endloop
  endfacet
  facet normal 0 0 1
    outer loop
      vertex 0.464501 0.325247 19.9876
      vertex 0.491081 -0.283525 19.9876
      vertex 0.491081 0.283525 19.9876
    endloop
  endfacet
  facet normal 0 0 1
    outer loop
      vertex 0.464501 0.325247 19.9876
      vertex 0.464501 -0.325247 19.9876
      vertex 0.491081 -0.283525 19.9876
    endloop
  endfacet
  facet normal 0 0 1
    outer loop
      vertex 0.434386 0.364493 19.9876
      vertex 0.464501 -0.325247 19.9876
      vertex 0.464501 0.325247 19.9876
    endloop
  endfacet
  facet normal 0 0 1
    outer loop
      vertex 0.434386 0.364493 19.9876
      vertex 0.434386 -0.364493 19.9876
      vertex 0.464501 -0.325247 19.9876
    endloop
  endfacet
  facet normal 0 0 1
    outer loop
      vertex 0.400966 0.400966 19.9876
      vertex 0.434386 -0.364493 19.9876
      vertex 0.434386 0.364493 19.9876
    endloop
  endfacet
  facet normal 0 0 1
    outer loop
      vertex 0.400966 0.400966 19.9876
      vertex 0.400966 -0.400966 19.9876
      vertex 0.434386 -0.364493 19.9876
    endloop
  endfacet
  facet normal 0 0 1
    outer loop
      vertex 0.364493 0.434386 19.9876
      vertex 0.400966 -0.400966 19.9876
      vertex 0.400966 0.400966 19.9876
    endloop
  endfacet
  facet normal 0 0 1
    outer loop
      vertex 0.364493 0.434386 19.9876
      vertex 0.364493 -0.434386 19.9876
      vertex 0.400966 -0.400966 19.9876
    endloop
  endfacet
  facet normal 0 0 1
    outer loop
      vertex 0.325247 0.464501 19.9876
      vertex 0.364493 -0.434386 19.9876
      vertex 0.364493 0.434386 19.9876
    endloop
  endfacet
  facet normal 0 0 1
    outer loop
      vertex 0.325247 0.464501 19.9876
      vertex 0.325247 -0.464501 19.9876
      vertex 0.364493 -0.434386 19.9876
    endloop
  endfacet
  facet normal 0 0 1
    outer loop
      vertex 0.283525 0.491081 19.9876
      vertex 0.325247 -0.464501 19.9876
      vertex 0.325247 0.464501 19.9876
    endloop
  endfacet
  facet normal 0 0 1
    outer loop
      vertex 0.283525 0.491081 19.9876
      vertex 0.283525 -0.491081 19.9876
      vertex 0.325247 -0.464501 19.9876
    endloop
  endfacet
  facet normal 0 0 1
    outer loop
      vertex 0.239646 0.513924 19.9876
      vertex 0.283525 -0.491081 19.9876
      vertex 0.283525 0.491081 19.9876
    endloop
  endfacet
  facet normal 0 0 1
    outer loop
      vertex 0.239646 0.513924 19.9876
      vertex 0.239646 -0.513924 19.9876
      vertex 0.283525 -0.491081 19.9876
    endloop
  endfacet
  facet normal 0 0 1
    outer loop
      vertex 0.193943 0.532854 19.9876
      vertex 0.239646 -0.513924 19.9876
      vertex 0.239646 0.513924 19.9876
    endloop
  endfacet
  facet normal 0 0 1
    outer loop
      vertex 0.193943 0.532854 19.9876
      vertex 0.193943 -0.532854 19.9876
      vertex 0.239646 -0.513924 19.9876
    endloop
  endfacet
  facet normal 0 0 1
    outer loop
      vertex 0.146764 0.547729 19.9876
      vertex 0.193943 -0.532854 19.9876
      vertex 0.193943 0.532854 19.9876
    endloop
  endfacet
  facet normal 0 0 1
    outer loop
      vertex 0.146764 0.547729 19.9876
      vertex 0.146764 -0.547729 19.9876
      vertex 0.193943 -0.532854 19.9876
    endloop
  endfacet
  facet normal 0 0 1
    outer loop
      vertex 0.0984669 0.558436 19.9876
      vertex 0.146764 -0.547729 19.9876
      vertex 0.146764 0.547729 19.9876
    endloop
  endfacet
  facet normal 0 0 1
    outer loop
      vertex 0.0984669 0.558436 19.9876
      vertex 0.0984669 -0.558436 19.9876
      vertex 0.146764 -0.547729 19.9876
    endloop
  endfacet
  facet normal 0 0 1
    outer loop
      vertex 0.0494213 0.564894 19.9876
      vertex 0.0984669 -0.558436 19.9876
      vertex 0.0984669 0.558436 19.9876
    endloop
  endfacet
  facet normal 0 0 1
    outer loop
      vertex 0.0494213 0.564894 19.9876
      vertex 0.0494213 -0.564894 19.9876
      vertex 0.0984669 -0.558436 19.9876
    endloop
  endfacet
  facet normal 0 0 1
    outer loop
      vertex 0 0.567052 19.9876
      vertex 0.0494213 -0.564894 19.9876
      vertex 0.0494213 0.564894 19.9876
    endloop
  endfacet
  facet normal 0 0 1
    outer loop
      vertex 0 0.567052 19.9876
      vertex 0 -0.567052 19.9876
      vertex 0.0494213 -0.564894 19.9876
    endloop
  endfacet
  facet normal -0 0 1
    outer loop
      vertex -0.0494213 0.564894 19.9876
      vertex 0 -0.567052 19.9876
      vertex 0 0.567052 19.9876
    endloop
  endfacet
  facet normal 0 0 1
    outer loop
      vertex -0.0494213 0.564894 19.9876
      vertex -0.0494213 -0.564894 19.9876
      vertex 0 -0.567052 19.9876
    endloop
  endfacet
  facet normal -0 0 1
    outer loop
      vertex -0.0984669 0.558436 19.9876
      vertex -0.0494213 -0.564894 19.9876
      vertex -0.0494213 0.564894 19.9876
    endloop
  endfacet
  facet normal 0 0 1
    outer loop
      vertex -0.0984669 0.558436 19.9876
      vertex -0.0984669 -0.558436 19.9876
      vertex -0.0494213 -0.564894 19.9876
    endloop
  endfacet
  facet normal -0 0 1
    outer loop
      vertex -0.146764 0.547729 19.9876
      vertex -0.0984669 -0.558436 19.9876
      vertex -0.0984669 0.558436 19.9876
    endloop
  endfacet
  facet normal 0 0 1
    outer loop
      vertex -0.146764 0.547729 19.9876
      vertex -0.146764 -0.547729 19.9876
      vertex -0.0984669 -0.558436 19.9876
    endloop
  endfacet
  facet normal -0 0 1
    outer loop
      vertex -0.193943 0.532854 19.9876
      vertex -0.146764 -0.547729 19.9876
      vertex -0.146764 0.547729 19.9876
    endloop
  endfacet
  facet normal 0 0 1
    outer loop
      vertex -0.193943 0.532854 19.9876
      vertex -0.193943 -0.532854 19.9876
      vertex -0.146764 -0.547729 19.9876
    endloop
  endfacet
  facet normal -0 0 1
    outer loop
      vertex -0.239646 0.513924 19.9876
      vertex -0.193943 -0.532854 19.9876
      vertex -0.193943 0.532854 19.9876
    endloop
  endfacet
  facet normal 0 0 1
    outer loop
      vertex -0.239646 0.513924 19.9876
      vertex -0.239646 -0.513924 19.9876
      vertex -0.193943 -0.532854 19.9876
    endloop
  endfacet
  facet normal -0 0 1
    outer loop
      vertex -0.283525 0.491081 19.9876
      vertex -0.239646 -0.513924 19.9876
      vertex -0.239646 0.513924 19.9876
    endloop
  endfacet
  facet normal 0 0 1
    outer loop
      vertex -0.283525 0.491081 19.9876
      vertex -0.283525 -0.491081 19.9876
      vertex -0.239646 -0.513924 19.9876
    endloop
  endfacet
  facet normal -0 0 1
    outer loop
      vertex -0.325247 0.464501 19.9876
      vertex -0.283525 -0.491081 19.9876
      vertex -0.283525 0.491081 19.9876
    endloop
  endfacet
  facet normal 0 0 1
    outer loop
      vertex -0.325247 0.464501 19.9876
      vertex -0.325247 -0.464501 19.9876
      vertex -0.283525 -0.491081 19.9876
    endloop
  endfacet
  facet normal -0 0 1
    outer loop
      vertex -0.364493 0.434386 19.9876
      vertex -0.325247 -0.464501 19.9876
      vertex -0.325247 0.464501 19.9876
    endloop
  endfacet
  facet normal 0 0 1
    outer loop
      vertex -0.364493 0.434386 19.9876
      vertex -0.364493 -0.434386 19.9876
      vertex -0.325247 -0.464501 19.9876
    endloop
  endfacet
  facet normal -0 0 1
    outer loop
      vertex -0.400966 0.400966 19.9876
      vertex -0.364493 -0.434386 19.9876
      vertex -0.364493 0.434386 19.9876
    endloop
  endfacet
  facet normal 0 0 1
    outer loop
      vertex -0.400966 0.400966 19.9876
      vertex -0.400966 -0.400966 19.9876
      vertex -0.364493 -0.434386 19.9876
    endloop
  endfacet
  facet normal -0 0 1
    outer loop
      vertex -0.434386 0.364493 19.9876
      vertex -0.400966 -0.400966 19.9876
      vertex -0.400966 0.400966 19.9876
    endloop
  endfacet
  facet normal 0 0 1
    outer loop
      vertex -0.434386 0.364493 19.9876
      vertex -0.434386 -0.364493 19.9876
      vertex -0.400966 -0.400966 19.9876
    endloop
  endfacet
  facet normal -0 0 1
    outer loop
      vertex -0.464501 0.325247 19.9876
      vertex -0.434386 -0.364493 19.9876
      vertex -0.434386 0.364493 19.9876
    endloop
  endfacet
  facet normal 0 0 1
    outer loop
      vertex -0.464501 0.325247 19.9876
      vertex -0.464501 -0.325247 19.9876
      vertex -0.434386 -0.364493 19.9876
    endloop
  endfacet
  facet normal -0 0 1
    outer loop
      vertex -0.491081 0.283525 19.9876
      vertex -0.464501 -0.325247 19.9876
      vertex -0.464501 0.325247 19.9876
    endloop
  endfacet
  facet normal 0 0 1
    outer loop
      vertex -0.491081 0.283525 19.9876
      vertex -0.491081 -0.283525 19.9876
      vertex -0.464501 -0.325247 19.9876
    endloop
  endfacet
  facet normal -0 0 1
    outer loop
      vertex -0.513924 0.239646 19.9876
      vertex -0.491081 -0.283525 19.9876
      vertex -0.491081 0.283525 19.9876
    endloop
  endfacet
  facet normal 0 0 1
    outer loop
      vertex -0.513924 0.239646 19.9876
      vertex -0.513924 -0.239646 19.9876
      vertex -0.491081 -0.283525 19.9876
    endloop
  endfacet
  facet normal -0 0 1
    outer loop
      vertex -0.532854 0.193943 19.9876
      vertex -0.513924 -0.239646 19.9876
      vertex -0.513924 0.239646 19.9876
    endloop
  endfacet
  facet normal 0 0 1
    outer loop
      vertex -0.532854 0.193943 19.9876
      vertex -0.532854 -0.193943 19.9876
      vertex -0.513924 -0.239646 19.9876
    endloop
  endfacet
  facet normal -0 0 1
    outer loop
      vertex -0.547729 0.146764 19.9876
      vertex -0.532854 -0.193943 19.9876
      vertex -0.532854 0.193943 19.9876
    endloop
  endfacet
  facet normal 0 0 1
    outer loop
      vertex -0.547729 0.146764 19.9876
      vertex -0.547729 -0.146764 19.9876
      vertex -0.532854 -0.193943 19.9876
    endloop
  endfacet
  facet normal -0 0 1
    outer loop
      vertex -0.558436 0.0984669 19.9876
      vertex -0.547729 -0.146764 19.9876
      vertex -0.547729 0.146764 19.9876
    endloop
  endfacet
  facet normal 0 0 1
    outer loop
      vertex -0.558436 0.0984669 19.9876
      vertex -0.558436 -0.0984669 19.9876
      vertex -0.547729 -0.146764 19.9876
    endloop
  endfacet
  facet normal -0 0 1
    outer loop
      vertex -0.564894 0.0494213 19.9876
      vertex -0.558436 -0.0984669 19.9876
      vertex -0.558436 0.0984669 19.9876
    endloop
  endfacet
  facet normal 0 0 1
    outer loop
      vertex -0.564894 0.0494213 19.9876
      vertex -0.564894 -0.0494213 19.9876
      vertex -0.558436 -0.0984669 19.9876
    endloop
  endfacet
  facet normal 0 -0 1
    outer loop
      vertex -0.564894 -0.0494213 19.9876
      vertex -0.564894 0.0494213 19.9876
      vertex -0.567052 0 19.9876
    endloop
  endfacet
  facet normal -0.338013 0.368872 0.865841
    outer loop
      vertex -3.85848 4.59836 18.5311
      vertex -4.93907 4.93907 17.9641
      vertex -4.24457 4.24457 18.5311
    endloop
  endfacet
  facet normal -0.368872 0.338013 0.865841
    outer loop
      vertex -4.24457 4.24457 18.5311
      vertex -4.93907 4.93907 17.9641
      vertex -4.59836 3.85848 18.5311
    endloop
  endfacet
  facet normal -0.303638 0.158066 0.939585
    outer loop
      vertex -4.30838 2.48744 19.0104
      vertex -4.50878 2.10248 19.0104
      vertex -3.38544 1.95459 19.3983
    endloop
  endfacet
  facet normal -0.288709 0.183924 0.939585
    outer loop
      vertex -3.20221 2.24221 19.3983
      vertex -4.30838 2.48744 19.0104
      vertex -3.38544 1.95459 19.3983
    endloop
  endfacet
  facet normal -0.227251 0.356718 0.906151
    outer loop
      vertex -2.48744 4.30838 19.0104
      vertex -3.44303 4.91715 18.5311
      vertex -2.85348 4.07519 19.0104
    endloop
  endfacet
  facet normal -0.183925 0.288709 0.939584
    outer loop
      vertex -2.48744 4.30838 19.0104
      vertex -2.85348 4.07519 19.0104
      vertex -2.24221 3.20221 19.3983
    endloop
  endfacet
  facet normal -0.268828 0.421966 0.865838
    outer loop
      vertex -3.49245 6.0491 17.9641
      vertex -4.00637 5.72169 17.9641
      vertex -3.44303 4.91715 18.5311
    endloop
  endfacet
  facet normal -0.268824 0.421967 0.865839
    outer loop
      vertex -3.00137 5.19852 18.5311
      vertex -3.49245 6.0491 17.9641
      vertex -3.44303 4.91715 18.5311
    endloop
  endfacet
  facet normal -0.43451 0.474176 0.76574
    outer loop
      vertex -5.08696 6.0624 17.3136
      vertex -6.21029 6.21029 16.5846
      vertex -5.59597 5.59597 17.3136
    endloop
  endfacet
  facet normal -0.349395 0.455339 0.818895
    outer loop
      vertex -4.53923 6.48269 17.3136
      vertex -5.08696 6.0624 17.3136
      vertex -4.4898 5.35074 17.9641
    endloop
  endfacet
  facet normal -0.396933 0.304579 0.865838
    outer loop
      vertex -5.35074 4.4898 17.9641
      vertex -5.72169 4.00637 17.9641
      vertex -4.91715 3.44303 18.5311
    endloop
  endfacet
  facet normal -0.455339 0.349395 0.818895
    outer loop
      vertex -5.35074 4.4898 17.9641
      vertex -6.48269 4.53923 17.3136
      vertex -5.72169 4.00637 17.9641
    endloop
  endfacet
  facet normal -0.561237 0.430658 0.706786
    outer loop
      vertex -7.34223 6.16086 15.7827
      vertex -7.85125 5.4975 15.7827
      vertex -7.19434 5.03753 16.5846
    endloop
  endfacet
  facet normal -0.561247 0.430653 0.706782
    outer loop
      vertex -6.72792 5.64539 16.5846
      vertex -7.34223 6.16086 15.7827
      vertex -7.19434 5.03753 16.5846
    endloop
  endfacet
  facet normal -0.106999 0.812396 0.573204
    outer loop
      vertex -0.955583 10.9224 13.9849
      vertex -1.90389 10.7975 13.9849
      vertex -1.79094 10.1569 14.9139
    endloop
  endfacet
  facet normal -0.113063 0.858827 0.499632
    outer loop
      vertex -1.005 11.4873 13.0027
      vertex -2.00236 11.356 13.0027
      vertex -0.955583 10.9224 13.9849
    endloop
  endfacet
  facet normal -0.0410116 0.938904 0.341727
    outer loop
      vertex 0 12.3983 10.9092
      vertex -1.08058 12.3511 10.9092
      vertex -1.04678 11.9647 11.9749
    endloop
  endfacet
  facet normal -0.0409901 0.938898 0.341746
    outer loop
      vertex 0 12.3983 10.9092
      vertex -1.04678 11.9647 11.9749
      vertex 0 12.0104 11.9749
    endloop
  endfacet
  facet normal -0.498821 0.650081 0.573212
    outer loop
      vertex -5.91563 8.4484 14.9139
      vertex -7.04758 8.39898 13.9849
      vertex -6.62945 7.90067 14.9139
    endloop
  endfacet
  facet normal -0.498823 0.650077 0.573214
    outer loop
      vertex -6.28874 8.98126 13.9849
      vertex -7.04758 8.39898 13.9849
      vertex -5.91563 8.4484 14.9139
    endloop
  endfacet
  facet normal -0.0530814 0.069182 0.996191
    outer loop
      vertex -0.973268 1.38997 19.8888
      vertex -1.09071 1.29986 19.8888
      vertex -0.325247 0.464501 19.9876
    endloop
  endfacet
  facet normal -0.0805625 -0.0333687 0.996191
    outer loop
      vertex -0.532854 -0.193943 19.9876
      vertex -1.59451 -0.580353 19.8888
      vertex -0.513924 -0.239646 19.9876
    endloop
  endfacet
  facet normal -0.0773462 -0.0402657 0.996191
    outer loop
      vertex -0.513924 -0.239646 19.9876
      vertex -1.46951 -0.84842 19.8888
      vertex -0.491081 -0.283525 19.9876
    endloop
  endfacet
  facet normal -0.0923385 0.701377 0.706784
    outer loop
      vertex -0.835353 9.54813 15.7827
      vertex -1.66435 9.43899 15.7827
      vertex -0.76546 8.74925 16.5846
    endloop
  endfacet
  facet normal -0.0923405 0.701376 0.706785
    outer loop
      vertex -0.76546 8.74925 16.5846
      vertex -1.66435 9.43899 15.7827
      vertex -1.52509 8.64924 16.5846
    endloop
  endfacet
  facet normal -0.0357894 0.818592 0.57326
    outer loop
      vertex 0 10.3136 14.9139
      vertex -0.955583 10.9224 13.9849
      vertex -0.898889 10.2743 14.9139
    endloop
  endfacet
  facet normal -0.10003 0.7598 0.642416
    outer loop
      vertex -0.835353 9.54813 15.7827
      vertex -1.79094 10.1569 14.9139
      vertex -1.66435 9.43899 15.7827
    endloop
  endfacet
  facet normal -0.113111 0.858798 0.499671
    outer loop
      vertex -0.955583 10.9224 13.9849
      vertex -2.00236 11.356 13.0027
      vertex -1.90389 10.7975 13.9849
    endloop
  endfacet
  facet normal -0.177345 0.799986 0.573211
    outer loop
      vertex -1.79094 10.1569 14.9139
      vertex -2.83771 10.5905 13.9849
      vertex -2.66935 9.96217 14.9139
    endloop
  endfacet
  facet normal -0.313591 0.757017 0.573224
    outer loop
      vertex -3.74994 10.3029 13.9849
      vertex -4.63362 9.93684 13.9849
      vertex -3.52746 9.69161 14.9139
    endloop
  endfacet
  facet normal -0.246378 0.78148 0.573224
    outer loop
      vertex -2.83771 10.5905 13.9849
      vertex -3.74994 10.3029 13.9849
      vertex -3.52746 9.69161 14.9139
    endloop
  endfacet
  facet normal -0.146634 -0.0934198 0.98477
    outer loop
      vertex -1.46951 -0.84842 19.8888
      vertex -2.43675 -1.40686 19.6918
      vertex -1.38997 -0.973268 19.8888
    endloop
  endfacet
  facet normal -0.160629 -0.0665363 0.98477
    outer loop
      vertex -1.59451 -0.580353 19.8888
      vertex -2.55009 -1.18913 19.6918
      vertex -1.53786 -0.717115 19.8888
    endloop
  endfacet
  facet normal -0.311832 -0.285744 0.906152
    outer loop
      vertex -3.81098 -3.19779 19.0104
      vertex -4.59836 -3.85848 18.5311
      vertex -3.51777 -3.51777 19.0104
    endloop
  endfacet
  facet normal -0.271579 -0.208392 0.939584
    outer loop
      vertex -3.20221 -2.24221 19.3983
      vertex -3.81098 -3.19779 19.0104
      vertex -2.9946 -2.51277 19.3983
    endloop
  endfacet
  facet normal -0.208392 -0.271579 0.939584
    outer loop
      vertex -2.51277 -2.9946 19.3983
      vertex -3.19779 -3.81098 19.0104
      vertex -2.24221 -3.20221 19.3983
    endloop
  endfacet
  facet normal -0.208395 -0.271574 0.939584
    outer loop
      vertex -2.24221 -3.20221 19.3983
      vertex -3.19779 -3.81098 19.0104
      vertex -2.85348 -4.07519 19.0104
    endloop
  endfacet
  facet normal -0.127185 -0.403379 0.906151
    outer loop
      vertex -1.28759 -4.80537 19.0104
      vertex -2.05305 -5.64072 18.5311
      vertex -1.55362 -5.79819 18.5311
    endloop
  endfacet
  facet normal -0.15045 -0.477165 0.86584
    outer loop
      vertex -1.55362 -5.79819 18.5311
      vertex -2.05305 -5.64072 18.5311
      vertex -1.80782 -6.74689 17.9641
    endloop
  endfacet
  facet normal 0.157686 -0.205498 0.96587
    outer loop
      vertex 2.51277 -2.9946 19.3983
      vertex 1.61388 -2.30486 19.6918
      vertex 2.24221 -3.20221 19.3983
    endloop
  endfacet
  facet normal 0.208395 -0.271574 0.939584
    outer loop
      vertex 3.19779 -3.81098 19.0104
      vertex 2.24221 -3.20221 19.3983
      vertex 2.85348 -4.07519 19.0104
    endloop
  endfacet
  facet normal 0.205498 -0.157686 0.96587
    outer loop
      vertex 3.20221 -2.24221 19.3983
      vertex 2.30486 -1.61388 19.6918
      vertex 2.9946 -2.51277 19.3983
    endloop
  endfacet
  facet normal 0.205499 -0.157686 0.96587
    outer loop
      vertex 2.30486 -1.61388 19.6918
      vertex 2.15543 -1.80862 19.6918
      vertex 2.9946 -2.51277 19.3983
    endloop
  endfacet
  facet normal 0.208392 -0.271579 0.939584
    outer loop
      vertex 2.51277 -2.9946 19.3983
      vertex 2.24221 -3.20221 19.3983
      vertex 3.19779 -3.81098 19.0104
    endloop
  endfacet
  facet normal 0.231272 -0.252381 0.939584
    outer loop
      vertex 2.7642 -2.7642 19.3983
      vertex 2.51277 -2.9946 19.3983
      vertex 3.19779 -3.81098 19.0104
    endloop
  endfacet
  facet normal 0.0589097 -0.0642913 0.996191
    outer loop
      vertex 0.400966 -0.400966 19.9876
      vertex 0.364493 -0.434386 19.9876
      vertex 1.09071 -1.29986 19.8888
    endloop
  endfacet
  facet normal 0.003804 0.0871171 0.996191
    outer loop
      vertex 0.147889 1.69038 19.8888
      vertex 0 0.567052 19.9876
      vertex 0.0494213 0.564894 19.9876
    endloop
  endfacet
  facet normal 0.108291 -0.488462 0.86584
    outer loop
      vertex 1.55362 -5.79819 18.5311
      vertex 1.21291 -6.87878 17.9641
      vertex 1.80782 -6.74689 17.9641
    endloop
  endfacet
  facet normal 0.15045 -0.477165 0.86584
    outer loop
      vertex 2.05305 -5.64072 18.5311
      vertex 1.55362 -5.79819 18.5311
      vertex 1.80782 -6.74689 17.9641
    endloop
  endfacet
  facet normal 0.0773479 0.040263 0.996191
    outer loop
      vertex 1.46951 0.84842 19.8888
      vertex 0.513924 0.239646 19.9876
      vertex 1.53786 0.717115 19.8888
    endloop
  endfacet
  facet normal 0.0805619 0.0333706 0.996191
    outer loop
      vertex 1.53786 0.717115 19.8888
      vertex 0.513924 0.239646 19.9876
      vertex 1.59451 0.580353 19.8888
    endloop
  endfacet
  facet normal -0.00380539 -0.0871169 0.996191
    outer loop
      vertex 0 -0.567052 19.9876
      vertex -0.147889 -1.69038 19.8888
      vertex 0 -1.69684 19.8888
    endloop
  endfacet
  facet normal -0.003804 -0.0871171 0.996191
    outer loop
      vertex -0.0494213 -0.564894 19.9876
      vertex -0.147889 -1.69038 19.8888
      vertex 0 -0.567052 19.9876
    endloop
  endfacet
  facet normal 0.0188732 -0.085133 0.996191
    outer loop
      vertex 0.146764 -0.547729 19.9876
      vertex 0.0984669 -0.558436 19.9876
      vertex 0.294653 -1.67106 19.8888
    endloop
  endfacet
  facet normal -0.252383 -0.231268 0.939584
    outer loop
      vertex -2.7642 -2.7642 19.3983
      vertex -3.81098 -3.19779 19.0104
      vertex -3.51777 -3.51777 19.0104
    endloop
  endfacet
  facet normal -0.231272 -0.252381 0.939584
    outer loop
      vertex -2.7642 -2.7642 19.3983
      vertex -3.19779 -3.81098 19.0104
      vertex -2.51277 -2.9946 19.3983
    endloop
  endfacet
  facet normal -0.0735427 -0.0468536 0.996191
    outer loop
      vertex -0.491081 -0.283525 19.9876
      vertex -1.46951 -0.84842 19.8888
      vertex -1.38997 -0.973268 19.8888
    endloop
  endfacet
  facet normal -0.229762 -0.119603 0.96587
    outer loop
      vertex -2.55009 -1.18913 19.6918
      vertex -3.38544 -1.95459 19.3983
      vertex -2.43675 -1.40686 19.6918
    endloop
  endfacet
  facet normal -0.183924 -0.288709 0.939585
    outer loop
      vertex -2.24221 -3.20221 19.3983
      vertex -2.48744 -4.30838 19.0104
      vertex -1.95459 -3.38544 19.3983
    endloop
  endfacet
  facet normal -0.139173 -0.218463 0.96587
    outer loop
      vertex -1.40686 -2.43675 19.6918
      vertex -2.24221 -3.20221 19.3983
      vertex -1.95459 -3.38544 19.3983
    endloop
  endfacet
  facet normal -0.0530841 -0.0691795 0.996191
    outer loop
      vertex -0.364493 -0.434386 19.9876
      vertex -1.09071 -1.29986 19.8888
      vertex -0.325247 -0.464501 19.9876
    endloop
  endfacet
  facet normal -0.0530814 -0.069182 0.996191
    outer loop
      vertex -0.325247 -0.464501 19.9876
      vertex -1.09071 -1.29986 19.8888
      vertex -0.973268 -1.38997 19.8888
    endloop
  endfacet
  facet normal -0.069182 -0.0530814 0.996191
    outer loop
      vertex -0.464501 -0.325247 19.9876
      vertex -1.38997 -0.973268 19.8888
      vertex -1.29986 -1.09071 19.8888
    endloop
  endfacet
  facet normal 0.0530841 -0.0691795 0.996191
    outer loop
      vertex 0.364493 -0.434386 19.9876
      vertex 0.325247 -0.464501 19.9876
      vertex 1.09071 -1.29986 19.8888
    endloop
  endfacet
  facet normal 0.0468526 -0.0735434 0.996191
    outer loop
      vertex 0.325247 -0.464501 19.9876
      vertex 0.283525 -0.491081 19.9876
      vertex 0.973268 -1.38997 19.8888
    endloop
  endfacet
  facet normal 0.139177 -0.218458 0.96587
    outer loop
      vertex 1.61388 -2.30486 19.6918
      vertex 1.40686 -2.43675 19.6918
      vertex 2.24221 -3.20221 19.3983
    endloop
  endfacet
  facet normal 0.093419 -0.146634 0.98477
    outer loop
      vertex 1.61388 -2.30486 19.6918
      vertex 0.973268 -1.38997 19.8888
      vertex 1.40686 -2.43675 19.6918
    endloop
  endfacet
  facet normal 0.1953 -0.375163 0.906151
    outer loop
      vertex 2.48744 -4.30838 19.0104
      vertex 2.10248 -4.50878 19.0104
      vertex 3.00137 -5.19852 18.5311
    endloop
  endfacet
  facet normal 0.102938 -0.326475 0.939584
    outer loop
      vertex 1.33702 -3.67342 19.3983
      vertex 1.28759 -4.80537 19.0104
      vertex 1.70151 -4.67486 19.0104
    endloop
  endfacet
  facet normal 0.119603 -0.229762 0.96587
    outer loop
      vertex 1.40686 -2.43675 19.6918
      vertex 1.18913 -2.55009 19.6918
      vertex 1.95459 -3.38544 19.3983
    endloop
  endfacet
  facet normal 0.11961 -0.229756 0.96587
    outer loop
      vertex 1.95459 -3.38544 19.3983
      vertex 1.18913 -2.55009 19.6918
      vertex 1.65209 -3.54292 19.3983
    endloop
  endfacet
  facet normal 0.0740884 -0.334207 0.939583
    outer loop
      vertex 1.28759 -4.80537 19.0104
      vertex 0.678821 -3.84979 19.3983
      vertex 0.863879 -4.8993 19.0104
    endloop
  endfacet
  facet normal 0.0740977 -0.334202 0.939584
    outer loop
      vertex 1.01177 -3.77597 19.3983
      vertex 0.678821 -3.84979 19.3983
      vertex 1.28759 -4.80537 19.0104
    endloop
  endfacet
  facet normal 0.022694 -0.172376 0.98477
    outer loop
      vertex 0.294653 -1.67106 19.8888
      vertex 0.245231 -2.80301 19.6918
      vertex 0.488596 -2.77097 19.6918
    endloop
  endfacet
  facet normal 0.0226916 -0.172376 0.98477
    outer loop
      vertex 0.294653 -1.67106 19.8888
      vertex 0.147889 -1.69038 19.8888
      vertex 0.245231 -2.80301 19.6918
    endloop
  endfacet
  facet normal 0.0665363 -0.160629 0.98477
    outer loop
      vertex 0.717115 -1.53786 19.8888
      vertex 0.580353 -1.59451 19.8888
      vertex 1.18913 -2.55009 19.6918
    endloop
  endfacet
  facet normal 0.0802787 -0.154221 0.98477
    outer loop
      vertex 0.84842 -1.46951 19.8888
      vertex 0.717115 -1.53786 19.8888
      vertex 1.18913 -2.55009 19.6918
    endloop
  endfacet
  facet normal 0.0113808 0.0864542 0.996191
    outer loop
      vertex 0.147889 1.69038 19.8888
      vertex 0.0494213 0.564894 19.9876
      vertex 0.294653 1.67106 19.8888
    endloop
  endfacet
  facet normal 0.0871169 -0.00380539 0.996191
    outer loop
      vertex 1.69684 0 19.8888
      vertex 0.567052 0 19.9876
      vertex 1.69038 -0.147889 19.8888
    endloop
  endfacet
  facet normal 0.0871171 -0.003804 0.996191
    outer loop
      vertex 0.567052 0 19.9876
      vertex 0.564894 -0.0494213 19.9876
      vertex 1.69038 -0.147889 19.8888
    endloop
  endfacet
  facet normal 0.0773479 -0.040263 0.996191
    outer loop
      vertex 1.53786 -0.717115 19.8888
      vertex 0.513924 -0.239646 19.9876
      vertex 1.46951 -0.84842 19.8888
    endloop
  endfacet
  facet normal -0.311832 0.285744 0.906152
    outer loop
      vertex -3.51777 3.51777 19.0104
      vertex -4.59836 3.85848 18.5311
      vertex -3.81098 3.19779 19.0104
    endloop
  endfacet
  facet normal -0.252383 0.231268 0.939584
    outer loop
      vertex -3.51777 3.51777 19.0104
      vertex -3.81098 3.19779 19.0104
      vertex -2.7642 2.7642 19.3983
    endloop
  endfacet
  facet normal -0.356718 0.227251 0.906151
    outer loop
      vertex -4.07519 2.85348 19.0104
      vertex -4.91715 3.44303 18.5311
      vertex -4.30838 2.48744 19.0104
    endloop
  endfacet
  facet normal -0.288709 0.183925 0.939584
    outer loop
      vertex -4.07519 2.85348 19.0104
      vertex -4.30838 2.48744 19.0104
      vertex -3.20221 2.24221 19.3983
    endloop
  endfacet
  facet normal -0.430653 0.561247 0.706782
    outer loop
      vertex -5.03753 7.19434 16.5846
      vertex -6.16086 7.34223 15.7827
      vertex -5.64539 6.72792 16.5846
    endloop
  endfacet
  facet normal -0.257479 0.335549 0.906152
    outer loop
      vertex -3.44303 4.91715 18.5311
      vertex -3.85848 4.59836 18.5311
      vertex -3.19779 3.81098 19.0104
    endloop
  endfacet
  facet normal -0.521577 0.477929 0.706783
    outer loop
      vertex -6.77734 6.77734 15.7827
      vertex -7.34223 6.16086 15.7827
      vertex -6.21029 6.21029 16.5846
    endloop
  endfacet
  facet normal -0.521576 0.477931 0.706782
    outer loop
      vertex -6.21029 6.21029 16.5846
      vertex -7.34223 6.16086 15.7827
      vertex -6.72792 5.64539 16.5846
    endloop
  endfacet
  facet normal -0.30458 0.396931 0.865839
    outer loop
      vertex -3.44303 4.91715 18.5311
      vertex -4.4898 5.35074 17.9641
      vertex -3.85848 4.59836 18.5311
    endloop
  endfacet
  facet normal -0.304579 0.396933 0.865838
    outer loop
      vertex -4.00637 5.72169 17.9641
      vertex -4.4898 5.35074 17.9641
      vertex -3.44303 4.91715 18.5311
    endloop
  endfacet
  facet normal -0.484055 0.308384 0.818895
    outer loop
      vertex -5.72169 4.00637 17.9641
      vertex -6.48269 4.53923 17.3136
      vertex -6.0491 3.49245 17.9641
    endloop
  endfacet
  facet normal -0.421966 0.268828 0.865838
    outer loop
      vertex -5.72169 4.00637 17.9641
      vertex -6.0491 3.49245 17.9641
      vertex -4.91715 3.44303 18.5311
    endloop
  endfacet
  facet normal -0.18754 0.845671 0.499669
    outer loop
      vertex -2.00236 11.356 13.0027
      vertex -2.98448 11.1382 13.0027
      vertex -1.90389 10.7975 13.9849
    endloop
  endfacet
  facet normal -0.187471 0.845721 0.49961
    outer loop
      vertex -1.90389 10.7975 13.9849
      vertex -2.98448 11.1382 13.0027
      vertex -2.83771 10.5905 13.9849
    endloop
  endfacet
  facet normal -0.553585 0.604129 0.573212
    outer loop
      vertex -7.04758 8.39898 13.9849
      vertex -7.75278 7.75278 13.9849
      vertex -7.29281 7.29281 14.9139
    endloop
  endfacet
  facet normal -0.585223 0.638656 0.499632
    outer loop
      vertex -7.04758 8.39898 13.9849
      vertex -8.15375 8.15375 13.0027
      vertex -7.75278 7.75278 13.9849
    endloop
  endfacet
  facet normal -0.218463 -0.139173 0.96587
    outer loop
      vertex -2.43675 -1.40686 19.6918
      vertex -3.38544 -1.95459 19.3983
      vertex -3.20221 -2.24221 19.3983
    endloop
  endfacet
  facet normal -0.218458 -0.139177 0.96587
    outer loop
      vertex -2.43675 -1.40686 19.6918
      vertex -3.20221 -2.24221 19.3983
      vertex -2.30486 -1.61388 19.6918
    endloop
  endfacet
  facet normal -0.0773479 -0.040263 0.996191
    outer loop
      vertex -0.513924 -0.239646 19.9876
      vertex -1.53786 -0.717115 19.8888
      vertex -1.46951 -0.84842 19.8888
    endloop
  endfacet
  facet normal -0.0805619 -0.0333706 0.996191
    outer loop
      vertex -0.513924 -0.239646 19.9876
      vertex -1.59451 -0.580353 19.8888
      vertex -1.53786 -0.717115 19.8888
    endloop
  endfacet
  facet normal -0.174999 -0.190972 0.96587
    outer loop
      vertex -1.80862 -2.15543 19.6918
      vertex -2.7642 -2.7642 19.3983
      vertex -2.51277 -2.9946 19.3983
    endloop
  endfacet
  facet normal -0.174993 -0.19098 0.96587
    outer loop
      vertex -1.9896 -1.9896 19.6918
      vertex -2.7642 -2.7642 19.3983
      vertex -1.80862 -2.15543 19.6918
    endloop
  endfacet
  facet normal 0.157686 -0.205499 0.96587
    outer loop
      vertex 1.80862 -2.15543 19.6918
      vertex 1.61388 -2.30486 19.6918
      vertex 2.51277 -2.9946 19.3983
    endloop
  endfacet
  facet normal 0.174999 -0.190972 0.96587
    outer loop
      vertex 2.7642 -2.7642 19.3983
      vertex 1.80862 -2.15543 19.6918
      vertex 2.51277 -2.9946 19.3983
    endloop
  endfacet
  facet normal -0.0226916 -0.172376 0.98477
    outer loop
      vertex -0.147889 -1.69038 19.8888
      vertex -0.294653 -1.67106 19.8888
      vertex -0.245231 -2.80301 19.6918
    endloop
  endfacet
  facet normal -0.0113808 -0.0864542 0.996191
    outer loop
      vertex -0.0494213 -0.564894 19.9876
      vertex -0.294653 -1.67106 19.8888
      vertex -0.147889 -1.69038 19.8888
    endloop
  endfacet
  facet normal -0.137936 -0.105843 0.984769
    outer loop
      vertex -1.29986 -1.09071 19.8888
      vertex -2.30486 -1.61388 19.6918
      vertex -2.15543 -1.80862 19.6918
    endloop
  endfacet
  facet normal -0.128189 -0.117459 0.98477
    outer loop
      vertex -1.29986 -1.09071 19.8888
      vertex -2.15543 -1.80862 19.6918
      vertex -1.9896 -1.9896 19.6918
    endloop
  endfacet
  facet normal 0.0991285 -0.239309 0.96587
    outer loop
      vertex 1.18913 -2.55009 19.6918
      vertex 0.962347 -2.64403 19.6918
      vertex 1.33702 -3.67342 19.3983
    endloop
  endfacet
  facet normal 0.0778904 -0.247039 0.96587
    outer loop
      vertex 1.33702 -3.67342 19.3983
      vertex 0.962347 -2.64403 19.6918
      vertex 1.01177 -3.77597 19.3983
    endloop
  endfacet
  facet normal 0.130995 -0.316263 0.939584
    outer loop
      vertex 2.10248 -4.50878 19.0104
      vertex 1.33702 -3.67342 19.3983
      vertex 1.70151 -4.67486 19.0104
    endloop
  endfacet
  facet normal 0.161852 -0.390761 0.906151
    outer loop
      vertex 2.10248 -4.50878 19.0104
      vertex 1.70151 -4.67486 19.0104
      vertex 2.05305 -5.64072 18.5311
    endloop
  endfacet
  facet normal 0.154221 -0.0802787 0.98477
    outer loop
      vertex 1.53786 -0.717115 19.8888
      vertex 1.46951 -0.84842 19.8888
      vertex 2.55009 -1.18913 19.6918
    endloop
  endfacet
  facet normal 0.160629 -0.0665363 0.98477
    outer loop
      vertex 1.59451 -0.580353 19.8888
      vertex 1.53786 -0.717115 19.8888
      vertex 2.55009 -1.18913 19.6918
    endloop
  endfacet
  facet normal -0.368881 0.338009 0.865839
    outer loop
      vertex -4.93907 4.93907 17.9641
      vertex -5.35074 4.4898 17.9641
      vertex -4.59836 3.85848 18.5311
    endloop
  endfacet
  facet normal -0.387754 0.423152 0.818895
    outer loop
      vertex -5.08696 6.0624 17.3136
      vertex -5.59597 5.59597 17.3136
      vertex -4.4898 5.35074 17.9641
    endloop
  endfacet
  facet normal -0.477931 0.521576 0.706782
    outer loop
      vertex -6.16086 7.34223 15.7827
      vertex -6.21029 6.21029 16.5846
      vertex -5.64539 6.72792 16.5846
    endloop
  endfacet
  facet normal -0.434507 0.474186 0.765736
    outer loop
      vertex -5.64539 6.72792 16.5846
      vertex -6.21029 6.21029 16.5846
      vertex -5.08696 6.0624 17.3136
    endloop
  endfacet
  facet normal -0.311832 0.285744 0.906152
    outer loop
      vertex -4.24457 4.24457 18.5311
      vertex -4.59836 3.85848 18.5311
      vertex -3.51777 3.51777 19.0104
    endloop
  endfacet
  facet normal -0.338009 0.368881 0.865839
    outer loop
      vertex -4.4898 5.35074 17.9641
      vertex -4.93907 4.93907 17.9641
      vertex -3.85848 4.59836 18.5311
    endloop
  endfacet
  facet normal -0.440263 0.691081 0.573214
    outer loop
      vertex -5.48204 9.49518 13.9849
      vertex -6.28874 8.98126 13.9849
      vertex -5.91563 8.4484 14.9139
    endloop
  endfacet
  facet normal -0.465427 0.730581 0.499629
    outer loop
      vertex -5.48204 9.49518 13.9849
      vertex -6.61399 9.44576 13.0027
      vertex -6.28874 8.98126 13.9849
    endloop
  endfacet
  facet normal -0.638656 0.585223 0.499632
    outer loop
      vertex -8.15375 8.15375 13.0027
      vertex -8.39898 7.04758 13.9849
      vertex -7.75278 7.75278 13.9849
    endloop
  endfacet
  facet normal -0.604129 0.553585 0.573212
    outer loop
      vertex -7.75278 7.75278 13.9849
      vertex -8.39898 7.04758 13.9849
      vertex -7.29281 7.29281 14.9139
    endloop
  endfacet
  facet normal -0.190972 -0.174999 0.96587
    outer loop
      vertex -2.15543 -1.80862 19.6918
      vertex -2.9946 -2.51277 19.3983
      vertex -2.7642 -2.7642 19.3983
    endloop
  endfacet
  facet normal -0.205499 -0.157686 0.96587
    outer loop
      vertex -2.30486 -1.61388 19.6918
      vertex -2.9946 -2.51277 19.3983
      vertex -2.15543 -1.80862 19.6918
    endloop
  endfacet
  facet normal -0.387749 0.423164 0.818891
    outer loop
      vertex -4.4898 5.35074 17.9641
      vertex -5.59597 5.59597 17.3136
      vertex -4.93907 4.93907 17.9641
    endloop
  endfacet
  facet normal -0.423164 0.387749 0.818891
    outer loop
      vertex -4.93907 4.93907 17.9641
      vertex -5.59597 5.59597 17.3136
      vertex -5.35074 4.4898 17.9641
    endloop
  endfacet
  facet normal -0.285744 0.311832 0.906152
    outer loop
      vertex -3.85848 4.59836 18.5311
      vertex -4.24457 4.24457 18.5311
      vertex -3.51777 3.51777 19.0104
    endloop
  endfacet
  facet normal -0.285744 0.311832 0.906152
    outer loop
      vertex -3.19779 3.81098 19.0104
      vertex -3.85848 4.59836 18.5311
      vertex -3.51777 3.51777 19.0104
    endloop
  endfacet
  facet normal -0.335547 -0.257486 0.906151
    outer loop
      vertex -4.07519 -2.85348 19.0104
      vertex -4.91715 -3.44303 18.5311
      vertex -3.81098 -3.19779 19.0104
    endloop
  endfacet
  facet normal -0.335549 -0.257479 0.906152
    outer loop
      vertex -3.81098 -3.19779 19.0104
      vertex -4.91715 -3.44303 18.5311
      vertex -4.59836 -3.85848 18.5311
    endloop
  endfacet
  facet normal 0 0 1
    outer loop
      vertex 12.9505 1.13302 7
      vertex 12.9876 0 7
      vertex 13 0 7
    endloop
  endfacet
  facet normal 0 0 1
    outer loop
      vertex 12.9505 1.13302 7
      vertex 12.9382 1.13195 7
      vertex 12.9876 0 7
    endloop
  endfacet
  facet normal 0 0 1
    outer loop
      vertex 12.8025 2.25743 7
      vertex 12.9382 1.13195 7
      vertex 12.9505 1.13302 7
    endloop
  endfacet
  facet normal 0 0 1
    outer loop
      vertex 12.8025 2.25743 7
      vertex 12.7903 2.25528 7
      vertex 12.9382 1.13195 7
    endloop
  endfacet
  facet normal 0 0 1
    outer loop
      vertex 12.557 3.36465 7
      vertex 12.7903 2.25528 7
      vertex 12.8025 2.25743 7
    endloop
  endfacet
  facet normal 0 0 1
    outer loop
      vertex 12.557 3.36465 7
      vertex 12.5451 3.36144 7
      vertex 12.7903 2.25528 7
    endloop
  endfacet
  facet normal 0 0 1
    outer loop
      vertex 12.216 4.44626 7
      vertex 12.5451 3.36144 7
      vertex 12.557 3.36465 7
    endloop
  endfacet
  facet normal 0 0 1
    outer loop
      vertex 12.216 4.44626 7
      vertex 12.2044 4.44203 7
      vertex 12.5451 3.36144 7
    endloop
  endfacet
  facet normal 0 0 1
    outer loop
      vertex 11.782 5.49404 7
      vertex 12.2044 4.44203 7
      vertex 12.216 4.44626 7
    endloop
  endfacet
  facet normal 0 0 1
    outer loop
      vertex 11.782 5.49404 7
      vertex 11.7708 5.48881 7
      vertex 12.2044 4.44203 7
    endloop
  endfacet
  facet normal 0 0 1
    outer loop
      vertex 11.2583 6.5 7
      vertex 11.7708 5.48881 7
      vertex 11.782 5.49404 7
    endloop
  endfacet
  facet normal 0 0 1
    outer loop
      vertex 11.2583 6.5 7
      vertex 11.2476 6.49381 7
      vertex 11.7708 5.48881 7
    endloop
  endfacet
  facet normal 0 0 1
    outer loop
      vertex 10.649 7.45649 7
      vertex 11.2476 6.49381 7
      vertex 11.2583 6.5 7
    endloop
  endfacet
  facet normal 0 0 1
    outer loop
      vertex 10.649 7.45649 7
      vertex 10.6388 7.4494 7
      vertex 11.2476 6.49381 7
    endloop
  endfacet
  facet normal 0 0 1
    outer loop
      vertex 9.95858 8.35624 7
      vertex 10.6388 7.4494 7
      vertex 10.649 7.45649 7
    endloop
  endfacet
  facet normal 0 0 1
    outer loop
      vertex 9.95858 8.35624 7
      vertex 9.9491 8.34828 7
      vertex 10.6388 7.4494 7
    endloop
  endfacet
  facet normal 0 0 1
    outer loop
      vertex 9.19239 9.19239 7
      vertex 9.9491 8.34828 7
      vertex 9.95858 8.35624 7
    endloop
  endfacet
  facet normal 0 0 1
    outer loop
      vertex 9.19239 9.19239 7
      vertex 9.18364 9.18364 7
      vertex 9.9491 8.34828 7
    endloop
  endfacet
  facet normal 0 0 1
    outer loop
      vertex 8.35624 9.95858 7
      vertex 9.18364 9.18364 7
      vertex 9.19239 9.19239 7
    endloop
  endfacet
  facet normal 0 0 1
    outer loop
      vertex 8.35624 9.95858 7
      vertex 8.34828 9.9491 7
      vertex 9.18364 9.18364 7
    endloop
  endfacet
  facet normal 0 0 1
    outer loop
      vertex 7.45649 10.649 7
      vertex 8.34828 9.9491 7
      vertex 8.35624 9.95858 7
    endloop
  endfacet
  facet normal 0 0 1
    outer loop
      vertex 7.45649 10.649 7
      vertex 7.4494 10.6388 7
      vertex 8.34828 9.9491 7
    endloop
  endfacet
  facet normal 0 0 1
    outer loop
      vertex 6.5 11.2583 7
      vertex 7.4494 10.6388 7
      vertex 7.45649 10.649 7
    endloop
  endfacet
  facet normal 0 0 1
    outer loop
      vertex 6.5 11.2583 7
      vertex 6.49381 11.2476 7
      vertex 7.4494 10.6388 7
    endloop
  endfacet
  facet normal 0 0 1
    outer loop
      vertex 5.49404 11.782 7
      vertex 6.49381 11.2476 7
      vertex 6.5 11.2583 7
    endloop
  endfacet
  facet normal 0 0 1
    outer loop
      vertex 5.49404 11.782 7
      vertex 5.48881 11.7708 7
      vertex 6.49381 11.2476 7
    endloop
  endfacet
  facet normal 0 0 1
    outer loop
      vertex 4.44626 12.216 7
      vertex 5.48881 11.7708 7
      vertex 5.49404 11.782 7
    endloop
  endfacet
  facet normal 0 0 1
    outer loop
      vertex 4.44626 12.216 7
      vertex 4.44203 12.2044 7
      vertex 5.48881 11.7708 7
    endloop
  endfacet
  facet normal 0 0 1
    outer loop
      vertex 3.36465 12.557 7
      vertex 4.44203 12.2044 7
      vertex 4.44626 12.216 7
    endloop
  endfacet
  facet normal 0 0 1
    outer loop
      vertex 3.36465 12.557 7
      vertex 3.36144 12.5451 7
      vertex 4.44203 12.2044 7
    endloop
  endfacet
  facet normal 0 0 1
    outer loop
      vertex 2.25743 12.8025 7
      vertex 3.36144 12.5451 7
      vertex 3.36465 12.557 7
    endloop
  endfacet
  facet normal 0 0 1
    outer loop
      vertex 2.25743 12.8025 7
      vertex 2.25528 12.7903 7
      vertex 3.36144 12.5451 7
    endloop
  endfacet
  facet normal 0 0 1
    outer loop
      vertex 1.13302 12.9505 7
      vertex 2.25528 12.7903 7
      vertex 2.25743 12.8025 7
    endloop
  endfacet
  facet normal 0 0 1
    outer loop
      vertex 1.13302 12.9505 7
      vertex 1.13195 12.9382 7
      vertex 2.25528 12.7903 7
    endloop
  endfacet
  facet normal 0 0 1
    outer loop
      vertex 0 13 7
      vertex 1.13195 12.9382 7
      vertex 1.13302 12.9505 7
    endloop
  endfacet
  facet normal 0 0 1
    outer loop
      vertex 0 13 7
      vertex 0 12.9876 7
      vertex 1.13195 12.9382 7
    endloop
  endfacet
  facet normal 0 0 1
    outer loop
      vertex 0 13 7
      vertex -1.13195 12.9382 7
      vertex 0 12.9876 7
    endloop
  endfacet
  facet normal -0 0 1
    outer loop
      vertex -1.13302 12.9505 7
      vertex -1.13195 12.9382 7
      vertex 0 13 7
    endloop
  endfacet
  facet normal 0 0 1
    outer loop
      vertex -1.13302 12.9505 7
      vertex -2.25528 12.7903 7
      vertex -1.13195 12.9382 7
    endloop
  endfacet
  facet normal -0 0 1
    outer loop
      vertex -2.25743 12.8025 7
      vertex -2.25528 12.7903 7
      vertex -1.13302 12.9505 7
    endloop
  endfacet
  facet normal 0 0 1
    outer loop
      vertex -2.25743 12.8025 7
      vertex -3.36144 12.5451 7
      vertex -2.25528 12.7903 7
    endloop
  endfacet
  facet normal -0 0 1
    outer loop
      vertex -3.36465 12.557 7
      vertex -3.36144 12.5451 7
      vertex -2.25743 12.8025 7
    endloop
  endfacet
  facet normal 0 0 1
    outer loop
      vertex -3.36465 12.557 7
      vertex -4.44203 12.2044 7
      vertex -3.36144 12.5451 7
    endloop
  endfacet
  facet normal -0 0 1
    outer loop
      vertex -4.44626 12.216 7
      vertex -4.44203 12.2044 7
      vertex -3.36465 12.557 7
    endloop
  endfacet
  facet normal 0 0 1
    outer loop
      vertex -4.44626 12.216 7
      vertex -5.48881 11.7708 7
      vertex -4.44203 12.2044 7
    endloop
  endfacet
  facet normal -0 0 1
    outer loop
      vertex -5.49404 11.782 7
      vertex -5.48881 11.7708 7
      vertex -4.44626 12.216 7
    endloop
  endfacet
  facet normal 0 0 1
    outer loop
      vertex -5.49404 11.782 7
      vertex -6.49381 11.2476 7
      vertex -5.48881 11.7708 7
    endloop
  endfacet
  facet normal -0 0 1
    outer loop
      vertex -6.5 11.2583 7
      vertex -6.49381 11.2476 7
      vertex -5.49404 11.782 7
    endloop
  endfacet
  facet normal 0 0 1
    outer loop
      vertex -6.5 11.2583 7
      vertex -7.4494 10.6388 7
      vertex -6.49381 11.2476 7
    endloop
  endfacet
  facet normal -0 0 1
    outer loop
      vertex -7.45649 10.649 7
      vertex -7.4494 10.6388 7
      vertex -6.5 11.2583 7
    endloop
  endfacet
  facet normal 0 0 1
    outer loop
      vertex -7.45649 10.649 7
      vertex -8.34828 9.9491 7
      vertex -7.4494 10.6388 7
    endloop
  endfacet
  facet normal -0 0 1
    outer loop
      vertex -8.35624 9.95858 7
      vertex -8.34828 9.9491 7
      vertex -7.45649 10.649 7
    endloop
  endfacet
  facet normal 0 0 1
    outer loop
      vertex -8.35624 9.95858 7
      vertex -9.18364 9.18364 7
      vertex -8.34828 9.9491 7
    endloop
  endfacet
  facet normal -0 0 1
    outer loop
      vertex -9.19239 9.19239 7
      vertex -9.18364 9.18364 7
      vertex -8.35624 9.95858 7
    endloop
  endfacet
  facet normal 0 0 1
    outer loop
      vertex -9.19239 9.19239 7
      vertex -9.9491 8.34828 7
      vertex -9.18364 9.18364 7
    endloop
  endfacet
  facet normal -0 0 1
    outer loop
      vertex -9.95858 8.35624 7
      vertex -9.9491 8.34828 7
      vertex -9.19239 9.19239 7
    endloop
  endfacet
  facet normal 0 0 1
    outer loop
      vertex -9.95858 8.35624 7
      vertex -10.6388 7.4494 7
      vertex -9.9491 8.34828 7
    endloop
  endfacet
  facet normal -0 0 1
    outer loop
      vertex -10.649 7.45649 7
      vertex -10.6388 7.4494 7
      vertex -9.95858 8.35624 7
    endloop
  endfacet
  facet normal 0 0 1
    outer loop
      vertex -10.649 7.45649 7
      vertex -11.2476 6.49381 7
      vertex -10.6388 7.4494 7
    endloop
  endfacet
  facet normal -0 0 1
    outer loop
      vertex -11.2583 6.5 7
      vertex -11.2476 6.49381 7
      vertex -10.649 7.45649 7
    endloop
  endfacet
  facet normal 0 0 1
    outer loop
      vertex -11.2583 6.5 7
      vertex -11.7708 5.48881 7
      vertex -11.2476 6.49381 7
    endloop
  endfacet
  facet normal -0 0 1
    outer loop
      vertex -11.782 5.49404 7
      vertex -11.7708 5.48881 7
      vertex -11.2583 6.5 7
    endloop
  endfacet
  facet normal 0 0 1
    outer loop
      vertex -11.782 5.49404 7
      vertex -12.2044 4.44203 7
      vertex -11.7708 5.48881 7
    endloop
  endfacet
  facet normal -0 0 1
    outer loop
      vertex -12.216 4.44626 7
      vertex -12.2044 4.44203 7
      vertex -11.782 5.49404 7
    endloop
  endfacet
  facet normal 0 0 1
    outer loop
      vertex -12.216 4.44626 7
      vertex -12.5451 3.36144 7
      vertex -12.2044 4.44203 7
    endloop
  endfacet
  facet normal -0 0 1
    outer loop
      vertex -12.557 3.36465 7
      vertex -12.5451 3.36144 7
      vertex -12.216 4.44626 7
    endloop
  endfacet
  facet normal 0 0 1
    outer loop
      vertex -12.557 3.36465 7
      vertex -12.7903 2.25528 7
      vertex -12.5451 3.36144 7
    endloop
  endfacet
  facet normal -0 0 1
    outer loop
      vertex -12.8025 2.25743 7
      vertex -12.7903 2.25528 7
      vertex -12.557 3.36465 7
    endloop
  endfacet
  facet normal 0 0 1
    outer loop
      vertex -12.8025 2.25743 7
      vertex -12.9382 1.13195 7
      vertex -12.7903 2.25528 7
    endloop
  endfacet
  facet normal -0 0 1
    outer loop
      vertex -12.9505 1.13302 7
      vertex -12.9382 1.13195 7
      vertex -12.8025 2.25743 7
    endloop
  endfacet
  facet normal 0 0 1
    outer loop
      vertex -12.9505 1.13302 7
      vertex -12.9876 0 7
      vertex -12.9382 1.13195 7
    endloop
  endfacet
  facet normal 0 -0 1
    outer loop
      vertex -12.9876 0 7
      vertex -12.9505 1.13302 7
      vertex -13 0 7
    endloop
  endfacet
  facet normal -0 0 1
    outer loop
      vertex 12.9876 0 7
      vertex 12.9505 -1.13302 7
      vertex 13 0 7
    endloop
  endfacet
  facet normal -0 0 1
    outer loop
      vertex 12.9382 -1.13195 7
      vertex 12.9505 -1.13302 7
      vertex 12.9876 0 7
    endloop
  endfacet
  facet normal 0 0 1
    outer loop
      vertex 12.9382 -1.13195 7
      vertex 12.8025 -2.25743 7
      vertex 12.9505 -1.13302 7
    endloop
  endfacet
  facet normal -0 0 1
    outer loop
      vertex 12.7903 -2.25528 7
      vertex 12.8025 -2.25743 7
      vertex 12.9382 -1.13195 7
    endloop
  endfacet
  facet normal 0 0 1
    outer loop
      vertex 12.7903 -2.25528 7
      vertex 12.557 -3.36465 7
      vertex 12.8025 -2.25743 7
    endloop
  endfacet
  facet normal -0 0 1
    outer loop
      vertex 12.5451 -3.36144 7
      vertex 12.557 -3.36465 7
      vertex 12.7903 -2.25528 7
    endloop
  endfacet
  facet normal 0 0 1
    outer loop
      vertex 12.5451 -3.36144 7
      vertex 12.216 -4.44626 7
      vertex 12.557 -3.36465 7
    endloop
  endfacet
  facet normal -0 0 1
    outer loop
      vertex 12.2044 -4.44203 7
      vertex 12.216 -4.44626 7
      vertex 12.5451 -3.36144 7
    endloop
  endfacet
  facet normal 0 0 1
    outer loop
      vertex 12.2044 -4.44203 7
      vertex 11.782 -5.49404 7
      vertex 12.216 -4.44626 7
    endloop
  endfacet
  facet normal -0 0 1
    outer loop
      vertex 11.7708 -5.48881 7
      vertex 11.782 -5.49404 7
      vertex 12.2044 -4.44203 7
    endloop
  endfacet
  facet normal 0 0 1
    outer loop
      vertex 11.7708 -5.48881 7
      vertex 11.2583 -6.5 7
      vertex 11.782 -5.49404 7
    endloop
  endfacet
  facet normal -0 0 1
    outer loop
      vertex 11.2476 -6.49381 7
      vertex 11.2583 -6.5 7
      vertex 11.7708 -5.48881 7
    endloop
  endfacet
  facet normal 0 0 1
    outer loop
      vertex 11.2476 -6.49381 7
      vertex 10.649 -7.45649 7
      vertex 11.2583 -6.5 7
    endloop
  endfacet
  facet normal -0 0 1
    outer loop
      vertex 10.6388 -7.4494 7
      vertex 10.649 -7.45649 7
      vertex 11.2476 -6.49381 7
    endloop
  endfacet
  facet normal 0 0 1
    outer loop
      vertex 10.6388 -7.4494 7
      vertex 9.95858 -8.35624 7
      vertex 10.649 -7.45649 7
    endloop
  endfacet
  facet normal -0 0 1
    outer loop
      vertex 9.9491 -8.34828 7
      vertex 9.95858 -8.35624 7
      vertex 10.6388 -7.4494 7
    endloop
  endfacet
  facet normal 0 0 1
    outer loop
      vertex 9.9491 -8.34828 7
      vertex 9.19239 -9.19239 7
      vertex 9.95858 -8.35624 7
    endloop
  endfacet
  facet normal -0 0 1
    outer loop
      vertex 9.18364 -9.18364 7
      vertex 9.19239 -9.19239 7
      vertex 9.9491 -8.34828 7
    endloop
  endfacet
  facet normal 0 0 1
    outer loop
      vertex 9.18364 -9.18364 7
      vertex 8.35624 -9.95858 7
      vertex 9.19239 -9.19239 7
    endloop
  endfacet
  facet normal -0 0 1
    outer loop
      vertex 8.34828 -9.9491 7
      vertex 8.35624 -9.95858 7
      vertex 9.18364 -9.18364 7
    endloop
  endfacet
  facet normal 0 0 1
    outer loop
      vertex 8.34828 -9.9491 7
      vertex 7.45649 -10.649 7
      vertex 8.35624 -9.95858 7
    endloop
  endfacet
  facet normal -0 0 1
    outer loop
      vertex 7.4494 -10.6388 7
      vertex 7.45649 -10.649 7
      vertex 8.34828 -9.9491 7
    endloop
  endfacet
  facet normal 0 0 1
    outer loop
      vertex 7.4494 -10.6388 7
      vertex 6.5 -11.2583 7
      vertex 7.45649 -10.649 7
    endloop
  endfacet
  facet normal -0 0 1
    outer loop
      vertex 6.49381 -11.2476 7
      vertex 6.5 -11.2583 7
      vertex 7.4494 -10.6388 7
    endloop
  endfacet
  facet normal 0 0 1
    outer loop
      vertex 6.49381 -11.2476 7
      vertex 5.49404 -11.782 7
      vertex 6.5 -11.2583 7
    endloop
  endfacet
  facet normal -0 0 1
    outer loop
      vertex 5.48881 -11.7708 7
      vertex 5.49404 -11.782 7
      vertex 6.49381 -11.2476 7
    endloop
  endfacet
  facet normal 0 0 1
    outer loop
      vertex 5.48881 -11.7708 7
      vertex 4.44626 -12.216 7
      vertex 5.49404 -11.782 7
    endloop
  endfacet
  facet normal -0 0 1
    outer loop
      vertex 4.44203 -12.2044 7
      vertex 4.44626 -12.216 7
      vertex 5.48881 -11.7708 7
    endloop
  endfacet
  facet normal 0 0 1
    outer loop
      vertex 4.44203 -12.2044 7
      vertex 3.36465 -12.557 7
      vertex 4.44626 -12.216 7
    endloop
  endfacet
  facet normal -0 0 1
    outer loop
      vertex 3.36144 -12.5451 7
      vertex 3.36465 -12.557 7
      vertex 4.44203 -12.2044 7
    endloop
  endfacet
  facet normal 0 0 1
    outer loop
      vertex 3.36144 -12.5451 7
      vertex 2.25743 -12.8025 7
      vertex 3.36465 -12.557 7
    endloop
  endfacet
  facet normal -0 0 1
    outer loop
      vertex 2.25528 -12.7903 7
      vertex 2.25743 -12.8025 7
      vertex 3.36144 -12.5451 7
    endloop
  endfacet
  facet normal 0 0 1
    outer loop
      vertex 2.25528 -12.7903 7
      vertex 1.13302 -12.9505 7
      vertex 2.25743 -12.8025 7
    endloop
  endfacet
  facet normal -0 0 1
    outer loop
      vertex 1.13195 -12.9382 7
      vertex 1.13302 -12.9505 7
      vertex 2.25528 -12.7903 7
    endloop
  endfacet
  facet normal 0 0 1
    outer loop
      vertex 0 -12.9876 7
      vertex 1.13302 -12.9505 7
      vertex 1.13195 -12.9382 7
    endloop
  endfacet
  facet normal -0 0 1
    outer loop
      vertex 0 -12.9876 7
      vertex 0 -13 7
      vertex 1.13302 -12.9505 7
    endloop
  endfacet
  facet normal 0 0 1
    outer loop
      vertex -1.13195 -12.9382 7
      vertex 0 -13 7
      vertex 0 -12.9876 7
    endloop
  endfacet
  facet normal 0 0 1
    outer loop
      vertex -1.13195 -12.9382 7
      vertex -1.13302 -12.9505 7
      vertex 0 -13 7
    endloop
  endfacet
  facet normal 0 0 1
    outer loop
      vertex -2.25528 -12.7903 7
      vertex -1.13302 -12.9505 7
      vertex -1.13195 -12.9382 7
    endloop
  endfacet
  facet normal 0 0 1
    outer loop
      vertex -2.25528 -12.7903 7
      vertex -2.25743 -12.8025 7
      vertex -1.13302 -12.9505 7
    endloop
  endfacet
  facet normal 0 0 1
    outer loop
      vertex -3.36144 -12.5451 7
      vertex -2.25743 -12.8025 7
      vertex -2.25528 -12.7903 7
    endloop
  endfacet
  facet normal 0 0 1
    outer loop
      vertex -3.36144 -12.5451 7
      vertex -3.36465 -12.557 7
      vertex -2.25743 -12.8025 7
    endloop
  endfacet
  facet normal 0 0 1
    outer loop
      vertex -4.44203 -12.2044 7
      vertex -3.36465 -12.557 7
      vertex -3.36144 -12.5451 7
    endloop
  endfacet
  facet normal 0 0 1
    outer loop
      vertex -4.44203 -12.2044 7
      vertex -4.44626 -12.216 7
      vertex -3.36465 -12.557 7
    endloop
  endfacet
  facet normal 0 0 1
    outer loop
      vertex -5.48881 -11.7708 7
      vertex -4.44626 -12.216 7
      vertex -4.44203 -12.2044 7
    endloop
  endfacet
  facet normal 0 0 1
    outer loop
      vertex -5.48881 -11.7708 7
      vertex -5.49404 -11.782 7
      vertex -4.44626 -12.216 7
    endloop
  endfacet
  facet normal 0 0 1
    outer loop
      vertex -6.49381 -11.2476 7
      vertex -5.49404 -11.782 7
      vertex -5.48881 -11.7708 7
    endloop
  endfacet
  facet normal 0 0 1
    outer loop
      vertex -6.49381 -11.2476 7
      vertex -6.5 -11.2583 7
      vertex -5.49404 -11.782 7
    endloop
  endfacet
  facet normal 0 0 1
    outer loop
      vertex -7.4494 -10.6388 7
      vertex -6.5 -11.2583 7
      vertex -6.49381 -11.2476 7
    endloop
  endfacet
  facet normal 0 0 1
    outer loop
      vertex -7.4494 -10.6388 7
      vertex -7.45649 -10.649 7
      vertex -6.5 -11.2583 7
    endloop
  endfacet
  facet normal 0 0 1
    outer loop
      vertex -8.34828 -9.9491 7
      vertex -7.45649 -10.649 7
      vertex -7.4494 -10.6388 7
    endloop
  endfacet
  facet normal 0 0 1
    outer loop
      vertex -8.34828 -9.9491 7
      vertex -8.35624 -9.95858 7
      vertex -7.45649 -10.649 7
    endloop
  endfacet
  facet normal 0 0 1
    outer loop
      vertex -9.18364 -9.18364 7
      vertex -8.35624 -9.95858 7
      vertex -8.34828 -9.9491 7
    endloop
  endfacet
  facet normal 0 0 1
    outer loop
      vertex -9.18364 -9.18364 7
      vertex -9.19239 -9.19239 7
      vertex -8.35624 -9.95858 7
    endloop
  endfacet
  facet normal 0 0 1
    outer loop
      vertex -9.9491 -8.34828 7
      vertex -9.19239 -9.19239 7
      vertex -9.18364 -9.18364 7
    endloop
  endfacet
  facet normal 0 0 1
    outer loop
      vertex -9.9491 -8.34828 7
      vertex -9.95858 -8.35624 7
      vertex -9.19239 -9.19239 7
    endloop
  endfacet
  facet normal 0 0 1
    outer loop
      vertex -10.6388 -7.4494 7
      vertex -9.95858 -8.35624 7
      vertex -9.9491 -8.34828 7
    endloop
  endfacet
  facet normal 0 0 1
    outer loop
      vertex -10.6388 -7.4494 7
      vertex -10.649 -7.45649 7
      vertex -9.95858 -8.35624 7
    endloop
  endfacet
  facet normal 0 0 1
    outer loop
      vertex -11.2476 -6.49381 7
      vertex -10.649 -7.45649 7
      vertex -10.6388 -7.4494 7
    endloop
  endfacet
  facet normal 0 0 1
    outer loop
      vertex -11.2476 -6.49381 7
      vertex -11.2583 -6.5 7
      vertex -10.649 -7.45649 7
    endloop
  endfacet
  facet normal 0 0 1
    outer loop
      vertex -11.7708 -5.48881 7
      vertex -11.2583 -6.5 7
      vertex -11.2476 -6.49381 7
    endloop
  endfacet
  facet normal 0 0 1
    outer loop
      vertex -11.7708 -5.48881 7
      vertex -11.782 -5.49404 7
      vertex -11.2583 -6.5 7
    endloop
  endfacet
  facet normal 0 0 1
    outer loop
      vertex -12.2044 -4.44203 7
      vertex -11.782 -5.49404 7
      vertex -11.7708 -5.48881 7
    endloop
  endfacet
  facet normal 0 0 1
    outer loop
      vertex -12.2044 -4.44203 7
      vertex -12.216 -4.44626 7
      vertex -11.782 -5.49404 7
    endloop
  endfacet
  facet normal 0 0 1
    outer loop
      vertex -12.5451 -3.36144 7
      vertex -12.216 -4.44626 7
      vertex -12.2044 -4.44203 7
    endloop
  endfacet
  facet normal 0 0 1
    outer loop
      vertex -12.5451 -3.36144 7
      vertex -12.557 -3.36465 7
      vertex -12.216 -4.44626 7
    endloop
  endfacet
  facet normal 0 0 1
    outer loop
      vertex -12.7903 -2.25528 7
      vertex -12.557 -3.36465 7
      vertex -12.5451 -3.36144 7
    endloop
  endfacet
  facet normal 0 0 1
    outer loop
      vertex -12.7903 -2.25528 7
      vertex -12.8025 -2.25743 7
      vertex -12.557 -3.36465 7
    endloop
  endfacet
  facet normal 0 0 1
    outer loop
      vertex -12.9382 -1.13195 7
      vertex -12.8025 -2.25743 7
      vertex -12.7903 -2.25528 7
    endloop
  endfacet
  facet normal 0 0 1
    outer loop
      vertex -12.9382 -1.13195 7
      vertex -12.9505 -1.13302 7
      vertex -12.8025 -2.25743 7
    endloop
  endfacet
  facet normal 0 0 1
    outer loop
      vertex -12.9876 0 7
      vertex -12.9505 -1.13302 7
      vertex -12.9382 -1.13195 7
    endloop
  endfacet
  facet normal 0 0 1
    outer loop
      vertex -12.9505 -1.13302 7
      vertex -12.9876 0 7
      vertex -13 0 7
    endloop
  endfacet
  facet normal 0.999047 -0.0436469 0
    outer loop
      vertex 12.9505 -1.13302 7
      vertex 13 0 0
      vertex 13 0 7
    endloop
  endfacet
  facet normal 0.999047 -0.0436469 0
    outer loop
      vertex 13 0 0
      vertex 12.9505 -1.13302 7
      vertex 12.9505 -1.13302 0
    endloop
  endfacet
  facet normal 0.991448 0.130499 0
    outer loop
      vertex 12.9505 1.13302 7
      vertex 12.8025 2.25743 0
      vertex 12.8025 2.25743 7
    endloop
  endfacet
  facet normal 0.991448 0.130499 0
    outer loop
      vertex 12.8025 2.25743 0
      vertex 12.9505 1.13302 7
      vertex 12.9505 1.13302 0
    endloop
  endfacet
  facet normal 0.999047 0.0436469 0
    outer loop
      vertex 13 0 7
      vertex 12.9505 1.13302 0
      vertex 12.9505 1.13302 7
    endloop
  endfacet
  facet normal 0.999047 0.0436469 0
    outer loop
      vertex 12.9505 1.13302 0
      vertex 13 0 7
      vertex 13 0 0
    endloop
  endfacet
  facet normal 0.976289 0.216469 0
    outer loop
      vertex 12.8025 2.25743 7
      vertex 12.557 3.36465 0
      vertex 12.557 3.36465 7
    endloop
  endfacet
  facet normal 0.976289 0.216469 0
    outer loop
      vertex 12.557 3.36465 0
      vertex 12.8025 2.25743 7
      vertex 12.8025 2.25743 0
    endloop
  endfacet
  facet normal -0.130499 0.991448 0
    outer loop
      vertex -1.13302 12.9505 0
      vertex -2.25743 12.8025 7
      vertex -1.13302 12.9505 7
    endloop
  endfacet
  facet normal -0.130499 0.991448 0
    outer loop
      vertex -2.25743 12.8025 7
      vertex -1.13302 12.9505 0
      vertex -2.25743 12.8025 0
    endloop
  endfacet
  facet normal 0.0436469 0.999047 -0
    outer loop
      vertex 1.13302 12.9505 0
      vertex 0 13 7
      vertex 1.13302 12.9505 7
    endloop
  endfacet
  facet normal 0.0436469 0.999047 0
    outer loop
      vertex 0 13 7
      vertex 1.13302 12.9505 0
      vertex 0 13 0
    endloop
  endfacet
  facet normal 0.216469 -0.976289 0
    outer loop
      vertex 2.25743 -12.8025 0
      vertex 3.36465 -12.557 7
      vertex 2.25743 -12.8025 7
    endloop
  endfacet
  facet normal 0.216469 -0.976289 0
    outer loop
      vertex 3.36465 -12.557 7
      vertex 2.25743 -12.8025 0
      vertex 3.36465 -12.557 0
    endloop
  endfacet
  facet normal -0.608771 0.793346 0
    outer loop
      vertex -7.45649 10.649 0
      vertex -8.35624 9.95858 7
      vertex -7.45649 10.649 7
    endloop
  endfacet
  facet normal -0.608771 0.793346 0
    outer loop
      vertex -8.35624 9.95858 7
      vertex -7.45649 10.649 0
      vertex -8.35624 9.95858 0
    endloop
  endfacet
  facet normal -0.737277 0.67559 0
    outer loop
      vertex -9.95858 8.35624 0
      vertex -9.19239 9.19239 7
      vertex -9.19239 9.19239 0
    endloop
  endfacet
  facet normal -0.737277 0.67559 0
    outer loop
      vertex -9.19239 9.19239 7
      vertex -9.95858 8.35624 0
      vertex -9.95858 8.35624 7
    endloop
  endfacet
  facet normal 0.130499 -0.991448 0
    outer loop
      vertex 1.13302 -12.9505 0
      vertex 2.25743 -12.8025 7
      vertex 1.13302 -12.9505 7
    endloop
  endfacet
  facet normal 0.130499 -0.991448 0
    outer loop
      vertex 2.25743 -12.8025 7
      vertex 1.13302 -12.9505 0
      vertex 2.25743 -12.8025 0
    endloop
  endfacet
  facet normal -0.843412 -0.537267 0
    outer loop
      vertex -10.649 -7.45649 0
      vertex -11.2583 -6.5 7
      vertex -11.2583 -6.5 0
    endloop
  endfacet
  facet normal -0.843412 -0.537267 0
    outer loop
      vertex -11.2583 -6.5 7
      vertex -10.649 -7.45649 0
      vertex -10.649 -7.45649 7
    endloop
  endfacet
  facet normal 0.923881 0.38268 0
    outer loop
      vertex 12.216 4.44626 7
      vertex 11.782 5.49404 0
      vertex 11.782 5.49404 7
    endloop
  endfacet
  facet normal 0.923881 0.38268 0
    outer loop
      vertex 11.782 5.49404 0
      vertex 12.216 4.44626 7
      vertex 12.216 4.44626 0
    endloop
  endfacet
  facet normal 0.46177 -0.887 0
    outer loop
      vertex 5.49404 -11.782 0
      vertex 6.5 -11.2583 7
      vertex 5.49404 -11.782 7
    endloop
  endfacet
  facet normal 0.46177 -0.887 0
    outer loop
      vertex 6.5 -11.2583 7
      vertex 5.49404 -11.782 0
      vertex 6.5 -11.2583 0
    endloop
  endfacet
  facet normal 0.737277 -0.67559 0
    outer loop
      vertex 9.19239 -9.19239 7
      vertex 9.95858 -8.35624 0
      vertex 9.95858 -8.35624 7
    endloop
  endfacet
  facet normal 0.737277 -0.67559 0
    outer loop
      vertex 9.95858 -8.35624 0
      vertex 9.19239 -9.19239 7
      vertex 9.19239 -9.19239 0
    endloop
  endfacet
  facet normal -0.38268 0.923881 0
    outer loop
      vertex -4.44626 12.216 0
      vertex -5.49404 11.782 7
      vertex -4.44626 12.216 7
    endloop
  endfacet
  facet normal -0.38268 0.923881 0
    outer loop
      vertex -5.49404 11.782 7
      vertex -4.44626 12.216 0
      vertex -5.49404 11.782 0
    endloop
  endfacet
  facet normal 0.923881 -0.38268 0
    outer loop
      vertex 11.782 -5.49404 7
      vertex 12.216 -4.44626 0
      vertex 12.216 -4.44626 7
    endloop
  endfacet
  facet normal 0.923881 -0.38268 0
    outer loop
      vertex 12.216 -4.44626 0
      vertex 11.782 -5.49404 7
      vertex 11.782 -5.49404 0
    endloop
  endfacet
  facet normal 0.67559 0.737277 -0
    outer loop
      vertex 9.19239 9.19239 0
      vertex 8.35624 9.95858 7
      vertex 9.19239 9.19239 7
    endloop
  endfacet
  facet normal 0.67559 0.737277 0
    outer loop
      vertex 8.35624 9.95858 7
      vertex 9.19239 9.19239 0
      vertex 8.35624 9.95858 0
    endloop
  endfacet
  facet normal -0.976289 0.216469 0
    outer loop
      vertex -12.8025 2.25743 0
      vertex -12.557 3.36465 7
      vertex -12.557 3.36465 0
    endloop
  endfacet
  facet normal -0.976289 0.216469 0
    outer loop
      vertex -12.557 3.36465 7
      vertex -12.8025 2.25743 0
      vertex -12.8025 2.25743 7
    endloop
  endfacet
  facet normal -0.38268 -0.923881 0
    outer loop
      vertex -5.49404 -11.782 0
      vertex -4.44626 -12.216 7
      vertex -5.49404 -11.782 7
    endloop
  endfacet
  facet normal -0.38268 -0.923881 -0
    outer loop
      vertex -4.44626 -12.216 7
      vertex -5.49404 -11.782 0
      vertex -4.44626 -12.216 0
    endloop
  endfacet
  facet normal 0.843412 0.537267 0
    outer loop
      vertex 11.2583 6.5 7
      vertex 10.649 7.45649 0
      vertex 10.649 7.45649 7
    endloop
  endfacet
  facet normal 0.843412 0.537267 0
    outer loop
      vertex 10.649 7.45649 0
      vertex 11.2583 6.5 7
      vertex 11.2583 6.5 0
    endloop
  endfacet
  facet normal 0.38268 0.923881 -0
    outer loop
      vertex 5.49404 11.782 0
      vertex 4.44626 12.216 7
      vertex 5.49404 11.782 7
    endloop
  endfacet
  facet normal 0.38268 0.923881 0
    outer loop
      vertex 4.44626 12.216 7
      vertex 5.49404 11.782 0
      vertex 4.44626 12.216 0
    endloop
  endfacet
  facet normal -0.0436469 0.999047 0
    outer loop
      vertex 0 13 0
      vertex -1.13302 12.9505 7
      vertex 0 13 7
    endloop
  endfacet
  facet normal -0.0436469 0.999047 0
    outer loop
      vertex -1.13302 12.9505 7
      vertex 0 13 0
      vertex -1.13302 12.9505 0
    endloop
  endfacet
  facet normal 0.608771 0.793346 -0
    outer loop
      vertex 8.35624 9.95858 0
      vertex 7.45649 10.649 7
      vertex 8.35624 9.95858 7
    endloop
  endfacet
  facet normal 0.608771 0.793346 0
    outer loop
      vertex 7.45649 10.649 7
      vertex 8.35624 9.95858 0
      vertex 7.45649 10.649 0
    endloop
  endfacet
  facet normal 0.46177 0.887 -0
    outer loop
      vertex 6.5 11.2583 0
      vertex 5.49404 11.782 7
      vertex 6.5 11.2583 7
    endloop
  endfacet
  facet normal 0.46177 0.887 0
    outer loop
      vertex 5.49404 11.782 7
      vertex 6.5 11.2583 0
      vertex 5.49404 11.782 0
    endloop
  endfacet
  facet normal -0.976289 -0.216469 0
    outer loop
      vertex -12.557 -3.36465 0
      vertex -12.8025 -2.25743 7
      vertex -12.8025 -2.25743 0
    endloop
  endfacet
  facet normal -0.976289 -0.216469 0
    outer loop
      vertex -12.8025 -2.25743 7
      vertex -12.557 -3.36465 0
      vertex -12.557 -3.36465 7
    endloop
  endfacet
  facet normal -0.300681 -0.953725 0
    outer loop
      vertex -4.44626 -12.216 0
      vertex -3.36465 -12.557 7
      vertex -4.44626 -12.216 7
    endloop
  endfacet
  facet normal -0.300681 -0.953725 -0
    outer loop
      vertex -3.36465 -12.557 7
      vertex -4.44626 -12.216 0
      vertex -3.36465 -12.557 0
    endloop
  endfacet
  facet normal -0.300681 0.953725 0
    outer loop
      vertex -3.36465 12.557 0
      vertex -4.44626 12.216 7
      vertex -3.36465 12.557 7
    endloop
  endfacet
  facet normal -0.300681 0.953725 0
    outer loop
      vertex -4.44626 12.216 7
      vertex -3.36465 12.557 0
      vertex -4.44626 12.216 0
    endloop
  endfacet
  facet normal 0.843412 -0.537267 0
    outer loop
      vertex 10.649 -7.45649 7
      vertex 11.2583 -6.5 0
      vertex 11.2583 -6.5 7
    endloop
  endfacet
  facet normal 0.843412 -0.537267 0
    outer loop
      vertex 11.2583 -6.5 0
      vertex 10.649 -7.45649 7
      vertex 10.649 -7.45649 0
    endloop
  endfacet
  facet normal -0.608771 -0.793346 0
    outer loop
      vertex -8.35624 -9.95858 0
      vertex -7.45649 -10.649 7
      vertex -8.35624 -9.95858 7
    endloop
  endfacet
  facet normal -0.608771 -0.793346 -0
    outer loop
      vertex -7.45649 -10.649 7
      vertex -8.35624 -9.95858 0
      vertex -7.45649 -10.649 0
    endloop
  endfacet
  facet normal -0.0436469 -0.999047 0
    outer loop
      vertex -1.13302 -12.9505 0
      vertex 0 -13 7
      vertex -1.13302 -12.9505 7
    endloop
  endfacet
  facet normal -0.0436469 -0.999047 -0
    outer loop
      vertex 0 -13 7
      vertex -1.13302 -12.9505 0
      vertex 0 -13 0
    endloop
  endfacet
  facet normal -0.953725 -0.300681 0
    outer loop
      vertex -12.216 -4.44626 0
      vertex -12.557 -3.36465 7
      vertex -12.557 -3.36465 0
    endloop
  endfacet
  facet normal -0.953725 -0.300681 0
    outer loop
      vertex -12.557 -3.36465 7
      vertex -12.216 -4.44626 0
      vertex -12.216 -4.44626 7
    endloop
  endfacet
  facet normal 0.953725 0.300681 0
    outer loop
      vertex 12.557 3.36465 7
      vertex 12.216 4.44626 0
      vertex 12.216 4.44626 7
    endloop
  endfacet
  facet normal 0.953725 0.300681 0
    outer loop
      vertex 12.216 4.44626 0
      vertex 12.557 3.36465 7
      vertex 12.557 3.36465 0
    endloop
  endfacet
  facet normal -0.130499 -0.991448 0
    outer loop
      vertex -2.25743 -12.8025 0
      vertex -1.13302 -12.9505 7
      vertex -2.25743 -12.8025 7
    endloop
  endfacet
  facet normal -0.130499 -0.991448 -0
    outer loop
      vertex -1.13302 -12.9505 7
      vertex -2.25743 -12.8025 0
      vertex -1.13302 -12.9505 0
    endloop
  endfacet
  facet normal -0.953725 0.300681 0
    outer loop
      vertex -12.557 3.36465 0
      vertex -12.216 4.44626 7
      vertex -12.216 4.44626 0
    endloop
  endfacet
  facet normal -0.953725 0.300681 0
    outer loop
      vertex -12.216 4.44626 7
      vertex -12.557 3.36465 0
      vertex -12.557 3.36465 7
    endloop
  endfacet
  facet normal 0.953725 -0.300681 0
    outer loop
      vertex 12.216 -4.44626 7
      vertex 12.557 -3.36465 0
      vertex 12.557 -3.36465 7
    endloop
  endfacet
  facet normal 0.953725 -0.300681 0
    outer loop
      vertex 12.557 -3.36465 0
      vertex 12.216 -4.44626 7
      vertex 12.216 -4.44626 0
    endloop
  endfacet
  facet normal 0.976289 -0.216469 0
    outer loop
      vertex 12.557 -3.36465 7
      vertex 12.8025 -2.25743 0
      vertex 12.8025 -2.25743 7
    endloop
  endfacet
  facet normal 0.976289 -0.216469 0
    outer loop
      vertex 12.8025 -2.25743 0
      vertex 12.557 -3.36465 7
      vertex 12.557 -3.36465 0
    endloop
  endfacet
  facet normal -0.887 -0.46177 0
    outer loop
      vertex -11.2583 -6.5 0
      vertex -11.782 -5.49404 7
      vertex -11.782 -5.49404 0
    endloop
  endfacet
  facet normal -0.887 -0.46177 0
    outer loop
      vertex -11.782 -5.49404 7
      vertex -11.2583 -6.5 0
      vertex -11.2583 -6.5 7
    endloop
  endfacet
  facet normal -0.843412 0.537267 0
    outer loop
      vertex -11.2583 6.5 0
      vertex -10.649 7.45649 7
      vertex -10.649 7.45649 0
    endloop
  endfacet
  facet normal -0.843412 0.537267 0
    outer loop
      vertex -10.649 7.45649 7
      vertex -11.2583 6.5 0
      vertex -11.2583 6.5 7
    endloop
  endfacet
  facet normal 0.991448 -0.130499 0
    outer loop
      vertex 12.8025 -2.25743 7
      vertex 12.9505 -1.13302 0
      vertex 12.9505 -1.13302 7
    endloop
  endfacet
  facet normal 0.991448 -0.130499 0
    outer loop
      vertex 12.9505 -1.13302 0
      vertex 12.8025 -2.25743 7
      vertex 12.8025 -2.25743 0
    endloop
  endfacet
  facet normal -0.216469 0.976289 0
    outer loop
      vertex -2.25743 12.8025 0
      vertex -3.36465 12.557 7
      vertex -2.25743 12.8025 7
    endloop
  endfacet
  facet normal -0.216469 0.976289 0
    outer loop
      vertex -3.36465 12.557 7
      vertex -2.25743 12.8025 0
      vertex -3.36465 12.557 0
    endloop
  endfacet
  facet normal 0.0436469 -0.999047 0
    outer loop
      vertex 0 -13 0
      vertex 1.13302 -12.9505 7
      vertex 0 -13 7
    endloop
  endfacet
  facet normal 0.0436469 -0.999047 0
    outer loop
      vertex 1.13302 -12.9505 7
      vertex 0 -13 0
      vertex 1.13302 -12.9505 0
    endloop
  endfacet
  facet normal 0.793346 -0.608771 0
    outer loop
      vertex 9.95858 -8.35624 7
      vertex 10.649 -7.45649 0
      vertex 10.649 -7.45649 7
    endloop
  endfacet
  facet normal 0.793346 -0.608771 0
    outer loop
      vertex 10.649 -7.45649 0
      vertex 9.95858 -8.35624 7
      vertex 9.95858 -8.35624 0
    endloop
  endfacet
  facet normal -0.537267 0.843412 0
    outer loop
      vertex -6.5 11.2583 0
      vertex -7.45649 10.649 7
      vertex -6.5 11.2583 7
    endloop
  endfacet
  facet normal -0.537267 0.843412 0
    outer loop
      vertex -7.45649 10.649 7
      vertex -6.5 11.2583 0
      vertex -7.45649 10.649 0
    endloop
  endfacet
  facet normal 0.537267 0.843412 -0
    outer loop
      vertex 7.45649 10.649 0
      vertex 6.5 11.2583 7
      vertex 7.45649 10.649 7
    endloop
  endfacet
  facet normal 0.537267 0.843412 0
    outer loop
      vertex 6.5 11.2583 7
      vertex 7.45649 10.649 0
      vertex 6.5 11.2583 0
    endloop
  endfacet
  facet normal 0.737277 0.67559 0
    outer loop
      vertex 9.95858 8.35624 7
      vertex 9.19239 9.19239 0
      vertex 9.19239 9.19239 7
    endloop
  endfacet
  facet normal 0.737277 0.67559 0
    outer loop
      vertex 9.19239 9.19239 0
      vertex 9.95858 8.35624 7
      vertex 9.95858 8.35624 0
    endloop
  endfacet
  facet normal 0.130499 0.991448 -0
    outer loop
      vertex 2.25743 12.8025 0
      vertex 1.13302 12.9505 7
      vertex 2.25743 12.8025 7
    endloop
  endfacet
  facet normal 0.130499 0.991448 0
    outer loop
      vertex 1.13302 12.9505 7
      vertex 2.25743 12.8025 0
      vertex 1.13302 12.9505 0
    endloop
  endfacet
  facet normal 0.887 0.46177 0
    outer loop
      vertex 11.782 5.49404 7
      vertex 11.2583 6.5 0
      vertex 11.2583 6.5 7
    endloop
  endfacet
  facet normal 0.887 0.46177 0
    outer loop
      vertex 11.2583 6.5 0
      vertex 11.782 5.49404 7
      vertex 11.782 5.49404 0
    endloop
  endfacet
  facet normal -0.537267 -0.843412 0
    outer loop
      vertex -7.45649 -10.649 0
      vertex -6.5 -11.2583 7
      vertex -7.45649 -10.649 7
    endloop
  endfacet
  facet normal -0.537267 -0.843412 -0
    outer loop
      vertex -6.5 -11.2583 7
      vertex -7.45649 -10.649 0
      vertex -6.5 -11.2583 0
    endloop
  endfacet
  facet normal 0.887 -0.46177 0
    outer loop
      vertex 11.2583 -6.5 7
      vertex 11.782 -5.49404 0
      vertex 11.782 -5.49404 7
    endloop
  endfacet
  facet normal 0.887 -0.46177 0
    outer loop
      vertex 11.782 -5.49404 0
      vertex 11.2583 -6.5 7
      vertex 11.2583 -6.5 0
    endloop
  endfacet
  facet normal -0.216469 -0.976289 0
    outer loop
      vertex -3.36465 -12.557 0
      vertex -2.25743 -12.8025 7
      vertex -3.36465 -12.557 7
    endloop
  endfacet
  facet normal -0.216469 -0.976289 -0
    outer loop
      vertex -2.25743 -12.8025 7
      vertex -3.36465 -12.557 0
      vertex -2.25743 -12.8025 0
    endloop
  endfacet
  facet normal -0.67559 0.737277 0
    outer loop
      vertex -8.35624 9.95858 0
      vertex -9.19239 9.19239 7
      vertex -8.35624 9.95858 7
    endloop
  endfacet
  facet normal -0.67559 0.737277 0
    outer loop
      vertex -9.19239 9.19239 7
      vertex -8.35624 9.95858 0
      vertex -9.19239 9.19239 0
    endloop
  endfacet
  facet normal 0.793346 0.608771 0
    outer loop
      vertex 10.649 7.45649 7
      vertex 9.95858 8.35624 0
      vertex 9.95858 8.35624 7
    endloop
  endfacet
  facet normal 0.793346 0.608771 0
    outer loop
      vertex 9.95858 8.35624 0
      vertex 10.649 7.45649 7
      vertex 10.649 7.45649 0
    endloop
  endfacet
  facet normal -0.737277 -0.67559 0
    outer loop
      vertex -9.19239 -9.19239 0
      vertex -9.95858 -8.35624 7
      vertex -9.95858 -8.35624 0
    endloop
  endfacet
  facet normal -0.737277 -0.67559 0
    outer loop
      vertex -9.95858 -8.35624 7
      vertex -9.19239 -9.19239 0
      vertex -9.19239 -9.19239 7
    endloop
  endfacet
  facet normal -0.887 0.46177 0
    outer loop
      vertex -11.782 5.49404 0
      vertex -11.2583 6.5 7
      vertex -11.2583 6.5 0
    endloop
  endfacet
  facet normal -0.887 0.46177 0
    outer loop
      vertex -11.2583 6.5 7
      vertex -11.782 5.49404 0
      vertex -11.782 5.49404 7
    endloop
  endfacet
  facet normal -0.991448 -0.130499 0
    outer loop
      vertex -12.8025 -2.25743 0
      vertex -12.9505 -1.13302 7
      vertex -12.9505 -1.13302 0
    endloop
  endfacet
  facet normal -0.991448 -0.130499 0
    outer loop
      vertex -12.9505 -1.13302 7
      vertex -12.8025 -2.25743 0
      vertex -12.8025 -2.25743 7
    endloop
  endfacet
  facet normal 0.300681 0.953725 -0
    outer loop
      vertex 4.44626 12.216 0
      vertex 3.36465 12.557 7
      vertex 4.44626 12.216 7
    endloop
  endfacet
  facet normal 0.300681 0.953725 0
    outer loop
      vertex 3.36465 12.557 7
      vertex 4.44626 12.216 0
      vertex 3.36465 12.557 0
    endloop
  endfacet
  facet normal -0.793346 -0.608771 0
    outer loop
      vertex -9.95858 -8.35624 0
      vertex -10.649 -7.45649 7
      vertex -10.649 -7.45649 0
    endloop
  endfacet
  facet normal -0.793346 -0.608771 0
    outer loop
      vertex -10.649 -7.45649 7
      vertex -9.95858 -8.35624 0
      vertex -9.95858 -8.35624 7
    endloop
  endfacet
  facet normal 0.300681 -0.953725 0
    outer loop
      vertex 3.36465 -12.557 0
      vertex 4.44626 -12.216 7
      vertex 3.36465 -12.557 7
    endloop
  endfacet
  facet normal 0.300681 -0.953725 0
    outer loop
      vertex 4.44626 -12.216 7
      vertex 3.36465 -12.557 0
      vertex 4.44626 -12.216 0
    endloop
  endfacet
  facet normal -0.999047 -0.0436469 0
    outer loop
      vertex -12.9505 -1.13302 0
      vertex -13 0 7
      vertex -13 0 0
    endloop
  endfacet
  facet normal -0.999047 -0.0436469 0
    outer loop
      vertex -13 0 7
      vertex -12.9505 -1.13302 0
      vertex -12.9505 -1.13302 7
    endloop
  endfacet
  facet normal -0.67559 -0.737277 0
    outer loop
      vertex -9.19239 -9.19239 0
      vertex -8.35624 -9.95858 7
      vertex -9.19239 -9.19239 7
    endloop
  endfacet
  facet normal -0.67559 -0.737277 -0
    outer loop
      vertex -8.35624 -9.95858 7
      vertex -9.19239 -9.19239 0
      vertex -8.35624 -9.95858 0
    endloop
  endfacet
  facet normal 0.537267 -0.843412 0
    outer loop
      vertex 6.5 -11.2583 0
      vertex 7.45649 -10.649 7
      vertex 6.5 -11.2583 7
    endloop
  endfacet
  facet normal 0.537267 -0.843412 0
    outer loop
      vertex 7.45649 -10.649 7
      vertex 6.5 -11.2583 0
      vertex 7.45649 -10.649 0
    endloop
  endfacet
  facet normal 0.216469 0.976289 -0
    outer loop
      vertex 3.36465 12.557 0
      vertex 2.25743 12.8025 7
      vertex 3.36465 12.557 7
    endloop
  endfacet
  facet normal 0.216469 0.976289 0
    outer loop
      vertex 2.25743 12.8025 7
      vertex 3.36465 12.557 0
      vertex 2.25743 12.8025 0
    endloop
  endfacet
  facet normal -0.923881 -0.38268 0
    outer loop
      vertex -11.782 -5.49404 0
      vertex -12.216 -4.44626 7
      vertex -12.216 -4.44626 0
    endloop
  endfacet
  facet normal -0.923881 -0.38268 0
    outer loop
      vertex -12.216 -4.44626 7
      vertex -11.782 -5.49404 0
      vertex -11.782 -5.49404 7
    endloop
  endfacet
  facet normal -0.793346 0.608771 0
    outer loop
      vertex -10.649 7.45649 0
      vertex -9.95858 8.35624 7
      vertex -9.95858 8.35624 0
    endloop
  endfacet
  facet normal -0.793346 0.608771 0
    outer loop
      vertex -9.95858 8.35624 7
      vertex -10.649 7.45649 0
      vertex -10.649 7.45649 7
    endloop
  endfacet
  facet normal 0.38268 -0.923881 0
    outer loop
      vertex 4.44626 -12.216 0
      vertex 5.49404 -11.782 7
      vertex 4.44626 -12.216 7
    endloop
  endfacet
  facet normal 0.38268 -0.923881 0
    outer loop
      vertex 5.49404 -11.782 7
      vertex 4.44626 -12.216 0
      vertex 5.49404 -11.782 0
    endloop
  endfacet
  facet normal -0.991448 0.130499 0
    outer loop
      vertex -12.9505 1.13302 0
      vertex -12.8025 2.25743 7
      vertex -12.8025 2.25743 0
    endloop
  endfacet
  facet normal -0.991448 0.130499 0
    outer loop
      vertex -12.8025 2.25743 7
      vertex -12.9505 1.13302 0
      vertex -12.9505 1.13302 7
    endloop
  endfacet
  facet normal -0.999047 0.0436469 0
    outer loop
      vertex -13 0 0
      vertex -12.9505 1.13302 7
      vertex -12.9505 1.13302 0
    endloop
  endfacet
  facet normal -0.999047 0.0436469 0
    outer loop
      vertex -12.9505 1.13302 7
      vertex -13 0 0
      vertex -13 0 7
    endloop
  endfacet
  facet normal 0.67559 -0.737277 0
    outer loop
      vertex 8.35624 -9.95858 0
      vertex 9.19239 -9.19239 7
      vertex 8.35624 -9.95858 7
    endloop
  endfacet
  facet normal 0.67559 -0.737277 0
    outer loop
      vertex 9.19239 -9.19239 7
      vertex 8.35624 -9.95858 0
      vertex 9.19239 -9.19239 0
    endloop
  endfacet
  facet normal 0.608771 -0.793346 0
    outer loop
      vertex 7.45649 -10.649 0
      vertex 8.35624 -9.95858 7
      vertex 7.45649 -10.649 7
    endloop
  endfacet
  facet normal 0.608771 -0.793346 0
    outer loop
      vertex 8.35624 -9.95858 7
      vertex 7.45649 -10.649 0
      vertex 8.35624 -9.95858 0
    endloop
  endfacet
  facet normal -0.46177 0.887 0
    outer loop
      vertex -5.49404 11.782 0
      vertex -6.5 11.2583 7
      vertex -5.49404 11.782 7
    endloop
  endfacet
  facet normal -0.46177 0.887 0
    outer loop
      vertex -6.5 11.2583 7
      vertex -5.49404 11.782 0
      vertex -6.5 11.2583 0
    endloop
  endfacet
  facet normal 0 0 -1
    outer loop
      vertex -8.69999 3.16654 0
      vertex -9.95858 8.35624 0
      vertex -9.19239 9.19239 0
    endloop
  endfacet
  facet normal 0 0 -1
    outer loop
      vertex -8.69999 3.16654 0
      vertex -10.2426 3.72802 0
      vertex -10.649 7.45649 0
    endloop
  endfacet
  facet normal 0 0 -1
    outer loop
      vertex -12.216 4.44626 0
      vertex -10.2426 3.72802 0
      vertex -10.5286 2.82113 0
    endloop
  endfacet
  facet normal 0 0 -1
    outer loop
      vertex -8.69999 3.16654 0
      vertex -10.649 7.45649 0
      vertex -9.95858 8.35624 0
    endloop
  endfacet
  facet normal 0 0 -1
    outer loop
      vertex -12.557 3.36465 0
      vertex -10.5286 2.82113 0
      vertex -10.7344 1.89277 0
    endloop
  endfacet
  facet normal 0 0 -1
    outer loop
      vertex -12.8025 2.25743 0
      vertex -10.7344 1.89277 0
      vertex -10.8585 0.949997 0
    endloop
  endfacet
  facet normal 0 0 -1
    outer loop
      vertex -12.9505 1.13302 0
      vertex -10.8585 0.949997 0
      vertex -10.9 0 0
    endloop
  endfacet
  facet normal -0 0 -1
    outer loop
      vertex -10.5286 -2.82113 0
      vertex -12.557 -3.36465 0
      vertex -10.7344 -1.89277 0
    endloop
  endfacet
  facet normal 0 0 -1
    outer loop
      vertex -10.2426 3.72802 0
      vertex -11.2583 6.5 0
      vertex -10.649 7.45649 0
    endloop
  endfacet
  facet normal 0 0 -1
    outer loop
      vertex -12.8025 -2.25743 0
      vertex -10.7344 -1.89277 0
      vertex -12.557 -3.36465 0
    endloop
  endfacet
  facet normal 0 0 -1
    outer loop
      vertex -10.2426 3.72802 0
      vertex -11.782 5.49404 0
      vertex -11.2583 6.5 0
    endloop
  endfacet
  facet normal -0 0 -1
    outer loop
      vertex -10.7344 -1.89277 0
      vertex -12.8025 -2.25743 0
      vertex -10.8585 -0.949997 0
    endloop
  endfacet
  facet normal 0 0 -1
    outer loop
      vertex -10.2426 3.72802 0
      vertex -12.216 4.44626 0
      vertex -11.782 5.49404 0
    endloop
  endfacet
  facet normal 0 0 -1
    outer loop
      vertex -12.9505 -1.13302 0
      vertex -10.8585 -0.949997 0
      vertex -12.8025 -2.25743 0
    endloop
  endfacet
  facet normal 0 0 -1
    outer loop
      vertex -10.5286 2.82113 0
      vertex -12.557 3.36465 0
      vertex -12.216 4.44626 0
    endloop
  endfacet
  facet normal -0 0 -1
    outer loop
      vertex -10.8585 -0.949997 0
      vertex -12.9505 -1.13302 0
      vertex -10.9 0 0
    endloop
  endfacet
  facet normal 0 0 -1
    outer loop
      vertex -10.7344 1.89277 0
      vertex -12.8025 2.25743 0
      vertex -12.557 3.36465 0
    endloop
  endfacet
  facet normal 0 0 -1
    outer loop
      vertex -13 0 0
      vertex -10.9 0 0
      vertex -12.9505 -1.13302 0
    endloop
  endfacet
  facet normal 0 0 -1
    outer loop
      vertex -10.8585 0.949997 0
      vertex -12.9505 1.13302 0
      vertex -12.8025 2.25743 0
    endloop
  endfacet
  facet normal 0 0 -1
    outer loop
      vertex -10.9 0 0
      vertex -13 0 0
      vertex -12.9505 1.13302 0
    endloop
  endfacet
  facet normal -0 0 -1
    outer loop
      vertex 10.2426 -3.72802 0
      vertex 8.40245 -3.88487 0
      vertex 8.69999 -3.16654 0
    endloop
  endfacet
  facet normal 0 0 -1
    outer loop
      vertex 9.95858 -8.35624 0
      vertex 8.3909 -3.91274 0
      vertex 8.40245 -3.88487 0
    endloop
  endfacet
  facet normal 0 0 -1
    outer loop
      vertex 6.54663 -6.54663 0
      vertex 9.19239 -9.19239 0
      vertex 8.35624 -9.95858 0
    endloop
  endfacet
  facet normal 0 0 -1
    outer loop
      vertex 9.95858 -8.35624 0
      vertex 8.03188 -4.60241 0
      vertex 8.3909 -3.91274 0
    endloop
  endfacet
  facet normal 0 0 -1
    outer loop
      vertex 9.95858 -8.35624 0
      vertex 8.01795 -4.62917 0
      vertex 8.03188 -4.60241 0
    endloop
  endfacet
  facet normal 0 0 -1
    outer loop
      vertex 9.95858 -8.35624 0
      vertex 8.00174 -4.65461 0
      vertex 8.01795 -4.62917 0
    endloop
  endfacet
  facet normal 0 0 -1
    outer loop
      vertex 9.95858 -8.35624 0
      vertex 7.58398 -5.31036 0
      vertex 8.00174 -4.65461 0
    endloop
  endfacet
  facet normal 0 0 -1
    outer loop
      vertex 5.92721 -7.11066 0
      vertex 8.35624 -9.95858 0
      vertex 7.45649 -10.649 0
    endloop
  endfacet
  facet normal 0 0 -1
    outer loop
      vertex 9.95858 -8.35624 0
      vertex 7.11066 -5.92721 0
      vertex 7.58398 -5.31036 0
    endloop
  endfacet
  facet normal 0 0 -1
    outer loop
      vertex 9.95858 -8.35624 0
      vertex 7.0923 -5.95114 0
      vertex 7.11066 -5.92721 0
    endloop
  endfacet
  facet normal 0 0 -1
    outer loop
      vertex 9.95858 -8.35624 0
      vertex 7.07191 -5.97339 0
      vertex 7.0923 -5.95114 0
    endloop
  endfacet
  facet normal 0 0 -1
    outer loop
      vertex 9.19239 -9.19239 0
      vertex 6.54663 -6.54663 0
      vertex 7.07191 -5.97339 0
    endloop
  endfacet
  facet normal 0 0 -1
    outer loop
      vertex 5.31036 -7.58398 0
      vertex 7.45649 -10.649 0
      vertex 6.5 -11.2583 0
    endloop
  endfacet
  facet normal 0 0 -1
    outer loop
      vertex 8.35624 -9.95858 0
      vertex 5.97339 -7.07191 0
      vertex 6.54663 -6.54663 0
    endloop
  endfacet
  facet normal 0 0 -1
    outer loop
      vertex 8.35624 -9.95858 0
      vertex 5.95114 -7.0923 0
      vertex 5.97339 -7.07191 0
    endloop
  endfacet
  facet normal 0 0 -1
    outer loop
      vertex 8.35624 -9.95858 0
      vertex 5.92721 -7.11066 0
      vertex 5.95114 -7.0923 0
    endloop
  endfacet
  facet normal 0 0 -1
    outer loop
      vertex 4.60241 -8.03188 0
      vertex 6.5 -11.2583 0
      vertex 5.49404 -11.782 0
    endloop
  endfacet
  facet normal 0 0 -1
    outer loop
      vertex 7.45649 -10.649 0
      vertex 5.31036 -7.58398 0
      vertex 5.92721 -7.11066 0
    endloop
  endfacet
  facet normal 0 0 -1
    outer loop
      vertex 6.5 -11.2583 0
      vertex 4.65461 -8.00174 0
      vertex 5.31036 -7.58398 0
    endloop
  endfacet
  facet normal 0 0 -1
    outer loop
      vertex 6.5 -11.2583 0
      vertex 4.62917 -8.01795 0
      vertex 4.65461 -8.00174 0
    endloop
  endfacet
  facet normal 0 0 -1
    outer loop
      vertex 6.5 -11.2583 0
      vertex 4.60241 -8.03188 0
      vertex 4.62917 -8.01795 0
    endloop
  endfacet
  facet normal 0 0 -1
    outer loop
      vertex 3.88487 -8.40245 0
      vertex 5.49404 -11.782 0
      vertex 4.44626 -12.216 0
    endloop
  endfacet
  facet normal 0 0 -1
    outer loop
      vertex 5.49404 -11.782 0
      vertex 3.91274 -8.3909 0
      vertex 4.60241 -8.03188 0
    endloop
  endfacet
  facet normal 0 0 -1
    outer loop
      vertex 5.49404 -11.782 0
      vertex 3.88487 -8.40245 0
      vertex 3.91274 -8.3909 0
    endloop
  endfacet
  facet normal 0 0 -1
    outer loop
      vertex 3.13776 -8.70906 0
      vertex 4.44626 -12.216 0
      vertex 3.36465 -12.557 0
    endloop
  endfacet
  facet normal 0 0 -1
    outer loop
      vertex 4.44626 -12.216 0
      vertex 3.16654 -8.69999 0
      vertex 3.88487 -8.40245 0
    endloop
  endfacet
  facet normal 0 0 -1
    outer loop
      vertex 4.44626 -12.216 0
      vertex 3.13776 -8.70906 0
      vertex 3.16654 -8.69999 0
    endloop
  endfacet
  facet normal 0 0 -1
    outer loop
      vertex 3.36465 -12.557 0
      vertex 2.39623 -8.94286 0
      vertex 3.13776 -8.70906 0
    endloop
  endfacet
  facet normal 0 0 -1
    outer loop
      vertex 2.25743 -12.8025 0
      vertex 2.39623 -8.94286 0
      vertex 3.36465 -12.557 0
    endloop
  endfacet
  facet normal 0 0 -1
    outer loop
      vertex 2.25743 -12.8025 0
      vertex 1.63715 -9.11115 0
      vertex 2.39623 -8.94286 0
    endloop
  endfacet
  facet normal 0 0 -1
    outer loop
      vertex 2.25743 -12.8025 0
      vertex 1.60769 -9.11768 0
      vertex 1.63715 -9.11115 0
    endloop
  endfacet
  facet normal 0 0 -1
    outer loop
      vertex 2.25743 -12.8025 0
      vertex 1.57778 -9.12162 0
      vertex 1.60769 -9.11768 0
    endloop
  endfacet
  facet normal 0 0 -1
    outer loop
      vertex 1.13302 -12.9505 0
      vertex 1.57778 -9.12162 0
      vertex 2.25743 -12.8025 0
    endloop
  endfacet
  facet normal 0 0 -1
    outer loop
      vertex 1.13302 -12.9505 0
      vertex 0.806916 -9.2231 0
      vertex 1.57778 -9.12162 0
    endloop
  endfacet
  facet normal 0 0 -1
    outer loop
      vertex 1.13302 -12.9505 0
      vertex 0.776775 -9.22442 0
      vertex 0.806916 -9.2231 0
    endloop
  endfacet
  facet normal 0 0 -1
    outer loop
      vertex 0 -13 0
      vertex 0.776775 -9.22442 0
      vertex 1.13302 -12.9505 0
    endloop
  endfacet
  facet normal 0 0 -1
    outer loop
      vertex 0 -13 0
      vertex 0 -9.25833 0
      vertex 0.776775 -9.22442 0
    endloop
  endfacet
  facet normal 0 0 -1
    outer loop
      vertex 0 -13 0
      vertex -0.776775 -9.22442 0
      vertex 0 -9.25833 0
    endloop
  endfacet
  facet normal 0 0 -1
    outer loop
      vertex -1.13302 -12.9505 0
      vertex -0.776775 -9.22442 0
      vertex 0 -13 0
    endloop
  endfacet
  facet normal -0 0 -1
    outer loop
      vertex -0.776775 -9.22442 0
      vertex -1.13302 -12.9505 0
      vertex -0.806916 -9.2231 0
    endloop
  endfacet
  facet normal 0 0 -1
    outer loop
      vertex -1.13302 -12.9505 0
      vertex -1.57778 -9.12162 0
      vertex -0.806916 -9.2231 0
    endloop
  endfacet
  facet normal 0 0 -1
    outer loop
      vertex -2.25743 -12.8025 0
      vertex -1.57778 -9.12162 0
      vertex -1.13302 -12.9505 0
    endloop
  endfacet
  facet normal -0 0 -1
    outer loop
      vertex -1.57778 -9.12162 0
      vertex -2.25743 -12.8025 0
      vertex -1.60769 -9.11768 0
    endloop
  endfacet
  facet normal -0 0 -1
    outer loop
      vertex -1.60769 -9.11768 0
      vertex -2.25743 -12.8025 0
      vertex -1.63715 -9.11115 0
    endloop
  endfacet
  facet normal 0 0 -1
    outer loop
      vertex -2.25743 -12.8025 0
      vertex -2.39623 -8.94286 0
      vertex -1.63715 -9.11115 0
    endloop
  endfacet
  facet normal 0 0 -1
    outer loop
      vertex -3.36465 -12.557 0
      vertex -2.39623 -8.94286 0
      vertex -2.25743 -12.8025 0
    endloop
  endfacet
  facet normal -0 0 -1
    outer loop
      vertex -2.39623 -8.94286 0
      vertex -3.36465 -12.557 0
      vertex -3.13776 -8.70906 0
    endloop
  endfacet
  facet normal 0 0 -1
    outer loop
      vertex -4.44626 -12.216 0
      vertex -3.13776 -8.70906 0
      vertex -3.36465 -12.557 0
    endloop
  endfacet
  facet normal -0 0 -1
    outer loop
      vertex -3.13776 -8.70906 0
      vertex -4.44626 -12.216 0
      vertex -3.16654 -8.69999 0
    endloop
  endfacet
  facet normal -0 0 -1
    outer loop
      vertex -3.16654 -8.69999 0
      vertex -4.44626 -12.216 0
      vertex -3.88487 -8.40245 0
    endloop
  endfacet
  facet normal 0 0 -1
    outer loop
      vertex -5.49404 -11.782 0
      vertex -3.88487 -8.40245 0
      vertex -4.44626 -12.216 0
    endloop
  endfacet
  facet normal -0 0 -1
    outer loop
      vertex -3.88487 -8.40245 0
      vertex -5.49404 -11.782 0
      vertex -3.91274 -8.3909 0
    endloop
  endfacet
  facet normal -0 0 -1
    outer loop
      vertex -3.91274 -8.3909 0
      vertex -5.49404 -11.782 0
      vertex -4.60241 -8.03188 0
    endloop
  endfacet
  facet normal 0 0 -1
    outer loop
      vertex -6.5 -11.2583 0
      vertex -4.60241 -8.03188 0
      vertex -5.49404 -11.782 0
    endloop
  endfacet
  facet normal -0 0 -1
    outer loop
      vertex -4.60241 -8.03188 0
      vertex -6.5 -11.2583 0
      vertex -4.62917 -8.01795 0
    endloop
  endfacet
  facet normal -0 0 -1
    outer loop
      vertex -4.62917 -8.01795 0
      vertex -6.5 -11.2583 0
      vertex -4.65461 -8.00174 0
    endloop
  endfacet
  facet normal -0 0 -1
    outer loop
      vertex -4.65461 -8.00174 0
      vertex -6.5 -11.2583 0
      vertex -5.31036 -7.58398 0
    endloop
  endfacet
  facet normal 0 0 -1
    outer loop
      vertex -7.45649 -10.649 0
      vertex -5.31036 -7.58398 0
      vertex -6.5 -11.2583 0
    endloop
  endfacet
  facet normal -0 0 -1
    outer loop
      vertex -5.31036 -7.58398 0
      vertex -7.45649 -10.649 0
      vertex -5.92721 -7.11066 0
    endloop
  endfacet
  facet normal 0 0 -1
    outer loop
      vertex -8.35624 -9.95858 0
      vertex -5.92721 -7.11066 0
      vertex -7.45649 -10.649 0
    endloop
  endfacet
  facet normal -0 0 -1
    outer loop
      vertex -5.92721 -7.11066 0
      vertex -8.35624 -9.95858 0
      vertex -5.95114 -7.0923 0
    endloop
  endfacet
  facet normal -0 0 -1
    outer loop
      vertex -5.95114 -7.0923 0
      vertex -8.35624 -9.95858 0
      vertex -5.97339 -7.07191 0
    endloop
  endfacet
  facet normal -0 0 -1
    outer loop
      vertex -5.97339 -7.07191 0
      vertex -8.35624 -9.95858 0
      vertex -6.54663 -6.54663 0
    endloop
  endfacet
  facet normal 0 0 -1
    outer loop
      vertex -9.19239 -9.19239 0
      vertex -6.54663 -6.54663 0
      vertex -8.35624 -9.95858 0
    endloop
  endfacet
  facet normal -0 0 -1
    outer loop
      vertex -6.54663 -6.54663 0
      vertex -9.19239 -9.19239 0
      vertex -7.07191 -5.97339 0
    endloop
  endfacet
  facet normal 0 0 -1
    outer loop
      vertex -9.95858 -8.35624 0
      vertex -7.07191 -5.97339 0
      vertex -9.19239 -9.19239 0
    endloop
  endfacet
  facet normal -0 0 -1
    outer loop
      vertex -7.07191 -5.97339 0
      vertex -9.95858 -8.35624 0
      vertex -7.0923 -5.95114 0
    endloop
  endfacet
  facet normal -0 0 -1
    outer loop
      vertex -7.0923 -5.95114 0
      vertex -9.95858 -8.35624 0
      vertex -7.11066 -5.92721 0
    endloop
  endfacet
  facet normal -0 0 -1
    outer loop
      vertex -7.11066 -5.92721 0
      vertex -9.95858 -8.35624 0
      vertex -7.58398 -5.31036 0
    endloop
  endfacet
  facet normal 0 0 -1
    outer loop
      vertex -10.649 -7.45649 0
      vertex -7.58398 -5.31036 0
      vertex -9.95858 -8.35624 0
    endloop
  endfacet
  facet normal -0 0 -1
    outer loop
      vertex -7.58398 -5.31036 0
      vertex -10.649 -7.45649 0
      vertex -8.00174 -4.65461 0
    endloop
  endfacet
  facet normal 0 0 -1
    outer loop
      vertex -11.2583 -6.5 0
      vertex -8.00174 -4.65461 0
      vertex -10.649 -7.45649 0
    endloop
  endfacet
  facet normal -0 0 -1
    outer loop
      vertex -8.00174 -4.65461 0
      vertex -11.2583 -6.5 0
      vertex -8.01795 -4.62917 0
    endloop
  endfacet
  facet normal 0 -0 -1
    outer loop
      vertex -10.2426 -3.72802 0
      vertex -8.01795 -4.62917 0
      vertex -11.2583 -6.5 0
    endloop
  endfacet
  facet normal 0 0 -1
    outer loop
      vertex -8.01795 -4.62917 0
      vertex -10.2426 -3.72802 0
      vertex -8.03188 -4.60241 0
    endloop
  endfacet
  facet normal 0 0 -1
    outer loop
      vertex -8.03188 -4.60241 0
      vertex -10.2426 -3.72802 0
      vertex -8.3909 -3.91274 0
    endloop
  endfacet
  facet normal 0 0 -1
    outer loop
      vertex -8.40245 -3.88487 0
      vertex -10.2426 -3.72802 0
      vertex -8.69999 -3.16654 0
    endloop
  endfacet
  facet normal 0 0 -1
    outer loop
      vertex -8.3909 -3.91274 0
      vertex -10.2426 -3.72802 0
      vertex -8.40245 -3.88487 0
    endloop
  endfacet
  facet normal 0 0 -1
    outer loop
      vertex -11.782 -5.49404 0
      vertex -10.2426 -3.72802 0
      vertex -11.2583 -6.5 0
    endloop
  endfacet
  facet normal 0 0 -1
    outer loop
      vertex -12.216 -4.44626 0
      vertex -10.2426 -3.72802 0
      vertex -11.782 -5.49404 0
    endloop
  endfacet
  facet normal -0 0 -1
    outer loop
      vertex -10.2426 -3.72802 0
      vertex -12.216 -4.44626 0
      vertex -10.5286 -2.82113 0
    endloop
  endfacet
  facet normal 0 0 -1
    outer loop
      vertex -12.557 -3.36465 0
      vertex -10.5286 -2.82113 0
      vertex -12.216 -4.44626 0
    endloop
  endfacet
  facet normal 0 0 -1
    outer loop
      vertex 10.9 0 0
      vertex 13 0 0
      vertex 12.9505 -1.13302 0
    endloop
  endfacet
  facet normal 0 0 -1
    outer loop
      vertex 10.8585 -0.949997 0
      vertex 12.9505 -1.13302 0
      vertex 12.8025 -2.25743 0
    endloop
  endfacet
  facet normal 0 0 -1
    outer loop
      vertex 13 0 0
      vertex 10.9 0 0
      vertex 12.9505 1.13302 0
    endloop
  endfacet
  facet normal 0 0 -1
    outer loop
      vertex 10.7344 -1.89277 0
      vertex 12.8025 -2.25743 0
      vertex 12.557 -3.36465 0
    endloop
  endfacet
  facet normal 0 0 -1
    outer loop
      vertex 10.8585 0.949997 0
      vertex 12.9505 1.13302 0
      vertex 10.9 0 0
    endloop
  endfacet
  facet normal 0 0 -1
    outer loop
      vertex 10.5286 -2.82113 0
      vertex 12.557 -3.36465 0
      vertex 12.216 -4.44626 0
    endloop
  endfacet
  facet normal -0 0 -1
    outer loop
      vertex 12.9505 1.13302 0
      vertex 10.8585 0.949997 0
      vertex 12.8025 2.25743 0
    endloop
  endfacet
  facet normal 0 0 -1
    outer loop
      vertex 10.2426 -3.72802 0
      vertex 12.216 -4.44626 0
      vertex 11.782 -5.49404 0
    endloop
  endfacet
  facet normal 0 0 -1
    outer loop
      vertex 10.7344 1.89277 0
      vertex 12.8025 2.25743 0
      vertex 10.8585 0.949997 0
    endloop
  endfacet
  facet normal 0 0 -1
    outer loop
      vertex 10.2426 -3.72802 0
      vertex 11.782 -5.49404 0
      vertex 11.2583 -6.5 0
    endloop
  endfacet
  facet normal -0 0 -1
    outer loop
      vertex 12.8025 2.25743 0
      vertex 10.7344 1.89277 0
      vertex 12.557 3.36465 0
    endloop
  endfacet
  facet normal 0 0 -1
    outer loop
      vertex 10.5286 2.82113 0
      vertex 12.557 3.36465 0
      vertex 10.7344 1.89277 0
    endloop
  endfacet
  facet normal 0 0 -1
    outer loop
      vertex 12.9505 -1.13302 0
      vertex 10.8585 -0.949997 0
      vertex 10.9 0 0
    endloop
  endfacet
  facet normal 0 0 -1
    outer loop
      vertex 12.8025 -2.25743 0
      vertex 10.7344 -1.89277 0
      vertex 10.8585 -0.949997 0
    endloop
  endfacet
  facet normal 0 0 -1
    outer loop
      vertex 8.40245 -3.88487 0
      vertex 11.2583 -6.5 0
      vertex 10.649 -7.45649 0
    endloop
  endfacet
  facet normal 0 0 -1
    outer loop
      vertex 12.557 -3.36465 0
      vertex 10.5286 -2.82113 0
      vertex 10.7344 -1.89277 0
    endloop
  endfacet
  facet normal 0 0 -1
    outer loop
      vertex 12.216 -4.44626 0
      vertex 10.2426 -3.72802 0
      vertex 10.5286 -2.82113 0
    endloop
  endfacet
  facet normal 0 0 -1
    outer loop
      vertex 8.40245 -3.88487 0
      vertex 10.649 -7.45649 0
      vertex 9.95858 -8.35624 0
    endloop
  endfacet
  facet normal 0 0 -1
    outer loop
      vertex 7.07191 -5.97339 0
      vertex 9.95858 -8.35624 0
      vertex 9.19239 -9.19239 0
    endloop
  endfacet
  facet normal 0 0 -1
    outer loop
      vertex 11.2583 -6.5 0
      vertex 8.40245 -3.88487 0
      vertex 10.2426 -3.72802 0
    endloop
  endfacet
  facet normal -0 0 -1
    outer loop
      vertex 12.557 3.36465 0
      vertex 10.5286 2.82113 0
      vertex 12.216 4.44626 0
    endloop
  endfacet
  facet normal 0 0 -1
    outer loop
      vertex 10.2426 3.72802 0
      vertex 12.216 4.44626 0
      vertex 10.5286 2.82113 0
    endloop
  endfacet
  facet normal -0 0 -1
    outer loop
      vertex 12.216 4.44626 0
      vertex 10.2426 3.72802 0
      vertex 11.782 5.49404 0
    endloop
  endfacet
  facet normal -0 0 -1
    outer loop
      vertex 11.782 5.49404 0
      vertex 10.2426 3.72802 0
      vertex 11.2583 6.5 0
    endloop
  endfacet
  facet normal 0 0 -1
    outer loop
      vertex 8.01795 4.62917 0
      vertex 11.2583 6.5 0
      vertex 10.2426 3.72802 0
    endloop
  endfacet
  facet normal 0 0 -1
    outer loop
      vertex 8.00174 4.65461 0
      vertex 11.2583 6.5 0
      vertex 8.01795 4.62917 0
    endloop
  endfacet
  facet normal 0 0 -1
    outer loop
      vertex 7.58398 5.31036 0
      vertex 10.649 7.45649 0
      vertex 8.00174 4.65461 0
    endloop
  endfacet
  facet normal 0 0 -1
    outer loop
      vertex 8.40245 3.88487 0
      vertex 10.2426 3.72802 0
      vertex 8.69999 3.16654 0
    endloop
  endfacet
  facet normal 0 0 -1
    outer loop
      vertex 8.3909 3.91274 0
      vertex 10.2426 3.72802 0
      vertex 8.40245 3.88487 0
    endloop
  endfacet
  facet normal 0 0 -1
    outer loop
      vertex 8.03188 4.60241 0
      vertex 10.2426 3.72802 0
      vertex 8.3909 3.91274 0
    endloop
  endfacet
  facet normal 0 0 -1
    outer loop
      vertex 8.01795 4.62917 0
      vertex 10.2426 3.72802 0
      vertex 8.03188 4.60241 0
    endloop
  endfacet
  facet normal -0 0 -1
    outer loop
      vertex 11.2583 6.5 0
      vertex 8.00174 4.65461 0
      vertex 10.649 7.45649 0
    endloop
  endfacet
  facet normal -0 0 -1
    outer loop
      vertex 10.649 7.45649 0
      vertex 7.58398 5.31036 0
      vertex 9.95858 8.35624 0
    endloop
  endfacet
  facet normal 0 0 -1
    outer loop
      vertex 7.11066 5.92721 0
      vertex 9.95858 8.35624 0
      vertex 7.58398 5.31036 0
    endloop
  endfacet
  facet normal 0 0 -1
    outer loop
      vertex 7.0923 5.95114 0
      vertex 9.95858 8.35624 0
      vertex 7.11066 5.92721 0
    endloop
  endfacet
  facet normal 0 0 -1
    outer loop
      vertex 7.07191 5.97339 0
      vertex 9.95858 8.35624 0
      vertex 7.0923 5.95114 0
    endloop
  endfacet
  facet normal -0 0 -1
    outer loop
      vertex 9.95858 8.35624 0
      vertex 7.07191 5.97339 0
      vertex 9.19239 9.19239 0
    endloop
  endfacet
  facet normal 0 0 -1
    outer loop
      vertex 6.54663 6.54663 0
      vertex 9.19239 9.19239 0
      vertex 7.07191 5.97339 0
    endloop
  endfacet
  facet normal -0 0 -1
    outer loop
      vertex 9.19239 9.19239 0
      vertex 6.54663 6.54663 0
      vertex 8.35624 9.95858 0
    endloop
  endfacet
  facet normal 0 0 -1
    outer loop
      vertex 5.97339 7.07191 0
      vertex 8.35624 9.95858 0
      vertex 6.54663 6.54663 0
    endloop
  endfacet
  facet normal 0 0 -1
    outer loop
      vertex 5.95114 7.0923 0
      vertex 8.35624 9.95858 0
      vertex 5.97339 7.07191 0
    endloop
  endfacet
  facet normal 0 0 -1
    outer loop
      vertex 5.92721 7.11066 0
      vertex 8.35624 9.95858 0
      vertex 5.95114 7.0923 0
    endloop
  endfacet
  facet normal -0 0 -1
    outer loop
      vertex 8.35624 9.95858 0
      vertex 5.92721 7.11066 0
      vertex 7.45649 10.649 0
    endloop
  endfacet
  facet normal 0 0 -1
    outer loop
      vertex 5.31036 7.58398 0
      vertex 7.45649 10.649 0
      vertex 5.92721 7.11066 0
    endloop
  endfacet
  facet normal -0 0 -1
    outer loop
      vertex 7.45649 10.649 0
      vertex 5.31036 7.58398 0
      vertex 6.5 11.2583 0
    endloop
  endfacet
  facet normal 0 0 -1
    outer loop
      vertex 4.65461 8.00174 0
      vertex 6.5 11.2583 0
      vertex 5.31036 7.58398 0
    endloop
  endfacet
  facet normal 0 0 -1
    outer loop
      vertex 4.62917 8.01795 0
      vertex 6.5 11.2583 0
      vertex 4.65461 8.00174 0
    endloop
  endfacet
  facet normal 0 0 -1
    outer loop
      vertex 4.60241 8.03188 0
      vertex 6.5 11.2583 0
      vertex 4.62917 8.01795 0
    endloop
  endfacet
  facet normal -0 0 -1
    outer loop
      vertex 6.5 11.2583 0
      vertex 4.60241 8.03188 0
      vertex 5.49404 11.782 0
    endloop
  endfacet
  facet normal 0 0 -1
    outer loop
      vertex 3.91274 8.3909 0
      vertex 5.49404 11.782 0
      vertex 4.60241 8.03188 0
    endloop
  endfacet
  facet normal 0 0 -1
    outer loop
      vertex 3.88487 8.40245 0
      vertex 5.49404 11.782 0
      vertex 3.91274 8.3909 0
    endloop
  endfacet
  facet normal -0 0 -1
    outer loop
      vertex 5.49404 11.782 0
      vertex 3.88487 8.40245 0
      vertex 4.44626 12.216 0
    endloop
  endfacet
  facet normal 0 0 -1
    outer loop
      vertex 3.16654 8.69999 0
      vertex 4.44626 12.216 0
      vertex 3.88487 8.40245 0
    endloop
  endfacet
  facet normal 0 0 -1
    outer loop
      vertex 3.13776 8.70906 0
      vertex 4.44626 12.216 0
      vertex 3.16654 8.69999 0
    endloop
  endfacet
  facet normal -0 0 -1
    outer loop
      vertex 4.44626 12.216 0
      vertex 3.13776 8.70906 0
      vertex 3.36465 12.557 0
    endloop
  endfacet
  facet normal 0 0 -1
    outer loop
      vertex 2.39623 8.94286 0
      vertex 3.36465 12.557 0
      vertex 3.13776 8.70906 0
    endloop
  endfacet
  facet normal 0 0 -1
    outer loop
      vertex 2.39623 8.94286 0
      vertex 2.25743 12.8025 0
      vertex 3.36465 12.557 0
    endloop
  endfacet
  facet normal 0 0 -1
    outer loop
      vertex 1.63715 9.11115 0
      vertex 2.25743 12.8025 0
      vertex 2.39623 8.94286 0
    endloop
  endfacet
  facet normal 0 0 -1
    outer loop
      vertex 1.60769 9.11768 0
      vertex 2.25743 12.8025 0
      vertex 1.63715 9.11115 0
    endloop
  endfacet
  facet normal 0 0 -1
    outer loop
      vertex 1.57778 9.12162 0
      vertex 2.25743 12.8025 0
      vertex 1.60769 9.11768 0
    endloop
  endfacet
  facet normal 0 0 -1
    outer loop
      vertex 1.57778 9.12162 0
      vertex 1.13302 12.9505 0
      vertex 2.25743 12.8025 0
    endloop
  endfacet
  facet normal 0 0 -1
    outer loop
      vertex 0.806916 9.2231 0
      vertex 1.13302 12.9505 0
      vertex 1.57778 9.12162 0
    endloop
  endfacet
  facet normal 0 0 -1
    outer loop
      vertex 0.776775 9.22442 0
      vertex 1.13302 12.9505 0
      vertex 0.806916 9.2231 0
    endloop
  endfacet
  facet normal 0 0 -1
    outer loop
      vertex 0 9.25833 0
      vertex 1.13302 12.9505 0
      vertex 0.776775 9.22442 0
    endloop
  endfacet
  facet normal 0 0 -1
    outer loop
      vertex 0 9.25833 0
      vertex 0 13 0
      vertex 1.13302 12.9505 0
    endloop
  endfacet
  facet normal 0 0 -1
    outer loop
      vertex -0.776775 9.22442 0
      vertex 0 13 0
      vertex 0 9.25833 0
    endloop
  endfacet
  facet normal 0 0 -1
    outer loop
      vertex -1.13302 12.9505 0
      vertex -0.776775 9.22442 0
      vertex -0.806916 9.2231 0
    endloop
  endfacet
  facet normal 0 0 -1
    outer loop
      vertex -0.776775 9.22442 0
      vertex -1.13302 12.9505 0
      vertex 0 13 0
    endloop
  endfacet
  facet normal 0 0 -1
    outer loop
      vertex -1.57778 9.12162 0
      vertex -1.13302 12.9505 0
      vertex -0.806916 9.2231 0
    endloop
  endfacet
  facet normal 0 0 -1
    outer loop
      vertex -2.25743 12.8025 0
      vertex -1.57778 9.12162 0
      vertex -1.60769 9.11768 0
    endloop
  endfacet
  facet normal 0 0 -1
    outer loop
      vertex -2.25743 12.8025 0
      vertex -1.60769 9.11768 0
      vertex -1.63715 9.11115 0
    endloop
  endfacet
  facet normal 0 0 -1
    outer loop
      vertex -1.57778 9.12162 0
      vertex -2.25743 12.8025 0
      vertex -1.13302 12.9505 0
    endloop
  endfacet
  facet normal 0 0 -1
    outer loop
      vertex -2.39623 8.94286 0
      vertex -2.25743 12.8025 0
      vertex -1.63715 9.11115 0
    endloop
  endfacet
  facet normal 0 0 -1
    outer loop
      vertex -3.36465 12.557 0
      vertex -2.39623 8.94286 0
      vertex -3.13776 8.70906 0
    endloop
  endfacet
  facet normal 0 0 -1
    outer loop
      vertex -4.44626 12.216 0
      vertex -3.13776 8.70906 0
      vertex -3.16654 8.69999 0
    endloop
  endfacet
  facet normal 0 0 -1
    outer loop
      vertex -2.39623 8.94286 0
      vertex -3.36465 12.557 0
      vertex -2.25743 12.8025 0
    endloop
  endfacet
  facet normal 0 0 -1
    outer loop
      vertex -4.44626 12.216 0
      vertex -3.16654 8.69999 0
      vertex -3.88487 8.40245 0
    endloop
  endfacet
  facet normal 0 0 -1
    outer loop
      vertex -5.49404 11.782 0
      vertex -3.88487 8.40245 0
      vertex -3.91274 8.3909 0
    endloop
  endfacet
  facet normal 0 0 -1
    outer loop
      vertex -3.13776 8.70906 0
      vertex -4.44626 12.216 0
      vertex -3.36465 12.557 0
    endloop
  endfacet
  facet normal 0 0 -1
    outer loop
      vertex -5.49404 11.782 0
      vertex -3.91274 8.3909 0
      vertex -4.60241 8.03188 0
    endloop
  endfacet
  facet normal 0 0 -1
    outer loop
      vertex -6.5 11.2583 0
      vertex -4.60241 8.03188 0
      vertex -4.62917 8.01795 0
    endloop
  endfacet
  facet normal 0 0 -1
    outer loop
      vertex -6.5 11.2583 0
      vertex -4.62917 8.01795 0
      vertex -4.65461 8.00174 0
    endloop
  endfacet
  facet normal 0 0 -1
    outer loop
      vertex -6.5 11.2583 0
      vertex -4.65461 8.00174 0
      vertex -5.31036 7.58398 0
    endloop
  endfacet
  facet normal 0 0 -1
    outer loop
      vertex -3.88487 8.40245 0
      vertex -5.49404 11.782 0
      vertex -4.44626 12.216 0
    endloop
  endfacet
  facet normal 0 0 -1
    outer loop
      vertex -7.45649 10.649 0
      vertex -5.31036 7.58398 0
      vertex -5.92721 7.11066 0
    endloop
  endfacet
  facet normal 0 0 -1
    outer loop
      vertex -8.35624 9.95858 0
      vertex -5.92721 7.11066 0
      vertex -5.95114 7.0923 0
    endloop
  endfacet
  facet normal 0 0 -1
    outer loop
      vertex -8.35624 9.95858 0
      vertex -5.95114 7.0923 0
      vertex -5.97339 7.07191 0
    endloop
  endfacet
  facet normal 0 0 -1
    outer loop
      vertex -4.60241 8.03188 0
      vertex -6.5 11.2583 0
      vertex -5.49404 11.782 0
    endloop
  endfacet
  facet normal 0 0 -1
    outer loop
      vertex -8.35624 9.95858 0
      vertex -5.97339 7.07191 0
      vertex -6.54663 6.54663 0
    endloop
  endfacet
  facet normal 0 0 -1
    outer loop
      vertex -9.19239 9.19239 0
      vertex -6.54663 6.54663 0
      vertex -7.07191 5.97339 0
    endloop
  endfacet
  facet normal 0 0 -1
    outer loop
      vertex -9.19239 9.19239 0
      vertex -7.07191 5.97339 0
      vertex -7.0923 5.95114 0
    endloop
  endfacet
  facet normal 0 0 -1
    outer loop
      vertex -9.19239 9.19239 0
      vertex -7.0923 5.95114 0
      vertex -7.11066 5.92721 0
    endloop
  endfacet
  facet normal 0 0 -1
    outer loop
      vertex -5.31036 7.58398 0
      vertex -7.45649 10.649 0
      vertex -6.5 11.2583 0
    endloop
  endfacet
  facet normal 0 0 -1
    outer loop
      vertex -9.19239 9.19239 0
      vertex -7.11066 5.92721 0
      vertex -7.58398 5.31036 0
    endloop
  endfacet
  facet normal 0 0 -1
    outer loop
      vertex -9.19239 9.19239 0
      vertex -7.58398 5.31036 0
      vertex -8.00174 4.65461 0
    endloop
  endfacet
  facet normal 0 0 -1
    outer loop
      vertex -9.19239 9.19239 0
      vertex -8.00174 4.65461 0
      vertex -8.01795 4.62917 0
    endloop
  endfacet
  facet normal 0 0 -1
    outer loop
      vertex -9.19239 9.19239 0
      vertex -8.01795 4.62917 0
      vertex -8.03188 4.60241 0
    endloop
  endfacet
  facet normal 0 0 -1
    outer loop
      vertex -5.92721 7.11066 0
      vertex -8.35624 9.95858 0
      vertex -7.45649 10.649 0
    endloop
  endfacet
  facet normal 0 0 -1
    outer loop
      vertex -9.19239 9.19239 0
      vertex -8.03188 4.60241 0
      vertex -8.3909 3.91274 0
    endloop
  endfacet
  facet normal 0 0 -1
    outer loop
      vertex -9.19239 9.19239 0
      vertex -8.3909 3.91274 0
      vertex -8.40245 3.88487 0
    endloop
  endfacet
  facet normal 0 0 -1
    outer loop
      vertex -9.19239 9.19239 0
      vertex -8.40245 3.88487 0
      vertex -8.69999 3.16654 0
    endloop
  endfacet
  facet normal 0 0 -1
    outer loop
      vertex -6.54663 6.54663 0
      vertex -9.19239 9.19239 0
      vertex -8.35624 9.95858 0
    endloop
  endfacet
  facet normal -0.923881 0.38268 0
    outer loop
      vertex -12.216 4.44626 0
      vertex -11.782 5.49404 7
      vertex -11.782 5.49404 0
    endloop
  endfacet
  facet normal -0.923881 0.38268 0
    outer loop
      vertex -11.782 5.49404 7
      vertex -12.216 4.44626 0
      vertex -12.216 4.44626 7
    endloop
  endfacet
  facet normal -0.46177 -0.887 0
    outer loop
      vertex -6.5 -11.2583 0
      vertex -5.49404 -11.782 7
      vertex -6.5 -11.2583 7
    endloop
  endfacet
  facet normal -0.46177 -0.887 -0
    outer loop
      vertex -5.49404 -11.782 7
      vertex -6.5 -11.2583 0
      vertex -5.49404 -11.782 0
    endloop
  endfacet
  facet normal 0.342026 0.939691 0
    outer loop
      vertex 10.2426 -3.72802 2.2
      vertex 7.79945 -2.83877 1.15
      vertex 7.79945 -2.83877 2.2
    endloop
  endfacet
  facet normal 0.342029 0.93969 0
    outer loop
      vertex 8.69999 -3.16654 0
      vertex 10.2426 -3.72802 2.2
      vertex 10.2426 -3.72802 0
    endloop
  endfacet
  facet normal 0.342024 0.939691 3.48319e-06
    outer loop
      vertex 10.2426 -3.72802 2.2
      vertex 8.69999 -3.16654 0
      vertex 7.79945 -2.83877 1.15
    endloop
  endfacet
  facet normal 0.342026 -0.939691 0
    outer loop
      vertex 7.79945 2.83877 1.15
      vertex 10.2426 3.72802 7
      vertex 7.79945 2.83877 7
    endloop
  endfacet
  facet normal 0.342029 -0.93969 7.37317e-06
    outer loop
      vertex 10.2426 3.72802 0
      vertex 7.79945 2.83877 1.15
      vertex 8.69999 3.16654 0
    endloop
  endfacet
  facet normal 0.342026 -0.939691 0
    outer loop
      vertex 7.79945 2.83877 1.15
      vertex 10.2426 3.72802 0
      vertex 10.2426 3.72802 7
    endloop
  endfacet
  facet normal -0.953699 0.300762 0
    outer loop
      vertex 10.2426 -3.72802 2.2
      vertex 10.5286 -2.82113 0
      vertex 10.2426 -3.72802 0
    endloop
  endfacet
  facet normal -0.953699 0.300762 0
    outer loop
      vertex 10.5286 -2.82113 0
      vertex 10.2426 -3.72802 2.2
      vertex 10.5286 -2.82113 7
    endloop
  endfacet
  facet normal -0.953699 0.300762 0
    outer loop
      vertex 10.5286 -2.82113 7
      vertex 10.2426 -3.72802 2.2
      vertex 10.2426 -3.72802 7
    endloop
  endfacet
  facet normal 0 0 -1
    outer loop
      vertex 10.8585 -0.949997 7
      vertex 8.26842 -0.723392 7
      vertex 8.3 0 7
    endloop
  endfacet
  facet normal 0 0 -1
    outer loop
      vertex 8.92876 -6.25198 7
      vertex 8.1739 -1.44128 7
      vertex 8.26842 -0.723392 7
    endloop
  endfacet
  facet normal 0 0 -1
    outer loop
      vertex 8.92876 -6.25198 7
      vertex 8.01718 -2.1482 7
      vertex 8.1739 -1.44128 7
    endloop
  endfacet
  facet normal 0 0 -1
    outer loop
      vertex 8.92876 -6.25198 7
      vertex 7.79945 -2.83877 7
      vertex 8.01718 -2.1482 7
    endloop
  endfacet
  facet normal 0 0 -1
    outer loop
      vertex 6.35817 -5.33514 7
      vertex 8.34988 -7.00638 7
      vertex 7.70746 -7.70746 7
    endloop
  endfacet
  facet normal 0 0 -1
    outer loop
      vertex 8.92876 -6.25198 7
      vertex 7.52235 -3.50773 7
      vertex 7.79945 -2.83877 7
    endloop
  endfacet
  facet normal 0 0 -1
    outer loop
      vertex 8.92876 -6.25198 7
      vertex 7.18801 -4.15 7
      vertex 7.52235 -3.50773 7
    endloop
  endfacet
  facet normal 0 0 -1
    outer loop
      vertex 5.86899 -5.86899 7
      vertex 7.70746 -7.70746 7
      vertex 7.00638 -8.34988 7
    endloop
  endfacet
  facet normal 0 0 -1
    outer loop
      vertex 8.92876 -6.25198 7
      vertex 6.79896 -4.76068 7
      vertex 7.18801 -4.15 7
    endloop
  endfacet
  facet normal 0 0 -1
    outer loop
      vertex 8.34988 -7.00638 7
      vertex 6.35817 -5.33514 7
      vertex 6.79896 -4.76068 7
    endloop
  endfacet
  facet normal 0 0 -1
    outer loop
      vertex 5.33514 -6.35817 7
      vertex 7.00638 -8.34988 7
      vertex 6.25198 -8.92876 7
    endloop
  endfacet
  facet normal 0 0 -1
    outer loop
      vertex 7.70746 -7.70746 7
      vertex 5.86899 -5.86899 7
      vertex 6.35817 -5.33514 7
    endloop
  endfacet
  facet normal 0 0 -1
    outer loop
      vertex 4.76068 -6.79896 7
      vertex 6.25198 -8.92876 7
      vertex 5.45 -9.43968 7
    endloop
  endfacet
  facet normal 0 0 -1
    outer loop
      vertex 7.00638 -8.34988 7
      vertex 5.33514 -6.35817 7
      vertex 5.86899 -5.86899 7
    endloop
  endfacet
  facet normal 0 0 -1
    outer loop
      vertex 6.25198 -8.92876 7
      vertex 4.76068 -6.79896 7
      vertex 5.33514 -6.35817 7
    endloop
  endfacet
  facet normal 0 0 -1
    outer loop
      vertex 4.15 -7.18801 7
      vertex 5.45 -9.43968 7
      vertex 4.60654 -9.87875 7
    endloop
  endfacet
  facet normal 0 0 -1
    outer loop
      vertex 5.45 -9.43968 7
      vertex 4.15 -7.18801 7
      vertex 4.76068 -6.79896 7
    endloop
  endfacet
  facet normal 0 0 -1
    outer loop
      vertex 3.50773 -7.52235 7
      vertex 4.60654 -9.87875 7
      vertex 3.72802 -10.2426 7
    endloop
  endfacet
  facet normal 0 0 -1
    outer loop
      vertex 4.60654 -9.87875 7
      vertex 3.50773 -7.52235 7
      vertex 4.15 -7.18801 7
    endloop
  endfacet
  facet normal 0 0 -1
    outer loop
      vertex 3.72802 -10.2426 7
      vertex 2.83877 -7.79945 7
      vertex 3.50773 -7.52235 7
    endloop
  endfacet
  facet normal 0 0 -1
    outer loop
      vertex 2.82113 -10.5286 7
      vertex 2.83877 -7.79945 7
      vertex 3.72802 -10.2426 7
    endloop
  endfacet
  facet normal 0 0 -1
    outer loop
      vertex 2.83877 -7.79945 7
      vertex 2.82113 -10.5286 7
      vertex 2.1482 -8.01718 7
    endloop
  endfacet
  facet normal 0 0 -1
    outer loop
      vertex 8.3 0 7
      vertex 10.9 0 7
      vertex 10.8585 -0.949997 7
    endloop
  endfacet
  facet normal 0 0 -1
    outer loop
      vertex 8.26842 -0.723392 7
      vertex 10.8585 -0.949997 7
      vertex 10.7344 -1.89277 7
    endloop
  endfacet
  facet normal 0 0 -1
    outer loop
      vertex 10.9 0 7
      vertex 8.3 0 7
      vertex 10.8585 0.949997 7
    endloop
  endfacet
  facet normal 0 0 -1
    outer loop
      vertex 8.26842 -0.723392 7
      vertex 10.7344 -1.89277 7
      vertex 10.5286 -2.82113 7
    endloop
  endfacet
  facet normal 0 0 -1
    outer loop
      vertex 8.26842 0.723392 7
      vertex 10.8585 0.949997 7
      vertex 8.3 0 7
    endloop
  endfacet
  facet normal 0 0 -1
    outer loop
      vertex 8.26842 -0.723392 7
      vertex 10.5286 -2.82113 7
      vertex 10.2426 -3.72802 7
    endloop
  endfacet
  facet normal -0 0 -1
    outer loop
      vertex 10.8585 0.949997 7
      vertex 8.26842 0.723392 7
      vertex 10.7344 1.89277 7
    endloop
  endfacet
  facet normal 0 0 -1
    outer loop
      vertex 8.26842 -0.723392 7
      vertex 10.2426 -3.72802 7
      vertex 9.87875 -4.60654 7
    endloop
  endfacet
  facet normal 0 0 -1
    outer loop
      vertex 8.26842 -0.723392 7
      vertex 9.87875 -4.60654 7
      vertex 9.43968 -5.45 7
    endloop
  endfacet
  facet normal 0 0 -1
    outer loop
      vertex 8.26842 -0.723392 7
      vertex 9.43968 -5.45 7
      vertex 8.92876 -6.25198 7
    endloop
  endfacet
  facet normal 0 0 -1
    outer loop
      vertex 6.79896 -4.76068 7
      vertex 8.92876 -6.25198 7
      vertex 8.34988 -7.00638 7
    endloop
  endfacet
  facet normal 0 0 -1
    outer loop
      vertex 8.1739 1.44128 7
      vertex 10.7344 1.89277 7
      vertex 8.26842 0.723392 7
    endloop
  endfacet
  facet normal -0 0 -1
    outer loop
      vertex 10.7344 1.89277 7
      vertex 8.1739 1.44128 7
      vertex 10.5286 2.82113 7
    endloop
  endfacet
  facet normal 0 0 -1
    outer loop
      vertex 8.01718 2.1482 7
      vertex 10.5286 2.82113 7
      vertex 8.1739 1.44128 7
    endloop
  endfacet
  facet normal -0 0 -1
    outer loop
      vertex 10.5286 2.82113 7
      vertex 8.01718 2.1482 7
      vertex 10.2426 3.72802 7
    endloop
  endfacet
  facet normal 0 0 -1
    outer loop
      vertex 10.2426 3.72802 7
      vertex 8.01718 2.1482 7
      vertex 7.79945 2.83877 7
    endloop
  endfacet
  facet normal -0.976299 0.216427 0
    outer loop
      vertex 10.5286 -2.82113 0
      vertex 10.7344 -1.89277 7
      vertex 10.7344 -1.89277 0
    endloop
  endfacet
  facet normal -0.976299 0.216427 0
    outer loop
      vertex 10.7344 -1.89277 7
      vertex 10.5286 -2.82113 0
      vertex 10.5286 -2.82113 7
    endloop
  endfacet
  facet normal -0.991447 0.130507 0
    outer loop
      vertex 10.7344 -1.89277 0
      vertex 10.8585 -0.949997 7
      vertex 10.8585 -0.949997 0
    endloop
  endfacet
  facet normal -0.991447 0.130507 0
    outer loop
      vertex 10.8585 -0.949997 7
      vertex 10.7344 -1.89277 0
      vertex 10.7344 -1.89277 7
    endloop
  endfacet
  facet normal -0.999047 0.0436427 0
    outer loop
      vertex 10.8585 -0.949997 0
      vertex 10.9 0 7
      vertex 10.9 0 0
    endloop
  endfacet
  facet normal -0.999047 0.0436427 0
    outer loop
      vertex 10.9 0 7
      vertex 10.8585 -0.949997 0
      vertex 10.8585 -0.949997 7
    endloop
  endfacet
  facet normal -0.999047 -0.0436427 0
    outer loop
      vertex 10.9 0 0
      vertex 10.8585 0.949997 7
      vertex 10.8585 0.949997 0
    endloop
  endfacet
  facet normal -0.999047 -0.0436427 0
    outer loop
      vertex 10.8585 0.949997 7
      vertex 10.9 0 0
      vertex 10.9 0 7
    endloop
  endfacet
  facet normal -0.991447 -0.130507 0
    outer loop
      vertex 10.8585 0.949997 0
      vertex 10.7344 1.89277 7
      vertex 10.7344 1.89277 0
    endloop
  endfacet
  facet normal -0.991447 -0.130507 0
    outer loop
      vertex 10.7344 1.89277 7
      vertex 10.8585 0.949997 0
      vertex 10.8585 0.949997 7
    endloop
  endfacet
  facet normal -0.976299 -0.216427 0
    outer loop
      vertex 10.7344 1.89277 0
      vertex 10.5286 2.82113 7
      vertex 10.5286 2.82113 0
    endloop
  endfacet
  facet normal -0.976299 -0.216427 0
    outer loop
      vertex 10.5286 2.82113 7
      vertex 10.7344 1.89277 0
      vertex 10.7344 1.89277 7
    endloop
  endfacet
  facet normal -0.953699 -0.300762 0
    outer loop
      vertex 10.5286 2.82113 0
      vertex 10.2426 3.72802 7
      vertex 10.2426 3.72802 0
    endloop
  endfacet
  facet normal -0.953699 -0.300762 0
    outer loop
      vertex 10.2426 3.72802 7
      vertex 10.5286 2.82113 0
      vertex 10.5286 2.82113 7
    endloop
  endfacet
  facet normal 0.965926 0.258818 0
    outer loop
      vertex 2.82113 -10.5286 7
      vertex 2.1482 -8.01718 2.2
      vertex 2.1482 -8.01718 7
    endloop
  endfacet
  facet normal 0.965926 0.258818 0
    outer loop
      vertex 2.1482 -8.01718 2.2
      vertex 2.82113 -10.5286 7
      vertex 2.82113 -10.5286 2.2
    endloop
  endfacet
  facet normal 0 0 1
    outer loop
      vertex 7.52235 -3.50773 2.2
      vertex 9.87875 -4.60654 2.2
      vertex 10.2426 -3.72802 2.2
    endloop
  endfacet
  facet normal 0 0 1
    outer loop
      vertex 9.87875 -4.60654 2.2
      vertex 7.52235 -3.50773 2.2
      vertex 9.43968 -5.45 2.2
    endloop
  endfacet
  facet normal 0 0 1
    outer loop
      vertex 9.43968 -5.45 2.2
      vertex 7.18801 -4.15 2.2
      vertex 8.92876 -6.25198 2.2
    endloop
  endfacet
  facet normal -0 0 1
    outer loop
      vertex 7.52235 -3.50773 2.2
      vertex 10.2426 -3.72802 2.2
      vertex 7.79945 -2.83877 2.2
    endloop
  endfacet
  facet normal 0 0 1
    outer loop
      vertex 9.43968 -5.45 2.2
      vertex 7.52235 -3.50773 2.2
      vertex 7.18801 -4.15 2.2
    endloop
  endfacet
  facet normal -0 0 1
    outer loop
      vertex 6.79896 -4.76068 2.2
      vertex 8.92876 -6.25198 2.2
      vertex 7.18801 -4.15 2.2
    endloop
  endfacet
  facet normal 0 0 1
    outer loop
      vertex 8.92876 -6.25198 2.2
      vertex 6.79896 -4.76068 2.2
      vertex 8.34988 -7.00638 2.2
    endloop
  endfacet
  facet normal -0 0 1
    outer loop
      vertex 6.35817 -5.33514 2.2
      vertex 8.34988 -7.00638 2.2
      vertex 6.79896 -4.76068 2.2
    endloop
  endfacet
  facet normal 0 0 1
    outer loop
      vertex 8.34988 -7.00638 2.2
      vertex 6.35817 -5.33514 2.2
      vertex 7.70746 -7.70746 2.2
    endloop
  endfacet
  facet normal -0 0 1
    outer loop
      vertex 5.86899 -5.86899 2.2
      vertex 7.70746 -7.70746 2.2
      vertex 6.35817 -5.33514 2.2
    endloop
  endfacet
  facet normal 0 0 1
    outer loop
      vertex 7.70746 -7.70746 2.2
      vertex 5.86899 -5.86899 2.2
      vertex 7.00638 -8.34988 2.2
    endloop
  endfacet
  facet normal -0 0 1
    outer loop
      vertex 5.33514 -6.35817 2.2
      vertex 7.00638 -8.34988 2.2
      vertex 5.86899 -5.86899 2.2
    endloop
  endfacet
  facet normal 0 0 1
    outer loop
      vertex 7.00638 -8.34988 2.2
      vertex 5.33514 -6.35817 2.2
      vertex 6.25198 -8.92876 2.2
    endloop
  endfacet
  facet normal -0 0 1
    outer loop
      vertex 4.76068 -6.79896 2.2
      vertex 6.25198 -8.92876 2.2
      vertex 5.33514 -6.35817 2.2
    endloop
  endfacet
  facet normal 0 0 1
    outer loop
      vertex 6.25198 -8.92876 2.2
      vertex 4.76068 -6.79896 2.2
      vertex 5.45 -9.43968 2.2
    endloop
  endfacet
  facet normal -0 0 1
    outer loop
      vertex 4.15 -7.18801 2.2
      vertex 5.45 -9.43968 2.2
      vertex 4.76068 -6.79896 2.2
    endloop
  endfacet
  facet normal 0 0 1
    outer loop
      vertex 5.45 -9.43968 2.2
      vertex 4.15 -7.18801 2.2
      vertex 4.60654 -9.87875 2.2
    endloop
  endfacet
  facet normal -0 0 1
    outer loop
      vertex 3.50773 -7.52235 2.2
      vertex 4.60654 -9.87875 2.2
      vertex 4.15 -7.18801 2.2
    endloop
  endfacet
  facet normal 0 0 1
    outer loop
      vertex 4.60654 -9.87875 2.2
      vertex 3.50773 -7.52235 2.2
      vertex 3.72802 -10.2426 2.2
    endloop
  endfacet
  facet normal -0 0 1
    outer loop
      vertex 2.83877 -7.79945 2.2
      vertex 3.72802 -10.2426 2.2
      vertex 3.50773 -7.52235 2.2
    endloop
  endfacet
  facet normal 0 0 1
    outer loop
      vertex 2.83877 -7.79945 2.2
      vertex 2.82113 -10.5286 2.2
      vertex 3.72802 -10.2426 2.2
    endloop
  endfacet
  facet normal 0 -0 1
    outer loop
      vertex 2.82113 -10.5286 2.2
      vertex 2.83877 -7.79945 2.2
      vertex 2.1482 -8.01718 2.2
    endloop
  endfacet
  facet normal -0.300762 0.953699 0
    outer loop
      vertex 3.72802 -10.2426 2.2
      vertex 2.82113 -10.5286 7
      vertex 3.72802 -10.2426 7
    endloop
  endfacet
  facet normal -0.300762 0.953699 0
    outer loop
      vertex 2.82113 -10.5286 7
      vertex 3.72802 -10.2426 2.2
      vertex 2.82113 -10.5286 2.2
    endloop
  endfacet
  facet normal -0.382643 0.923896 0
    outer loop
      vertex 4.60654 -9.87875 2.2
      vertex 3.72802 -10.2426 7
      vertex 4.60654 -9.87875 7
    endloop
  endfacet
  facet normal -0.382643 0.923896 0
    outer loop
      vertex 3.72802 -10.2426 7
      vertex 4.60654 -9.87875 2.2
      vertex 3.72802 -10.2426 2.2
    endloop
  endfacet
  facet normal -0.461742 0.887014 0
    outer loop
      vertex 5.45 -9.43968 2.2
      vertex 4.60654 -9.87875 7
      vertex 5.45 -9.43968 7
    endloop
  endfacet
  facet normal -0.461742 0.887014 0
    outer loop
      vertex 4.60654 -9.87875 7
      vertex 5.45 -9.43968 2.2
      vertex 4.60654 -9.87875 2.2
    endloop
  endfacet
  facet normal -0.537301 0.84339 0
    outer loop
      vertex 6.25198 -8.92876 2.2
      vertex 5.45 -9.43968 7
      vertex 6.25198 -8.92876 7
    endloop
  endfacet
  facet normal -0.537301 0.84339 0
    outer loop
      vertex 5.45 -9.43968 7
      vertex 6.25198 -8.92876 2.2
      vertex 5.45 -9.43968 2.2
    endloop
  endfacet
  facet normal -0.608767 0.793349 0
    outer loop
      vertex 7.00638 -8.34988 2.2
      vertex 6.25198 -8.92876 7
      vertex 7.00638 -8.34988 7
    endloop
  endfacet
  facet normal -0.608767 0.793349 0
    outer loop
      vertex 6.25198 -8.92876 7
      vertex 7.00638 -8.34988 2.2
      vertex 6.25198 -8.92876 2.2
    endloop
  endfacet
  facet normal -0.675589 0.737278 0
    outer loop
      vertex 7.70746 -7.70746 2.2
      vertex 7.00638 -8.34988 7
      vertex 7.70746 -7.70746 7
    endloop
  endfacet
  facet normal -0.675589 0.737278 0
    outer loop
      vertex 7.00638 -8.34988 7
      vertex 7.70746 -7.70746 2.2
      vertex 7.00638 -8.34988 2.2
    endloop
  endfacet
  facet normal -0.737278 0.675589 0
    outer loop
      vertex 7.70746 -7.70746 2.2
      vertex 8.34988 -7.00638 7
      vertex 8.34988 -7.00638 2.2
    endloop
  endfacet
  facet normal -0.737278 0.675589 0
    outer loop
      vertex 8.34988 -7.00638 7
      vertex 7.70746 -7.70746 2.2
      vertex 7.70746 -7.70746 7
    endloop
  endfacet
  facet normal -0.793349 0.608767 0
    outer loop
      vertex 8.34988 -7.00638 2.2
      vertex 8.92876 -6.25198 7
      vertex 8.92876 -6.25198 2.2
    endloop
  endfacet
  facet normal -0.793349 0.608767 0
    outer loop
      vertex 8.92876 -6.25198 7
      vertex 8.34988 -7.00638 2.2
      vertex 8.34988 -7.00638 7
    endloop
  endfacet
  facet normal -0.84339 0.537301 0
    outer loop
      vertex 8.92876 -6.25198 2.2
      vertex 9.43968 -5.45 7
      vertex 9.43968 -5.45 2.2
    endloop
  endfacet
  facet normal -0.84339 0.537301 0
    outer loop
      vertex 9.43968 -5.45 7
      vertex 8.92876 -6.25198 2.2
      vertex 8.92876 -6.25198 7
    endloop
  endfacet
  facet normal -0.887014 0.461742 0
    outer loop
      vertex 9.43968 -5.45 2.2
      vertex 9.87875 -4.60654 7
      vertex 9.87875 -4.60654 2.2
    endloop
  endfacet
  facet normal -0.887014 0.461742 0
    outer loop
      vertex 9.87875 -4.60654 7
      vertex 9.43968 -5.45 2.2
      vertex 9.43968 -5.45 7
    endloop
  endfacet
  facet normal -0.923896 0.382643 0
    outer loop
      vertex 9.87875 -4.60654 2.2
      vertex 10.2426 -3.72802 7
      vertex 10.2426 -3.72802 2.2
    endloop
  endfacet
  facet normal -0.923896 0.382643 0
    outer loop
      vertex 10.2426 -3.72802 7
      vertex 9.87875 -4.60654 2.2
      vertex 9.87875 -4.60654 7
    endloop
  endfacet
  facet normal -0.342026 -0.939691 0
    outer loop
      vertex -10.2426 3.72802 2.2
      vertex -7.79945 2.83877 1.15
      vertex -7.79945 2.83877 2.2
    endloop
  endfacet
  facet normal -0.342029 -0.93969 0
    outer loop
      vertex -8.69999 3.16654 0
      vertex -10.2426 3.72802 2.2
      vertex -10.2426 3.72802 0
    endloop
  endfacet
  facet normal -0.342024 -0.939691 3.48319e-06
    outer loop
      vertex -10.2426 3.72802 2.2
      vertex -8.69999 3.16654 0
      vertex -7.79945 2.83877 1.15
    endloop
  endfacet
  facet normal -0.342026 0.939691 0
    outer loop
      vertex -7.79945 -2.83877 1.15
      vertex -10.2426 -3.72802 7
      vertex -7.79945 -2.83877 7
    endloop
  endfacet
  facet normal -0.342029 0.93969 7.37317e-06
    outer loop
      vertex -10.2426 -3.72802 0
      vertex -7.79945 -2.83877 1.15
      vertex -8.69999 -3.16654 0
    endloop
  endfacet
  facet normal -0.342026 0.939691 0
    outer loop
      vertex -7.79945 -2.83877 1.15
      vertex -10.2426 -3.72802 0
      vertex -10.2426 -3.72802 7
    endloop
  endfacet
  facet normal 0.953699 -0.300762 0
    outer loop
      vertex -10.5286 2.82113 7
      vertex -10.2426 3.72802 2.2
      vertex -10.2426 3.72802 7
    endloop
  endfacet
  facet normal 0.953699 -0.300762 0
    outer loop
      vertex -10.5286 2.82113 0
      vertex -10.2426 3.72802 2.2
      vertex -10.5286 2.82113 7
    endloop
  endfacet
  facet normal 0.953699 -0.300762 0
    outer loop
      vertex -10.2426 3.72802 2.2
      vertex -10.5286 2.82113 0
      vertex -10.2426 3.72802 0
    endloop
  endfacet
  facet normal 0 0 -1
    outer loop
      vertex -6.79896 4.76068 7
      vertex -8.92876 6.25198 7
      vertex -8.34988 7.00638 7
    endloop
  endfacet
  facet normal 0 0 -1
    outer loop
      vertex -10.9 0 7
      vertex -8.3 0 7
      vertex -8.26842 -0.723392 7
    endloop
  endfacet
  facet normal 0 0 -1
    outer loop
      vertex -8.26842 0.723392 7
      vertex -9.43968 5.45 7
      vertex -8.92876 6.25198 7
    endloop
  endfacet
  facet normal 0 0 -1
    outer loop
      vertex -10.8585 -0.949997 7
      vertex -8.26842 -0.723392 7
      vertex -8.1739 -1.44128 7
    endloop
  endfacet
  facet normal 0 0 -1
    outer loop
      vertex -8.26842 0.723392 7
      vertex -9.87875 4.60654 7
      vertex -9.43968 5.45 7
    endloop
  endfacet
  facet normal 0 0 -1
    outer loop
      vertex -10.7344 -1.89277 7
      vertex -8.1739 -1.44128 7
      vertex -8.01718 -2.1482 7
    endloop
  endfacet
  facet normal 0 0 -1
    outer loop
      vertex -10.2426 -3.72802 7
      vertex -8.01718 -2.1482 7
      vertex -7.79945 -2.83877 7
    endloop
  endfacet
  facet normal 0 0 -1
    outer loop
      vertex -10.5286 -2.82113 7
      vertex -8.01718 -2.1482 7
      vertex -10.2426 -3.72802 7
    endloop
  endfacet
  facet normal 0 0 -1
    outer loop
      vertex -8.26842 0.723392 7
      vertex -10.2426 3.72802 7
      vertex -9.87875 4.60654 7
    endloop
  endfacet
  facet normal 0 0 -1
    outer loop
      vertex -10.7344 -1.89277 7
      vertex -8.01718 -2.1482 7
      vertex -10.5286 -2.82113 7
    endloop
  endfacet
  facet normal 0 0 -1
    outer loop
      vertex -8.26842 0.723392 7
      vertex -10.5286 2.82113 7
      vertex -10.2426 3.72802 7
    endloop
  endfacet
  facet normal -0 0 -1
    outer loop
      vertex -8.1739 -1.44128 7
      vertex -10.7344 -1.89277 7
      vertex -10.8585 -0.949997 7
    endloop
  endfacet
  facet normal 0 0 -1
    outer loop
      vertex -8.26842 0.723392 7
      vertex -10.7344 1.89277 7
      vertex -10.5286 2.82113 7
    endloop
  endfacet
  facet normal -0 0 -1
    outer loop
      vertex -8.26842 -0.723392 7
      vertex -10.8585 -0.949997 7
      vertex -10.9 0 7
    endloop
  endfacet
  facet normal 0 0 -1
    outer loop
      vertex -8.26842 0.723392 7
      vertex -10.8585 0.949997 7
      vertex -10.7344 1.89277 7
    endloop
  endfacet
  facet normal 0 0 -1
    outer loop
      vertex -8.3 0 7
      vertex -10.9 0 7
      vertex -10.8585 0.949997 7
    endloop
  endfacet
  facet normal 0 0 -1
    outer loop
      vertex -2.83877 7.79945 7
      vertex -2.82113 10.5286 7
      vertex -2.1482 8.01718 7
    endloop
  endfacet
  facet normal 0 0 -1
    outer loop
      vertex -3.72802 10.2426 7
      vertex -2.83877 7.79945 7
      vertex -3.50773 7.52235 7
    endloop
  endfacet
  facet normal 0 0 -1
    outer loop
      vertex -2.83877 7.79945 7
      vertex -3.72802 10.2426 7
      vertex -2.82113 10.5286 7
    endloop
  endfacet
  facet normal 0 0 -1
    outer loop
      vertex -4.60654 9.87875 7
      vertex -3.50773 7.52235 7
      vertex -4.15 7.18801 7
    endloop
  endfacet
  facet normal 0 0 -1
    outer loop
      vertex -3.50773 7.52235 7
      vertex -4.60654 9.87875 7
      vertex -3.72802 10.2426 7
    endloop
  endfacet
  facet normal 0 0 -1
    outer loop
      vertex -5.45 9.43968 7
      vertex -4.15 7.18801 7
      vertex -4.76068 6.79896 7
    endloop
  endfacet
  facet normal 0 0 -1
    outer loop
      vertex -6.25198 8.92876 7
      vertex -4.76068 6.79896 7
      vertex -5.33514 6.35817 7
    endloop
  endfacet
  facet normal 0 0 -1
    outer loop
      vertex -4.15 7.18801 7
      vertex -5.45 9.43968 7
      vertex -4.60654 9.87875 7
    endloop
  endfacet
  facet normal 0 0 -1
    outer loop
      vertex -7.00638 8.34988 7
      vertex -5.33514 6.35817 7
      vertex -5.86899 5.86899 7
    endloop
  endfacet
  facet normal 0 0 -1
    outer loop
      vertex -4.76068 6.79896 7
      vertex -6.25198 8.92876 7
      vertex -5.45 9.43968 7
    endloop
  endfacet
  facet normal 0 0 -1
    outer loop
      vertex -7.70746 7.70746 7
      vertex -5.86899 5.86899 7
      vertex -6.35817 5.33514 7
    endloop
  endfacet
  facet normal 0 0 -1
    outer loop
      vertex -8.34988 7.00638 7
      vertex -6.35817 5.33514 7
      vertex -6.79896 4.76068 7
    endloop
  endfacet
  facet normal 0 0 -1
    outer loop
      vertex -5.33514 6.35817 7
      vertex -7.00638 8.34988 7
      vertex -6.25198 8.92876 7
    endloop
  endfacet
  facet normal 0 0 -1
    outer loop
      vertex -8.92876 6.25198 7
      vertex -6.79896 4.76068 7
      vertex -7.18801 4.15 7
    endloop
  endfacet
  facet normal 0 0 -1
    outer loop
      vertex -8.92876 6.25198 7
      vertex -7.18801 4.15 7
      vertex -7.52235 3.50773 7
    endloop
  endfacet
  facet normal 0 0 -1
    outer loop
      vertex -5.86899 5.86899 7
      vertex -7.70746 7.70746 7
      vertex -7.00638 8.34988 7
    endloop
  endfacet
  facet normal 0 0 -1
    outer loop
      vertex -8.92876 6.25198 7
      vertex -7.52235 3.50773 7
      vertex -7.79945 2.83877 7
    endloop
  endfacet
  facet normal 0 0 -1
    outer loop
      vertex -8.92876 6.25198 7
      vertex -7.79945 2.83877 7
      vertex -8.01718 2.1482 7
    endloop
  endfacet
  facet normal 0 0 -1
    outer loop
      vertex -8.92876 6.25198 7
      vertex -8.01718 2.1482 7
      vertex -8.1739 1.44128 7
    endloop
  endfacet
  facet normal 0 0 -1
    outer loop
      vertex -8.92876 6.25198 7
      vertex -8.1739 1.44128 7
      vertex -8.26842 0.723392 7
    endloop
  endfacet
  facet normal 0 0 -1
    outer loop
      vertex -6.35817 5.33514 7
      vertex -8.34988 7.00638 7
      vertex -7.70746 7.70746 7
    endloop
  endfacet
  facet normal 0 0 -1
    outer loop
      vertex -10.8585 0.949997 7
      vertex -8.26842 0.723392 7
      vertex -8.3 0 7
    endloop
  endfacet
  facet normal 0.976299 -0.216427 0
    outer loop
      vertex -10.7344 1.89277 7
      vertex -10.5286 2.82113 0
      vertex -10.5286 2.82113 7
    endloop
  endfacet
  facet normal 0.976299 -0.216427 0
    outer loop
      vertex -10.5286 2.82113 0
      vertex -10.7344 1.89277 7
      vertex -10.7344 1.89277 0
    endloop
  endfacet
  facet normal 0.991447 -0.130507 0
    outer loop
      vertex -10.8585 0.949997 7
      vertex -10.7344 1.89277 0
      vertex -10.7344 1.89277 7
    endloop
  endfacet
  facet normal 0.991447 -0.130507 0
    outer loop
      vertex -10.7344 1.89277 0
      vertex -10.8585 0.949997 7
      vertex -10.8585 0.949997 0
    endloop
  endfacet
  facet normal 0.999047 -0.0436427 0
    outer loop
      vertex -10.9 0 7
      vertex -10.8585 0.949997 0
      vertex -10.8585 0.949997 7
    endloop
  endfacet
  facet normal 0.999047 -0.0436427 0
    outer loop
      vertex -10.8585 0.949997 0
      vertex -10.9 0 7
      vertex -10.9 0 0
    endloop
  endfacet
  facet normal 0.999047 0.0436427 0
    outer loop
      vertex -10.8585 -0.949997 7
      vertex -10.9 0 0
      vertex -10.9 0 7
    endloop
  endfacet
  facet normal 0.999047 0.0436427 0
    outer loop
      vertex -10.9 0 0
      vertex -10.8585 -0.949997 7
      vertex -10.8585 -0.949997 0
    endloop
  endfacet
  facet normal 0.991447 0.130507 0
    outer loop
      vertex -10.7344 -1.89277 7
      vertex -10.8585 -0.949997 0
      vertex -10.8585 -0.949997 7
    endloop
  endfacet
  facet normal 0.991447 0.130507 0
    outer loop
      vertex -10.8585 -0.949997 0
      vertex -10.7344 -1.89277 7
      vertex -10.7344 -1.89277 0
    endloop
  endfacet
  facet normal 0.976299 0.216427 0
    outer loop
      vertex -10.5286 -2.82113 7
      vertex -10.7344 -1.89277 0
      vertex -10.7344 -1.89277 7
    endloop
  endfacet
  facet normal 0.976299 0.216427 0
    outer loop
      vertex -10.7344 -1.89277 0
      vertex -10.5286 -2.82113 7
      vertex -10.5286 -2.82113 0
    endloop
  endfacet
  facet normal 0.953699 0.300762 0
    outer loop
      vertex -10.2426 -3.72802 7
      vertex -10.5286 -2.82113 0
      vertex -10.5286 -2.82113 7
    endloop
  endfacet
  facet normal 0.953699 0.300762 0
    outer loop
      vertex -10.5286 -2.82113 0
      vertex -10.2426 -3.72802 7
      vertex -10.2426 -3.72802 0
    endloop
  endfacet
  facet normal -0.965926 -0.258818 0
    outer loop
      vertex -2.1482 8.01718 2.2
      vertex -2.82113 10.5286 7
      vertex -2.82113 10.5286 2.2
    endloop
  endfacet
  facet normal -0.965926 -0.258818 0
    outer loop
      vertex -2.82113 10.5286 7
      vertex -2.1482 8.01718 2.2
      vertex -2.1482 8.01718 7
    endloop
  endfacet
  facet normal 0 0 1
    outer loop
      vertex -2.82113 10.5286 2.2
      vertex -2.83877 7.79945 2.2
      vertex -2.1482 8.01718 2.2
    endloop
  endfacet
  facet normal -0 0 1
    outer loop
      vertex -3.72802 10.2426 2.2
      vertex -2.83877 7.79945 2.2
      vertex -2.82113 10.5286 2.2
    endloop
  endfacet
  facet normal 0 0 1
    outer loop
      vertex -2.83877 7.79945 2.2
      vertex -3.72802 10.2426 2.2
      vertex -3.50773 7.52235 2.2
    endloop
  endfacet
  facet normal -0 0 1
    outer loop
      vertex -4.60654 9.87875 2.2
      vertex -3.50773 7.52235 2.2
      vertex -3.72802 10.2426 2.2
    endloop
  endfacet
  facet normal 0 0 1
    outer loop
      vertex -3.50773 7.52235 2.2
      vertex -4.60654 9.87875 2.2
      vertex -4.15 7.18801 2.2
    endloop
  endfacet
  facet normal -0 0 1
    outer loop
      vertex -5.45 9.43968 2.2
      vertex -4.15 7.18801 2.2
      vertex -4.60654 9.87875 2.2
    endloop
  endfacet
  facet normal 0 0 1
    outer loop
      vertex -4.15 7.18801 2.2
      vertex -5.45 9.43968 2.2
      vertex -4.76068 6.79896 2.2
    endloop
  endfacet
  facet normal -0 0 1
    outer loop
      vertex -6.25198 8.92876 2.2
      vertex -4.76068 6.79896 2.2
      vertex -5.45 9.43968 2.2
    endloop
  endfacet
  facet normal 0 0 1
    outer loop
      vertex -4.76068 6.79896 2.2
      vertex -6.25198 8.92876 2.2
      vertex -5.33514 6.35817 2.2
    endloop
  endfacet
  facet normal -0 0 1
    outer loop
      vertex -7.00638 8.34988 2.2
      vertex -5.33514 6.35817 2.2
      vertex -6.25198 8.92876 2.2
    endloop
  endfacet
  facet normal 0 0 1
    outer loop
      vertex -5.33514 6.35817 2.2
      vertex -7.00638 8.34988 2.2
      vertex -5.86899 5.86899 2.2
    endloop
  endfacet
  facet normal -0 0 1
    outer loop
      vertex -7.70746 7.70746 2.2
      vertex -5.86899 5.86899 2.2
      vertex -7.00638 8.34988 2.2
    endloop
  endfacet
  facet normal 0 0 1
    outer loop
      vertex -5.86899 5.86899 2.2
      vertex -7.70746 7.70746 2.2
      vertex -6.35817 5.33514 2.2
    endloop
  endfacet
  facet normal -0 0 1
    outer loop
      vertex -8.34988 7.00638 2.2
      vertex -6.35817 5.33514 2.2
      vertex -7.70746 7.70746 2.2
    endloop
  endfacet
  facet normal 0 0 1
    outer loop
      vertex -6.35817 5.33514 2.2
      vertex -8.34988 7.00638 2.2
      vertex -6.79896 4.76068 2.2
    endloop
  endfacet
  facet normal -0 0 1
    outer loop
      vertex -8.92876 6.25198 2.2
      vertex -6.79896 4.76068 2.2
      vertex -8.34988 7.00638 2.2
    endloop
  endfacet
  facet normal 0 0 1
    outer loop
      vertex -6.79896 4.76068 2.2
      vertex -8.92876 6.25198 2.2
      vertex -7.18801 4.15 2.2
    endloop
  endfacet
  facet normal -0 0 1
    outer loop
      vertex -9.43968 5.45 2.2
      vertex -7.18801 4.15 2.2
      vertex -8.92876 6.25198 2.2
    endloop
  endfacet
  facet normal 0 0 1
    outer loop
      vertex -7.18801 4.15 2.2
      vertex -9.43968 5.45 2.2
      vertex -7.52235 3.50773 2.2
    endloop
  endfacet
  facet normal -0 0 1
    outer loop
      vertex -9.87875 4.60654 2.2
      vertex -7.52235 3.50773 2.2
      vertex -9.43968 5.45 2.2
    endloop
  endfacet
  facet normal 0 0 1
    outer loop
      vertex -7.52235 3.50773 2.2
      vertex -9.87875 4.60654 2.2
      vertex -7.79945 2.83877 2.2
    endloop
  endfacet
  facet normal -0 0 1
    outer loop
      vertex -10.2426 3.72802 2.2
      vertex -7.79945 2.83877 2.2
      vertex -9.87875 4.60654 2.2
    endloop
  endfacet
  facet normal 0.300762 -0.953699 0
    outer loop
      vertex -3.72802 10.2426 2.2
      vertex -2.82113 10.5286 7
      vertex -3.72802 10.2426 7
    endloop
  endfacet
  facet normal 0.300762 -0.953699 0
    outer loop
      vertex -2.82113 10.5286 7
      vertex -3.72802 10.2426 2.2
      vertex -2.82113 10.5286 2.2
    endloop
  endfacet
  facet normal 0.382643 -0.923896 0
    outer loop
      vertex -4.60654 9.87875 2.2
      vertex -3.72802 10.2426 7
      vertex -4.60654 9.87875 7
    endloop
  endfacet
  facet normal 0.382643 -0.923896 0
    outer loop
      vertex -3.72802 10.2426 7
      vertex -4.60654 9.87875 2.2
      vertex -3.72802 10.2426 2.2
    endloop
  endfacet
  facet normal 0.461742 -0.887014 0
    outer loop
      vertex -5.45 9.43968 2.2
      vertex -4.60654 9.87875 7
      vertex -5.45 9.43968 7
    endloop
  endfacet
  facet normal 0.461742 -0.887014 0
    outer loop
      vertex -4.60654 9.87875 7
      vertex -5.45 9.43968 2.2
      vertex -4.60654 9.87875 2.2
    endloop
  endfacet
  facet normal 0.537301 -0.84339 0
    outer loop
      vertex -6.25198 8.92876 2.2
      vertex -5.45 9.43968 7
      vertex -6.25198 8.92876 7
    endloop
  endfacet
  facet normal 0.537301 -0.84339 0
    outer loop
      vertex -5.45 9.43968 7
      vertex -6.25198 8.92876 2.2
      vertex -5.45 9.43968 2.2
    endloop
  endfacet
  facet normal 0.608767 -0.793349 0
    outer loop
      vertex -7.00638 8.34988 2.2
      vertex -6.25198 8.92876 7
      vertex -7.00638 8.34988 7
    endloop
  endfacet
  facet normal 0.608767 -0.793349 0
    outer loop
      vertex -6.25198 8.92876 7
      vertex -7.00638 8.34988 2.2
      vertex -6.25198 8.92876 2.2
    endloop
  endfacet
  facet normal 0.675589 -0.737278 0
    outer loop
      vertex -7.70746 7.70746 2.2
      vertex -7.00638 8.34988 7
      vertex -7.70746 7.70746 7
    endloop
  endfacet
  facet normal 0.675589 -0.737278 0
    outer loop
      vertex -7.00638 8.34988 7
      vertex -7.70746 7.70746 2.2
      vertex -7.00638 8.34988 2.2
    endloop
  endfacet
  facet normal 0.737278 -0.675589 0
    outer loop
      vertex -8.34988 7.00638 7
      vertex -7.70746 7.70746 2.2
      vertex -7.70746 7.70746 7
    endloop
  endfacet
  facet normal 0.737278 -0.675589 0
    outer loop
      vertex -7.70746 7.70746 2.2
      vertex -8.34988 7.00638 7
      vertex -8.34988 7.00638 2.2
    endloop
  endfacet
  facet normal 0.793349 -0.608767 0
    outer loop
      vertex -8.92876 6.25198 7
      vertex -8.34988 7.00638 2.2
      vertex -8.34988 7.00638 7
    endloop
  endfacet
  facet normal 0.793349 -0.608767 0
    outer loop
      vertex -8.34988 7.00638 2.2
      vertex -8.92876 6.25198 7
      vertex -8.92876 6.25198 2.2
    endloop
  endfacet
  facet normal 0.84339 -0.537301 0
    outer loop
      vertex -9.43968 5.45 7
      vertex -8.92876 6.25198 2.2
      vertex -8.92876 6.25198 7
    endloop
  endfacet
  facet normal 0.84339 -0.537301 0
    outer loop
      vertex -8.92876 6.25198 2.2
      vertex -9.43968 5.45 7
      vertex -9.43968 5.45 2.2
    endloop
  endfacet
  facet normal 0.887014 -0.461742 0
    outer loop
      vertex -9.87875 4.60654 7
      vertex -9.43968 5.45 2.2
      vertex -9.43968 5.45 7
    endloop
  endfacet
  facet normal 0.887014 -0.461742 0
    outer loop
      vertex -9.43968 5.45 2.2
      vertex -9.87875 4.60654 7
      vertex -9.87875 4.60654 2.2
    endloop
  endfacet
  facet normal 0.923896 -0.382643 0
    outer loop
      vertex -10.2426 3.72802 7
      vertex -9.87875 4.60654 2.2
      vertex -9.87875 4.60654 7
    endloop
  endfacet
  facet normal 0.923896 -0.382643 0
    outer loop
      vertex -9.87875 4.60654 2.2
      vertex -10.2426 3.72802 7
      vertex -10.2426 3.72802 2.2
    endloop
  endfacet
  facet normal -0.991443 -0.130537 0
    outer loop
      vertex 8.26842 0.723392 7
      vertex 8.1739 1.44128 12
      vertex 8.1739 1.44128 7
    endloop
  endfacet
  facet normal -0.991443 -0.130537 0
    outer loop
      vertex 8.1739 1.44128 12
      vertex 8.26842 0.723392 7
      vertex 8.26842 0.723392 12
    endloop
  endfacet
  facet normal -0.999048 -0.0436139 0
    outer loop
      vertex 8.3 0 7
      vertex 8.26842 0.723392 12
      vertex 8.26842 0.723392 7
    endloop
  endfacet
  facet normal -0.999048 -0.0436139 0
    outer loop
      vertex 8.26842 0.723392 12
      vertex 8.3 0 7
      vertex 8.3 0 12
    endloop
  endfacet
  facet normal -0.976296 -0.216439 0
    outer loop
      vertex 8.1739 1.44128 7
      vertex 8.01718 2.1482 12
      vertex 8.01718 2.1482 7
    endloop
  endfacet
  facet normal -0.976296 -0.216439 0
    outer loop
      vertex 8.01718 2.1482 12
      vertex 8.1739 1.44128 7
      vertex 8.1739 1.44128 12
    endloop
  endfacet
  facet normal 0.0436139 -0.999048 0
    outer loop
      vertex -0.723392 8.26842 1.15
      vertex 0 8.3 12
      vertex -0.723392 8.26842 12
    endloop
  endfacet
  facet normal 0.0436139 -0.999048 0
    outer loop
      vertex 0 8.3 12
      vertex -0.723392 8.26842 1.15
      vertex 0 8.3 1.15
    endloop
  endfacet
  facet normal 0.130537 -0.991443 0
    outer loop
      vertex -1.44128 8.1739 1.15
      vertex -0.723392 8.26842 12
      vertex -1.44128 8.1739 12
    endloop
  endfacet
  facet normal 0.130537 -0.991443 0
    outer loop
      vertex -0.723392 8.26842 12
      vertex -1.44128 8.1739 1.15
      vertex -0.723392 8.26842 1.15
    endloop
  endfacet
  facet normal 0.0436139 0.999048 -0
    outer loop
      vertex 0 -8.3 1.15
      vertex -0.723392 -8.26842 12
      vertex 0 -8.3 12
    endloop
  endfacet
  facet normal 0.0436139 0.999048 0
    outer loop
      vertex -0.723392 -8.26842 12
      vertex 0 -8.3 1.15
      vertex -0.723392 -8.26842 1.15
    endloop
  endfacet
  facet normal -0.843389 -0.537303 0
    outer loop
      vertex 7.18801 4.15 1.15
      vertex 6.79896 4.76068 12
      vertex 6.79896 4.76068 1.15
    endloop
  endfacet
  facet normal -0.843389 -0.537303 0
    outer loop
      vertex 6.79896 4.76068 12
      vertex 7.18801 4.15 1.15
      vertex 7.18801 4.15 12
    endloop
  endfacet
  facet normal 0.608754 0.793359 -0
    outer loop
      vertex -4.76068 -6.79896 1.15
      vertex -5.33514 -6.35817 12
      vertex -4.76068 -6.79896 12
    endloop
  endfacet
  facet normal 0.608754 0.793359 0
    outer loop
      vertex -5.33514 -6.35817 12
      vertex -4.76068 -6.79896 1.15
      vertex -5.33514 -6.35817 1.15
    endloop
  endfacet
  facet normal -0.608754 -0.793359 0
    outer loop
      vertex 4.76068 6.79896 1.15
      vertex 5.33514 6.35817 12
      vertex 4.76068 6.79896 12
    endloop
  endfacet
  facet normal -0.608754 -0.793359 -0
    outer loop
      vertex 5.33514 6.35817 12
      vertex 4.76068 6.79896 1.15
      vertex 5.33514 6.35817 1.15
    endloop
  endfacet
  facet normal -0.976296 0.216439 0
    outer loop
      vertex 8.01718 -2.1482 7
      vertex 8.1739 -1.44128 12
      vertex 8.1739 -1.44128 7
    endloop
  endfacet
  facet normal -0.976296 0.216439 0
    outer loop
      vertex 8.1739 -1.44128 12
      vertex 8.01718 -2.1482 7
      vertex 8.01718 -2.1482 12
    endloop
  endfacet
  facet normal -0.999048 0.0436139 0
    outer loop
      vertex 8.26842 -0.723392 7
      vertex 8.3 0 12
      vertex 8.3 0 7
    endloop
  endfacet
  facet normal -0.999048 0.0436139 0
    outer loop
      vertex 8.3 0 12
      vertex 8.26842 -0.723392 7
      vertex 8.26842 -0.723392 12
    endloop
  endfacet
  facet normal 0.216439 -0.976296 0
    outer loop
      vertex -2.1482 8.01718 1.15
      vertex -1.44128 8.1739 12
      vertex -2.1482 8.01718 12
    endloop
  endfacet
  facet normal 0.216439 -0.976296 0
    outer loop
      vertex -1.44128 8.1739 12
      vertex -2.1482 8.01718 1.15
      vertex -1.44128 8.1739 1.15
    endloop
  endfacet
  facet normal -0.382693 -0.923876 0
    outer loop
      vertex 2.83877 7.79945 1.15
      vertex 3.50773 7.52235 12
      vertex 2.83877 7.79945 12
    endloop
  endfacet
  facet normal -0.382693 -0.923876 -0
    outer loop
      vertex 3.50773 7.52235 12
      vertex 2.83877 7.79945 1.15
      vertex 3.50773 7.52235 1.15
    endloop
  endfacet
  facet normal 0.300698 0.953719 -0
    outer loop
      vertex -2.1482 -8.01718 1.15
      vertex -2.83877 -7.79945 12
      vertex -2.1482 -8.01718 12
    endloop
  endfacet
  facet normal 0.300698 0.953719 0
    outer loop
      vertex -2.83877 -7.79945 12
      vertex -2.1482 -8.01718 1.15
      vertex -2.83877 -7.79945 1.15
    endloop
  endfacet
  facet normal 0.382693 -0.923876 0
    outer loop
      vertex -3.50773 7.52235 7
      vertex -2.83877 7.79945 12
      vertex -3.50773 7.52235 12
    endloop
  endfacet
  facet normal 0.382693 -0.923876 0
    outer loop
      vertex -2.83877 7.79945 12
      vertex -3.50773 7.52235 7
      vertex -2.83877 7.79945 7
    endloop
  endfacet
  facet normal 0.382693 -0.923876 0
    outer loop
      vertex -3.50773 7.52235 1.15
      vertex -2.83877 7.79945 2.2
      vertex -3.50773 7.52235 2.2
    endloop
  endfacet
  facet normal 0.382693 -0.923876 0
    outer loop
      vertex -2.83877 7.79945 2.2
      vertex -3.50773 7.52235 1.15
      vertex -2.83877 7.79945 1.15
    endloop
  endfacet
  facet normal 0.73728 0.675588 0
    outer loop
      vertex -5.86899 -5.86899 12
      vertex -6.35817 -5.33514 1.15
      vertex -6.35817 -5.33514 12
    endloop
  endfacet
  facet normal 0.73728 0.675588 0
    outer loop
      vertex -6.35817 -5.33514 1.15
      vertex -5.86899 -5.86899 12
      vertex -5.86899 -5.86899 1.15
    endloop
  endfacet
  facet normal -0.461744 0.887013 0
    outer loop
      vertex 4.15 -7.18801 7
      vertex 3.50773 -7.52235 12
      vertex 4.15 -7.18801 12
    endloop
  endfacet
  facet normal -0.461744 0.887013 0
    outer loop
      vertex 3.50773 -7.52235 12
      vertex 4.15 -7.18801 7
      vertex 3.50773 -7.52235 7
    endloop
  endfacet
  facet normal -0.461744 0.887013 0
    outer loop
      vertex 4.15 -7.18801 1.15
      vertex 3.50773 -7.52235 2.2
      vertex 4.15 -7.18801 2.2
    endloop
  endfacet
  facet normal -0.461744 0.887013 0
    outer loop
      vertex 3.50773 -7.52235 2.2
      vertex 4.15 -7.18801 1.15
      vertex 3.50773 -7.52235 1.15
    endloop
  endfacet
  facet normal -0.382693 0.923876 0
    outer loop
      vertex 3.50773 -7.52235 7
      vertex 2.83877 -7.79945 12
      vertex 3.50773 -7.52235 12
    endloop
  endfacet
  facet normal -0.382693 0.923876 0
    outer loop
      vertex 2.83877 -7.79945 12
      vertex 3.50773 -7.52235 7
      vertex 2.83877 -7.79945 7
    endloop
  endfacet
  facet normal -0.382693 0.923876 0
    outer loop
      vertex 3.50773 -7.52235 1.15
      vertex 2.83877 -7.79945 2.2
      vertex 3.50773 -7.52235 2.2
    endloop
  endfacet
  facet normal -0.382693 0.923876 0
    outer loop
      vertex 2.83877 -7.79945 2.2
      vertex 3.50773 -7.52235 1.15
      vertex 2.83877 -7.79945 1.15
    endloop
  endfacet
  facet normal -0.300698 0.953719 0
    outer loop
      vertex 2.83877 -7.79945 2.2
      vertex 2.83877 -7.79945 1.15
      vertex 2.1482 -8.01718 2.2
    endloop
  endfacet
  facet normal -0.300698 0.953719 0
    outer loop
      vertex 2.83877 -7.79945 7
      vertex 2.1482 -8.01718 12
      vertex 2.83877 -7.79945 12
    endloop
  endfacet
  facet normal -0.300698 0.953719 0
    outer loop
      vertex 2.1482 -8.01718 7
      vertex 2.1482 -8.01718 12
      vertex 2.83877 -7.79945 7
    endloop
  endfacet
  facet normal 0 0 0
    outer loop
      vertex 2.1482 -8.01718 2.2
      vertex 2.1482 -8.01718 12
      vertex 2.1482 -8.01718 7
    endloop
  endfacet
  facet normal 0 -0 0
    outer loop
      vertex 2.1482 -8.01718 2.2
      vertex 2.1482 -8.01718 1.15
      vertex 2.1482 -8.01718 12
    endloop
  endfacet
  facet normal -0.300698 0.953719 0
    outer loop
      vertex 2.1482 -8.01718 1.15
      vertex 2.1482 -8.01718 2.2
      vertex 2.83877 -7.79945 1.15
    endloop
  endfacet
  facet normal 0.999048 0.0436139 0
    outer loop
      vertex -8.26842 -0.723392 12
      vertex -8.3 0 7
      vertex -8.3 0 12
    endloop
  endfacet
  facet normal 0.999048 0.0436139 0
    outer loop
      vertex -8.3 0 7
      vertex -8.26842 -0.723392 12
      vertex -8.26842 -0.723392 7
    endloop
  endfacet
  facet normal 0.976296 -0.216439 0
    outer loop
      vertex -8.1739 1.44128 12
      vertex -8.01718 2.1482 7
      vertex -8.01718 2.1482 12
    endloop
  endfacet
  facet normal 0.976296 -0.216439 0
    outer loop
      vertex -8.01718 2.1482 7
      vertex -8.1739 1.44128 12
      vertex -8.1739 1.44128 7
    endloop
  endfacet
  facet normal 0.923876 -0.382693 0
    outer loop
      vertex -7.79945 2.83877 12
      vertex -7.52235 3.50773 7
      vertex -7.52235 3.50773 12
    endloop
  endfacet
  facet normal 0.923876 -0.382693 0
    outer loop
      vertex -7.52235 3.50773 7
      vertex -7.79945 2.83877 12
      vertex -7.79945 2.83877 7
    endloop
  endfacet
  facet normal 0.923876 -0.382693 0
    outer loop
      vertex -7.79945 2.83877 2.2
      vertex -7.52235 3.50773 1.15
      vertex -7.52235 3.50773 2.2
    endloop
  endfacet
  facet normal 0.923876 -0.382693 0
    outer loop
      vertex -7.52235 3.50773 1.15
      vertex -7.79945 2.83877 2.2
      vertex -7.79945 2.83877 1.15
    endloop
  endfacet
  facet normal -0.608754 0.793359 0
    outer loop
      vertex 5.33514 -6.35817 7
      vertex 4.76068 -6.79896 12
      vertex 5.33514 -6.35817 12
    endloop
  endfacet
  facet normal -0.608754 0.793359 0
    outer loop
      vertex 4.76068 -6.79896 12
      vertex 5.33514 -6.35817 7
      vertex 4.76068 -6.79896 7
    endloop
  endfacet
  facet normal -0.608754 0.793359 0
    outer loop
      vertex 5.33514 -6.35817 1.15
      vertex 4.76068 -6.79896 2.2
      vertex 5.33514 -6.35817 2.2
    endloop
  endfacet
  facet normal -0.608754 0.793359 0
    outer loop
      vertex 4.76068 -6.79896 2.2
      vertex 5.33514 -6.35817 1.15
      vertex 4.76068 -6.79896 1.15
    endloop
  endfacet
  facet normal -0.216439 0.976296 0
    outer loop
      vertex 2.1482 -8.01718 1.15
      vertex 1.44128 -8.1739 12
      vertex 2.1482 -8.01718 12
    endloop
  endfacet
  facet normal -0.216439 0.976296 0
    outer loop
      vertex 1.44128 -8.1739 12
      vertex 2.1482 -8.01718 1.15
      vertex 1.44128 -8.1739 1.15
    endloop
  endfacet
  facet normal -0.675588 0.73728 0
    outer loop
      vertex 5.86899 -5.86899 7
      vertex 5.33514 -6.35817 12
      vertex 5.86899 -5.86899 12
    endloop
  endfacet
  facet normal -0.675588 0.73728 0
    outer loop
      vertex 5.33514 -6.35817 12
      vertex 5.86899 -5.86899 7
      vertex 5.33514 -6.35817 7
    endloop
  endfacet
  facet normal -0.675588 0.73728 0
    outer loop
      vertex 5.86899 -5.86899 1.15
      vertex 5.33514 -6.35817 2.2
      vertex 5.86899 -5.86899 2.2
    endloop
  endfacet
  facet normal -0.675588 0.73728 0
    outer loop
      vertex 5.33514 -6.35817 2.2
      vertex 5.86899 -5.86899 1.15
      vertex 5.33514 -6.35817 1.15
    endloop
  endfacet
  facet normal 0.461744 -0.887013 0
    outer loop
      vertex -4.15 7.18801 7
      vertex -3.50773 7.52235 12
      vertex -4.15 7.18801 12
    endloop
  endfacet
  facet normal 0.461744 -0.887013 0
    outer loop
      vertex -3.50773 7.52235 12
      vertex -4.15 7.18801 7
      vertex -3.50773 7.52235 7
    endloop
  endfacet
  facet normal 0.461744 -0.887013 0
    outer loop
      vertex -4.15 7.18801 1.15
      vertex -3.50773 7.52235 2.2
      vertex -4.15 7.18801 2.2
    endloop
  endfacet
  facet normal 0.461744 -0.887013 0
    outer loop
      vertex -3.50773 7.52235 2.2
      vertex -4.15 7.18801 1.15
      vertex -3.50773 7.52235 1.15
    endloop
  endfacet
  facet normal -0.300698 -0.953719 0
    outer loop
      vertex 2.1482 8.01718 1.15
      vertex 2.83877 7.79945 12
      vertex 2.1482 8.01718 12
    endloop
  endfacet
  facet normal -0.300698 -0.953719 -0
    outer loop
      vertex 2.83877 7.79945 12
      vertex 2.1482 8.01718 1.15
      vertex 2.83877 7.79945 1.15
    endloop
  endfacet
  facet normal -0.537303 -0.843389 0
    outer loop
      vertex 4.15 7.18801 1.15
      vertex 4.76068 6.79896 12
      vertex 4.15 7.18801 12
    endloop
  endfacet
  facet normal -0.537303 -0.843389 -0
    outer loop
      vertex 4.76068 6.79896 12
      vertex 4.15 7.18801 1.15
      vertex 4.76068 6.79896 1.15
    endloop
  endfacet
  facet normal 0.73728 -0.675588 0
    outer loop
      vertex -6.35817 5.33514 12
      vertex -5.86899 5.86899 7
      vertex -5.86899 5.86899 12
    endloop
  endfacet
  facet normal 0.73728 -0.675588 0
    outer loop
      vertex -5.86899 5.86899 7
      vertex -6.35817 5.33514 12
      vertex -6.35817 5.33514 7
    endloop
  endfacet
  facet normal 0.73728 -0.675588 0
    outer loop
      vertex -6.35817 5.33514 2.2
      vertex -5.86899 5.86899 1.15
      vertex -5.86899 5.86899 2.2
    endloop
  endfacet
  facet normal 0.73728 -0.675588 0
    outer loop
      vertex -5.86899 5.86899 1.15
      vertex -6.35817 5.33514 2.2
      vertex -6.35817 5.33514 1.15
    endloop
  endfacet
  facet normal 0.300698 -0.953719 0
    outer loop
      vertex -2.83877 7.79945 2.2
      vertex -2.83877 7.79945 1.15
      vertex -2.1482 8.01718 2.2
    endloop
  endfacet
  facet normal 0.300698 -0.953719 0
    outer loop
      vertex -2.83877 7.79945 7
      vertex -2.1482 8.01718 12
      vertex -2.83877 7.79945 12
    endloop
  endfacet
  facet normal 0.300698 -0.953719 0
    outer loop
      vertex -2.1482 8.01718 7
      vertex -2.1482 8.01718 12
      vertex -2.83877 7.79945 7
    endloop
  endfacet
  facet normal 0 0 0
    outer loop
      vertex -2.1482 8.01718 2.2
      vertex -2.1482 8.01718 12
      vertex -2.1482 8.01718 7
    endloop
  endfacet
  facet normal 0 -0 0
    outer loop
      vertex -2.1482 8.01718 2.2
      vertex -2.1482 8.01718 1.15
      vertex -2.1482 8.01718 12
    endloop
  endfacet
  facet normal 0.300698 -0.953719 0
    outer loop
      vertex -2.1482 8.01718 1.15
      vertex -2.1482 8.01718 2.2
      vertex -2.83877 7.79945 1.15
    endloop
  endfacet
  facet normal 0.537303 0.843389 -0
    outer loop
      vertex -4.15 -7.18801 1.15
      vertex -4.76068 -6.79896 12
      vertex -4.15 -7.18801 12
    endloop
  endfacet
  facet normal 0.537303 0.843389 0
    outer loop
      vertex -4.76068 -6.79896 12
      vertex -4.15 -7.18801 1.15
      vertex -4.76068 -6.79896 1.15
    endloop
  endfacet
  facet normal -0.923876 -0.382693 0
    outer loop
      vertex 7.79945 2.83877 1.15
      vertex 7.52235 3.50773 12
      vertex 7.52235 3.50773 1.15
    endloop
  endfacet
  facet normal -0.923876 -0.382693 0
    outer loop
      vertex 7.52235 3.50773 12
      vertex 7.79945 2.83877 1.15
      vertex 7.79945 2.83877 12
    endloop
  endfacet
  facet normal 0.953719 0.300698 0
    outer loop
      vertex -8.01718 -2.1482 12
      vertex -7.79945 -2.83877 7
      vertex -8.01718 -2.1482 7
    endloop
  endfacet
  facet normal 0.953719 0.300698 0
    outer loop
      vertex -7.79945 -2.83877 12
      vertex -7.79945 -2.83877 7
      vertex -8.01718 -2.1482 12
    endloop
  endfacet
  facet normal 0 0 0
    outer loop
      vertex -7.79945 -2.83877 1.15
      vertex -7.79945 -2.83877 7
      vertex -7.79945 -2.83877 12
    endloop
  endfacet
  facet normal 0.382693 0.923876 -0
    outer loop
      vertex -2.83877 -7.79945 1.15
      vertex -3.50773 -7.52235 12
      vertex -2.83877 -7.79945 12
    endloop
  endfacet
  facet normal 0.382693 0.923876 0
    outer loop
      vertex -3.50773 -7.52235 12
      vertex -2.83877 -7.79945 1.15
      vertex -3.50773 -7.52235 1.15
    endloop
  endfacet
  facet normal -0.0436139 -0.999048 0
    outer loop
      vertex 0 8.3 1.15
      vertex 0.723392 8.26842 12
      vertex 0 8.3 12
    endloop
  endfacet
  facet normal -0.0436139 -0.999048 -0
    outer loop
      vertex 0.723392 8.26842 12
      vertex 0 8.3 1.15
      vertex 0.723392 8.26842 1.15
    endloop
  endfacet
  facet normal -0.793359 0.608754 0
    outer loop
      vertex 6.35817 -5.33514 7
      vertex 6.79896 -4.76068 12
      vertex 6.79896 -4.76068 7
    endloop
  endfacet
  facet normal -0.793359 0.608754 0
    outer loop
      vertex 6.79896 -4.76068 12
      vertex 6.35817 -5.33514 7
      vertex 6.35817 -5.33514 12
    endloop
  endfacet
  facet normal -0.793359 0.608754 0
    outer loop
      vertex 6.35817 -5.33514 1.15
      vertex 6.79896 -4.76068 2.2
      vertex 6.79896 -4.76068 1.15
    endloop
  endfacet
  facet normal -0.793359 0.608754 0
    outer loop
      vertex 6.79896 -4.76068 2.2
      vertex 6.35817 -5.33514 1.15
      vertex 6.35817 -5.33514 2.2
    endloop
  endfacet
  facet normal 0 0 0
    outer loop
      vertex 7.79945 2.83877 1.15
      vertex 7.79945 2.83877 7
      vertex 7.79945 2.83877 12
    endloop
  endfacet
  facet normal -0.953719 -0.300698 0
    outer loop
      vertex 8.01718 2.1482 7
      vertex 7.79945 2.83877 12
      vertex 7.79945 2.83877 7
    endloop
  endfacet
  facet normal -0.953719 -0.300698 0
    outer loop
      vertex 7.79945 2.83877 12
      vertex 8.01718 2.1482 7
      vertex 8.01718 2.1482 12
    endloop
  endfacet
  facet normal -0.675588 -0.73728 0
    outer loop
      vertex 5.33514 6.35817 1.15
      vertex 5.86899 5.86899 12
      vertex 5.33514 6.35817 12
    endloop
  endfacet
  facet normal -0.675588 -0.73728 -0
    outer loop
      vertex 5.86899 5.86899 12
      vertex 5.33514 6.35817 1.15
      vertex 5.86899 5.86899 1.15
    endloop
  endfacet
  facet normal -0.73728 -0.675588 0
    outer loop
      vertex 6.35817 5.33514 1.15
      vertex 5.86899 5.86899 12
      vertex 5.86899 5.86899 1.15
    endloop
  endfacet
  facet normal -0.73728 -0.675588 0
    outer loop
      vertex 5.86899 5.86899 12
      vertex 6.35817 5.33514 1.15
      vertex 6.35817 5.33514 12
    endloop
  endfacet
  facet normal 0.976296 0.216439 0
    outer loop
      vertex -8.01718 -2.1482 12
      vertex -8.1739 -1.44128 7
      vertex -8.1739 -1.44128 12
    endloop
  endfacet
  facet normal 0.976296 0.216439 0
    outer loop
      vertex -8.1739 -1.44128 7
      vertex -8.01718 -2.1482 12
      vertex -8.01718 -2.1482 7
    endloop
  endfacet
  facet normal 0.887013 -0.461744 0
    outer loop
      vertex -7.52235 3.50773 12
      vertex -7.18801 4.15 7
      vertex -7.18801 4.15 12
    endloop
  endfacet
  facet normal 0.887013 -0.461744 0
    outer loop
      vertex -7.18801 4.15 7
      vertex -7.52235 3.50773 12
      vertex -7.52235 3.50773 7
    endloop
  endfacet
  facet normal 0.887013 -0.461744 0
    outer loop
      vertex -7.52235 3.50773 2.2
      vertex -7.18801 4.15 1.15
      vertex -7.18801 4.15 2.2
    endloop
  endfacet
  facet normal 0.887013 -0.461744 0
    outer loop
      vertex -7.18801 4.15 1.15
      vertex -7.52235 3.50773 2.2
      vertex -7.52235 3.50773 1.15
    endloop
  endfacet
  facet normal 0.887013 0.461744 0
    outer loop
      vertex -7.18801 -4.15 12
      vertex -7.52235 -3.50773 1.15
      vertex -7.52235 -3.50773 12
    endloop
  endfacet
  facet normal 0.887013 0.461744 0
    outer loop
      vertex -7.52235 -3.50773 1.15
      vertex -7.18801 -4.15 12
      vertex -7.18801 -4.15 1.15
    endloop
  endfacet
  facet normal 0.793359 0.608754 0
    outer loop
      vertex -6.35817 -5.33514 12
      vertex -6.79896 -4.76068 1.15
      vertex -6.79896 -4.76068 12
    endloop
  endfacet
  facet normal 0.793359 0.608754 0
    outer loop
      vertex -6.79896 -4.76068 1.15
      vertex -6.35817 -5.33514 12
      vertex -6.35817 -5.33514 1.15
    endloop
  endfacet
  facet normal -0.991443 0.130537 0
    outer loop
      vertex 8.1739 -1.44128 7
      vertex 8.26842 -0.723392 12
      vertex 8.26842 -0.723392 7
    endloop
  endfacet
  facet normal -0.991443 0.130537 0
    outer loop
      vertex 8.26842 -0.723392 12
      vertex 8.1739 -1.44128 7
      vertex 8.1739 -1.44128 12
    endloop
  endfacet
  facet normal -0.73728 0.675588 0
    outer loop
      vertex 5.86899 -5.86899 7
      vertex 6.35817 -5.33514 12
      vertex 6.35817 -5.33514 7
    endloop
  endfacet
  facet normal -0.73728 0.675588 0
    outer loop
      vertex 6.35817 -5.33514 12
      vertex 5.86899 -5.86899 7
      vertex 5.86899 -5.86899 12
    endloop
  endfacet
  facet normal -0.73728 0.675588 0
    outer loop
      vertex 5.86899 -5.86899 1.15
      vertex 6.35817 -5.33514 2.2
      vertex 6.35817 -5.33514 1.15
    endloop
  endfacet
  facet normal -0.73728 0.675588 0
    outer loop
      vertex 6.35817 -5.33514 2.2
      vertex 5.86899 -5.86899 1.15
      vertex 5.86899 -5.86899 2.2
    endloop
  endfacet
  facet normal 0.953719 -0.300698 0
    outer loop
      vertex -8.01718 2.1482 12
      vertex -7.79945 2.83877 7
      vertex -7.79945 2.83877 12
    endloop
  endfacet
  facet normal 0.953719 -0.300698 0
    outer loop
      vertex -7.79945 2.83877 7
      vertex -8.01718 2.1482 12
      vertex -8.01718 2.1482 7
    endloop
  endfacet
  facet normal -0.887013 -0.461744 0
    outer loop
      vertex 7.52235 3.50773 1.15
      vertex 7.18801 4.15 12
      vertex 7.18801 4.15 1.15
    endloop
  endfacet
  facet normal -0.887013 -0.461744 0
    outer loop
      vertex 7.18801 4.15 12
      vertex 7.52235 3.50773 1.15
      vertex 7.52235 3.50773 12
    endloop
  endfacet
  facet normal -0.130537 -0.991443 0
    outer loop
      vertex 0.723392 8.26842 1.15
      vertex 1.44128 8.1739 12
      vertex 0.723392 8.26842 12
    endloop
  endfacet
  facet normal -0.130537 -0.991443 -0
    outer loop
      vertex 1.44128 8.1739 12
      vertex 0.723392 8.26842 1.15
      vertex 1.44128 8.1739 1.15
    endloop
  endfacet
  facet normal 0.216439 0.976296 -0
    outer loop
      vertex -1.44128 -8.1739 1.15
      vertex -2.1482 -8.01718 12
      vertex -1.44128 -8.1739 12
    endloop
  endfacet
  facet normal 0.216439 0.976296 0
    outer loop
      vertex -2.1482 -8.01718 12
      vertex -1.44128 -8.1739 1.15
      vertex -2.1482 -8.01718 1.15
    endloop
  endfacet
  facet normal 0.991443 0.130537 0
    outer loop
      vertex -8.1739 -1.44128 12
      vertex -8.26842 -0.723392 7
      vertex -8.26842 -0.723392 12
    endloop
  endfacet
  facet normal 0.991443 0.130537 0
    outer loop
      vertex -8.26842 -0.723392 7
      vertex -8.1739 -1.44128 12
      vertex -8.1739 -1.44128 7
    endloop
  endfacet
  facet normal 0.843389 0.537303 0
    outer loop
      vertex -6.79896 -4.76068 12
      vertex -7.18801 -4.15 1.15
      vertex -7.18801 -4.15 12
    endloop
  endfacet
  facet normal 0.843389 0.537303 0
    outer loop
      vertex -7.18801 -4.15 1.15
      vertex -6.79896 -4.76068 12
      vertex -6.79896 -4.76068 1.15
    endloop
  endfacet
  facet normal 0.608754 -0.793359 0
    outer loop
      vertex -5.33514 6.35817 7
      vertex -4.76068 6.79896 12
      vertex -5.33514 6.35817 12
    endloop
  endfacet
  facet normal 0.608754 -0.793359 0
    outer loop
      vertex -4.76068 6.79896 12
      vertex -5.33514 6.35817 7
      vertex -4.76068 6.79896 7
    endloop
  endfacet
  facet normal 0.608754 -0.793359 0
    outer loop
      vertex -5.33514 6.35817 1.15
      vertex -4.76068 6.79896 2.2
      vertex -5.33514 6.35817 2.2
    endloop
  endfacet
  facet normal 0.608754 -0.793359 0
    outer loop
      vertex -4.76068 6.79896 2.2
      vertex -5.33514 6.35817 1.15
      vertex -4.76068 6.79896 1.15
    endloop
  endfacet
  facet normal 0.130537 0.991443 -0
    outer loop
      vertex -0.723392 -8.26842 1.15
      vertex -1.44128 -8.1739 12
      vertex -0.723392 -8.26842 12
    endloop
  endfacet
  facet normal 0.130537 0.991443 0
    outer loop
      vertex -1.44128 -8.1739 12
      vertex -0.723392 -8.26842 1.15
      vertex -1.44128 -8.1739 1.15
    endloop
  endfacet
  facet normal 0.675588 -0.73728 0
    outer loop
      vertex -5.86899 5.86899 7
      vertex -5.33514 6.35817 12
      vertex -5.86899 5.86899 12
    endloop
  endfacet
  facet normal 0.675588 -0.73728 0
    outer loop
      vertex -5.33514 6.35817 12
      vertex -5.86899 5.86899 7
      vertex -5.33514 6.35817 7
    endloop
  endfacet
  facet normal 0.675588 -0.73728 0
    outer loop
      vertex -5.86899 5.86899 1.15
      vertex -5.33514 6.35817 2.2
      vertex -5.86899 5.86899 2.2
    endloop
  endfacet
  facet normal 0.675588 -0.73728 0
    outer loop
      vertex -5.33514 6.35817 2.2
      vertex -5.86899 5.86899 1.15
      vertex -5.33514 6.35817 1.15
    endloop
  endfacet
  facet normal 0.923876 0.382693 0
    outer loop
      vertex -7.52235 -3.50773 12
      vertex -7.79945 -2.83877 1.15
      vertex -7.79945 -2.83877 12
    endloop
  endfacet
  facet normal 0.923876 0.382693 0
    outer loop
      vertex -7.79945 -2.83877 1.15
      vertex -7.52235 -3.50773 12
      vertex -7.52235 -3.50773 1.15
    endloop
  endfacet
  facet normal -0.130537 0.991443 0
    outer loop
      vertex 1.44128 -8.1739 1.15
      vertex 0.723392 -8.26842 12
      vertex 1.44128 -8.1739 12
    endloop
  endfacet
  facet normal -0.130537 0.991443 0
    outer loop
      vertex 0.723392 -8.26842 12
      vertex 1.44128 -8.1739 1.15
      vertex 0.723392 -8.26842 1.15
    endloop
  endfacet
  facet normal 0.675588 0.73728 -0
    outer loop
      vertex -5.33514 -6.35817 1.15
      vertex -5.86899 -5.86899 12
      vertex -5.33514 -6.35817 12
    endloop
  endfacet
  facet normal 0.675588 0.73728 0
    outer loop
      vertex -5.86899 -5.86899 12
      vertex -5.33514 -6.35817 1.15
      vertex -5.86899 -5.86899 1.15
    endloop
  endfacet
  facet normal -0.0436139 0.999048 0
    outer loop
      vertex 0.723392 -8.26842 1.15
      vertex 0 -8.3 12
      vertex 0.723392 -8.26842 12
    endloop
  endfacet
  facet normal -0.0436139 0.999048 0
    outer loop
      vertex 0 -8.3 12
      vertex 0.723392 -8.26842 1.15
      vertex 0 -8.3 1.15
    endloop
  endfacet
  facet normal -0.953719 0.300698 0
    outer loop
      vertex 7.79945 -2.83877 7
      vertex 8.01718 -2.1482 12
      vertex 8.01718 -2.1482 7
    endloop
  endfacet
  facet normal -0.953719 0.300698 0
    outer loop
      vertex 8.01718 -2.1482 12
      vertex 7.79945 -2.83877 7
      vertex 7.79945 -2.83877 12
    endloop
  endfacet
  facet normal 0.537303 -0.843389 0
    outer loop
      vertex -4.76068 6.79896 7
      vertex -4.15 7.18801 12
      vertex -4.76068 6.79896 12
    endloop
  endfacet
  facet normal 0.537303 -0.843389 0
    outer loop
      vertex -4.15 7.18801 12
      vertex -4.76068 6.79896 7
      vertex -4.15 7.18801 7
    endloop
  endfacet
  facet normal 0.537303 -0.843389 0
    outer loop
      vertex -4.76068 6.79896 1.15
      vertex -4.15 7.18801 2.2
      vertex -4.76068 6.79896 2.2
    endloop
  endfacet
  facet normal 0.537303 -0.843389 0
    outer loop
      vertex -4.15 7.18801 2.2
      vertex -4.76068 6.79896 1.15
      vertex -4.15 7.18801 1.15
    endloop
  endfacet
  facet normal -0.537303 0.843389 0
    outer loop
      vertex 4.76068 -6.79896 7
      vertex 4.15 -7.18801 12
      vertex 4.76068 -6.79896 12
    endloop
  endfacet
  facet normal -0.537303 0.843389 0
    outer loop
      vertex 4.15 -7.18801 12
      vertex 4.76068 -6.79896 7
      vertex 4.15 -7.18801 7
    endloop
  endfacet
  facet normal -0.537303 0.843389 0
    outer loop
      vertex 4.76068 -6.79896 1.15
      vertex 4.15 -7.18801 2.2
      vertex 4.76068 -6.79896 2.2
    endloop
  endfacet
  facet normal -0.537303 0.843389 0
    outer loop
      vertex 4.15 -7.18801 2.2
      vertex 4.76068 -6.79896 1.15
      vertex 4.15 -7.18801 1.15
    endloop
  endfacet
  facet normal 0.461744 0.887013 -0
    outer loop
      vertex -3.50773 -7.52235 1.15
      vertex -4.15 -7.18801 12
      vertex -3.50773 -7.52235 12
    endloop
  endfacet
  facet normal 0.461744 0.887013 0
    outer loop
      vertex -4.15 -7.18801 12
      vertex -3.50773 -7.52235 1.15
      vertex -4.15 -7.18801 1.15
    endloop
  endfacet
  facet normal -0.461744 -0.887013 0
    outer loop
      vertex 3.50773 7.52235 1.15
      vertex 4.15 7.18801 12
      vertex 3.50773 7.52235 12
    endloop
  endfacet
  facet normal -0.461744 -0.887013 -0
    outer loop
      vertex 4.15 7.18801 12
      vertex 3.50773 7.52235 1.15
      vertex 4.15 7.18801 1.15
    endloop
  endfacet
  facet normal -0.923876 0.382693 0
    outer loop
      vertex 7.52235 -3.50773 7
      vertex 7.79945 -2.83877 12
      vertex 7.79945 -2.83877 7
    endloop
  endfacet
  facet normal -0.923876 0.382693 0
    outer loop
      vertex 7.79945 -2.83877 12
      vertex 7.52235 -3.50773 7
      vertex 7.52235 -3.50773 12
    endloop
  endfacet
  facet normal -0.923876 0.382693 0
    outer loop
      vertex 7.52235 -3.50773 1.15
      vertex 7.79945 -2.83877 2.2
      vertex 7.79945 -2.83877 1.15
    endloop
  endfacet
  facet normal -0.923876 0.382693 0
    outer loop
      vertex 7.79945 -2.83877 2.2
      vertex 7.52235 -3.50773 1.15
      vertex 7.52235 -3.50773 2.2
    endloop
  endfacet
  facet normal 0.793359 -0.608754 0
    outer loop
      vertex -6.79896 4.76068 12
      vertex -6.35817 5.33514 7
      vertex -6.35817 5.33514 12
    endloop
  endfacet
  facet normal 0.793359 -0.608754 0
    outer loop
      vertex -6.35817 5.33514 7
      vertex -6.79896 4.76068 12
      vertex -6.79896 4.76068 7
    endloop
  endfacet
  facet normal 0.793359 -0.608754 0
    outer loop
      vertex -6.79896 4.76068 2.2
      vertex -6.35817 5.33514 1.15
      vertex -6.35817 5.33514 2.2
    endloop
  endfacet
  facet normal 0.793359 -0.608754 0
    outer loop
      vertex -6.35817 5.33514 1.15
      vertex -6.79896 4.76068 2.2
      vertex -6.79896 4.76068 1.15
    endloop
  endfacet
  facet normal 0 0 -1
    outer loop
      vertex 8.26842 -0.723392 12
      vertex 8.26842 0.723392 12
      vertex 8.3 0 12
    endloop
  endfacet
  facet normal 0 0 -1
    outer loop
      vertex 8.1739 -1.44128 12
      vertex 8.26842 0.723392 12
      vertex 8.26842 -0.723392 12
    endloop
  endfacet
  facet normal 0 0 -1
    outer loop
      vertex 8.1739 -1.44128 12
      vertex 8.1739 1.44128 12
      vertex 8.26842 0.723392 12
    endloop
  endfacet
  facet normal 0 0 -1
    outer loop
      vertex 8.01718 -2.1482 12
      vertex 8.1739 1.44128 12
      vertex 8.1739 -1.44128 12
    endloop
  endfacet
  facet normal 0 0 -1
    outer loop
      vertex 8.01718 -2.1482 12
      vertex 8.01718 2.1482 12
      vertex 8.1739 1.44128 12
    endloop
  endfacet
  facet normal 0 0 -1
    outer loop
      vertex 7.79945 -2.83877 12
      vertex 8.01718 2.1482 12
      vertex 8.01718 -2.1482 12
    endloop
  endfacet
  facet normal 0 0 -1
    outer loop
      vertex 7.79945 -2.83877 12
      vertex 7.79945 2.83877 12
      vertex 8.01718 2.1482 12
    endloop
  endfacet
  facet normal 0 0 -1
    outer loop
      vertex 7.52235 -3.50773 12
      vertex 7.79945 2.83877 12
      vertex 7.79945 -2.83877 12
    endloop
  endfacet
  facet normal 0 0 -1
    outer loop
      vertex 7.52235 -3.50773 12
      vertex 7.52235 3.50773 12
      vertex 7.79945 2.83877 12
    endloop
  endfacet
  facet normal 0 0 -1
    outer loop
      vertex 7.18801 -4.15 12
      vertex 7.52235 3.50773 12
      vertex 7.52235 -3.50773 12
    endloop
  endfacet
  facet normal 0 0 -1
    outer loop
      vertex 7.18801 -4.15 12
      vertex 7.18801 4.15 12
      vertex 7.52235 3.50773 12
    endloop
  endfacet
  facet normal 0 0 -1
    outer loop
      vertex 6.79896 -4.76068 12
      vertex 7.18801 4.15 12
      vertex 7.18801 -4.15 12
    endloop
  endfacet
  facet normal 0 0 -1
    outer loop
      vertex 6.79896 -4.76068 12
      vertex 6.79896 4.76068 12
      vertex 7.18801 4.15 12
    endloop
  endfacet
  facet normal 0 0 -1
    outer loop
      vertex 6.35817 -5.33514 12
      vertex 6.79896 4.76068 12
      vertex 6.79896 -4.76068 12
    endloop
  endfacet
  facet normal 0 0 -1
    outer loop
      vertex 6.35817 -5.33514 12
      vertex 6.35817 5.33514 12
      vertex 6.79896 4.76068 12
    endloop
  endfacet
  facet normal 0 0 -1
    outer loop
      vertex 5.86899 -5.86899 12
      vertex 6.35817 5.33514 12
      vertex 6.35817 -5.33514 12
    endloop
  endfacet
  facet normal 0 0 -1
    outer loop
      vertex 5.86899 -5.86899 12
      vertex 5.86899 5.86899 12
      vertex 6.35817 5.33514 12
    endloop
  endfacet
  facet normal 0 0 -1
    outer loop
      vertex 5.33514 -6.35817 12
      vertex 5.86899 5.86899 12
      vertex 5.86899 -5.86899 12
    endloop
  endfacet
  facet normal 0 0 -1
    outer loop
      vertex 5.33514 -6.35817 12
      vertex 5.33514 6.35817 12
      vertex 5.86899 5.86899 12
    endloop
  endfacet
  facet normal 0 0 -1
    outer loop
      vertex 4.76068 -6.79896 12
      vertex 5.33514 6.35817 12
      vertex 5.33514 -6.35817 12
    endloop
  endfacet
  facet normal 0 0 -1
    outer loop
      vertex 4.76068 -6.79896 12
      vertex 4.76068 6.79896 12
      vertex 5.33514 6.35817 12
    endloop
  endfacet
  facet normal 0 0 -1
    outer loop
      vertex 4.15 -7.18801 12
      vertex 4.76068 6.79896 12
      vertex 4.76068 -6.79896 12
    endloop
  endfacet
  facet normal 0 0 -1
    outer loop
      vertex 4.15 -7.18801 12
      vertex 4.15 7.18801 12
      vertex 4.76068 6.79896 12
    endloop
  endfacet
  facet normal 0 0 -1
    outer loop
      vertex 3.50773 -7.52235 12
      vertex 4.15 7.18801 12
      vertex 4.15 -7.18801 12
    endloop
  endfacet
  facet normal 0 0 -1
    outer loop
      vertex 3.50773 -7.52235 12
      vertex 3.50773 7.52235 12
      vertex 4.15 7.18801 12
    endloop
  endfacet
  facet normal 0 0 -1
    outer loop
      vertex 2.83877 -7.79945 12
      vertex 3.50773 7.52235 12
      vertex 3.50773 -7.52235 12
    endloop
  endfacet
  facet normal 0 0 -1
    outer loop
      vertex 2.83877 -7.79945 12
      vertex 2.83877 7.79945 12
      vertex 3.50773 7.52235 12
    endloop
  endfacet
  facet normal 0 0 -1
    outer loop
      vertex 2.1482 -8.01718 12
      vertex 2.83877 7.79945 12
      vertex 2.83877 -7.79945 12
    endloop
  endfacet
  facet normal 0 0 -1
    outer loop
      vertex 2.1482 -8.01718 12
      vertex 2.1482 8.01718 12
      vertex 2.83877 7.79945 12
    endloop
  endfacet
  facet normal 0 0 -1
    outer loop
      vertex 1.44128 -8.1739 12
      vertex 2.1482 8.01718 12
      vertex 2.1482 -8.01718 12
    endloop
  endfacet
  facet normal 0 0 -1
    outer loop
      vertex 1.44128 -8.1739 12
      vertex 1.44128 8.1739 12
      vertex 2.1482 8.01718 12
    endloop
  endfacet
  facet normal 0 0 -1
    outer loop
      vertex 0.723392 -8.26842 12
      vertex 1.44128 8.1739 12
      vertex 1.44128 -8.1739 12
    endloop
  endfacet
  facet normal 0 0 -1
    outer loop
      vertex 0.723392 -8.26842 12
      vertex 0.723392 8.26842 12
      vertex 1.44128 8.1739 12
    endloop
  endfacet
  facet normal 0 0 -1
    outer loop
      vertex 0 -8.3 12
      vertex 0.723392 8.26842 12
      vertex 0.723392 -8.26842 12
    endloop
  endfacet
  facet normal 0 0 -1
    outer loop
      vertex 0 -8.3 12
      vertex 0 8.3 12
      vertex 0.723392 8.26842 12
    endloop
  endfacet
  facet normal 0 0 -1
    outer loop
      vertex -0.723392 -8.26842 12
      vertex 0 8.3 12
      vertex 0 -8.3 12
    endloop
  endfacet
  facet normal 0 0 -1
    outer loop
      vertex -0.723392 -8.26842 12
      vertex -0.723392 8.26842 12
      vertex 0 8.3 12
    endloop
  endfacet
  facet normal 0 0 -1
    outer loop
      vertex -1.44128 -8.1739 12
      vertex -0.723392 8.26842 12
      vertex -0.723392 -8.26842 12
    endloop
  endfacet
  facet normal 0 0 -1
    outer loop
      vertex -1.44128 -8.1739 12
      vertex -1.44128 8.1739 12
      vertex -0.723392 8.26842 12
    endloop
  endfacet
  facet normal 0 0 -1
    outer loop
      vertex -2.1482 -8.01718 12
      vertex -1.44128 8.1739 12
      vertex -1.44128 -8.1739 12
    endloop
  endfacet
  facet normal 0 0 -1
    outer loop
      vertex -2.1482 -8.01718 12
      vertex -2.1482 8.01718 12
      vertex -1.44128 8.1739 12
    endloop
  endfacet
  facet normal 0 0 -1
    outer loop
      vertex -2.83877 -7.79945 12
      vertex -2.1482 8.01718 12
      vertex -2.1482 -8.01718 12
    endloop
  endfacet
  facet normal 0 0 -1
    outer loop
      vertex -2.83877 -7.79945 12
      vertex -2.83877 7.79945 12
      vertex -2.1482 8.01718 12
    endloop
  endfacet
  facet normal 0 0 -1
    outer loop
      vertex -3.50773 -7.52235 12
      vertex -2.83877 7.79945 12
      vertex -2.83877 -7.79945 12
    endloop
  endfacet
  facet normal 0 0 -1
    outer loop
      vertex -3.50773 -7.52235 12
      vertex -3.50773 7.52235 12
      vertex -2.83877 7.79945 12
    endloop
  endfacet
  facet normal 0 0 -1
    outer loop
      vertex -4.15 -7.18801 12
      vertex -3.50773 7.52235 12
      vertex -3.50773 -7.52235 12
    endloop
  endfacet
  facet normal 0 0 -1
    outer loop
      vertex -4.15 -7.18801 12
      vertex -4.15 7.18801 12
      vertex -3.50773 7.52235 12
    endloop
  endfacet
  facet normal 0 0 -1
    outer loop
      vertex -4.76068 -6.79896 12
      vertex -4.15 7.18801 12
      vertex -4.15 -7.18801 12
    endloop
  endfacet
  facet normal 0 0 -1
    outer loop
      vertex -4.76068 -6.79896 12
      vertex -4.76068 6.79896 12
      vertex -4.15 7.18801 12
    endloop
  endfacet
  facet normal 0 0 -1
    outer loop
      vertex -5.33514 -6.35817 12
      vertex -4.76068 6.79896 12
      vertex -4.76068 -6.79896 12
    endloop
  endfacet
  facet normal 0 0 -1
    outer loop
      vertex -5.33514 -6.35817 12
      vertex -5.33514 6.35817 12
      vertex -4.76068 6.79896 12
    endloop
  endfacet
  facet normal 0 0 -1
    outer loop
      vertex -5.86899 -5.86899 12
      vertex -5.33514 6.35817 12
      vertex -5.33514 -6.35817 12
    endloop
  endfacet
  facet normal 0 0 -1
    outer loop
      vertex -5.86899 -5.86899 12
      vertex -5.86899 5.86899 12
      vertex -5.33514 6.35817 12
    endloop
  endfacet
  facet normal 0 0 -1
    outer loop
      vertex -6.35817 -5.33514 12
      vertex -5.86899 5.86899 12
      vertex -5.86899 -5.86899 12
    endloop
  endfacet
  facet normal 0 0 -1
    outer loop
      vertex -6.35817 -5.33514 12
      vertex -6.35817 5.33514 12
      vertex -5.86899 5.86899 12
    endloop
  endfacet
  facet normal 0 0 -1
    outer loop
      vertex -6.79896 -4.76068 12
      vertex -6.35817 5.33514 12
      vertex -6.35817 -5.33514 12
    endloop
  endfacet
  facet normal 0 0 -1
    outer loop
      vertex -6.79896 -4.76068 12
      vertex -6.79896 4.76068 12
      vertex -6.35817 5.33514 12
    endloop
  endfacet
  facet normal 0 0 -1
    outer loop
      vertex -7.18801 -4.15 12
      vertex -6.79896 4.76068 12
      vertex -6.79896 -4.76068 12
    endloop
  endfacet
  facet normal 0 0 -1
    outer loop
      vertex -7.18801 -4.15 12
      vertex -7.18801 4.15 12
      vertex -6.79896 4.76068 12
    endloop
  endfacet
  facet normal 0 0 -1
    outer loop
      vertex -7.52235 -3.50773 12
      vertex -7.18801 4.15 12
      vertex -7.18801 -4.15 12
    endloop
  endfacet
  facet normal 0 0 -1
    outer loop
      vertex -7.52235 -3.50773 12
      vertex -7.52235 3.50773 12
      vertex -7.18801 4.15 12
    endloop
  endfacet
  facet normal 0 0 -1
    outer loop
      vertex -7.79945 -2.83877 12
      vertex -7.52235 3.50773 12
      vertex -7.52235 -3.50773 12
    endloop
  endfacet
  facet normal 0 0 -1
    outer loop
      vertex -7.79945 -2.83877 12
      vertex -7.79945 2.83877 12
      vertex -7.52235 3.50773 12
    endloop
  endfacet
  facet normal 0 0 -1
    outer loop
      vertex -8.01718 -2.1482 12
      vertex -7.79945 2.83877 12
      vertex -7.79945 -2.83877 12
    endloop
  endfacet
  facet normal 0 0 -1
    outer loop
      vertex -8.01718 -2.1482 12
      vertex -8.01718 2.1482 12
      vertex -7.79945 2.83877 12
    endloop
  endfacet
  facet normal 0 0 -1
    outer loop
      vertex -8.1739 -1.44128 12
      vertex -8.01718 2.1482 12
      vertex -8.01718 -2.1482 12
    endloop
  endfacet
  facet normal 0 0 -1
    outer loop
      vertex -8.1739 -1.44128 12
      vertex -8.1739 1.44128 12
      vertex -8.01718 2.1482 12
    endloop
  endfacet
  facet normal 0 0 -1
    outer loop
      vertex -8.26842 -0.723392 12
      vertex -8.1739 1.44128 12
      vertex -8.1739 -1.44128 12
    endloop
  endfacet
  facet normal 0 0 -1
    outer loop
      vertex -8.26842 -0.723392 12
      vertex -8.26842 0.723392 12
      vertex -8.1739 1.44128 12
    endloop
  endfacet
  facet normal 0 -0 -1
    outer loop
      vertex -8.26842 0.723392 12
      vertex -8.26842 -0.723392 12
      vertex -8.3 0 12
    endloop
  endfacet
  facet normal -0.887013 0.461744 0
    outer loop
      vertex 7.18801 -4.15 7
      vertex 7.52235 -3.50773 12
      vertex 7.52235 -3.50773 7
    endloop
  endfacet
  facet normal -0.887013 0.461744 0
    outer loop
      vertex 7.52235 -3.50773 12
      vertex 7.18801 -4.15 7
      vertex 7.18801 -4.15 12
    endloop
  endfacet
  facet normal -0.887013 0.461744 0
    outer loop
      vertex 7.18801 -4.15 1.15
      vertex 7.52235 -3.50773 2.2
      vertex 7.52235 -3.50773 1.15
    endloop
  endfacet
  facet normal -0.887013 0.461744 0
    outer loop
      vertex 7.52235 -3.50773 2.2
      vertex 7.18801 -4.15 1.15
      vertex 7.18801 -4.15 2.2
    endloop
  endfacet
  facet normal 0.999048 -0.0436139 0
    outer loop
      vertex -8.3 0 12
      vertex -8.26842 0.723392 7
      vertex -8.26842 0.723392 12
    endloop
  endfacet
  facet normal 0.999048 -0.0436139 0
    outer loop
      vertex -8.26842 0.723392 7
      vertex -8.3 0 12
      vertex -8.3 0 7
    endloop
  endfacet
  facet normal -0.793359 -0.608754 0
    outer loop
      vertex 6.79896 4.76068 1.15
      vertex 6.35817 5.33514 12
      vertex 6.35817 5.33514 1.15
    endloop
  endfacet
  facet normal -0.793359 -0.608754 0
    outer loop
      vertex 6.35817 5.33514 12
      vertex 6.79896 4.76068 1.15
      vertex 6.79896 4.76068 12
    endloop
  endfacet
  facet normal 0.991443 -0.130537 0
    outer loop
      vertex -8.26842 0.723392 12
      vertex -8.1739 1.44128 7
      vertex -8.1739 1.44128 12
    endloop
  endfacet
  facet normal 0.991443 -0.130537 0
    outer loop
      vertex -8.1739 1.44128 7
      vertex -8.26842 0.723392 12
      vertex -8.26842 0.723392 7
    endloop
  endfacet
  facet normal 0.843389 -0.537303 0
    outer loop
      vertex -7.18801 4.15 12
      vertex -6.79896 4.76068 7
      vertex -6.79896 4.76068 12
    endloop
  endfacet
  facet normal 0.843389 -0.537303 0
    outer loop
      vertex -6.79896 4.76068 7
      vertex -7.18801 4.15 12
      vertex -7.18801 4.15 7
    endloop
  endfacet
  facet normal 0.843389 -0.537303 0
    outer loop
      vertex -7.18801 4.15 2.2
      vertex -6.79896 4.76068 1.15
      vertex -6.79896 4.76068 2.2
    endloop
  endfacet
  facet normal 0.843389 -0.537303 0
    outer loop
      vertex -6.79896 4.76068 1.15
      vertex -7.18801 4.15 2.2
      vertex -7.18801 4.15 1.15
    endloop
  endfacet
  facet normal -0.216439 -0.976296 0
    outer loop
      vertex 1.44128 8.1739 1.15
      vertex 2.1482 8.01718 12
      vertex 1.44128 8.1739 12
    endloop
  endfacet
  facet normal -0.216439 -0.976296 -0
    outer loop
      vertex 2.1482 8.01718 12
      vertex 1.44128 8.1739 1.15
      vertex 2.1482 8.01718 1.15
    endloop
  endfacet
  facet normal -0.843389 0.537303 0
    outer loop
      vertex 6.79896 -4.76068 7
      vertex 7.18801 -4.15 12
      vertex 7.18801 -4.15 7
    endloop
  endfacet
  facet normal -0.843389 0.537303 0
    outer loop
      vertex 7.18801 -4.15 12
      vertex 6.79896 -4.76068 7
      vertex 6.79896 -4.76068 12
    endloop
  endfacet
  facet normal -0.843389 0.537303 0
    outer loop
      vertex 6.79896 -4.76068 1.15
      vertex 7.18801 -4.15 2.2
      vertex 7.18801 -4.15 1.15
    endloop
  endfacet
  facet normal -0.843389 0.537303 0
    outer loop
      vertex 7.18801 -4.15 2.2
      vertex 6.79896 -4.76068 1.15
      vertex 6.79896 -4.76068 2.2
    endloop
  endfacet
  facet normal -0.412989 0.648146 -0.639801
    outer loop
      vertex 4.62917 -8.01795 0
      vertex 4.76068 -6.79896 1.15
      vertex 4.65461 -8.00174 0
    endloop
  endfacet
  facet normal -0.412929 0.648162 -0.639825
    outer loop
      vertex 4.76068 -6.79896 1.15
      vertex 4.62917 -8.01795 0
      vertex 4.15 -7.18801 1.15
    endloop
  endfacet
  facet normal 0.467842 -0.609711 -0.639825
    outer loop
      vertex -5.31036 7.58398 0
      vertex -4.76068 6.79896 1.15
      vertex -5.92721 7.11066 0
    endloop
  endfacet
  facet normal 0.609735 0.467812 -0.639824
    outer loop
      vertex -7.11066 -5.92721 0
      vertex -6.35817 -5.33514 1.15
      vertex -7.0923 -5.95114 0
    endloop
  endfacet
  facet normal 0.609714 0.46784 -0.639824
    outer loop
      vertex -6.35817 -5.33514 1.15
      vertex -7.11066 -5.92721 0
      vertex -6.79896 -4.76068 1.15
    endloop
  endfacet
  facet normal -0.681685 -0.354863 -0.639826
    outer loop
      vertex 8.03188 4.60241 0
      vertex 8.3909 3.91274 0
      vertex 7.52235 3.50773 1.15
    endloop
  endfacet
  facet normal 0.166311 0.750308 -0.639827
    outer loop
      vertex -1.63715 -9.11115 0
      vertex -1.44128 -8.1739 1.15
      vertex -1.60769 -9.11768 0
    endloop
  endfacet
  facet normal 0.166338 0.750302 -0.639827
    outer loop
      vertex -1.44128 -8.1739 1.15
      vertex -1.63715 -9.11115 0
      vertex -2.1482 -8.01718 1.15
    endloop
  endfacet
  facet normal -0.519208 -0.566613 -0.639822
    outer loop
      vertex 5.97339 7.07191 0
      vertex 6.54663 6.54663 0
      vertex 5.86899 5.86899 1.15
    endloop
  endfacet
  facet normal 0.681685 -0.354863 -0.639826
    outer loop
      vertex -8.03188 4.60241 0
      vertex -7.52235 3.50773 1.15
      vertex -8.3909 3.91274 0
    endloop
  endfacet
  facet normal 0.166344 -0.750303 -0.639825
    outer loop
      vertex -1.63715 9.11115 0
      vertex -2.1482 8.01718 1.15
      vertex -2.39623 8.94286 0
    endloop
  endfacet
  facet normal -0.100306 0.761949 -0.639822
    outer loop
      vertex 1.57778 -9.12162 0
      vertex 0.806916 -9.2231 0
      vertex 0.723392 -8.26842 1.15
    endloop
  endfacet
  facet normal 0.294226 -0.709964 -0.63983
    outer loop
      vertex -3.88487 8.40245 0
      vertex -3.50773 7.52235 1.15
      vertex -3.91274 8.3909 0
    endloop
  endfacet
  facet normal 0.294106 -0.710015 -0.639829
    outer loop
      vertex -3.50773 7.52235 1.15
      vertex -3.88487 8.40245 0
      vertex -2.83877 7.79945 1.15
    endloop
  endfacet
  facet normal 0.566613 0.519208 -0.639822
    outer loop
      vertex -5.86899 -5.86899 1.15
      vertex -6.54663 -6.54663 0
      vertex -7.07191 -5.97339 0
    endloop
  endfacet
  facet normal -0.609714 -0.46784 -0.639824
    outer loop
      vertex 6.35817 5.33514 1.15
      vertex 7.11066 5.92721 0
      vertex 6.79896 4.76068 1.15
    endloop
  endfacet
  facet normal -0.609735 -0.467812 -0.639824
    outer loop
      vertex 7.11066 5.92721 0
      vertex 6.35817 5.33514 1.15
      vertex 7.0923 5.95114 0
    endloop
  endfacet
  facet normal -0.566593 -0.519228 -0.639824
    outer loop
      vertex 6.35817 5.33514 1.15
      vertex 7.07191 5.97339 0
      vertex 7.0923 5.95114 0
    endloop
  endfacet
  facet normal -0.566615 -0.519204 -0.639824
    outer loop
      vertex 7.07191 5.97339 0
      vertex 6.35817 5.33514 1.15
      vertex 5.86899 5.86899 1.15
    endloop
  endfacet
  facet normal -0.354863 0.681685 -0.639826
    outer loop
      vertex 4.60241 -8.03188 0
      vertex 3.91274 -8.3909 0
      vertex 3.50773 -7.52235 1.15
    endloop
  endfacet
  facet normal 0.566613 -0.519208 -0.639822
    outer loop
      vertex -6.54663 6.54663 0
      vertex -5.86899 5.86899 1.15
      vertex -7.07191 5.97339 0
    endloop
  endfacet
  facet normal 0.519208 -0.566613 -0.639822
    outer loop
      vertex -5.97339 7.07191 0
      vertex -5.86899 5.86899 1.15
      vertex -6.54663 6.54663 0
    endloop
  endfacet
  facet normal -0.100306 -0.761949 -0.639822
    outer loop
      vertex 0.806916 9.2231 0
      vertex 1.57778 9.12162 0
      vertex 0.723392 8.26842 1.15
    endloop
  endfacet
  facet normal 0.648162 0.412929 -0.639825
    outer loop
      vertex -6.79896 -4.76068 1.15
      vertex -8.01795 -4.62917 0
      vertex -7.18801 -4.15 1.15
    endloop
  endfacet
  facet normal 0.648146 0.412989 -0.639801
    outer loop
      vertex -8.01795 -4.62917 0
      vertex -6.79896 -4.76068 1.15
      vertex -8.00174 -4.65461 0
    endloop
  endfacet
  facet normal -0.231093 -0.732954 -0.639823
    outer loop
      vertex 3.13776 8.70906 0
      vertex 2.83877 7.79945 1.15
      vertex 2.1482 8.01718 1.15
    endloop
  endfacet
  facet normal -0.231 -0.732984 -0.639823
    outer loop
      vertex 2.83877 7.79945 1.15
      vertex 3.13776 8.70906 0
      vertex 3.16654 8.69999 0
    endloop
  endfacet
  facet normal -0.231096 -0.732953 -0.639824
    outer loop
      vertex 2.39623 8.94286 0
      vertex 3.13776 8.70906 0
      vertex 2.1482 8.01718 1.15
    endloop
  endfacet
  facet normal -0.0336245 0.767785 -0.639824
    outer loop
      vertex 0.776775 -9.22442 0
      vertex 0.723392 -8.26842 1.15
      vertex 0.806916 -9.2231 0
    endloop
  endfacet
  facet normal -0.0335182 0.767791 -0.639824
    outer loop
      vertex 0.723392 -8.26842 1.15
      vertex 0.776775 -9.22442 0
      vertex 0 -8.3 1.15
    endloop
  endfacet
  facet normal -0.467812 -0.609735 -0.639824
    outer loop
      vertex 5.33514 6.35817 1.15
      vertex 5.92721 7.11066 0
      vertex 5.95114 7.0923 0
    endloop
  endfacet
  facet normal -0.46784 -0.609714 -0.639824
    outer loop
      vertex 5.92721 7.11066 0
      vertex 5.33514 6.35817 1.15
      vertex 4.76068 6.79896 1.15
    endloop
  endfacet
  facet normal 0.0335182 0.767791 -0.639824
    outer loop
      vertex -0.776775 -9.22442 0
      vertex -0.723392 -8.26842 1.15
      vertex 0 -8.3 1.15
    endloop
  endfacet
  facet normal 0.0336245 0.767785 -0.639824
    outer loop
      vertex -0.723392 -8.26842 1.15
      vertex -0.776775 -9.22442 0
      vertex -0.806916 -9.2231 0
    endloop
  endfacet
  facet normal 0.231096 -0.732953 -0.639824
    outer loop
      vertex -2.39623 8.94286 0
      vertex -2.1482 8.01718 1.15
      vertex -3.13776 8.70906 0
    endloop
  endfacet
  facet normal 0.681685 0.354863 -0.639826
    outer loop
      vertex -7.52235 -3.50773 1.15
      vertex -8.03188 -4.60241 0
      vertex -8.3909 -3.91274 0
    endloop
  endfacet
  facet normal -0.519204 -0.566615 -0.639824
    outer loop
      vertex 5.33514 6.35817 1.15
      vertex 5.97339 7.07191 0
      vertex 5.86899 5.86899 1.15
    endloop
  endfacet
  facet normal -0.519228 -0.566593 -0.639824
    outer loop
      vertex 5.97339 7.07191 0
      vertex 5.33514 6.35817 1.15
      vertex 5.95114 7.0923 0
    endloop
  endfacet
  facet normal -0.566613 -0.519208 -0.639822
    outer loop
      vertex 6.54663 6.54663 0
      vertex 7.07191 5.97339 0
      vertex 5.86899 5.86899 1.15
    endloop
  endfacet
  facet normal -0.519208 0.566613 -0.639822
    outer loop
      vertex 6.54663 -6.54663 0
      vertex 5.97339 -7.07191 0
      vertex 5.86899 -5.86899 1.15
    endloop
  endfacet
  facet normal 0.710015 0.294106 -0.639829
    outer loop
      vertex -7.52235 -3.50773 1.15
      vertex -8.40245 -3.88487 0
      vertex -7.79945 -2.83877 1.15
    endloop
  endfacet
  facet normal 0.709964 0.294226 -0.63983
    outer loop
      vertex -8.40245 -3.88487 0
      vertex -7.52235 -3.50773 1.15
      vertex -8.3909 -3.91274 0
    endloop
  endfacet
  facet normal -0.231096 0.732953 -0.639824
    outer loop
      vertex 3.13776 -8.70906 0
      vertex 2.39623 -8.94286 0
      vertex 2.1482 -8.01718 1.15
    endloop
  endfacet
  facet normal 0.0335178 -0.767791 -0.639823
    outer loop
      vertex 0 9.25833 0
      vertex 0 8.3 1.15
      vertex -0.776775 9.22442 0
    endloop
  endfacet
  facet normal -0.710021 0.294098 -0.639825
    outer loop
      vertex 8.69999 -3.16654 0
      vertex 8.40245 -3.88487 0
      vertex 7.79945 -2.83877 1.15
    endloop
  endfacet
  facet normal 0.519208 0.566613 -0.639822
    outer loop
      vertex -5.86899 -5.86899 1.15
      vertex -5.97339 -7.07191 0
      vertex -6.54663 -6.54663 0
    endloop
  endfacet
  facet normal -0.648146 -0.412989 -0.639801
    outer loop
      vertex 8.01795 4.62917 0
      vertex 6.79896 4.76068 1.15
      vertex 8.00174 4.65461 0
    endloop
  endfacet
  facet normal -0.648162 -0.412929 -0.639825
    outer loop
      vertex 6.79896 4.76068 1.15
      vertex 8.01795 4.62917 0
      vertex 7.18801 4.15 1.15
    endloop
  endfacet
  facet normal 0.0336245 -0.767785 -0.639824
    outer loop
      vertex -0.776775 9.22442 0
      vertex -0.723392 8.26842 1.15
      vertex -0.806916 9.2231 0
    endloop
  endfacet
  facet normal 0.0335182 -0.767791 -0.639824
    outer loop
      vertex -0.723392 8.26842 1.15
      vertex -0.776775 9.22442 0
      vertex 0 8.3 1.15
    endloop
  endfacet
  facet normal -0.609735 0.467812 -0.639824
    outer loop
      vertex 6.35817 -5.33514 1.15
      vertex 7.11066 -5.92721 0
      vertex 7.0923 -5.95114 0
    endloop
  endfacet
  facet normal -0.609714 0.46784 -0.639824
    outer loop
      vertex 7.11066 -5.92721 0
      vertex 6.35817 -5.33514 1.15
      vertex 6.79896 -4.76068 1.15
    endloop
  endfacet
  facet normal -0.519228 0.566593 -0.639824
    outer loop
      vertex 5.33514 -6.35817 1.15
      vertex 5.97339 -7.07191 0
      vertex 5.95114 -7.0923 0
    endloop
  endfacet
  facet normal -0.519204 0.566615 -0.639824
    outer loop
      vertex 5.97339 -7.07191 0
      vertex 5.33514 -6.35817 1.15
      vertex 5.86899 -5.86899 1.15
    endloop
  endfacet
  facet normal 0.0335178 0.767791 -0.639823
    outer loop
      vertex 0 -8.3 1.15
      vertex 0 -9.25833 0
      vertex -0.776775 -9.22442 0
    endloop
  endfacet
  facet normal -0.68169 -0.354856 -0.639825
    outer loop
      vertex 8.03188 4.60241 0
      vertex 7.18801 4.15 1.15
      vertex 8.01795 4.62917 0
    endloop
  endfacet
  facet normal -0.681688 -0.35486 -0.639825
    outer loop
      vertex 7.18801 4.15 1.15
      vertex 8.03188 4.60241 0
      vertex 7.52235 3.50773 1.15
    endloop
  endfacet
  facet normal -0.294226 0.709964 -0.63983
    outer loop
      vertex 3.88487 -8.40245 0
      vertex 3.50773 -7.52235 1.15
      vertex 3.91274 -8.3909 0
    endloop
  endfacet
  facet normal -0.294106 0.710015 -0.639829
    outer loop
      vertex 3.50773 -7.52235 1.15
      vertex 3.88487 -8.40245 0
      vertex 2.83877 -7.79945 1.15
    endloop
  endfacet
  facet normal -0.35486 -0.681688 -0.639825
    outer loop
      vertex 4.60241 8.03188 0
      vertex 4.15 7.18801 1.15
      vertex 3.50773 7.52235 1.15
    endloop
  endfacet
  facet normal -0.354856 -0.68169 -0.639825
    outer loop
      vertex 4.15 7.18801 1.15
      vertex 4.60241 8.03188 0
      vertex 4.62917 8.01795 0
    endloop
  endfacet
  facet normal -0.648163 -0.412927 -0.639825
    outer loop
      vertex 7.58398 5.31036 0
      vertex 8.00174 4.65461 0
      vertex 6.79896 4.76068 1.15
    endloop
  endfacet
  facet normal 0.412929 0.648162 -0.639825
    outer loop
      vertex -4.62917 -8.01795 0
      vertex -4.76068 -6.79896 1.15
      vertex -4.15 -7.18801 1.15
    endloop
  endfacet
  facet normal 0.412989 0.648146 -0.639801
    outer loop
      vertex -4.76068 -6.79896 1.15
      vertex -4.62917 -8.01795 0
      vertex -4.65461 -8.00174 0
    endloop
  endfacet
  facet normal -0.166344 -0.750303 -0.639825
    outer loop
      vertex 2.39623 8.94286 0
      vertex 2.1482 8.01718 1.15
      vertex 1.63715 9.11115 0
    endloop
  endfacet
  facet normal -0.354856 0.68169 -0.639825
    outer loop
      vertex 4.60241 -8.03188 0
      vertex 4.15 -7.18801 1.15
      vertex 4.62917 -8.01795 0
    endloop
  endfacet
  facet normal -0.35486 0.681688 -0.639825
    outer loop
      vertex 4.15 -7.18801 1.15
      vertex 4.60241 -8.03188 0
      vertex 3.50773 -7.52235 1.15
    endloop
  endfacet
  facet normal -0.294098 0.710021 -0.639825
    outer loop
      vertex 3.88487 -8.40245 0
      vertex 3.16654 -8.69999 0
      vertex 2.83877 -7.79945 1.15
    endloop
  endfacet
  facet normal -0.609711 0.467842 -0.639825
    outer loop
      vertex 7.58398 -5.31036 0
      vertex 7.11066 -5.92721 0
      vertex 6.79896 -4.76068 1.15
    endloop
  endfacet
  facet normal 0.10032 0.761942 -0.639828
    outer loop
      vertex -1.57778 -9.12162 0
      vertex -1.44128 -8.1739 1.15
      vertex -0.723392 -8.26842 1.15
    endloop
  endfacet
  facet normal 0.100369 0.761936 -0.639828
    outer loop
      vertex -1.44128 -8.1739 1.15
      vertex -1.57778 -9.12162 0
      vertex -1.60769 -9.11768 0
    endloop
  endfacet
  facet normal -0.0335182 -0.767791 -0.639824
    outer loop
      vertex 0.776775 9.22442 0
      vertex 0.723392 8.26842 1.15
      vertex 0 8.3 1.15
    endloop
  endfacet
  facet normal -0.0336245 -0.767785 -0.639824
    outer loop
      vertex 0.723392 8.26842 1.15
      vertex 0.776775 9.22442 0
      vertex 0.806916 9.2231 0
    endloop
  endfacet
  facet normal 0.609714 -0.46784 -0.639824
    outer loop
      vertex -7.11066 5.92721 0
      vertex -6.35817 5.33514 1.15
      vertex -6.79896 4.76068 1.15
    endloop
  endfacet
  facet normal 0.609735 -0.467812 -0.639824
    outer loop
      vertex -6.35817 5.33514 1.15
      vertex -7.11066 5.92721 0
      vertex -7.0923 5.95114 0
    endloop
  endfacet
  facet normal 0.648163 -0.412927 -0.639825
    outer loop
      vertex -7.58398 5.31036 0
      vertex -6.79896 4.76068 1.15
      vertex -8.00174 4.65461 0
    endloop
  endfacet
  facet normal -0.467842 -0.609711 -0.639825
    outer loop
      vertex 5.31036 7.58398 0
      vertex 5.92721 7.11066 0
      vertex 4.76068 6.79896 1.15
    endloop
  endfacet
  facet normal -0.354863 -0.681685 -0.639826
    outer loop
      vertex 3.91274 8.3909 0
      vertex 4.60241 8.03188 0
      vertex 3.50773 7.52235 1.15
    endloop
  endfacet
  facet normal -0.0335178 0.767791 -0.639823
    outer loop
      vertex 0 -8.3 1.15
      vertex 0.776775 -9.22442 0
      vertex 0 -9.25833 0
    endloop
  endfacet
  facet normal -0.166311 -0.750308 -0.639827
    outer loop
      vertex 1.63715 9.11115 0
      vertex 1.44128 8.1739 1.15
      vertex 1.60769 9.11768 0
    endloop
  endfacet
  facet normal -0.166338 -0.750302 -0.639827
    outer loop
      vertex 1.44128 8.1739 1.15
      vertex 1.63715 9.11115 0
      vertex 2.1482 8.01718 1.15
    endloop
  endfacet
  facet normal -0.566593 0.519228 -0.639824
    outer loop
      vertex 7.07191 -5.97339 0
      vertex 6.35817 -5.33514 1.15
      vertex 7.0923 -5.95114 0
    endloop
  endfacet
  facet normal -0.566615 0.519204 -0.639824
    outer loop
      vertex 6.35817 -5.33514 1.15
      vertex 7.07191 -5.97339 0
      vertex 5.86899 -5.86899 1.15
    endloop
  endfacet
  facet normal -0.609711 -0.467842 -0.639825
    outer loop
      vertex 7.11066 5.92721 0
      vertex 7.58398 5.31036 0
      vertex 6.79896 4.76068 1.15
    endloop
  endfacet
  facet normal -0.681685 0.354863 -0.639826
    outer loop
      vertex 8.3909 -3.91274 0
      vertex 8.03188 -4.60241 0
      vertex 7.52235 -3.50773 1.15
    endloop
  endfacet
  facet normal 0.231096 0.732953 -0.639824
    outer loop
      vertex -2.1482 -8.01718 1.15
      vertex -2.39623 -8.94286 0
      vertex -3.13776 -8.70906 0
    endloop
  endfacet
  facet normal -0.648146 0.412989 -0.639801
    outer loop
      vertex 6.79896 -4.76068 1.15
      vertex 8.01795 -4.62917 0
      vertex 8.00174 -4.65461 0
    endloop
  endfacet
  facet normal -0.648162 0.412929 -0.639825
    outer loop
      vertex 8.01795 -4.62917 0
      vertex 6.79896 -4.76068 1.15
      vertex 7.18801 -4.15 1.15
    endloop
  endfacet
  facet normal 0.609711 -0.467842 -0.639825
    outer loop
      vertex -7.11066 5.92721 0
      vertex -6.79896 4.76068 1.15
      vertex -7.58398 5.31036 0
    endloop
  endfacet
  facet normal 0.709964 -0.294226 -0.63983
    outer loop
      vertex -7.52235 3.50773 1.15
      vertex -8.40245 3.88487 0
      vertex -8.3909 3.91274 0
    endloop
  endfacet
  facet normal 0.710015 -0.294106 -0.639829
    outer loop
      vertex -8.40245 3.88487 0
      vertex -7.52235 3.50773 1.15
      vertex -7.79945 2.83877 1.15
    endloop
  endfacet
  facet normal -0.10032 -0.761942 -0.639828
    outer loop
      vertex 1.57778 9.12162 0
      vertex 1.44128 8.1739 1.15
      vertex 0.723392 8.26842 1.15
    endloop
  endfacet
  facet normal -0.100369 -0.761936 -0.639828
    outer loop
      vertex 1.44128 8.1739 1.15
      vertex 1.57778 9.12162 0
      vertex 1.60769 9.11768 0
    endloop
  endfacet
  facet normal -0.100369 0.761936 -0.639828
    outer loop
      vertex 1.57778 -9.12162 0
      vertex 1.44128 -8.1739 1.15
      vertex 1.60769 -9.11768 0
    endloop
  endfacet
  facet normal -0.10032 0.761942 -0.639828
    outer loop
      vertex 1.44128 -8.1739 1.15
      vertex 1.57778 -9.12162 0
      vertex 0.723392 -8.26842 1.15
    endloop
  endfacet
  facet normal -0.648163 0.412927 -0.639825
    outer loop
      vertex 8.00174 -4.65461 0
      vertex 7.58398 -5.31036 0
      vertex 6.79896 -4.76068 1.15
    endloop
  endfacet
  facet normal 0.710021 -0.294098 -0.639825
    outer loop
      vertex -8.40245 3.88487 0
      vertex -7.79945 2.83877 1.15
      vertex -8.69999 3.16654 0
    endloop
  endfacet
  facet normal 0.100306 0.761949 -0.639822
    outer loop
      vertex -0.723392 -8.26842 1.15
      vertex -0.806916 -9.2231 0
      vertex -1.57778 -9.12162 0
    endloop
  endfacet
  facet normal 0.354863 -0.681685 -0.639826
    outer loop
      vertex -3.91274 8.3909 0
      vertex -3.50773 7.52235 1.15
      vertex -4.60241 8.03188 0
    endloop
  endfacet
  facet normal 0.354856 -0.68169 -0.639825
    outer loop
      vertex -4.60241 8.03188 0
      vertex -4.15 7.18801 1.15
      vertex -4.62917 8.01795 0
    endloop
  endfacet
  facet normal 0.35486 -0.681688 -0.639825
    outer loop
      vertex -4.15 7.18801 1.15
      vertex -4.60241 8.03188 0
      vertex -3.50773 7.52235 1.15
    endloop
  endfacet
  facet normal 0.467842 0.609711 -0.639825
    outer loop
      vertex -4.76068 -6.79896 1.15
      vertex -5.31036 -7.58398 0
      vertex -5.92721 -7.11066 0
    endloop
  endfacet
  facet normal -0.166344 0.750303 -0.639825
    outer loop
      vertex 2.1482 -8.01718 1.15
      vertex 2.39623 -8.94286 0
      vertex 1.63715 -9.11115 0
    endloop
  endfacet
  facet normal -0.294106 -0.710015 -0.639829
    outer loop
      vertex 3.88487 8.40245 0
      vertex 3.50773 7.52235 1.15
      vertex 2.83877 7.79945 1.15
    endloop
  endfacet
  facet normal -0.294226 -0.709964 -0.63983
    outer loop
      vertex 3.50773 7.52235 1.15
      vertex 3.88487 8.40245 0
      vertex 3.91274 8.3909 0
    endloop
  endfacet
  facet normal -0.566613 0.519208 -0.639822
    outer loop
      vertex 7.07191 -5.97339 0
      vertex 6.54663 -6.54663 0
      vertex 5.86899 -5.86899 1.15
    endloop
  endfacet
  facet normal 0.519204 -0.566615 -0.639824
    outer loop
      vertex -5.97339 7.07191 0
      vertex -5.33514 6.35817 1.15
      vertex -5.86899 5.86899 1.15
    endloop
  endfacet
  facet normal 0.519228 -0.566593 -0.639824
    outer loop
      vertex -5.33514 6.35817 1.15
      vertex -5.97339 7.07191 0
      vertex -5.95114 7.0923 0
    endloop
  endfacet
  facet normal -0.294098 -0.710021 -0.639825
    outer loop
      vertex 3.16654 8.69999 0
      vertex 3.88487 8.40245 0
      vertex 2.83877 7.79945 1.15
    endloop
  endfacet
  facet normal 0.46784 -0.609714 -0.639824
    outer loop
      vertex -5.33514 6.35817 1.15
      vertex -5.92721 7.11066 0
      vertex -4.76068 6.79896 1.15
    endloop
  endfacet
  facet normal 0.467812 -0.609735 -0.639824
    outer loop
      vertex -5.92721 7.11066 0
      vertex -5.33514 6.35817 1.15
      vertex -5.95114 7.0923 0
    endloop
  endfacet
  facet normal 0.710021 0.294098 -0.639825
    outer loop
      vertex -7.79945 -2.83877 1.15
      vertex -8.40245 -3.88487 0
      vertex -8.69999 -3.16654 0
    endloop
  endfacet
  facet normal -0.0335178 -0.767791 -0.639823
    outer loop
      vertex 0 9.25833 0
      vertex 0.776775 9.22442 0
      vertex 0 8.3 1.15
    endloop
  endfacet
  facet normal 0.412927 0.648163 -0.639825
    outer loop
      vertex -4.76068 -6.79896 1.15
      vertex -4.65461 -8.00174 0
      vertex -5.31036 -7.58398 0
    endloop
  endfacet
  facet normal 0.354863 0.681685 -0.639826
    outer loop
      vertex -3.50773 -7.52235 1.15
      vertex -3.91274 -8.3909 0
      vertex -4.60241 -8.03188 0
    endloop
  endfacet
  facet normal 0.46784 0.609714 -0.639824
    outer loop
      vertex -5.92721 -7.11066 0
      vertex -5.33514 -6.35817 1.15
      vertex -4.76068 -6.79896 1.15
    endloop
  endfacet
  facet normal 0.467812 0.609735 -0.639824
    outer loop
      vertex -5.33514 -6.35817 1.15
      vertex -5.92721 -7.11066 0
      vertex -5.95114 -7.0923 0
    endloop
  endfacet
  facet normal 0.100306 -0.761949 -0.639822
    outer loop
      vertex -0.806916 9.2231 0
      vertex -0.723392 8.26842 1.15
      vertex -1.57778 9.12162 0
    endloop
  endfacet
  facet normal -0.412927 -0.648163 -0.639825
    outer loop
      vertex 5.31036 7.58398 0
      vertex 4.76068 6.79896 1.15
      vertex 4.65461 8.00174 0
    endloop
  endfacet
  facet normal 0.648163 0.412927 -0.639825
    outer loop
      vertex -6.79896 -4.76068 1.15
      vertex -7.58398 -5.31036 0
      vertex -8.00174 -4.65461 0
    endloop
  endfacet
  facet normal 0.412989 -0.648146 -0.639801
    outer loop
      vertex -4.62917 8.01795 0
      vertex -4.76068 6.79896 1.15
      vertex -4.65461 8.00174 0
    endloop
  endfacet
  facet normal 0.412929 -0.648162 -0.639825
    outer loop
      vertex -4.76068 6.79896 1.15
      vertex -4.62917 8.01795 0
      vertex -4.15 7.18801 1.15
    endloop
  endfacet
  facet normal 0.412927 -0.648163 -0.639825
    outer loop
      vertex -4.65461 8.00174 0
      vertex -4.76068 6.79896 1.15
      vertex -5.31036 7.58398 0
    endloop
  endfacet
  facet normal -0.166338 0.750302 -0.639827
    outer loop
      vertex 1.63715 -9.11115 0
      vertex 1.44128 -8.1739 1.15
      vertex 2.1482 -8.01718 1.15
    endloop
  endfacet
  facet normal -0.166311 0.750308 -0.639827
    outer loop
      vertex 1.44128 -8.1739 1.15
      vertex 1.63715 -9.11115 0
      vertex 1.60769 -9.11768 0
    endloop
  endfacet
  facet normal 0.681688 0.35486 -0.639825
    outer loop
      vertex -7.18801 -4.15 1.15
      vertex -8.03188 -4.60241 0
      vertex -7.52235 -3.50773 1.15
    endloop
  endfacet
  facet normal 0.68169 0.354856 -0.639825
    outer loop
      vertex -8.03188 -4.60241 0
      vertex -7.18801 -4.15 1.15
      vertex -8.01795 -4.62917 0
    endloop
  endfacet
  facet normal -0.412929 -0.648162 -0.639825
    outer loop
      vertex 4.62917 8.01795 0
      vertex 4.76068 6.79896 1.15
      vertex 4.15 7.18801 1.15
    endloop
  endfacet
  facet normal -0.412989 -0.648146 -0.639801
    outer loop
      vertex 4.76068 6.79896 1.15
      vertex 4.62917 8.01795 0
      vertex 4.65461 8.00174 0
    endloop
  endfacet
  facet normal 0.566615 -0.519204 -0.639824
    outer loop
      vertex -6.35817 5.33514 1.15
      vertex -7.07191 5.97339 0
      vertex -5.86899 5.86899 1.15
    endloop
  endfacet
  facet normal 0.566593 -0.519228 -0.639824
    outer loop
      vertex -7.07191 5.97339 0
      vertex -6.35817 5.33514 1.15
      vertex -7.0923 5.95114 0
    endloop
  endfacet
  facet normal -0.710015 0.294106 -0.639829
    outer loop
      vertex 8.40245 -3.88487 0
      vertex 7.52235 -3.50773 1.15
      vertex 7.79945 -2.83877 1.15
    endloop
  endfacet
  facet normal -0.709964 0.294226 -0.63983
    outer loop
      vertex 7.52235 -3.50773 1.15
      vertex 8.40245 -3.88487 0
      vertex 8.3909 -3.91274 0
    endloop
  endfacet
  facet normal 0.519228 0.566593 -0.639824
    outer loop
      vertex -5.97339 -7.07191 0
      vertex -5.33514 -6.35817 1.15
      vertex -5.95114 -7.0923 0
    endloop
  endfacet
  facet normal 0.519204 0.566615 -0.639824
    outer loop
      vertex -5.33514 -6.35817 1.15
      vertex -5.97339 -7.07191 0
      vertex -5.86899 -5.86899 1.15
    endloop
  endfacet
  facet normal 0.648146 -0.412989 -0.639801
    outer loop
      vertex -6.79896 4.76068 1.15
      vertex -8.01795 4.62917 0
      vertex -8.00174 4.65461 0
    endloop
  endfacet
  facet normal 0.648162 -0.412929 -0.639825
    outer loop
      vertex -8.01795 4.62917 0
      vertex -6.79896 4.76068 1.15
      vertex -7.18801 4.15 1.15
    endloop
  endfacet
  facet normal 0.68169 -0.354856 -0.639825
    outer loop
      vertex -7.18801 4.15 1.15
      vertex -8.03188 4.60241 0
      vertex -8.01795 4.62917 0
    endloop
  endfacet
  facet normal 0.681688 -0.35486 -0.639825
    outer loop
      vertex -8.03188 4.60241 0
      vertex -7.18801 4.15 1.15
      vertex -7.52235 3.50773 1.15
    endloop
  endfacet
  facet normal 0.294098 0.710021 -0.639825
    outer loop
      vertex -2.83877 -7.79945 1.15
      vertex -3.16654 -8.69999 0
      vertex -3.88487 -8.40245 0
    endloop
  endfacet
  facet normal 0.231093 0.732954 -0.639823
    outer loop
      vertex -3.13776 -8.70906 0
      vertex -2.83877 -7.79945 1.15
      vertex -2.1482 -8.01718 1.15
    endloop
  endfacet
  facet normal 0.231 0.732984 -0.639823
    outer loop
      vertex -2.83877 -7.79945 1.15
      vertex -3.13776 -8.70906 0
      vertex -3.16654 -8.69999 0
    endloop
  endfacet
  facet normal -0.412927 0.648163 -0.639825
    outer loop
      vertex 4.76068 -6.79896 1.15
      vertex 5.31036 -7.58398 0
      vertex 4.65461 -8.00174 0
    endloop
  endfacet
  facet normal -0.467842 0.609711 -0.639825
    outer loop
      vertex 5.92721 -7.11066 0
      vertex 5.31036 -7.58398 0
      vertex 4.76068 -6.79896 1.15
    endloop
  endfacet
  facet normal 0.566615 0.519204 -0.639824
    outer loop
      vertex -7.07191 -5.97339 0
      vertex -6.35817 -5.33514 1.15
      vertex -5.86899 -5.86899 1.15
    endloop
  endfacet
  facet normal 0.566593 0.519228 -0.639824
    outer loop
      vertex -6.35817 -5.33514 1.15
      vertex -7.07191 -5.97339 0
      vertex -7.0923 -5.95114 0
    endloop
  endfacet
  facet normal -0.681688 0.35486 -0.639825
    outer loop
      vertex 8.03188 -4.60241 0
      vertex 7.18801 -4.15 1.15
      vertex 7.52235 -3.50773 1.15
    endloop
  endfacet
  facet normal -0.68169 0.354856 -0.639825
    outer loop
      vertex 7.18801 -4.15 1.15
      vertex 8.03188 -4.60241 0
      vertex 8.01795 -4.62917 0
    endloop
  endfacet
  facet normal -0.467812 0.609735 -0.639824
    outer loop
      vertex 5.92721 -7.11066 0
      vertex 5.33514 -6.35817 1.15
      vertex 5.95114 -7.0923 0
    endloop
  endfacet
  facet normal -0.46784 0.609714 -0.639824
    outer loop
      vertex 5.33514 -6.35817 1.15
      vertex 5.92721 -7.11066 0
      vertex 4.76068 -6.79896 1.15
    endloop
  endfacet
  facet normal 0.166344 0.750303 -0.639825
    outer loop
      vertex -2.1482 -8.01718 1.15
      vertex -1.63715 -9.11115 0
      vertex -2.39623 -8.94286 0
    endloop
  endfacet
  facet normal 0.166338 -0.750302 -0.639827
    outer loop
      vertex -1.63715 9.11115 0
      vertex -1.44128 8.1739 1.15
      vertex -2.1482 8.01718 1.15
    endloop
  endfacet
  facet normal 0.166311 -0.750308 -0.639827
    outer loop
      vertex -1.44128 8.1739 1.15
      vertex -1.63715 9.11115 0
      vertex -1.60769 9.11768 0
    endloop
  endfacet
  facet normal 0.609711 0.467842 -0.639825
    outer loop
      vertex -6.79896 -4.76068 1.15
      vertex -7.11066 -5.92721 0
      vertex -7.58398 -5.31036 0
    endloop
  endfacet
  facet normal 0.294098 -0.710021 -0.639825
    outer loop
      vertex -3.16654 8.69999 0
      vertex -2.83877 7.79945 1.15
      vertex -3.88487 8.40245 0
    endloop
  endfacet
  facet normal 0.231 -0.732984 -0.639823
    outer loop
      vertex -3.13776 8.70906 0
      vertex -2.83877 7.79945 1.15
      vertex -3.16654 8.69999 0
    endloop
  endfacet
  facet normal 0.231093 -0.732954 -0.639823
    outer loop
      vertex -2.83877 7.79945 1.15
      vertex -3.13776 8.70906 0
      vertex -2.1482 8.01718 1.15
    endloop
  endfacet
  facet normal 0.35486 0.681688 -0.639825
    outer loop
      vertex -4.60241 -8.03188 0
      vertex -4.15 -7.18801 1.15
      vertex -3.50773 -7.52235 1.15
    endloop
  endfacet
  facet normal 0.354856 0.68169 -0.639825
    outer loop
      vertex -4.15 -7.18801 1.15
      vertex -4.60241 -8.03188 0
      vertex -4.62917 -8.01795 0
    endloop
  endfacet
  facet normal 0.100369 -0.761936 -0.639828
    outer loop
      vertex -1.57778 9.12162 0
      vertex -1.44128 8.1739 1.15
      vertex -1.60769 9.11768 0
    endloop
  endfacet
  facet normal 0.10032 -0.761942 -0.639828
    outer loop
      vertex -1.44128 8.1739 1.15
      vertex -1.57778 9.12162 0
      vertex -0.723392 8.26842 1.15
    endloop
  endfacet
  facet normal -0.709964 -0.294226 -0.63983
    outer loop
      vertex 8.40245 3.88487 0
      vertex 7.52235 3.50773 1.15
      vertex 8.3909 3.91274 0
    endloop
  endfacet
  facet normal -0.710015 -0.294106 -0.639829
    outer loop
      vertex 7.52235 3.50773 1.15
      vertex 8.40245 3.88487 0
      vertex 7.79945 2.83877 1.15
    endloop
  endfacet
  facet normal 0.294106 0.710015 -0.639829
    outer loop
      vertex -3.88487 -8.40245 0
      vertex -3.50773 -7.52235 1.15
      vertex -2.83877 -7.79945 1.15
    endloop
  endfacet
  facet normal 0.294226 0.709964 -0.63983
    outer loop
      vertex -3.50773 -7.52235 1.15
      vertex -3.88487 -8.40245 0
      vertex -3.91274 -8.3909 0
    endloop
  endfacet
  facet normal -0.710021 -0.294098 -0.639825
    outer loop
      vertex 8.40245 3.88487 0
      vertex 8.69999 3.16654 0
      vertex 7.79945 2.83877 1.15
    endloop
  endfacet
  facet normal -0.231 0.732984 -0.639823
    outer loop
      vertex 3.13776 -8.70906 0
      vertex 2.83877 -7.79945 1.15
      vertex 3.16654 -8.69999 0
    endloop
  endfacet
  facet normal -0.231093 0.732954 -0.639823
    outer loop
      vertex 2.83877 -7.79945 1.15
      vertex 3.13776 -8.70906 0
      vertex 2.1482 -8.01718 1.15
    endloop
  endfacet
endsolid OpenSCAD_Model
